match_id,ledger_source_id,bank_source_id,ledger_allocation,bank_target_allocation,publisher_match_rule,previously_mismatched,ledger_source_reference,bank_source_reference,ledger_signed_amount,bank_signed_amount,signed_amount_difference,absolute_amount_difference,ledger_value_date,bank_value_date,date_difference_days,meaning
100009647740,226171001881,179292188078,USD_2022-10-16_ACC#00001_66912     0191101911121636010095GULA035         MORIBUND VEXES WHUFF SMILAX   BOLL      00121636010095GULA035         MORIBUND VEXES S FOMALHAUT,USD_2022-10-16_ACC#00001_66912     0191101911121636010095GULA035         MORIBUND VEXES WHUFF SMILAX   BOLL      00121636010095GULA035         MORIBUND VEXES S FOMALHAUT,RULE 1,A=0;B=0,001216360 10095 GULA035                                                                         VOLUPT NAPKIN & RESSAUT,VOLERY 8402683666FP,-5161324.17,-5161324.17,0.00,0.00,2022-10-16,2022-10-16,0,"Publisher-labeled 1:1 match; numerical differences are review evidence, not a fraud/loss label."
100031559645,49577024085,980807169519,USD_2022-10-29_ACC#00001_66912     0603606036151366467888ROMAN42         IF TMH SEE FAMES SMILAX   BOLL      00151366467888ROMAN42         IF TMH SEE FAMES,USD_2022-10-29_ACC#00001_66912     0603606036151366467888ROMAN42         IF TMH SEE FAMES SMILAX   BOLL      00151366467888ROMAN42         IF TMH SEE FAMES,RULE 1,A=0;B=0,001513664 67888 ROMAN42 L9Y994W                                                                 JO TONITE ETHERIFIES GAB,VOLERY 8495482666FP,4457580.00,4457580.00,0.00,0.00,2022-10-29,2022-10-29,0,"Publisher-labeled 1:1 match; numerical differences are review evidence, not a fraud/loss label."
100077799610,806860794842,627310006192,USD_2022-12-14_ACC#00001_66912     0779507795 SMILAX   WAP,USD_2022-12-14_ACC#00001_66912     0779507795 SMILAX   WAP,RULE 3,A=0;B=0,6.6Z656F6G626767 6N6B656F6G62656N                                                                UPCLOSER QUETCH EFI (WYE-,6.6Z656F6G646O6E 0404366714VI,-169470.14,-169470.14,0.00,0.00,2022-12-14,2022-12-14,0,"Publisher-labeled 1:1 match; numerical differences are review evidence, not a fraud/loss label."
10008693782,956673930256,607003562742,USD_2022-12-31_ACC#00001_66912     0600606006870662167608CLICH58         MORIBUND ROTENONES S SMILAX   BOLL      00870662167608CLICH58         MORIBUND ZYGNEMA SK HYRACIFORM,USD_2022-12-31_ACC#00001_66912     0600606006870662167608CLICH58         MORIBUND ROTENONES S SMILAX   BOLL      00870662167608CLICH58         MORIBUND ZYGNEMA SK HYRACIFORM,MANUAL,A=0;B=0,008706621 67608 CLICH58                                                                         NIGROUS VOWED FUTHERMORE,VOLERY 3081409666FP,91484.65,91484.65,0.00,0.00,2022-12-31,2022-12-31,0,"Publisher-labeled 1:1 match; numerical differences are review evidence, not a fraud/loss label."
100115398520,78823783716,881547361253,USD_2022-12-09_ACC#00001_66912     0670806708869652114407KAVI883         MORIBUND ROTENONES S SMILAX   BOLL      00869652114407KAVI883         MORIBUND ZYGNEMA SK HYRACIFORM,USD_2022-12-09_ACC#00001_66912     0670806708869652114407KAVI883         MORIBUND ROTENONES S SMILAX   BOLL      00869652114407KAVI883         MORIBUND ZYGNEMA SK HYRACIFORM,RULE 1,A=0;B=0,008696521 14407 KAVI883                                                                         UPCLOSER MONOCOQUE GAB -,VOLERY 8992045666FP,42930.00,42930.00,0.00,0.00,2022-12-09,2022-12-09,0,"Publisher-labeled 1:1 match; numerical differences are review evidence, not a fraud/loss label."
100150942382,755836025851,359840293926,USD_2022-12-30_ACC#00001_66912     66325663250 32566TRVAD 088            JOQVY - BAS - DG SMILAX   GFG       VC0 32566TRVAD 088            JOQVY - BAS - DG,USD_2022-12-30_ACC#00001_66912     66325663250 32566TRVAD 088            JOQVY - BAS - DG SMILAX   GFG       VC0 32566TRVAD 088            JOQVY - BAS - DG,RULE 1,A=0;B=0,32566TRVAD 32566TRVAD                                                                      JOQVY - BAS - DG,322756AL61150790 8333266737VI,-119.92,-119.92,0.00,0.00,2022-12-30,2022-12-30,0,"Publisher-labeled 1:1 match; numerical differences are review evidence, not a fraud/loss label."
100216262753,409840783804,982633187837,USD_2022-12-24_ACC#00001_66912     6682866828SHAMESICK FROM JAUN UNFED   JOQ ANNAT CITE SMILAX   FGGQQ     PHOTOACTIVE FROM JAUN UNFED   JOQ ANNAT CITE                 029666661066607902,USD_2022-12-24_ACC#00001_66912     6682866828SHAMESICK FROM JAUN UNFED   JOQ ANNAT CITE SMILAX   FGGQQ     PHOTOACTIVE FROM JAUN UNFED   JOQ ANNAT CITE                 029666661066607902,RULE 3,A=0;B=0,6666666668887845 P688878456117157                                                                JOQ ANNAT CITE,P688878456117157 6487266784VI,35655780.24,35655780.24,0.00,0.00,2022-12-24,2022-12-24,0,"Publisher-labeled 1:1 match; numerical differences are review evidence, not a fraud/loss label."
100219816471,612709327995,212738957608,USD_2022-11-13_ACC#00001_66912     0609306093196958967005MEGGY30         MORIBUND ROTENONES S SMILAX   BOLL      00196958967005MEGGY30         MORIBUND ZYGNEMA SK HYRACIFORM,USD_2022-11-13_ACC#00001_66912     0609306093196958967005MEGGY30         MORIBUND ROTENONES S SMILAX   BOLL      00196958967005MEGGY30         MORIBUND ZYGNEMA SK HYRACIFORM,RULE 1,A=0;B=0,001969589 67005 MEGGY30                                                                         GUJAR SAIRVE GEOMETRINE M,VOLERY 8504948666FP,1188422.26,1188422.26,0.00,0.00,2022-11-13,2022-11-13,0,"Publisher-labeled 1:1 match; numerical differences are review evidence, not a fraud/loss label."
100243160017,678519832287,506676780816,USD_2022-11-27_ACC#00001_66912     02566025660666H3         6666666666 SMILAX   FGGKR     FW0666H3         6666666666,USD_2022-11-27_ACC#00001_66912     02566025660666H3         6666666666 SMILAX   FGGKR     FW0666H3         6666666666,RULE 3,A=0;B=0,77449186 V77449186                                                                       SHALE           667933724,V774491866216021 9965266709VI,4000000.00,4000000.00,0.00,0.00,2022-11-27,2022-11-27,0,"Publisher-labeled 1:1 match; numerical differences are review evidence, not a fraud/loss label."
100364517649,232209506368,897596734320,USD_2022-10-29_ACC#00001_66912     0147701477157803841477MEGGY88         OFF TMH TIRO FAMES SMILAX   BOLL      00157803841477MEGGY88         OFF TMH TIRO HAU BT,USD_2022-10-29_ACC#00001_66912     0147701477157803841477MEGGY88         OFF TMH TIRO FAMES SMILAX   BOLL      00157803841477MEGGY88         OFF TMH TIRO HAU BT,RULE 1,A=0;B=0,001578038 41477 MEGGY88 L9Y92GR                                                                 UPCLOSER MONOCOQUE GAB -,VOLERY 8492235666FP,-44613725.40,-44613725.40,0.00,0.00,2022-10-29,2022-10-29,0,"Publisher-labeled 1:1 match; numerical differences are review evidence, not a fraud/loss label."
100375343505,21511959507,21472454507,USD_2022-10-02_ACC#00001_66912     0122001220148478412660SYNE807         MORIBUND ROTENONES S SMILAX   BOLL      00148478412660SYNE807         MORIBUND ZYGNEMA SK HYRACIFORM,USD_2022-10-02_ACC#00001_66912     0122001220148478412660SYNE807         MORIBUND ROTENONES S SMILAX   BOLL      00148478412660SYNE807         MORIBUND ZYGNEMA SK HYRACIFORM,RULE 1,A=0;B=0,001484784 12660 SYNE807                                                                         YUO WATERER NM,VOLERY 8301714666FP,7056767.24,7056767.24,0.00,0.00,2022-10-02,2022-10-02,0,"Publisher-labeled 1:1 match; numerical differences are review evidence, not a fraud/loss label."
100388557310,175611850370,578832759765,USD_2022-12-23_ACC#00001_66912     66325663250 32566TA385 088            JOQVY - ELUVIA - SMILAX   GFG       VC0 32566TA385 088            JOQVY - ELUVIA -,USD_2022-12-23_ACC#00001_66912     66325663250 32566TA385 088            JOQVY - ELUVIA - SMILAX   GFG       VC0 32566TA385 088            JOQVY - ELUVIA -,RULE 1,A=0;B=0,32566TA385 32566TA385                                                                      JOQVY - ELUVIA -,322746AL68107499 5410766783VI,-12448.78,-12448.78,0.00,0.00,2022-12-23,2022-12-23,0,"Publisher-labeled 1:1 match; numerical differences are review evidence, not a fraud/loss label."
100405359622,327790024539,555306641246,USD_2022-10-28_ACC#00001_66912     02566025660666H3         6666666666 SMILAX   FGGKR     FW0666H3         6666666666,USD_2022-10-28_ACC#00001_66912     02566025660666H3         6666666666 SMILAX   FGGKR     FW0666H3         6666666666,RULE 3,A=0;B=0,93039416 V93039416                                                                       JO TONITE SAUNT 664952723,V930394166516817 4359466059VI,30309427.32,30309427.32,0.00,0.00,2022-10-28,2022-10-28,0,"Publisher-labeled 1:1 match; numerical differences are review evidence, not a fraud/loss label."
100471575050,531331538259,386657578375,USD_2022-12-24_ACC#00001_66912     0614606146809089210007OKET656         MORIBUND ROTENONES S SMILAX   BOLL      00809089210007OKET656         MORIBUND ZYGNEMA SK HYRACIFORM,USD_2022-12-24_ACC#00001_66912     0614606146809089210007OKET656         MORIBUND ROTENONES S SMILAX   BOLL      00809089210007OKET656         MORIBUND ZYGNEMA SK HYRACIFORM,RULE 1,A=0;B=0,008090892 10007 OKET656                                                                         TYPY AS STRETCH,VOLERY 3064850666FP,46431600.23,46431600.23,0.00,0.00,2022-12-24,2022-12-24,0,"Publisher-labeled 1:1 match; numerical differences are review evidence, not a fraud/loss label."
10048096331,472361302355,431058218877,USD_2022-11-26_ACC#00001_66912     02566025660666H3         6666666666 SMILAX   FGGKR     FW0666H3         6666666666,USD_2022-11-26_ACC#00001_66912     02566025660666H3         6666666666 SMILAX   FGGKR     FW0666H3         6666666666,RULE 3,A=0;B=0,70406936 V70406936                                                                       SHALE           667933724,V704069366410319 4774566705VI,6874110.00,6874110.00,0.00,0.00,2022-11-26,2022-11-26,0,"Publisher-labeled 1:1 match; numerical differences are review evidence, not a fraud/loss label."
100481718445,691926463691,308171464976,USD_2022-10-12_ACC#00001_66912     66325663250 32566AGFH8 088            JOQVY - ELUVIA - SMILAX   GFG       VC0 32566AGFH8 088            JOQVY - ELUVIA -,USD_2022-10-12_ACC#00001_66912     66325663250 32566AGFH8 088            JOQVY - ELUVIA - SMILAX   GFG       VC0 32566AGFH8 088            JOQVY - ELUVIA -,RULE 1,A=0;B=0,32566AGFH8 32566AGFH8                                                                      JOQVY - ELUVIA -,322746AL68774498 5226666027VI,-32663.79,-32663.79,0.00,0.00,2022-10-12,2022-10-12,0,"Publisher-labeled 1:1 match; numerical differences are review evidence, not a fraud/loss label."
10048189889,825795485749,983764322936,USD_2022-11-30_ACC#00001_66912     66325663250 32566TJDU9 088            JOQ TREPIDATORY SMILAX   GFG       VC0 32566TJDU9 088            JOQ TREPIDATORY,USD_2022-11-30_ACC#00001_66912     66325663250 32566TJDU9 088            JOQ TREPIDATORY SMILAX   GFG       VC0 32566TJDU9 088            JOQ TREPIDATORY,RULE 3,A=0;B=0,32566TJDU9 32566TJDU9                                                                      JOQ TREPIDATORY,32566TJDU9 3485666777VI,187.23,187.23,0.00,0.00,2022-11-30,2022-11-30,0,"Publisher-labeled 1:1 match; numerical differences are review evidence, not a fraud/loss label."
100481931163,983115161952,391855532089,USD_2022-10-06_ACC#00001_66912     0603606036142820667888POSSE29         IF TMH SEE FAMES SMILAX   BOLL      00142820667888POSSE29         IF TMH SEE FAMES,USD_2022-10-06_ACC#00001_66912     0603606036142820667888POSSE29         IF TMH SEE FAMES SMILAX   BOLL      00142820667888POSSE29         IF TMH SEE FAMES,RULE 1,A=0;B=0,001428206 67888 POSSE29 L9Y48CZ                                                                 JO TONITE ETHERIFIES GAB,VOLERY 8313345666FP,4500000.00,4500000.00,0.00,0.00,2022-10-06,2022-10-06,0,"Publisher-labeled 1:1 match; numerical differences are review evidence, not a fraud/loss label."
100483760784,181156439570,799383476379,USD_2022-09-28_ACC#00001_66912     66325663250 32566AJUL5 088            JOQVY - BAS - DG SMILAX   GFG       VC0 32566AJUL5 088            JOQVY - BAS - DG,USD_2022-09-28_ACC#00001_66912     66325663250 32566AJUL5 088            JOQVY - BAS - DG SMILAX   GFG       VC0 32566AJUL5 088            JOQVY - BAS - DG,RULE 1,A=0;B=0,32566AJUL5 32566AJUL5                                                                      JOQVY - BAS - DG,322756AL61893890 6127666039VI,-127.17,-127.17,0.00,0.00,2022-09-28,2022-09-28,0,"Publisher-labeled 1:1 match; numerical differences are review evidence, not a fraud/loss label."
100487703374,533939088466,168379841052,USD_2022-11-24_ACC#00001_66912     0122001220192967012660CUMYL83         MORIBUND ROTENONES S SMILAX   BOLL      00192967012660CUMYL83         MORIBUND ZYGNEMA SK HYRACIFORM,USD_2022-11-24_ACC#00001_66912     0122001220192967012660CUMYL83         MORIBUND ROTENONES S SMILAX   BOLL      00192967012660CUMYL83         MORIBUND ZYGNEMA SK HYRACIFORM,RULE 1,A=0;B=0,001929670 12660 CUMYL83                                                                         UPCLOSER MONOCOQUE GAB -,VOLERY 8555926666FP,336363.22,336363.22,0.00,0.00,2022-11-24,2022-11-24,0,"Publisher-labeled 1:1 match; numerical differences are review evidence, not a fraud/loss label."
100504096574,580807854841,144837589076,USD_2022-10-02_ACC#00001_66912     66325663250 37266AED4U 088            JOQ TREPIDATORY SMILAX   GFG       VC0 37266AED4U 088            JOQ TREPIDATORY,USD_2022-10-02_ACC#00001_66912     66325663250 37266AED4U 088            JOQ TREPIDATORY SMILAX   GFG       VC0 37266AED4U 088            JOQ TREPIDATORY,RULE 1,A=0;B=0,37266AED4U 37266AED4U                                                                      JOQ TREPIDATORY,78466AER3U 4764966041VI,11.00,11.00,0.00,0.00,2022-10-02,2022-10-02,0,"Publisher-labeled 1:1 match; numerical differences are review evidence, not a fraud/loss label."
100514766889,312702605026,745492883333,USD_2022-10-12_ACC#00001_66912     66325663250 32566AGMV2 088            JOQVY - DP - DE SMILAX   GFG       VC0 32566AGMV2 088            JOQVY - DP - DE,USD_2022-10-12_ACC#00001_66912     66325663250 32566AGMV2 088            JOQVY - DP - DE SMILAX   GFG       VC0 32566AGMV2 088            JOQVY - DP - DE,RULE 3,A=0;B=0,32566AGMV2 32566AGMV2                                                                      JOQVY - DP - DE,32566AGMV2 5192166027VI,10252.52,10252.52,0.00,0.00,2022-10-12,2022-10-12,0,"Publisher-labeled 1:1 match; numerical differences are review evidence, not a fraud/loss label."
100537503329,917156335486,786293048525,USD_2022-09-16_ACC#00001_66912     6602466024MOY MIGS JOQV EXPUNGES      YN6053 SB SMILAX   GESS      JOQGE MIGS JOQV EXPUNGES      YN6053 SB,USD_2022-09-16_ACC#00001_66912     6602466024MOY MIGS JOQV EXPUNGES      YN6053 SB SMILAX   GESS      JOQGE MIGS JOQV EXPUNGES      YN6053 SB,RULE 4,A=0;B=0,726369 666666667662238,912DIP793746 L-5566066082VI,95400.20,95400.20,0.00,0.00,2022-09-16,2022-09-16,0,"Publisher-labeled 1:1 match; numerical differences are review evidence, not a fraud/loss label."
100559766230,591309761333,637489983183,USD_2022-10-05_ACC#00001_66912     0122001220143644712660KAVI121         MORIBUND ROTENONES S SMILAX   BOLL      00143644712660KAVI121         MORIBUND ZYGNEMA SK HYRACIFORM,USD_2022-10-05_ACC#00001_66912     0122001220143644712660KAVI121         MORIBUND ROTENONES S SMILAX   BOLL      00143644712660KAVI121         MORIBUND ZYGNEMA SK HYRACIFORM,RULE 1,A=0;B=0,001436447 12660 KAVI121                                                                         GALEID BUT POE NM,VOLERY 8371540666FP,581771.30,581771.30,0.00,0.00,2022-10-05,2022-10-05,0,"Publisher-labeled 1:1 match; numerical differences are review evidence, not a fraud/loss label."
100654613781,760567679854,701550395594,USD_2022-10-13_ACC#00001_66912     0122001220126033112660CHARE91         MORIBUND ROTENONES S SMILAX   BOLL      00126033112660CHARE91         MORIBUND ZYGNEMA SK HYRACIFORM,USD_2022-10-13_ACC#00001_66912     0122001220126033112660CHARE91         MORIBUND ROTENONES S SMILAX   BOLL      00126033112660CHARE91         MORIBUND ZYGNEMA SK HYRACIFORM,RULE 1,A=0;B=0,001260331 12660 CHARE91                                                                         MALACOTIC YARAY CROM EFI,VOLERY 8358861666FP,1024919.71,1024919.71,0.00,0.00,2022-10-13,2022-10-13,0,"Publisher-labeled 1:1 match; numerical differences are review evidence, not a fraud/loss label."
100674544089,439438689202,350007861613,USD_2022-09-18_ACC#00001_66912     0147701477133306541477BRAVI49         IF TMH SEE FAMES SMILAX   BOLL      00133306541477BRAVI49         IF TMH SEE FAMES,USD_2022-09-18_ACC#00001_66912     0147701477133306541477BRAVI49         IF TMH SEE FAMES SMILAX   BOLL      00133306541477BRAVI49         IF TMH SEE FAMES,RULE 4,A=0;B=0,001333065 41477 BRAVI49 L9Y15BG                                                                 UPCLOSER MONOCOQUE GAB -,VOLERY 8806834666FP,1276800.00,1276800.00,0.00,0.00,2022-09-18,2022-09-18,0,"Publisher-labeled 1:1 match; numerical differences are review evidence, not a fraud/loss label."
100722160776,372477326102,847096840569,USD_2022-09-21_ACC#00001_66912     6670866708P 7084491933 602            OARS PISTRIX -V&F TO SMILAX   OARS      IGN 7084491933 602            OARS PISTRIX -V& F SHY         F SHY,USD_2022-09-21_ACC#00001_66912     6670866708P 7084491933 602            OARS PISTRIX -V&F TO SMILAX   OARS      IGN 7084491933 602            OARS PISTRIX -V& F SHY         F SHY,RULE 4,A=0;B=0,7084491933 7084491933                                                                      OARS PISTRIX -V&F SHY,7084491933 0969466037VI,-44602458.50,-44602458.50,0.00,0.00,2022-09-21,2022-09-21,0,"Publisher-labeled 1:1 match; numerical differences are review evidence, not a fraud/loss label."
100747100548,4816617261,986423743897,USD_2022-12-24_ACC#00001_66912     66325663250 32566TALK5 088            JOQVY DE -ELUVIA SMILAX   GFG       VC0 32566TALK5 088            JOQVY DE -ELUVIA,USD_2022-12-24_ACC#00001_66912     66325663250 32566TALK5 088            JOQVY DE -ELUVIA SMILAX   GFG       VC0 32566TALK5 088            JOQVY DE -ELUVIA,RULE 1,A=0;B=0,32566TALK5 32566TALK5                                                                      JOQVY DE -ELUVIA,322746AL68710419 0240566784VI,-3824.18,-3824.18,0.00,0.00,2022-12-24,2022-12-24,0,"Publisher-labeled 1:1 match; numerical differences are review evidence, not a fraud/loss label."
100749928795,39010003176,23664972498,USD_2022-12-15_ACC#00001_66912     0147701477801605141477OKET656         OFF TMH TIRO FAMES SMILAX   BOLL      00801605141477OKET656         OFF TMH TIRO HAU BT,USD_2022-12-15_ACC#00001_66912     0147701477801605141477OKET656         OFF TMH TIRO FAMES SMILAX   BOLL      00801605141477OKET656         OFF TMH TIRO HAU BT,RULE 1,A=0;B=0,008016051 41477 OKET656 L9FV2S5                                                                 UPCLOSER MONOCOQUE GAB -,VOLERY 3612050666FP,-551841.33,-551841.33,0.00,0.00,2022-12-15,2022-12-15,0,"Publisher-labeled 1:1 match; numerical differences are review evidence, not a fraud/loss label."
100762633030,610523204226,821272170309,USD_2022-11-03_ACC#00001_66912     0670806708158496414407KAVI277         MORIBUND ROTENONES S SMILAX   BOLL      00158496414407KAVI277         MORIBUND ZYGNEMA SK HYRACIFORM,USD_2022-11-03_ACC#00001_66912     0670806708158496414407KAVI277         MORIBUND ROTENONES S SMILAX   BOLL      00158496414407KAVI277         MORIBUND ZYGNEMA SK HYRACIFORM,RULE 1,A=0;B=0,001584964 14407 KAVI277                                                                         UPCLOSER MONOCOQUE GAB -,VOLERY 8213418666FP,53930.17,53930.17,0.00,0.00,2022-11-03,2022-11-03,0,"Publisher-labeled 1:1 match; numerical differences are review evidence, not a fraud/loss label."
100793063964,852437577022,805911906540,USD_2022-09-16_ACC#00001_66912     0122001220187956212660CHARE42         MORIBUND ROTENONES S SMILAX   BOLL      00187956212660CHARE42         MORIBUND ZYGNEMA SK HYRACIFORM,USD_2022-09-16_ACC#00001_66912     0122001220187956212660CHARE42         MORIBUND ROTENONES S SMILAX   BOLL      00187956212660CHARE42         MORIBUND ZYGNEMA SK HYRACIFORM,RULE 4,A=0;B=0,001879562 12660 CHARE42                                                                         MR-KOZO KI & VOWED QMQF O,VOLERY 8152909666FP,3077583.07,3077583.07,0.00,0.00,2022-09-16,2022-09-16,0,"Publisher-labeled 1:1 match; numerical differences are review evidence, not a fraud/loss label."
100801332382,815007375038,667721271560,USD_2022-11-16_ACC#00001_66912     6682866828SHAMESICK FROM JAUN UNFED   JOQ ANNAT CITE SMILAX   FGGQQ     PHOTOACTIVE FROM JAUN UNFED   JOQ ANNAT CITE                 029666663866666666,USD_2022-11-16_ACC#00001_66912     6682866828SHAMESICK FROM JAUN UNFED   JOQ ANNAT CITE SMILAX   FGGQQ     PHOTOACTIVE FROM JAUN UNFED   JOQ ANNAT CITE                 029666663866666666,RULE 1,A=0;B=0,6666666660082751 JOQ ANNAT CITE,60082756 4754466765VI,-60000000.00,-60000000.00,0.00,0.00,2022-11-16,2022-11-16,0,"Publisher-labeled 1:1 match; numerical differences are review evidence, not a fraud/loss label."
100976744859,888588774100,859215365385,USD_2022-11-05_ACC#00001_66912     02566025660666H3         6666666666 SMILAX   FGGKR     FW0666H3         6666666666,USD_2022-11-05_ACC#00001_66912     02566025660666H3         6666666666 SMILAX   FGGKR     FW0666H3         6666666666,RULE 1,A=0;B=0,0970086 V60970086                                                                       SHALE           667933724,V609700860410677 5544966092VI,1742870.00,1742870.00,0.00,0.00,2022-11-05,2022-11-05,0,"Publisher-labeled 1:1 match; numerical differences are review evidence, not a fraud/loss label."
100978798699,369395755501,248837408597,USD_2022-11-16_ACC#00001_66912     6033960339 SMILAX   GPD,USD_2022-11-16_ACC#00001_66912     6033960339 SMILAX   GPD,RULE 3,A=0;B=0,AHT9126666728520 AHT9126666728520,AHT9126666728520 3140966765XD,-93796.00,-93796.00,0.00,0.00,2022-11-16,2022-11-16,0,"Publisher-labeled 1:1 match; numerical differences are review evidence, not a fraud/loss label."
101043769634,256216030509,901974587249,USD_2022-12-07_ACC#00001_66912     6107361073 SMILAX   GPD,USD_2022-12-07_ACC#00001_66912     6107361073 SMILAX   GPD,RULE 3,A=0;B=0,UVA9126666750009 UVA9126666750009,UVA9126666750009 1214766779VI,365665029.00,365665029.00,0.00,0.00,2022-12-07,2022-12-07,0,"Publisher-labeled 1:1 match; numerical differences are review evidence, not a fraud/loss label."
10113644355,504915067215,717909123630,USD_2022-09-10_ACC#00001_66912     66325663250 32566D5RY1 088            JOQVY - ELUVIA - SMILAX   GFG       VC0 32566D5RY1 088            JOQVY - ELUVIA -,USD_2022-09-10_ACC#00001_66912     66325663250 32566D5RY1 088            JOQVY - ELUVIA - SMILAX   GFG       VC0 32566D5RY1 088            JOQVY - ELUVIA -,RULE 4,A=0;B=0,32566D5RY1 32566D5RY1                                                                      JOQVY - ELUVIA -,32566D5RY1 1209766086VI,368368.84,368368.84,0.00,0.00,2022-09-10,2022-09-10,0,"Publisher-labeled 1:1 match; numerical differences are review evidence, not a fraud/loss label."
101151204922,866354791608,558517686617,USD_2022-09-25_ACC#00001_66912     0646006460S                           BURO JADY GAT AUG - SMILAX   RAMON     GFG                           BURO JADY GAT IT X - T         DISCURSIVE_TA                 JOQGE_TA,USD_2022-09-25_ACC#00001_66912     0646006460S                           BURO JADY GAT AUG - SMILAX   RAMON     GFG                           BURO JADY GAT IT X - T         DISCURSIVE_TA                 JOQGE_TA,RULE 1,A=0;B=0,HEY RAMON DISNEY DISCURSIVE_TA,56966ALO3W 8481266033VI,181880.00,181880.00,0.00,0.00,2022-09-25,2022-09-25,0,"Publisher-labeled 1:1 match; numerical differences are review evidence, not a fraud/loss label."
101180358429,314694781285,352210728215,USD_2022-09-15_ACC#00001_66912     02566025660666H3         6666666666 SMILAX   FGGKR     FW0666H3         6666666666,USD_2022-09-15_ACC#00001_66912     02566025660666H3         6666666666 SMILAX   FGGKR     FW0666H3         6666666666,RULE 4,A=0;B=0,86478816 V86478816                                                                       JO TONITE SAUNT 664952723,V864788167410364 1415266084VI,13323495.68,13323495.68,0.00,0.00,2022-09-15,2022-09-15,0,"Publisher-labeled 1:1 match; numerical differences are review evidence, not a fraud/loss label."
101186954479,178954158761,621697657885,USD_2022-12-30_ACC#00001_66912     0609306093876413767005NAPE703         MORIBUND VEXES WHUFF SMILAX   BOLL      00876413767005NAPE703         MORIBUND VEXES S FOMALHAUT,USD_2022-12-30_ACC#00001_66912     0609306093876413767005NAPE703         MORIBUND VEXES WHUFF SMILAX   BOLL      00876413767005NAPE703         MORIBUND VEXES S FOMALHAUT,RULE 1,A=0;B=0,008764137 67005 NAPE703                                                                         WADLIKE ETHERIFIES CHUHRA,VOLERY 3018749666FP,-1187552.51,-1187552.51,0.00,0.00,2022-12-30,2022-12-30,0,"Publisher-labeled 1:1 match; numerical differences are review evidence, not a fraud/loss label."
101190052736,866662841442,205835661519,USD_2022-09-16_ACC#00001_66912     66325663250 32566AVRA1 088            JOQ CROM DARTOIC SMILAX   GFG       VC0 32566AVRA1 088            JOQ CROM DARTOIC,USD_2022-09-16_ACC#00001_66912     66325663250 32566AVRA1 088            JOQ CROM DARTOIC SMILAX   GFG       VC0 32566AVRA1 088            JOQ CROM DARTOIC,RULE 4,A=0;B=0,32566AVRA1 32566AVRA1                                                                      JOQ CROM DARTOIC,32566AVRA1 9611866082VI,264426.00,264426.00,0.00,0.00,2022-09-16,2022-09-16,0,"Publisher-labeled 1:1 match; numerical differences are review evidence, not a fraud/loss label."
101213334054,51430512397,374788977488,USD_2022-09-21_ACC#00001_66912     0256602566 SMILAX   FGGKR,USD_2022-09-21_ACC#00001_66912     0256602566 SMILAX   FGGKR,RULE 4,A=0;B=0,32022780 ALME111987JOQG7U                                                                JO TONITE SAUNT 664952723,ALME111987JOQG7U 0626338036,-2200000.00,-2200000.00,0.00,0.00,2022-09-21,2022-09-21,0,"Publisher-labeled 1:1 match; numerical differences are review evidence, not a fraud/loss label."
101281094249,47295146366,101100415439,USD_2022-10-12_ACC#00001_66912     66325663250 37266AGABG 088            INKROOT LIKED BY SMILAX   GFG       VC0 37266AGABG 088            INKROOT LIKED BY,USD_2022-10-12_ACC#00001_66912     66325663250 37266AGABG 088            INKROOT LIKED BY SMILAX   GFG       VC0 37266AGABG 088            INKROOT LIKED BY,RULE 3,A=0;B=0,37266AGABG 37266AGABG                                                                      INKROOT LIKED BY,37266AGABG 6230566021VI,385.74,385.74,0.00,0.00,2022-10-12,2022-10-12,0,"Publisher-labeled 1:1 match; numerical differences are review evidence, not a fraud/loss label."
101286712090,274648223766,711452431009,USD_2022-10-15_ACC#00001_66912     0670806708120784414407ANTUM46         MORIBUND VEXES WHUFF SMILAX   BOLL      00120784414407ANTUM46         MORIBUND VEXES S FOMALHAUT,USD_2022-10-15_ACC#00001_66912     0670806708120784414407ANTUM46         MORIBUND VEXES WHUFF SMILAX   BOLL      00120784414407ANTUM46         MORIBUND VEXES S FOMALHAUT,RULE 1,A=0;B=0,001207844 14407 ANTUM46                                                                         UPCLOSER MONOCOQUE GAB -,VOLERY 8464319666FP,-118376.40,-118376.40,0.00,0.00,2022-10-15,2022-10-15,0,"Publisher-labeled 1:1 match; numerical differences are review evidence, not a fraud/loss label."
10131785388,534091552707,796555810276,USD_2022-10-30_ACC#00001_66912     0676506765151541355570OKET656         MORIBUND ROTENONES S SMILAX   BOLL      00151541355570OKET656         MORIBUND ZYGNEMA SK HYRACIFORM,USD_2022-10-30_ACC#00001_66912     0676506765151541355570OKET656         MORIBUND ROTENONES S SMILAX   BOLL      00151541355570OKET656         MORIBUND ZYGNEMA SK HYRACIFORM,RULE 1,A=0;B=0,001515413 55570 OKET656                                                                         SLATTERN TYPY OEV,VOLERY 8265704666FP,203120.97,203120.97,0.00,0.00,2022-10-30,2022-10-30,0,"Publisher-labeled 1:1 match; numerical differences are review evidence, not a fraud/loss label."
101474517290,95534931562,34987348081,USD_2022-12-29_ACC#00001_66912     66071660710 07166TTKUJ 088            JOQVY-DP BD-DP-H SMILAX   GFG       VC0 07166TTKUJ 088            JOQVY-DP BD-DP-H,USD_2022-12-29_ACC#00001_66912     66071660710 07166TTKUJ 088            JOQVY-DP BD-DP-H SMILAX   GFG       VC0 07166TTKUJ 088            JOQVY-DP BD-DP-H,RULE 3,A=0;B=0,07166TTKUJ 07166TTKUJ                                                                      JOQVY-DP BD-DP-H,07166TTKUJ 4292966782VI,3608.97,3608.97,0.00,0.00,2022-12-29,2022-12-29,0,"Publisher-labeled 1:1 match; numerical differences are review evidence, not a fraud/loss label."
101551066606,894122727751,316492078473,USD_2022-12-02_ACC#00001_66912     0122701227868586512667AUG0698         MORIBUND ROTENONES S SMILAX   BOLL      00868586512667AUG0698         MORIBUND ZYGNEMA SK HYRACIFORM,USD_2022-12-02_ACC#00001_66912     0122701227868586512667AUG0698         MORIBUND ROTENONES S SMILAX   BOLL      00868586512667AUG0698         MORIBUND ZYGNEMA SK HYRACIFORM,RULE 1,A=0;B=0,008685865 12667 AUG0698                                                                         HYV TYPY AG,VOLERY 8985617666FP,4184295.84,4184295.84,0.00,0.00,2022-12-02,2022-12-02,0,"Publisher-labeled 1:1 match; numerical differences are review evidence, not a fraud/loss label."
101553298947,411000663505,639727205648,USD_2022-10-20_ACC#00001_66912     0156801568142263817661OKET685         MORIBUND VEXES WHUFF SMILAX   BOLL      00142263817661OKET685         MORIBUND VEXES S FOMALHAUT,USD_2022-10-20_ACC#00001_66912     0156801568142263817661OKET685         MORIBUND VEXES WHUFF SMILAX   BOLL      00142263817661OKET685         MORIBUND VEXES S FOMALHAUT,RULE 1,A=0;B=0,001422638 17661 OKET685                                                                         NNN DO AGO BID NNN,VOLERY 8412478666FP,-162111.00,-162111.00,0.00,0.00,2022-10-20,2022-10-20,0,"Publisher-labeled 1:1 match; numerical differences are review evidence, not a fraud/loss label."
101554592333,346035524744,113601936745,USD_2022-10-12_ACC#00001_66912     0156801568126702717661KAVI032         MORIBUND VEXES WHUFF SMILAX   BOLL      00126702717661KAVI032         MORIBUND VEXES S FOMALHAUT,USD_2022-10-12_ACC#00001_66912     0156801568126702717661KAVI032         MORIBUND VEXES WHUFF SMILAX   BOLL      00126702717661KAVI032         MORIBUND VEXES S FOMALHAUT,RULE 1,A=0;B=0,001267027 17661 KAVI032                                                                         UPCLOSER MONOCOQUE GAB -,VOLERY 8323007666FP,-18534013.10,-18534013.10,0.00,0.00,2022-10-12,2022-10-12,0,"Publisher-labeled 1:1 match; numerical differences are review evidence, not a fraud/loss label."
101590642223,601535305825,939170183623,USD_2022-10-29_ACC#00001_66912     0670806708150322214407BAIS714         MORIBUND ROTENONES S SMILAX   BOLL      00150322214407BAIS714         MORIBUND ZYGNEMA SK HYRACIFORM,USD_2022-10-29_ACC#00001_66912     0670806708150322214407BAIS714         MORIBUND ROTENONES S SMILAX   BOLL      00150322214407BAIS714         MORIBUND ZYGNEMA SK HYRACIFORM,RULE 1,A=0;B=0,001503222 14407 BAIS714                                                                         UPCLOSER MONOCOQUE GAB -,VOLERY 8492137666FP,4547.50,4547.50,0.00,0.00,2022-10-29,2022-10-29,0,"Publisher-labeled 1:1 match; numerical differences are review evidence, not a fraud/loss label."
101599450693,791881562218,964804056021,USD_2022-10-05_ACC#00001_66912     0670806708148243414407AMAGA15         MORIBUND ROTENONES S SMILAX   BOLL      00148243414407AMAGA15         MORIBUND ZYGNEMA SK HYRACIFORM,USD_2022-10-05_ACC#00001_66912     0670806708148243414407AMAGA15         MORIBUND ROTENONES S SMILAX   BOLL      00148243414407AMAGA15         MORIBUND ZYGNEMA SK HYRACIFORM,RULE 1,A=0;B=0,001482434 14407 AMAGA15                                                                         UPCLOSER MONOCOQUE GAB -,VOLERY 8371562666FP,78055.81,78055.81,0.00,0.00,2022-10-05,2022-10-05,0,"Publisher-labeled 1:1 match; numerical differences are review evidence, not a fraud/loss label."
101618400481,887547876190,546208075778,USD_2022-12-17_ACC#00001_66912     0608706087801389615601JADE105         MORIBUND ROTENONES S SMILAX   BOLL      00801389615601JADE105         MORIBUND ZYGNEMA SK HYRACIFORM,USD_2022-12-17_ACC#00001_66912     0608706087801389615601JADE105         MORIBUND ROTENONES S SMILAX   BOLL      00801389615601JADE105         MORIBUND ZYGNEMA SK HYRACIFORM,RULE 1,A=0;B=0,008013896 15601 JADE105                                                                         EXIT NONREGULATIVE TYPY,VOLERY 3634605666FP,178586.70,178586.70,0.00,0.00,2022-12-17,2022-12-17,0,"Publisher-labeled 1:1 match; numerical differences are review evidence, not a fraud/loss label."
101623334546,566477053645,485713993819,USD_2022-10-14_ACC#00001_66912     0147701477127695141477EPEE553         OFF TMH TIRO FAMES SMILAX   BOLL      00127695141477EPEE553         OFF TMH TIRO HAU BT,USD_2022-10-14_ACC#00001_66912     0147701477127695141477EPEE553         OFF TMH TIRO FAMES SMILAX   BOLL      00127695141477EPEE553         OFF TMH TIRO HAU BT,RULE 1,A=0;B=0,001276951 41477 EPEE553 L9Y28QY                                                                 JOQVY H.C. ZUCCHINIS TENT,VOLERY 8393845666FP,-44286534.16,-44286534.16,0.00,0.00,2022-10-14,2022-10-14,0,"Publisher-labeled 1:1 match; numerical differences are review evidence, not a fraud/loss label."
101644260898,296220555318,991443825450,USD_2022-12-21_ACC#00001_66912     02566025660666H3         6666666666 SMILAX   FGGKR     FW0666H3         6666666666,USD_2022-12-21_ACC#00001_66912     02566025660666H3         6666666666 SMILAX   FGGKR     FW0666H3         6666666666,RULE 3,A=0;B=0,19255086 V19255086                                                                       SHALE           667933724,V192550861016282 9146466781VI,2621550.00,2621550.00,0.00,0.00,2022-12-21,2022-12-21,0,"Publisher-labeled 1:1 match; numerical differences are review evidence, not a fraud/loss label."
101650074959,896920758231,862306590609,USD_2022-10-13_ACC#00001_66912     6033960339 SMILAX   GPD,USD_2022-10-13_ACC#00001_66912     6033960339 SMILAX   GPD,RULE 1,A=0;B=0,AHT9126666748938 AHT9126666748938,VOLERY 3259866028FW,-399608.00,-399608.00,0.00,0.00,2022-10-13,2022-10-13,0,"Publisher-labeled 1:1 match; numerical differences are review evidence, not a fraud/loss label."
101672775109,313773348686,347359355317,USD_2022-10-20_ACC#00001_66912     6033960339 SMILAX   GPD,USD_2022-10-20_ACC#00001_66912     6033960339 SMILAX   GPD,RULE 3,A=0;B=0,AHT9126666744982 AHT9126666744982,AHT9126666744982 3546166050XD,-9410.00,-9410.00,0.00,0.00,2022-10-20,2022-10-20,0,"Publisher-labeled 1:1 match; numerical differences are review evidence, not a fraud/loss label."
101675553480,281108136915,344806179067,USD_2022-10-27_ACC#00001_66912     0670806708125185714407CRIB668         MORIBUND VEXES WHUFF SMILAX   BOLL      00125185714407CRIB668         MORIBUND VEXES S FOMALHAUT,USD_2022-10-27_ACC#00001_66912     0670806708125185714407CRIB668         MORIBUND VEXES WHUFF SMILAX   BOLL      00125185714407CRIB668         MORIBUND VEXES S FOMALHAUT,RULE 1,A=0;B=0,001251857 14407 CRIB668                                                                         UPCLOSER MONOCOQUE GAB -,VOLERY 8429466666FP,-94952.90,-94952.90,0.00,0.00,2022-10-27,2022-10-27,0,"Publisher-labeled 1:1 match; numerical differences are review evidence, not a fraud/loss label."
101697729753,693091360066,670781634438,USD_2022-10-01_ACC#00001_66912     66325663250 32566AHT3Y 088            JANT YA CWM WHUP SMILAX   GFG       VC0 32566AHT3Y 088            JANT YA CWM WHUP,USD_2022-10-01_ACC#00001_66912     66325663250 32566AHT3Y 088            JANT YA CWM WHUP SMILAX   GFG       VC0 32566AHT3Y 088            JANT YA CWM WHUP,RULE 1,A=0;B=0,32566AHT3Y 32566AHT3Y                                                                      JANT YA CWM WHUP,779756VU61897950 L-9591966040VI,-262565.81,-262565.81,0.00,0.00,2022-10-01,2022-10-01,0,"Publisher-labeled 1:1 match; numerical differences are review evidence, not a fraud/loss label."
101747179139,959249297297,308454819389,USD_2022-10-01_ACC#00001_VOYAGE 66912     0670806708140207214476CHARE91         MORIBUND VEXES WHUFF,USD_2022-10-01_ACC#00001_VOYAGE 66912     0670806708140207214476CHARE91         MORIBUND VEXES WHUFF,RULE 1,A=0;B=0,001402072 14476 CHARE91                                                                         FWD AI,VOLERY 8363646666FP,-46824.08,-46824.08,0.00,0.00,2022-10-01,2022-10-01,0,"Publisher-labeled 1:1 match; numerical differences are review evidence, not a fraud/loss label."
101917370853,456734103051,212733276480,USD_2022-10-12_ACC#00001_66912     0670806708149567214407NAUT199         MORIBUND ROTENONES S SMILAX   BOLL      00149567214407NAUT199         MORIBUND ZYGNEMA SK HYRACIFORM,USD_2022-10-12_ACC#00001_66912     0670806708149567214407NAUT199         MORIBUND ROTENONES S SMILAX   BOLL      00149567214407NAUT199         MORIBUND ZYGNEMA SK HYRACIFORM,RULE 1,A=0;B=0,001495672 14407 NAUT199                                                                         UPCLOSER MONOCOQUE GAB -,VOLERY 8328240666FP,446043.65,446043.65,0.00,0.00,2022-10-12,2022-10-12,0,"Publisher-labeled 1:1 match; numerical differences are review evidence, not a fraud/loss label."
101935056702,596988457189,824238177093,USD_2022-09-16_ACC#00001_66912     0147701477185912541477JADE104         OFF TMH SEE FAMES SMILAX   BOLL      00185912541477JADE104         OFF TMH SEE EMEU S,USD_2022-09-16_ACC#00001_66912     0147701477185912541477JADE104         OFF TMH SEE FAMES SMILAX   BOLL      00185912541477JADE104         OFF TMH SEE EMEU S,RULE 4,A=0;B=0,001859125 41477 JADE104 L9Y712E                                                                 UPCLOSER MONOCOQUE GAB -,VOLERY 8159022666FP,4965106.21,4965106.21,0.00,0.00,2022-09-16,2022-09-16,0,"Publisher-labeled 1:1 match; numerical differences are review evidence, not a fraud/loss label."
101945640041,695973857595,574260131794,USD_2022-12-24_ACC#00001_66912     0141401414805427780789NAPE703         MORIBUND VEXES WHUFF SMILAX   BOLL      00805427780789NAPE703         MORIBUND VEXES S FOMALHAUT,USD_2022-12-24_ACC#00001_66912     0141401414805427780789NAPE703         MORIBUND VEXES WHUFF SMILAX   BOLL      00805427780789NAPE703         MORIBUND VEXES S FOMALHAUT,RULE 1,A=0;B=0,008054277 80789 NAPE703                                                                         YMV NONREGULATIVE,VOLERY 3063103666FP,-935473.10,-935473.10,0.00,0.00,2022-12-24,2022-12-24,0,"Publisher-labeled 1:1 match; numerical differences are review evidence, not a fraud/loss label."
101946278862,757470663787,623455291858,USD_2022-09-25_ACC#00001_66912     0256602566 SMILAX   FGGKR,USD_2022-09-25_ACC#00001_66912     0256602566 SMILAX   FGGKR,RULE 6,A=0;B=0,32716039 ALME110883JOQG7U                                                                JO TONITE SAUNT 664952723,ALME118035JOQG7U 0669079586,-750571.89,-750571.89,0.00,0.00,2022-09-25,2022-09-25,0,"Publisher-labeled 1:1 match; numerical differences are review evidence, not a fraud/loss label."
101961476642,792919189188,318422970298,USD_2022-10-16_ACC#00001_66912     0670806708121013014476AUG6258         MORIBUND ROTENONES S SMILAX   BOLL      00121013014476AUG6258         MORIBUND ZYGNEMA SK HYRACIFORM,USD_2022-10-16_ACC#00001_66912     0670806708121013014476AUG6258         MORIBUND ROTENONES S SMILAX   BOLL      00121013014476AUG6258         MORIBUND ZYGNEMA SK HYRACIFORM,RULE 1,A=0;B=0,001210130 14476 AUG6258                                                                         UPCLOSER MONOCOQUE GAB -,VOLERY 8403323666FP,122869.94,122869.94,0.00,0.00,2022-10-16,2022-10-16,0,"Publisher-labeled 1:1 match; numerical differences are review evidence, not a fraud/loss label."
101999688707,21030867156,527300439473,USD_2022-10-15_ACC#00001_66912     0670806708127047514407CHOIL18         MORIBUND ROTENONES S SMILAX   BOLL      00127047514407CHOIL18         MORIBUND ZYGNEMA SK HYRACIFORM,USD_2022-10-15_ACC#00001_66912     0670806708127047514407CHOIL18         MORIBUND ROTENONES S SMILAX   BOLL      00127047514407CHOIL18         MORIBUND ZYGNEMA SK HYRACIFORM,RULE 1,A=0;B=0,001270475 14407 CHOIL18                                                                         UPCLOSER MONOCOQUE GAB -,VOLERY 8468581666FP,17012.86,17012.86,0.00,0.00,2022-10-15,2022-10-15,0,"Publisher-labeled 1:1 match; numerical differences are review evidence, not a fraud/loss label."
102070268555,525798152400,55394312671,USD_2022-11-30_ACC#00001_66912     0256602566 SMILAX   FGGKR,USD_2022-11-30_ACC#00001_66912     0256602566 SMILAX   FGGKR,RULE 1,A=0;B=0,73663996 JOQG7U6510GLEE7U                                                                SHALE           667933724,VOLERY 1589966777VI,-3822527.74,-3822527.74,0.00,0.00,2022-11-30,2022-11-30,0,"Publisher-labeled 1:1 match; numerical differences are review evidence, not a fraud/loss label."
102123731697,110795577506,318546918141,USD_2022-11-24_ACC#00001_66912     0670806708194418714407CUMYL00         MORIBUND ROTENONES S SMILAX   BOLL      00194418714407CUMYL00         MORIBUND ZYGNEMA SK HYRACIFORM,USD_2022-11-24_ACC#00001_66912     0670806708194418714407CUMYL00         MORIBUND ROTENONES S SMILAX   BOLL      00194418714407CUMYL00         MORIBUND ZYGNEMA SK HYRACIFORM,RULE 1,A=0;B=0,001944187 14407 CUMYL00                                                                         SEBUM VOWED FUTHERMORE BE,VOLERY 8555933666FP,338081.66,338081.66,0.00,0.00,2022-11-24,2022-11-24,0,"Publisher-labeled 1:1 match; numerical differences are review evidence, not a fraud/loss label."
102124090345,507524219054,729974045731,USD_2022-09-11_ACC#00001_66912     0256602566 SMILAX   FGGKR,USD_2022-09-11_ACC#00001_66912     0256602566 SMILAX   FGGKR,RULE 4,A=0;B=0,80873806 ALME7U1033JOQG7U                                                                JO TONITE SAUNT 664952723,V861809767033926 5903666087VI,-373906.00,-373906.00,0.00,0.00,2022-09-11,2022-09-11,0,"Publisher-labeled 1:1 match; numerical differences are review evidence, not a fraud/loss label."
102194235463,835863006306,101277367054,USD_2022-11-20_ACC#00001_66912     66325663250 32566VV1XW 088            JOQVY - ELUVIA - SMILAX   GFG       VC0 32566VV1XW 088            JOQVY - ELUVIA -,USD_2022-11-20_ACC#00001_66912     66325663250 32566VV1XW 088            JOQVY - ELUVIA - SMILAX   GFG       VC0 32566VV1XW 088            JOQVY - ELUVIA -,RULE 1,A=0;B=0,32566VV1XW 32566VV1XW                                                                      JOQVY - ELUVIA -,322746AL68005073 5464066700VI,-4000000.00,-4000000.00,0.00,0.00,2022-11-20,2022-11-20,0,"Publisher-labeled 1:1 match; numerical differences are review evidence, not a fraud/loss label."
10226871921,434612276313,690601193503,USD_2022-10-01_ACC#00001_66912     0147701477148253341477MOZO702         IF TMH SEE FAMES SMILAX   BOLL      00148253341477MOZO702         IF TMH SEE FAMES,USD_2022-10-01_ACC#00001_66912     0147701477148253341477MOZO702         IF TMH SEE FAMES SMILAX   BOLL      00148253341477MOZO702         IF TMH SEE FAMES,RULE 1,A=0;B=0,001482533 41477 MOZO702 L9Y35OP                                                                 JOQVY H.C. ZUCCHINIS TENT,VOLERY 8368404666FP,3092324.21,3092324.21,0.00,0.00,2022-10-01,2022-10-01,0,"Publisher-labeled 1:1 match; numerical differences are review evidence, not a fraud/loss label."
102279253909,251401868843,799497025854,USD_2022-10-09_ACC#00001_66912     0670806708145311414407OKET617         MORIBUND ROTENONES S SMILAX   BOLL      00145311414407OKET617         MORIBUND ZYGNEMA SK HYRACIFORM,USD_2022-10-09_ACC#00001_66912     0670806708145311414407OKET617         MORIBUND ROTENONES S SMILAX   BOLL      00145311414407OKET617         MORIBUND ZYGNEMA SK HYRACIFORM,RULE 1,A=0;B=0,001453114 14407 OKET617                                                                         UPCLOSER MONOCOQUE GAB -,VOLERY 8348261666FP,179689.40,179689.40,0.00,0.00,2022-10-09,2022-10-09,0,"Publisher-labeled 1:1 match; numerical differences are review evidence, not a fraud/loss label."
102378808694,87707607419,277692716477,USD_2022-09-24_ACC#00001_66912     0607406074139677667614KAVI032         MORIBUND ROTENONES S SMILAX   BOLL      00139677667614KAVI032         MORIBUND ZYGNEMA SK HYRACIFORM,USD_2022-09-24_ACC#00001_66912     0607406074139677667614KAVI032         MORIBUND ROTENONES S SMILAX   BOLL      00139677667614KAVI032         MORIBUND ZYGNEMA SK HYRACIFORM,RULE 4,A=0;B=0,001396776 67614 KAVI032                                                                         JO TONITE ETHERIFIES GAB,VOLERY 8831184666FP,963221.65,963221.65,0.00,0.00,2022-09-24,2022-09-24,0,"Publisher-labeled 1:1 match; numerical differences are review evidence, not a fraud/loss label."
102512526682,577937548035,51016506671,USD_2022-11-13_ACC#00001_66912     02566025660666H3         6666666666 SMILAX   FGGKR     FW0666H3         6666666666,USD_2022-11-13_ACC#00001_66912     02566025660666H3         6666666666 SMILAX   FGGKR     FW0666H3         6666666666,RULE 1,A=0;B=0,5020206 V65020206                                                                       JO TONITE SAUNT 664952723,V650202067817814 6907566763VI,6042120.00,6042120.00,0.00,0.00,2022-11-13,2022-11-13,0,"Publisher-labeled 1:1 match; numerical differences are review evidence, not a fraud/loss label."
102564062015,971599573064,692229616820,USD_2022-12-10_ACC#00001_66912     66325663250 37266TUNDD 088            TOURNOIS NONFARM SMILAX   GFG       VC0 37266TUNDD 088            TOURNOIS NONFARM,USD_2022-12-10_ACC#00001_66912     66325663250 37266TUNDD 088            TOURNOIS NONFARM SMILAX   GFG       VC0 37266TUNDD 088            TOURNOIS NONFARM,RULE 3,A=0;B=0,37266TUNDD 37266TUNDD                                                                      TOURNOIS NONFARM,37266TUNDD 8265566717VI,5940.32,5940.32,0.00,0.00,2022-12-10,2022-12-10,0,"Publisher-labeled 1:1 match; numerical differences are review evidence, not a fraud/loss label."
10256841959,881482365380,124947257874,USD_2022-12-15_ACC#00001_66912     0147701477801293741477EPEE553         IF TMH SEE FAMES SMILAX   BOLL      00801293741477EPEE553         IF TMH SEE FAMES,USD_2022-12-15_ACC#00001_66912     0147701477801293741477EPEE553         IF TMH SEE FAMES SMILAX   BOLL      00801293741477EPEE553         IF TMH SEE FAMES,RULE 1,A=0;B=0,008012937 41477 EPEE553 L9FV9OY                                                                 UPCLOSER MONOCOQUE GAB -,VOLERY 3615085666FP,50590400.00,50590400.00,0.00,0.00,2022-12-15,2022-12-15,0,"Publisher-labeled 1:1 match; numerical differences are review evidence, not a fraud/loss label."
102576841040,397873555675,767413450093,USD_2022-10-16_ACC#00001_66912     6682866828SHAMESICK FROM JAUN UNFED   JEE - DESINENT SMILAX   FGGQQ     PHOTOACTIVE FROM JAUN UNFED   JEE - DESINENT                 029666604966659098,USD_2022-10-16_ACC#00001_66912     6682866828SHAMESICK FROM JAUN UNFED   JEE - DESINENT SMILAX   FGGQQ     PHOTOACTIVE FROM JAUN UNFED   JEE - DESINENT                 029666604966659098,RULE 3,A=0;B=0,6666666665870227 P658702277406666                                                                JEE - DESINENT,P6587022714066 4749366022VI,191139257.00,191139257.00,0.00,0.00,2022-10-16,2022-10-16,0,"Publisher-labeled 1:1 match; numerical differences are review evidence, not a fraud/loss label."
102590935351,159012434501,538953950170,USD_2022-10-09_ACC#00001_66912     66325663250 37266APHNO 088            JOQ TREPIDATORY SMILAX   GFG       VC0 37266APHNO 088            JOQ TREPIDATORY,USD_2022-10-09_ACC#00001_66912     66325663250 37266APHNO 088            JOQ TREPIDATORY SMILAX   GFG       VC0 37266APHNO 088            JOQ TREPIDATORY,RULE 3,A=0;B=0,37266APHNO 37266APHNO                                                                      JOQ TREPIDATORY,37266APHNO 8082566049VI,28482.77,28482.77,0.00,0.00,2022-10-09,2022-10-09,0,"Publisher-labeled 1:1 match; numerical differences are review evidence, not a fraud/loss label."
102615928986,976645414505,37518621343,USD_2022-09-28_ACC#00001_66912     0670806708135264314407CRIB431         MORIBUND VEXES WHUFF SMILAX   BOLL      00135264314407CRIB431         MORIBUND VEXES S FOMALHAUT,USD_2022-09-28_ACC#00001_66912     0670806708135264314407CRIB431         MORIBUND VEXES WHUFF SMILAX   BOLL      00135264314407CRIB431         MORIBUND VEXES S FOMALHAUT,RULE 1,A=0;B=0,001352643 14407 CRIB431                                                                         UPCLOSER MONOCOQUE GAB -,VOLERY 8828728666FP,-20692.30,-20692.30,0.00,0.00,2022-09-28,2022-09-28,0,"Publisher-labeled 1:1 match; numerical differences are review evidence, not a fraud/loss label."
102616285338,931695190030,700276761073,USD_2022-10-09_ACC#00001_66912     0122001220145789312660CUMYL52         MORIBUND VEXES WHUFF SMILAX   BOLL      00145789312660CUMYL52         MORIBUND VEXES S FOMALHAUT,USD_2022-10-09_ACC#00001_66912     0122001220145789312660CUMYL52         MORIBUND VEXES WHUFF SMILAX   BOLL      00145789312660CUMYL52         MORIBUND VEXES S FOMALHAUT,RULE 1,A=0;B=0,001457893 12660 CUMYL52                                                                         UPCLOSER MONOCOQUE GAB -,VOLERY 8344068666FP,-1073400.00,-1073400.00,0.00,0.00,2022-10-09,2022-10-09,0,"Publisher-labeled 1:1 match; numerical differences are review evidence, not a fraud/loss label."
102616677586,590214435552,576163145808,USD_2022-12-07_ACC#00001_66912     02566025660696 SMILAX   FGGKR     FW0696,USD_2022-12-07_ACC#00001_66912     02566025660696 SMILAX   FGGKR     FW0696,RULE 1,A=0;B=0,32260653 RUCKER11                                                                        WINELIKE INCHER 666905713,INTERNIDAL 0972466779VI,-2157174.05,-2157174.05,0.00,0.00,2022-12-07,2022-12-07,0,"Publisher-labeled 1:1 match; numerical differences are review evidence, not a fraud/loss label."
102647644199,482675680610,657240874391,USD_2022-12-18_ACC#00001_66912     66325663250 32566TR5MS 088            JOQVY - BAS - DG SMILAX   GFG       VC0 32566TR5MS 088            JOQVY - BAS - DG,USD_2022-12-18_ACC#00001_66912     66325663250 32566TR5MS 088            JOQVY - BAS - DG SMILAX   GFG       VC0 32566TR5MS 088            JOQVY - BAS - DG,RULE 3,A=0;B=0,32566TR5MS 32566TR5MS                                                                      JOQVY - BAS - DG,32566TR5MS 3637266786VI,1320000.00,1320000.00,0.00,0.00,2022-12-18,2022-12-18,0,"Publisher-labeled 1:1 match; numerical differences are review evidence, not a fraud/loss label."
102654858901,457908979350,211613080272,USD_2022-11-17_ACC#00001_66912     66325663250 32566TVPP8 088            JOQVY - BAS - DG SMILAX   GFG       VC0 32566TVPP8 088            JOQVY - BAS - DG,USD_2022-11-17_ACC#00001_66912     66325663250 32566TVPP8 088            JOQVY - BAS - DG SMILAX   GFG       VC0 32566TVPP8 088            JOQVY - BAS - DG,RULE 1,A=0;B=0,32566TVPP8 32566TVPP8                                                                      JOQVY - BAS - DG,322756AL61150796 9778766769VI,-7085.26,-7085.26,0.00,0.00,2022-11-17,2022-11-17,0,"Publisher-labeled 1:1 match; numerical differences are review evidence, not a fraud/loss label."
10265668718,424220637760,931288419436,USD_2022-12-30_ACC#00001_66912     66325663250 32566TR5JY 088            JOQVY - BAS - DG SMILAX   GFG       VC0 32566TR5JY 088            JOQVY - BAS - DG,USD_2022-12-30_ACC#00001_66912     66325663250 32566TR5JY 088            JOQVY - BAS - DG SMILAX   GFG       VC0 32566TR5JY 088            JOQVY - BAS - DG,RULE 3,A=0;B=0,32566TR5JY 32566TR5JY                                                                      JOQVY - BAS - DG,32566TR5JY 7317066730VI,1000000.00,1000000.00,0.00,0.00,2022-12-30,2022-12-30,0,"Publisher-labeled 1:1 match; numerical differences are review evidence, not a fraud/loss label."
102660586349,44355093289,417541954316,USD_2022-11-04_ACC#00001_66912     02566025660696 SMILAX   FGGKR     FW0696,USD_2022-11-04_ACC#00001_66912     02566025660696 SMILAX   FGGKR     FW0696,RULE 1,A=0;B=0,32895340 RUCKER11                                                                        WINELIKE INCHER 666905713,INTERNIDAL 8855366094VI,-559938105.00,-559938105.00,0.00,0.00,2022-11-04,2022-11-04,0,"Publisher-labeled 1:1 match; numerical differences are review evidence, not a fraud/loss label."
10266671223,728567506022,375240990986,USD_2022-10-06_ACC#00001_66912     0156801568144662817661DOYST82         MORIBUND VEXES WHUFF SMILAX   BOLL      00144662817661DOYST82         MORIBUND VEXES S FOMALHAUT,USD_2022-10-06_ACC#00001_66912     0156801568144662817661DOYST82         MORIBUND VEXES WHUFF SMILAX   BOLL      00144662817661DOYST82         MORIBUND VEXES S FOMALHAUT,RULE 1,A=0;B=0,001446628 17661 DOYST82                                                                         CUBOCUBE ASSUMER PETIOLAR,VOLERY 8313555666FP,-485938.00,-485938.00,0.00,0.00,2022-10-06,2022-10-06,0,"Publisher-labeled 1:1 match; numerical differences are review evidence, not a fraud/loss label."
102704697559,388930888404,167998603990,USD_2022-12-08_ACC#00001_66912     0676506765865845055578NAPE703         MORIBUND VEXES WHUFF SMILAX   BOLL      00865845055578NAPE703         MORIBUND VEXES S FOMALHAUT,USD_2022-12-08_ACC#00001_66912     0676506765865845055578NAPE703         MORIBUND VEXES WHUFF SMILAX   BOLL      00865845055578NAPE703         MORIBUND VEXES S FOMALHAUT,RULE 1,A=0;B=0,008658450 55578 NAPE703                                                                         UPCLOSER MONOCOQUE GAB -,VOLERY 8955644666FP,-3473721.63,-3473721.63,0.00,0.00,2022-12-08,2022-12-08,0,"Publisher-labeled 1:1 match; numerical differences are review evidence, not a fraud/loss label."
102765690409,375736599122,654566669563,USD_2022-10-08_ACC#00001_66912     66325663250 32566AOU3X 088            JOQVY - ELUVIA - SMILAX   GFG       VC0 32566AOU3X 088            JOQVY - ELUVIA -,USD_2022-10-08_ACC#00001_66912     66325663250 32566AOU3X 088            JOQVY - ELUVIA - SMILAX   GFG       VC0 32566AOU3X 088            JOQVY - ELUVIA -,RULE 3,A=0;B=0,32566AOU3X 32566AOU3X                                                                      JOQVY - ELUVIA -,32566AOU3X 9227166045VI,33155.75,33155.75,0.00,0.00,2022-10-08,2022-10-08,0,"Publisher-labeled 1:1 match; numerical differences are review evidence, not a fraud/loss label."
102780208904,478053540637,896906418952,USD_2022-12-10_ACC#00001_66912     0670806708869647214407BREI202         MORIBUND VEXES WHUFF SMILAX   BOLL      00869647214407BREI202         MORIBUND VEXES S FOMALHAUT,USD_2022-12-10_ACC#00001_66912     0670806708869647214407BREI202         MORIBUND VEXES WHUFF SMILAX   BOLL      00869647214407BREI202         MORIBUND VEXES S FOMALHAUT,RULE 1,A=0;B=0,008696472 14407 BREI202                                                                         UPCLOSER MONOCOQUE GAB -,VOLERY 3669768666FP,-536734.00,-536734.00,0.00,0.00,2022-12-10,2022-12-10,0,"Publisher-labeled 1:1 match; numerical differences are review evidence, not a fraud/loss label."
102854478705,429077890377,628089474372,USD_2022-10-13_ACC#00001_66912     0670806708126805914407GULA856         MORIBUND ROTENONES S SMILAX   BOLL      00126805914407GULA856         MORIBUND ZYGNEMA SK HYRACIFORM,USD_2022-10-13_ACC#00001_66912     0670806708126805914407GULA856         MORIBUND ROTENONES S SMILAX   BOLL      00126805914407GULA856         MORIBUND ZYGNEMA SK HYRACIFORM,RULE 1,A=0;B=0,001268059 14407 GULA856                                                                         UPCLOSER MONOCOQUE GAB -,VOLERY 8358873666FP,29584.00,29584.00,0.00,0.00,2022-10-13,2022-10-13,0,"Publisher-labeled 1:1 match; numerical differences are review evidence, not a fraud/loss label."
102857291374,407023281102,286313078640,USD_2022-10-29_ACC#00001_66912     66325663250 32566B18NH 088            JOQVY - ELUVIA - SMILAX   GFG       VC0 32566B18NH 088            JOQVY - ELUVIA -,USD_2022-10-29_ACC#00001_66912     66325663250 32566B18NH 088            JOQVY - ELUVIA - SMILAX   GFG       VC0 32566B18NH 088            JOQVY - ELUVIA -,RULE 1,A=0;B=0,32566B18NH 32566B18NH                                                                      JOQVY - ELUVIA -,322746AL68111062 9619166059VI,-32257.00,-32257.00,0.00,0.00,2022-10-29,2022-10-29,0,"Publisher-labeled 1:1 match; numerical differences are review evidence, not a fraud/loss label."
102882827814,58132345569,521952872207,USD_2022-10-29_ACC#00001_66912     66325663250 32566B13GN 088            JOQVY - ELUVIA - SMILAX   GFG       VC0 32566B13GN 088            JOQVY - ELUVIA -,USD_2022-10-29_ACC#00001_66912     66325663250 32566B13GN 088            JOQVY - ELUVIA - SMILAX   GFG       VC0 32566B13GN 088            JOQVY - ELUVIA -,RULE 1,A=0;B=0,32566B13GN 32566B13GN                                                                      JOQVY - ELUVIA -,322746AL68118125 9638666059VI,-174828.35,-174828.35,0.00,0.00,2022-10-29,2022-10-29,0,"Publisher-labeled 1:1 match; numerical differences are review evidence, not a fraud/loss label."
102920610974,687857811907,947681123650,USD_2022-12-17_ACC#00001_66912     0156801568808213617667OKET078         MORIBUND ROTENONES S SMILAX   BOLL      00808213617667OKET078         MORIBUND ZYGNEMA SK HYRACIFORM,USD_2022-12-17_ACC#00001_66912     0156801568808213617667OKET078         MORIBUND ROTENONES S SMILAX   BOLL      00808213617667OKET078         MORIBUND ZYGNEMA SK HYRACIFORM,MANUAL,A=0;B=0,008082136 17667 OKET078                                                                         UPCLOSER MONOCOQUE GAB -,VOLERY 3632695666FP,43696680.79,43696680.79,0.00,0.00,2022-12-17,2022-12-17,0,"Publisher-labeled 1:1 match; numerical differences are review evidence, not a fraud/loss label."
103004027900,436366939336,899463998556,USD_2022-11-26_ACC#00001_66912     0638106381866658888856KAVI372         MORIBUND VEXES WHUFF SMILAX   BOLL      00866658888856KAVI372         MORIBUND VEXES S FOMALHAUT,USD_2022-11-26_ACC#00001_66912     0638106381866658888856KAVI372         MORIBUND VEXES WHUFF SMILAX   BOLL      00866658888856KAVI372         MORIBUND VEXES S FOMALHAUT,RULE 1,A=0;B=0,008666588 88856 KAVI372                                                                         DIANITE ANIMI VOWED AGHAN,VOLERY 8965549666FP,-1275620.83,-1275620.83,0.00,0.00,2022-11-26,2022-11-26,0,"Publisher-labeled 1:1 match; numerical differences are review evidence, not a fraud/loss label."
103033690844,21251065507,989183538449,USD_2022-09-10_ACC#00001_66912     6692666926 SMILAX   GPD,USD_2022-09-10_ACC#00001_66912     6692666926 SMILAX   GPD,RULE 4,A=0;B=0,IYO9126666733206 IYO9126666733206,IYO9126666733206 4114866080VI,-97883864.00,-97883864.00,0.00,0.00,2022-09-10,2022-09-10,0,"Publisher-labeled 1:1 match; numerical differences are review evidence, not a fraud/loss label."
10304666950,274112230835,672426897684,USD_2022-12-17_ACC#00001_66912     0175001750801182715918DODOS28         MORIBUND VEXES WHUFF SMILAX   BOLL      00801182715918DODOS28         MORIBUND VEXES S FOMALHAUT,USD_2022-12-17_ACC#00001_66912     0175001750801182715918DODOS28         MORIBUND VEXES WHUFF SMILAX   BOLL      00801182715918DODOS28         MORIBUND VEXES S FOMALHAUT,RULE 1,A=0;B=0,008011827 15918 DODOS28                                                                         FEW DORMICE CUBICLES EEV,VOLERY 3632347666FP,-44867.40,-44867.40,0.00,0.00,2022-12-17,2022-12-17,0,"Publisher-labeled 1:1 match; numerical differences are review evidence, not a fraud/loss label."
103094619174,18825789735,999621635384,USD_2022-10-07_ACC#00001_66912     0670806708144447914476HUBBA30         MORIBUND ROTENONES S SMILAX   BOLL      00144447914476HUBBA30         MORIBUND ZYGNEMA SK HYRACIFORM,USD_2022-10-07_ACC#00001_66912     0670806708144447914476HUBBA30         MORIBUND ROTENONES S SMILAX   BOLL      00144447914476HUBBA30         MORIBUND ZYGNEMA SK HYRACIFORM,RULE 1,A=0;B=0,001444479 14476 HUBBA30                                                                         UPCLOSER MONOCOQUE GAB -,VOLERY 8388043666FP,221247.37,221247.37,0.00,0.00,2022-10-07,2022-10-07,0,"Publisher-labeled 1:1 match; numerical differences are review evidence, not a fraud/loss label."
103135490173,541712881889,108959362230,USD_2022-11-18_ACC#00001_66912     0156801568193702417661AUG0698         MORIBUND VEXES WHUFF SMILAX   BOLL      00193702417661AUG0698         MORIBUND VEXES S FOMALHAUT,USD_2022-11-18_ACC#00001_66912     0156801568193702417661AUG0698         MORIBUND VEXES WHUFF SMILAX   BOLL      00193702417661AUG0698         MORIBUND VEXES S FOMALHAUT,RULE 1,A=0;B=0,001937024 17661 AUG0698                                                                         JOQVY ELUVIA DESINENT,VOLERY 8582802666FP,-23032475.96,-23032475.96,0.00,0.00,2022-11-18,2022-11-18,0,"Publisher-labeled 1:1 match; numerical differences are review evidence, not a fraud/loss label."
103147249519,639505029013,799902902630,USD_2022-12-25_ACC#00001_66912     09999099990666H3         6666666666 SMILAX   FGGKR     FW0666H3         6666666666,USD_2022-12-25_ACC#00001_66912     09999099990666H3         6666666666 SMILAX   FGGKR     FW0666H3         6666666666,MANUAL,A=0;B=0,20232513 V20232513                                                                       GVKYHE          666610809,MOWE696965-66089 4166066737VI,739645.54,739645.54,0.00,0.00,2022-12-25,2022-12-30,5,"Publisher-labeled 1:1 match; numerical differences are review evidence, not a fraud/loss label."
103222281264,700403258099,153997631573,USD_2022-11-19_ACC#00001_66912     0670806708193344514407ATMA858         MORIBUND ROTENONES S SMILAX   BOLL      00193344514407ATMA858         MORIBUND ZYGNEMA SK HYRACIFORM,USD_2022-11-19_ACC#00001_66912     0670806708193344514407ATMA858         MORIBUND ROTENONES S SMILAX   BOLL      00193344514407ATMA858         MORIBUND ZYGNEMA SK HYRACIFORM,RULE 1,A=0;B=0,001933445 14407 ATMA858                                                                         UPCLOSER MONOCOQUE GAB -,VOLERY 8532730666FP,453543.02,453543.02,0.00,0.00,2022-11-19,2022-11-19,0,"Publisher-labeled 1:1 match; numerical differences are review evidence, not a fraud/loss label."
103291013404,757603251604,822629432547,USD_2022-09-25_ACC#00001_66912     0646006460S                           BURO JADY GAT AUG - SMILAX   RAMON     GFG                           BURO JADY GAT IT X - T         FLAW - TA                     JOQGE_TA,USD_2022-09-25_ACC#00001_66912     0646006460S                           BURO JADY GAT AUG - SMILAX   RAMON     GFG                           BURO JADY GAT IT X - T         FLAW - TA                     JOQGE_TA,RULE 1,A=0;B=0,HEY RAMON DISNEY FLAW - TA,VOLERY 5685466033MT,-465000.00,-465000.00,0.00,0.00,2022-09-25,2022-09-25,0,"Publisher-labeled 1:1 match; numerical differences are review evidence, not a fraud/loss label."
103303121737,63168947062,855417939740,USD_2022-10-21_ACC#00001_66912     0256602566 SMILAX   FGGKR,USD_2022-10-21_ACC#00001_66912     0256602566 SMILAX   FGGKR,RULE 1,A=0;B=0,59120466 ALME7U6227JOQG7U                                                                JO TONITE SAUNT 664952723,V591206266010663 5228366057VI,-21081114.13,-21081114.13,0.00,0.00,2022-10-21,2022-10-21,0,"Publisher-labeled 1:1 match; numerical differences are review evidence, not a fraud/loss label."
103327749100,794824870264,581675014662,USD_2022-12-10_ACC#00001_66912     0670806708869931714407FALX821         MORIBUND ROTENONES S SMILAX   BOLL      00869931714407FALX821         MORIBUND ZYGNEMA SK HYRACIFORM,USD_2022-12-10_ACC#00001_66912     0670806708869931714407FALX821         MORIBUND ROTENONES S SMILAX   BOLL      00869931714407FALX821         MORIBUND ZYGNEMA SK HYRACIFORM,RULE 1,A=0;B=0,008699317 14407 FALX821                                                                         UPCLOSER MONOCOQUE GAB -,VOLERY 3662772666FP,52004.13,52004.13,0.00,0.00,2022-12-10,2022-12-10,0,"Publisher-labeled 1:1 match; numerical differences are review evidence, not a fraud/loss label."
103343869117,197291006342,657060547862,USD_2022-09-22_ACC#00001_66912     0638106381134108288856AUG0619         MORIBUND VEXES WHUFF SMILAX   BOLL      00134108288856AUG0619         MORIBUND VEXES S FOMALHAUT,USD_2022-09-22_ACC#00001_66912     0638106381134108288856AUG0619         MORIBUND VEXES WHUFF SMILAX   BOLL      00134108288856AUG0619         MORIBUND VEXES S FOMALHAUT,RULE 4,A=0;B=0,001341082 88856 AUG0619                                                                         YFY SUBHEADINGS,VOLERY 8817040666FP,-10788500.00,-10788500.00,0.00,0.00,2022-09-22,2022-09-22,0,"Publisher-labeled 1:1 match; numerical differences are review evidence, not a fraud/loss label."
103354698247,866236154501,176956402217,USD_2022-09-23_ACC#00001_66912     0122001220133152912660ROHOB56         MORIBUND VEXES WHUFF SMILAX   BOLL      00133152912660ROHOB56         MORIBUND VEXES S FOMALHAUT,USD_2022-09-23_ACC#00001_66912     0122001220133152912660ROHOB56         MORIBUND VEXES WHUFF SMILAX   BOLL      00133152912660ROHOB56         MORIBUND VEXES S FOMALHAUT,RULE 4,A=0;B=0,001331529 12660 ROHOB56                                                                         UPCLOSER MONOCOQUE GAB -,VOLERY 8881835666FP,-4484021.50,-4484021.50,0.00,0.00,2022-09-23,2022-09-23,0,"Publisher-labeled 1:1 match; numerical differences are review evidence, not a fraud/loss label."
103362611589,624722187298,707463328888,USD_2022-12-10_ACC#00001_66912     0670806708869576114476KAVI376         MORIBUND ROTENONES S SMILAX   BOLL      00869576114476KAVI376         MORIBUND ZYGNEMA SK HYRACIFORM,USD_2022-12-10_ACC#00001_66912     0670806708869576114476KAVI376         MORIBUND ROTENONES S SMILAX   BOLL      00869576114476KAVI376         MORIBUND ZYGNEMA SK HYRACIFORM,RULE 1,A=0;B=0,008695761 14476 KAVI376                                                                         UPCLOSER MONOCOQUE GAB -,VOLERY 3662706666FP,34463.29,34463.29,0.00,0.00,2022-12-10,2022-12-10,0,"Publisher-labeled 1:1 match; numerical differences are review evidence, not a fraud/loss label."
103438046273,544637583915,167213106227,USD_2022-12-22_ACC#00001_66912     0670806708804293714476SOUTH86         MORIBUND ROTENONES S SMILAX   BOLL      00804293714476SOUTH86         MORIBUND ZYGNEMA SK HYRACIFORM,USD_2022-12-22_ACC#00001_66912     0670806708804293714476SOUTH86         MORIBUND ROTENONES S SMILAX   BOLL      00804293714476SOUTH86         MORIBUND ZYGNEMA SK HYRACIFORM,RULE 1,A=0;B=0,008042937 14476 SOUTH86                                                                         UPCLOSER MONOCOQUE GAB -,VOLERY 3654734666FP,103105.00,103105.00,0.00,0.00,2022-12-22,2022-12-22,0,"Publisher-labeled 1:1 match; numerical differences are review evidence, not a fraud/loss label."
103458463523,700892057310,243099009025,USD_2022-09-10_ACC#00001_66912     66325663250 32566D5RY4 088            JOQVY - ELUVIA - SMILAX   GFG       VC0 32566D5RY4 088            JOQVY - ELUVIA -,USD_2022-09-10_ACC#00001_66912     66325663250 32566D5RY4 088            JOQVY - ELUVIA - SMILAX   GFG       VC0 32566D5RY4 088            JOQVY - ELUVIA -,RULE 4,A=0;B=0,32566D5RY4 32566D5RY4                                                                      JOQVY - ELUVIA -,322746AL68101294 1205566086VI,-3600.17,-3600.17,0.00,0.00,2022-09-10,2022-09-10,0,"Publisher-labeled 1:1 match; numerical differences are review evidence, not a fraud/loss label."
103462998457,995260273909,300118662391,USD_2022-10-27_ACC#00001_66912     0670806708124554914407CRIB652         MORIBUND VEXES WHUFF SMILAX   BOLL      00124554914407CRIB652         MORIBUND VEXES S FOMALHAUT,USD_2022-10-27_ACC#00001_66912     0670806708124554914407CRIB652         MORIBUND VEXES WHUFF SMILAX   BOLL      00124554914407CRIB652         MORIBUND VEXES S FOMALHAUT,RULE 1,A=0;B=0,001245549 14407 CRIB652                                                                         UPCLOSER MONOCOQUE GAB -,VOLERY 8429410666FP,-640769.90,-640769.90,0.00,0.00,2022-10-27,2022-10-27,0,"Publisher-labeled 1:1 match; numerical differences are review evidence, not a fraud/loss label."
103476635491,135680522859,283642466128,USD_2022-11-04_ACC#00001_66912     0670806708158457814476BRAVI59         MORIBUND VEXES WHUFF SMILAX   BOLL      00158457814476BRAVI59         MORIBUND VEXES S FOMALHAUT,USD_2022-11-04_ACC#00001_66912     0670806708158457814476BRAVI59         MORIBUND VEXES WHUFF SMILAX   BOLL      00158457814476BRAVI59         MORIBUND VEXES S FOMALHAUT,RULE 1,A=0;B=0,001584578 14476 BRAVI59                                                                         UPCLOSER MONOCOQUE GAB -,VOLERY 8282567666FP,-266775.74,-266775.74,0.00,0.00,2022-11-04,2022-11-04,0,"Publisher-labeled 1:1 match; numerical differences are review evidence, not a fraud/loss label."
103499641907,625876008552,739315244651,USD_2022-09-21_ACC#00001_66912     0122001220131031912660PRODD95         MORIBUND ROTENONES S SMILAX   BOLL      00131031912660PRODD95         MORIBUND ZYGNEMA SK HYRACIFORM,USD_2022-09-21_ACC#00001_66912     0122001220131031912660PRODD95         MORIBUND ROTENONES S SMILAX   BOLL      00131031912660PRODD95         MORIBUND ZYGNEMA SK HYRACIFORM,RULE 4,A=0;B=0,001310319 12660 PRODD95                                                                         UPCLOSER MONOCOQUE GAB -,VOLERY 8876496666FP,1617692.77,1617692.77,0.00,0.00,2022-09-21,2022-09-21,0,"Publisher-labeled 1:1 match; numerical differences are review evidence, not a fraud/loss label."
103641139432,992605683962,230189256856,USD_2022-10-01_ACC#00001_66912     0147701477148261441477AUG0672         IF TMH TIRO FAMES SMILAX   BOLL      00148261441477AUG0672         IF TMH TIRO EMEU S,USD_2022-10-01_ACC#00001_66912     0147701477148261441477AUG0672         IF TMH TIRO FAMES SMILAX   BOLL      00148261441477AUG0672         IF TMH TIRO EMEU S,RULE 1,A=0;B=0,001482614 41477 AUG0672 L9Y35CZ                                                                 JOQVY H.C. ZUCCHINIS TENT,VOLERY 8368637666FP,-4404836.99,-4404836.99,0.00,0.00,2022-10-01,2022-10-01,0,"Publisher-labeled 1:1 match; numerical differences are review evidence, not a fraud/loss label."
103674411603,630094135181,9940166138,USD_2022-10-22_ACC#00001_66912     02566025660666H3         6666666666 SMILAX   FGGKR     FW0666H3         6666666666,USD_2022-10-22_ACC#00001_66912     02566025660666H3         6666666666 SMILAX   FGGKR     FW0666H3         6666666666,RULE 3,A=0;B=0,55958636 V55958636                                                                       JO TONITE SAUNT 664952723,V559586366717424 7566066051VI,1513.54,1513.54,0.00,0.00,2022-10-22,2022-10-22,0,"Publisher-labeled 1:1 match; numerical differences are review evidence, not a fraud/loss label."
103692230063,221175352414,822317838268,USD_2022-10-08_ACC#00001_66912     0608706087145353815601COCT580         MORIBUND ROTENONES S SMILAX   BOLL      00145353815601COCT580         MORIBUND ZYGNEMA SK HYRACIFORM,USD_2022-10-08_ACC#00001_66912     0608706087145353815601COCT580         MORIBUND ROTENONES S SMILAX   BOLL      00145353815601COCT580         MORIBUND ZYGNEMA SK HYRACIFORM,MANUAL,A=0;B=0,001453538 15601 COCT580                                                                         DALAPON BUT CLEMENTS CLEW,VOLERY 8333266666FP,34132298.50,34132298.51,0.01,0.01,2022-10-08,2022-10-08,0,"Publisher-labeled 1:1 match; numerical differences are review evidence, not a fraud/loss label."
103701061461,480821700852,163552090846,USD_2022-12-29_ACC#00001_66912     0147601476877127841476                IF TMH DIP WOLD SMILAX   BOLL      00877127841476                IF TMH DIP WOLD,USD_2022-12-29_ACC#00001_66912     0147601476877127841476                IF TMH DIP WOLD SMILAX   BOLL      00877127841476                IF TMH DIP WOLD,RULE 1,A=0;B=0,008771278 41476 L9HJ6WO                                                                 BAHUT ASSUMER FUTHERMORE,URBD-2AOQ9J 0865866730VI,5700000.00,5700000.00,0.00,0.00,2022-12-29,2022-12-29,0,"Publisher-labeled 1:1 match; numerical differences are review evidence, not a fraud/loss label."
103713008136,35914761146,746549241450,USD_2022-11-10_ACC#00001_66912     66325663257 29266B59BD 088            MISAPPLICABILITY SMILAX   GFG       VC7 29266B59BD 088            MISAPPLICABILITY,USD_2022-11-10_ACC#00001_66912     66325663257 29266B59BD 088            MISAPPLICABILITY SMILAX   GFG       VC7 29266B59BD 088            MISAPPLICABILITY,RULE 3,A=0;B=0,29266B59BD 29266B59BD                                                                      MISAPPLICABILITY,29266B59BD L-9282766767VI,4000000.00,4000000.00,0.00,0.00,2022-11-10,2022-11-10,0,"Publisher-labeled 1:1 match; numerical differences are review evidence, not a fraud/loss label."
103722909957,802127341233,145931030144,USD_2022-11-16_ACC#00001_66912     0256602566 SMILAX   FGGKR,USD_2022-11-16_ACC#00001_66912     0256602566 SMILAX   FGGKR,RULE 1,A=0;B=0,9668676 ALME7U9643JOQG7U                                                                JO TONITE SAUNT 664952723,V696676567188243 3093166765VI,-3966730.67,-3966730.67,0.00,0.00,2022-11-16,2022-11-16,0,"Publisher-labeled 1:1 match; numerical differences are review evidence, not a fraud/loss label."
103730040776,946065692959,810929234719,USD_2022-09-29_ACC#00001_66912     0122001220139308012660SCOTE38         MORIBUND VEXES WHUFF SMILAX   BOLL      00139308012660SCOTE38         MORIBUND VEXES S FOMALHAUT,USD_2022-09-29_ACC#00001_66912     0122001220139308012660SCOTE38         MORIBUND VEXES WHUFF SMILAX   BOLL      00139308012660SCOTE38         MORIBUND VEXES S FOMALHAUT,RULE 1,A=0;B=0,001393080 12660 SCOTE38                                                                         UPCLOSER MONOCOQUE GAB -,VOLERY 8858786666FP,-512977.98,-512977.98,0.00,0.00,2022-09-29,2022-09-29,0,"Publisher-labeled 1:1 match; numerical differences are review evidence, not a fraud/loss label."
10373698961,248243266006,103725666200,USD_2022-12-02_ACC#00001_66912     0670806708861265914476UNDOG79         MORIBUND VEXES WHUFF SMILAX   BOLL      00861265914476UNDOG79         MORIBUND VEXES S FOMALHAUT,USD_2022-12-02_ACC#00001_66912     0670806708861265914476UNDOG79         MORIBUND VEXES WHUFF SMILAX   BOLL      00861265914476UNDOG79         MORIBUND VEXES S FOMALHAUT,RULE 1,A=0;B=0,008612659 14476 UNDOG79                                                                         UPCLOSER MONOCOQUE GAB -,VOLERY 8985859666FP,-1227137.00,-1227137.00,0.00,0.00,2022-12-02,2022-12-02,0,"Publisher-labeled 1:1 match; numerical differences are review evidence, not a fraud/loss label."
103829767099,32012886974,502580320758,USD_2022-10-19_ACC#00001_66912     0670806708120095814476BRIST39         MORIBUND ROTENONES S SMILAX   BOLL      00120095814476BRIST39         MORIBUND ZYGNEMA SK HYRACIFORM,USD_2022-10-19_ACC#00001_66912     0670806708120095814476BRIST39         MORIBUND ROTENONES S SMILAX   BOLL      00120095814476BRIST39         MORIBUND ZYGNEMA SK HYRACIFORM,RULE 1,A=0;B=0,001200958 14476 BRIST39                                                                         UPCLOSER MONOCOQUE GAB -,VOLERY 8473059666FP,438404.00,438404.00,0.00,0.00,2022-10-19,2022-10-19,0,"Publisher-labeled 1:1 match; numerical differences are review evidence, not a fraud/loss label."
10386212274,326168173231,164992424926,USD_2022-12-11_ACC#00001_66912     66325663250 32566TP6TN 088            JOQVY DE-BAS - T SMILAX   GFG       VC0 32566TP6TN 088            JOQVY DE-BAS - T,USD_2022-12-11_ACC#00001_66912     66325663250 32566TP6TN 088            JOQVY DE-BAS - T SMILAX   GFG       VC0 32566TP6TN 088            JOQVY DE-BAS - T,RULE 3,A=0;B=0,32566TP6TN 32566TP6TN                                                                      JOQVY DE-BAS - T,32566TP6TN 5033166711VI,254782.50,254782.50,0.00,0.00,2022-12-11,2022-12-11,0,"Publisher-labeled 1:1 match; numerical differences are review evidence, not a fraud/loss label."
103896831391,197826063754,365979385593,USD_2022-11-06_ACC#00001_66912     0250702507138125 67666                SEMSEM ODONTOLOGY AZ SMILAX   BOLL      RM138125 67666                SEMSEM STOPHOUND T HYRACIFORM,USD_2022-11-06_ACC#00001_66912     0250702507138125 67666                SEMSEM ODONTOLOGY AZ SMILAX   BOLL      RM138125 67666                SEMSEM STOPHOUND T HYRACIFORM,RULE 1,A=0;B=0,RM138125  67666 JOQVY H.C. ZUCCHINIS TENT,RM138156 1228666095VI,-16817.54,-16817.54,0.00,0.00,2022-11-06,2022-11-06,0,"Publisher-labeled 1:1 match; numerical differences are review evidence, not a fraud/loss label."
103964225035,160364338378,254431975208,USD_2022-12-31_ACC#00001_66912     66325663250 32566TRPH0 088            JOQVY - ELUVIA - SMILAX   GFG       VC0 32566TRPH0 088            JOQVY - ELUVIA -,USD_2022-12-31_ACC#00001_66912     66325663250 32566TRPH0 088            JOQVY - ELUVIA - SMILAX   GFG       VC0 32566TRPH0 088            JOQVY - ELUVIA -,RULE 1,A=0;B=0,32566TRPH0 32566TRPH0                                                                      JOQVY - ELUVIA -,322746AL68134947 4850966737VI,-246361.00,-246361.00,0.00,0.00,2022-12-31,2022-12-31,0,"Publisher-labeled 1:1 match; numerical differences are review evidence, not a fraud/loss label."
103970815455,163243237378,349412184412,USD_2022-10-05_ACC#00001_66912     0256602566 SMILAX   FGGKR,USD_2022-10-05_ACC#00001_66912     0256602566 SMILAX   FGGKR,RULE 1,A=0;B=0,40285236 ALME7U9589JOQG7U                                                                JO TONITE SAUNT 664952723,V402615266911484 9679766044VI,-218140.90,-218140.90,0.00,0.00,2022-10-05,2022-10-05,0,"Publisher-labeled 1:1 match; numerical differences are review evidence, not a fraud/loss label."
103978547074,434511405465,523928385546,USD_2022-12-17_ACC#00001_66912     0608706087801341815601KAVI181         MORIBUND VEXES WHUFF SMILAX   BOLL      00801341815601KAVI181         MORIBUND VEXES S FOMALHAUT,USD_2022-12-17_ACC#00001_66912     0608706087801341815601KAVI181         MORIBUND VEXES WHUFF SMILAX   BOLL      00801341815601KAVI181         MORIBUND VEXES S FOMALHAUT,RULE 1,A=0;B=0,008013418 15601 KAVI181                                                                         UPCLOSER MONOCOQUE GAB -,VOLERY 3632394666FP,-246727.50,-246727.50,0.00,0.00,2022-12-17,2022-12-17,0,"Publisher-labeled 1:1 match; numerical differences are review evidence, not a fraud/loss label."
10404011433,490001083706,116220809919,USD_2022-10-13_ACC#00001_66912     66325663250 32566AAPEM 088            JOQVY DE -ELUVIA SMILAX   GFG       VC0 32566AAPEM 088            JOQVY DE -ELUVIA,USD_2022-10-13_ACC#00001_66912     66325663250 32566AAPEM 088            JOQVY DE -ELUVIA SMILAX   GFG       VC0 32566AAPEM 088            JOQVY DE -ELUVIA,RULE 1,A=0;B=0,32566AAPEM 32566AAPEM                                                                      JOQVY DE -ELUVIA,322746AL68715636 1244666021VI,-922681000.00,-922681000.00,0.00,0.00,2022-10-13,2022-10-13,0,"Publisher-labeled 1:1 match; numerical differences are review evidence, not a fraud/loss label."
104045284096,916790002238,760097966463,USD_2022-10-01_ACC#00001_66912     0670806708147493314407GULA623         MORIBUND ROTENONES S SMILAX   BOLL      00147493314407GULA623         MORIBUND ZYGNEMA SK HYRACIFORM,USD_2022-10-01_ACC#00001_66912     0670806708147493314407GULA623         MORIBUND ROTENONES S SMILAX   BOLL      00147493314407GULA623         MORIBUND ZYGNEMA SK HYRACIFORM,RULE 1,A=0;B=0,001474933 14407 GULA623                                                                         UPCLOSER MONOCOQUE GAB -,VOLERY 8361652666FP,110582.83,110582.83,0.00,0.00,2022-10-01,2022-10-01,0,"Publisher-labeled 1:1 match; numerical differences are review evidence, not a fraud/loss label."
104065277511,589577672434,675470259545,USD_2022-12-07_ACC#00001_66912     0676506765865160155570NAPE610         MORIBUND VEXES WHUFF SMILAX   BOLL      00865160155570NAPE610         MORIBUND VEXES S FOMALHAUT,USD_2022-12-07_ACC#00001_66912     0676506765865160155570NAPE610         MORIBUND VEXES WHUFF SMILAX   BOLL      00865160155570NAPE610         MORIBUND VEXES S FOMALHAUT,RULE 1,A=0;B=0,008651601 55570 NAPE610                                                                         SLATTERN TYPY OEV,VOLERY 8922464666FP,-1825195.89,-1825195.89,0.00,0.00,2022-12-07,2022-12-07,0,"Publisher-labeled 1:1 match; numerical differences are review evidence, not a fraud/loss label."
10407550411,722650882255,598394719039,USD_2022-12-01_ACC#00001_66912     0122001220867131512660EPEE083         MORIBUND ROTENONES S SMILAX   BOLL      00867131512660EPEE083         MORIBUND ZYGNEMA SK HYRACIFORM,USD_2022-12-01_ACC#00001_66912     0122001220867131512660EPEE083         MORIBUND ROTENONES S SMILAX   BOLL      00867131512660EPEE083         MORIBUND ZYGNEMA SK HYRACIFORM,RULE 1,A=0;B=0,008671315 12660 EPEE083                                                                         UPCLOSER MONOCOQUE GAB -,VOLERY 8912037666FP,1077233.33,1077233.33,0.00,0.00,2022-12-01,2022-12-01,0,"Publisher-labeled 1:1 match; numerical differences are review evidence, not a fraud/loss label."
104082498385,285863199120,899149829363,USD_2022-09-23_ACC#00001_66912     0122701227132181712607AUG0686         MORIBUND VEXES WHUFF SMILAX   BOLL      00132181712607AUG0686         MORIBUND VEXES S FOMALHAUT,USD_2022-09-23_ACC#00001_66912     0122701227132181712607AUG0686         MORIBUND VEXES WHUFF SMILAX   BOLL      00132181712607AUG0686         MORIBUND VEXES S FOMALHAUT,RULE 4,A=0;B=0,001321817 12607 AUG0686                                                                         BAA FOUR QMQF TERREMOTIVE,VOLERY 8881888666FP,-1742565.80,-1742565.80,0.00,0.00,2022-09-23,2022-09-23,0,"Publisher-labeled 1:1 match; numerical differences are review evidence, not a fraud/loss label."
104105705500,253327231162,424259337790,USD_2022-10-08_ACC#00001_66912     0608706087145355615601GULA396         MORIBUND ROTENONES S SMILAX   BOLL      00145355615601GULA396         MORIBUND ZYGNEMA SK HYRACIFORM,USD_2022-10-08_ACC#00001_66912     0608706087145355615601GULA396         MORIBUND ROTENONES S SMILAX   BOLL      00145355615601GULA396         MORIBUND ZYGNEMA SK HYRACIFORM,MANUAL,A=0;B=0,001453556 15601 GULA396                                                                         UPCLOSER MONOCOQUE GAB -,VOLERY 8333271666FP,17507819.85,17507819.80,-0.05,-0.05,2022-10-08,2022-10-08,0,"Publisher-labeled 1:1 match; numerical differences are review evidence, not a fraud/loss label."
104145964313,158335558065,146841514300,USD_2022-10-07_ACC#00001_66912     0156801568148067317661OKET682         MORIBUND ROTENONES S SMILAX   BOLL      00148067317661OKET682         MORIBUND ZYGNEMA SK HYRACIFORM,USD_2022-10-07_ACC#00001_66912     0156801568148067317661OKET682         MORIBUND ROTENONES S SMILAX   BOLL      00148067317661OKET682         MORIBUND ZYGNEMA SK HYRACIFORM,RULE 1,A=0;B=0,001480673 17661 OKET682                                                                         SPASMOUS YARAY RESSAUT,VOLERY 8388006666FP,1469302.00,1469302.00,0.00,0.00,2022-10-07,2022-10-07,0,"Publisher-labeled 1:1 match; numerical differences are review evidence, not a fraud/loss label."
104284243345,411520656808,643312826726,USD_2022-12-18_ACC#00001_66912     0608706087808189315601PUDGY48         MORIBUND ROTENONES S SMILAX   BOLL      00808189315601PUDGY48         MORIBUND ZYGNEMA SK HYRACIFORM,USD_2022-12-18_ACC#00001_66912     0608706087808189315601PUDGY48         MORIBUND ROTENONES S SMILAX   BOLL      00808189315601PUDGY48         MORIBUND ZYGNEMA SK HYRACIFORM,RULE 1,A=0;B=0,008081893 15601 PUDGY48                                                                         EXIT NONREGULATIVE TYPY,VOLERY 3643306666FP,91871.80,91871.80,0.00,0.00,2022-12-18,2022-12-18,0,"Publisher-labeled 1:1 match; numerical differences are review evidence, not a fraud/loss label."
104345449615,204194343481,772341241181,USD_2022-11-20_ACC#00001_66912     0638106381192365088856NAPE610         MORIBUND ROTENONES S SMILAX   BOLL      00192365088856NAPE610         MORIBUND ZYGNEMA SK HYRACIFORM,USD_2022-11-20_ACC#00001_66912     0638106381192365088856NAPE610         MORIBUND ROTENONES S SMILAX   BOLL      00192365088856NAPE610         MORIBUND ZYGNEMA SK HYRACIFORM,RULE 1,A=0;B=0,001923650 88856 NAPE610                                                                         UPCLOSER MONOCOQUE GAB -,VOLERY 8549193666FP,2228688.83,2228688.83,0.00,0.00,2022-11-20,2022-11-20,0,"Publisher-labeled 1:1 match; numerical differences are review evidence, not a fraud/loss label."
104366778936,455787351690,88797074174,USD_2022-12-30_ACC#00001_66912     0256602566 SMILAX   FGGKR,USD_2022-12-30_ACC#00001_66912     0256602566 SMILAX   FGGKR,RULE 1,A=0;B=0,85245806 JOQG7U6248GLEE7U                                                                SHALE           667933724,VOLERY 1949766737VI,-1022301.47,-1022301.47,0.00,0.00,2022-12-30,2022-12-30,0,"Publisher-labeled 1:1 match; numerical differences are review evidence, not a fraud/loss label."
104395647798,913289084802,682086309419,USD_2022-11-02_ACC#00001_66912     0670806708151458414407KAVI758         MORIBUND ROTENONES S SMILAX   BOLL      00151458414407KAVI758         MORIBUND ZYGNEMA SK HYRACIFORM,USD_2022-11-02_ACC#00001_66912     0670806708151458414407KAVI758         MORIBUND ROTENONES S SMILAX   BOLL      00151458414407KAVI758         MORIBUND ZYGNEMA SK HYRACIFORM,RULE 1,A=0;B=0,001514584 14407 KAVI758                                                                         UPCLOSER MONOCOQUE GAB -,VOLERY 8273551666FP,344817.88,344817.88,0.00,0.00,2022-11-02,2022-11-02,0,"Publisher-labeled 1:1 match; numerical differences are review evidence, not a fraud/loss label."
104398395799,805741177109,184628642255,USD_2022-12-09_ACC#00001_66912     0147701477863999541477SHOWD61         OFF TMH TIRO FAMES SMILAX   BOLL      00863999541477SHOWD61         OFF TMH TIRO HAU BT,USD_2022-12-09_ACC#00001_66912     0147701477863999541477SHOWD61         OFF TMH TIRO FAMES SMILAX   BOLL      00863999541477SHOWD61         OFF TMH TIRO HAU BT,RULE 1,A=0;B=0,008639995 41477 SHOWD61 L9HK6O7                                                                 UPCLOSER MONOCOQUE GAB -,VOLERY 8992717666FP,-17853356.28,-17853356.28,0.00,0.00,2022-12-09,2022-12-09,0,"Publisher-labeled 1:1 match; numerical differences are review evidence, not a fraud/loss label."
104400685616,233087258183,200990980393,USD_2022-11-27_ACC#00001_66912     6682866828SHAMESICK FROM JAUN UNFED   JOQOEV HUMP FGDK SMILAX   FGGQQ     PHOTOACTIVE FROM JAUN UNFED   JOQOEV HUMP FGDK               029666030266204140,USD_2022-11-27_ACC#00001_66912     6682866828SHAMESICK FROM JAUN UNFED   JOQOEV HUMP FGDK SMILAX   FGGQQ     PHOTOACTIVE FROM JAUN UNFED   JOQOEV HUMP FGDK               029666030266204140,RULE 3,A=0;B=0,6666666667860120 P678601206273137                                                                JOQOEV HUMP FGDK,P678601206273137 9208866709VI,1791742038.00,1791742038.00,0.00,0.00,2022-11-27,2022-11-27,0,"Publisher-labeled 1:1 match; numerical differences are review evidence, not a fraud/loss label."
104420023597,729075218027,92330751219,USD_2022-09-29_ACC#00001_66912     02566025660666H3         6666666666 SMILAX   FGGKR     FW0666H3         6666666666,USD_2022-09-29_ACC#00001_66912     02566025660666H3         6666666666 SMILAX   FGGKR     FW0666H3         6666666666,RULE 3,A=0;B=0,32785277 V32785277                                                                       JO TONITE SAUNT 664952723,V327852776979227 7989166046VI,1516000.00,1516000.00,0.00,0.00,2022-09-29,2022-09-29,0,"Publisher-labeled 1:1 match; numerical differences are review evidence, not a fraud/loss label."
104427105692,149787613302,941204707239,USD_2022-10-01_ACC#00001_66912     66325663250 32566AHTE2 088            JOQVY - ELUVIA - SMILAX   GFG       VC0 32566AHTE2 088            JOQVY - ELUVIA -,USD_2022-10-01_ACC#00001_66912     66325663250 32566AHTE2 088            JOQVY - ELUVIA - SMILAX   GFG       VC0 32566AHTE2 088            JOQVY - ELUVIA -,RULE 3,A=0;B=0,32566AHTE2 32566AHTE2                                                                      JOQVY - ELUVIA -,32566AHTE2 9906066040VI,203660.80,203660.80,0.00,0.00,2022-10-01,2022-10-01,0,"Publisher-labeled 1:1 match; numerical differences are review evidence, not a fraud/loss label."
104465019676,978970466970,298952315871,USD_2022-10-02_ACC#00001_66912     0156801568148482217667AUG0672         MORIBUND VEXES WHUFF SMILAX   BOLL      00148482217667AUG0672         MORIBUND VEXES S FOMALHAUT,USD_2022-10-02_ACC#00001_66912     0156801568148482217667AUG0672         MORIBUND VEXES WHUFF SMILAX   BOLL      00148482217667AUG0672         MORIBUND VEXES S FOMALHAUT,RULE 1,A=0;B=0,001484822 17667 AUG0672                                                                         YMV NONREGULATIVE,VOLERY 8301201666FP,-58675813.87,-58675813.87,0.00,0.00,2022-10-02,2022-10-02,0,"Publisher-labeled 1:1 match; numerical differences are review evidence, not a fraud/loss label."
104485523269,753380980964,570495964864,USD_2022-12-24_ACC#00001_66912     0638106381802408388856DOYST30         MORIBUND ROTENONES S SMILAX   BOLL      00802408388856DOYST30         MORIBUND ZYGNEMA SK HYRACIFORM,USD_2022-12-24_ACC#00001_66912     0638106381802408388856DOYST30         MORIBUND ROTENONES S SMILAX   BOLL      00802408388856DOYST30         MORIBUND ZYGNEMA SK HYRACIFORM,RULE 1,A=0;B=0,008024083 88856 DOYST30                                                                         UPCLOSER MONOCOQUE GAB -,VOLERY 3064130666FP,7624342.08,7624342.08,0.00,0.00,2022-12-24,2022-12-24,0,"Publisher-labeled 1:1 match; numerical differences are review evidence, not a fraud/loss label."
10448898702,323956236865,928209896659,USD_2022-09-30_ACC#00001_WF 66912     0702807028146628767463SKITE77         MORIBUND VEXES WHUFF,USD_2022-09-30_ACC#00001_WF 66912     0702807028146628767463SKITE77         MORIBUND VEXES WHUFF,RULE 1,A=0;B=0,001466287 67463 SKITE77                                                                         HATER GRAVEL KEEPINGS,VOLERY 8898416666FP,-136800.00,-136800.00,0.00,0.00,2022-09-30,2022-09-30,0,"Publisher-labeled 1:1 match; numerical differences are review evidence, not a fraud/loss label."
10451018763,202331211410,395817524780,USD_2022-09-30_ACC#00001_66912     0607406074135183767614SKITE77         MORIBUND VEXES WHUFF SMILAX   BOLL      00135183767614SKITE77         MORIBUND VEXES S FOMALHAUT,USD_2022-09-30_ACC#00001_66912     0607406074135183767614SKITE77         MORIBUND VEXES WHUFF SMILAX   BOLL      00135183767614SKITE77         MORIBUND VEXES S FOMALHAUT,RULE 1,A=0;B=0,001351837 67614 SKITE77                                                                         MUTUALITY AVIARY DEFENSER,VOLERY 8898231666FP,-611503.50,-611503.50,0.00,0.00,2022-09-30,2022-09-30,0,"Publisher-labeled 1:1 match; numerical differences are review evidence, not a fraud/loss label."
104551297196,448653678595,526765802192,USD_2022-09-10_ACC#00001_66912     0122001220115984912660DOYST14         MORIBUND ROTENONES S SMILAX   BOLL      00115984912660DOYST14         MORIBUND ZYGNEMA SK HYRACIFORM,USD_2022-09-10_ACC#00001_66912     0122001220115984912660DOYST14         MORIBUND ROTENONES S SMILAX   BOLL      00115984912660DOYST14         MORIBUND ZYGNEMA SK HYRACIFORM,RULE 4,A=0;B=0,001159849 12660 DOYST14                                                                         UPCLOSER MONOCOQUE GAB -,VOLERY 8132806666FP,875620.15,875620.15,0.00,0.00,2022-09-10,2022-09-10,0,"Publisher-labeled 1:1 match; numerical differences are review evidence, not a fraud/loss label."
104572297695,151689616663,884531511965,USD_2022-10-01_ACC#00001_66912     02566025660666H3         6666666666 SMILAX   FGGKR     FW0666H3         6666666666,USD_2022-10-01_ACC#00001_66912     02566025660666H3         6666666666 SMILAX   FGGKR     FW0666H3         6666666666,RULE 1,A=0;B=0,32728807 V32728807                                                                       JO TONITE SAUNT 664952723,T313074544586660 0674544586,53000000.00,53000000.00,0.00,0.00,2022-10-01,2022-10-01,0,"Publisher-labeled 1:1 match; numerical differences are review evidence, not a fraud/loss label."
104590235118,402397616758,206035517074,USD_2022-11-12_ACC#00001_66912     66325663250 32566B99HV 088            JOQVY - ELUVIA - SMILAX   GFG       VC0 32566B99HV 088            JOQVY - ELUVIA -,USD_2022-11-12_ACC#00001_66912     66325663250 32566B99HV 088            JOQVY - ELUVIA - SMILAX   GFG       VC0 32566B99HV 088            JOQVY - ELUVIA -,RULE 3,A=0;B=0,32566B99HV 32566B99HV                                                                      JOQVY - ELUVIA -,32566B99HV 4777066761VI,1188757.13,1188757.13,0.00,0.00,2022-11-12,2022-11-12,0,"Publisher-labeled 1:1 match; numerical differences are review evidence, not a fraud/loss label."
104628206729,615016900768,886363232044,USD_2022-12-23_ACC#00001_66912     0147701477802511441477NAPE703         OFF TMH TIRO FAMES SMILAX   BOLL      00802511441477NAPE703         OFF TMH TIRO HAU BT,USD_2022-12-23_ACC#00001_66912     0147701477802511441477NAPE703         OFF TMH TIRO FAMES SMILAX   BOLL      00802511441477NAPE703         OFF TMH TIRO HAU BT,RULE 1,A=0;B=0,008025114 41477 NAPE703 L9HL9WD                                                                 UPCLOSER MONOCOQUE GAB -,VOLERY 3693580666FP,-27220338.60,-27220338.60,0.00,0.00,2022-12-23,2022-12-23,0,"Publisher-labeled 1:1 match; numerical differences are review evidence, not a fraud/loss label."
104629164209,439430942878,872500626341,USD_2022-09-23_ACC#00001_66912     0122001220134008412660ROHOB56         MORIBUND ROTENONES S SMILAX   BOLL      00134008412660ROHOB56         MORIBUND ZYGNEMA SK HYRACIFORM,USD_2022-09-23_ACC#00001_66912     0122001220134008412660ROHOB56         MORIBUND ROTENONES S SMILAX   BOLL      00134008412660ROHOB56         MORIBUND ZYGNEMA SK HYRACIFORM,RULE 4,A=0;B=0,001340084 12660 ROHOB56                                                                         V BUT C AIRY FUTHERMORE,VOLERY 8880495666FP,84962.39,84962.39,0.00,0.00,2022-09-23,2022-09-23,0,"Publisher-labeled 1:1 match; numerical differences are review evidence, not a fraud/loss label."
104655293276,137533469229,292741424702,USD_2022-11-30_ACC#00001_66912     02566025660666H3         6666666666 SMILAX   FGGKR     FW0666H3         6666666666,USD_2022-11-30_ACC#00001_66912     02566025660666H3         6666666666 SMILAX   FGGKR     FW0666H3         6666666666,RULE 3,A=0;B=0,73449446 V73449446                                                                       JO TONITE SAUNT 664952723,V734494460611471 1281466777VI,3032483.26,3032483.26,0.00,0.00,2022-11-30,2022-11-30,0,"Publisher-labeled 1:1 match; numerical differences are review evidence, not a fraud/loss label."
104655716492,42677216180,165618742544,USD_2022-12-04_ACC#00001_66912     0676506765864219215574NAPE610         MORIBUND VEXES WHUFF SMILAX   BOLL      00864219215574NAPE610         MORIBUND VEXES S FOMALHAUT,USD_2022-12-04_ACC#00001_66912     0676506765864219215574NAPE610         MORIBUND VEXES WHUFF SMILAX   BOLL      00864219215574NAPE610         MORIBUND VEXES S FOMALHAUT,RULE 1,A=0;B=0,008642192 15574 NAPE610                                                                         ZEE ETHERIFIES EFI,VOLERY 8942647666FP,-3181904.96,-3181904.96,0.00,0.00,2022-12-04,2022-12-04,0,"Publisher-labeled 1:1 match; numerical differences are review evidence, not a fraud/loss label."
104697112302,734299328457,25066094164,USD_2022-12-11_ACC#00001_66912     0147701477807038541477NAPE090         IF TMH SEE FAMES SMILAX   BOLL      00807038541477NAPE090         IF TMH SEE FAMES,USD_2022-12-11_ACC#00001_66912     0147701477807038541477NAPE090         IF TMH SEE FAMES SMILAX   BOLL      00807038541477NAPE090         IF TMH SEE FAMES,RULE 1,A=0;B=0,008070385 41477 NAPE090 L9FV3NS                                                                 UPCLOSER MONOCOQUE GAB -,VOLERY 3605143666FP,50703970.00,50703970.00,0.00,0.00,2022-12-11,2022-12-11,0,"Publisher-labeled 1:1 match; numerical differences are review evidence, not a fraud/loss label."
104697999909,446313564015,679278916876,USD_2022-09-15_ACC#00001_66912     0147601476137775741476                IF TMH DIP WOLD SMILAX   BOLL      00137775741476                IF TMH DIP WOLD,USD_2022-09-15_ACC#00001_66912     0147601476137775741476                IF TMH DIP WOLD SMILAX   BOLL      00137775741476                IF TMH DIP WOLD,RULE 4,A=0;B=0,001377757 41476 L9Y10VR                                                                 UPTOWN WOUCH EU-DESINENT,URBD-2COY99 3053766084VI,390000.00,390000.00,0.00,0.00,2022-09-15,2022-09-15,0,"Publisher-labeled 1:1 match; numerical differences are review evidence, not a fraud/loss label."
104772274431,482978377892,895014933306,USD_2022-09-16_ACC#00001_66912     66325663250 32566AVUOT 088            JOQVY DE-BAS - T SMILAX   GFG       VC0 32566AVUOT 088            JOQVY DE-BAS - T,USD_2022-09-16_ACC#00001_66912     66325663250 32566AVUOT 088            JOQVY DE-BAS - T SMILAX   GFG       VC0 32566AVUOT 088            JOQVY DE-BAS - T,RULE 4,A=0;B=0,32566AVUOT 32566AVUOT                                                                      JOQVY DE-BAS - T,322746AL68796417 5893866082VI,-460718.92,-460718.92,0.00,0.00,2022-09-16,2022-09-16,0,"Publisher-labeled 1:1 match; numerical differences are review evidence, not a fraud/loss label."
104781959153,796385216367,395280923256,USD_2022-12-14_ACC#00001_66912     02566025660666H3         6666666666 SMILAX   FGGKR     FW0666H3         6666666666,USD_2022-12-14_ACC#00001_66912     02566025660666H3         6666666666 SMILAX   FGGKR     FW0666H3         6666666666,RULE 3,A=0;B=0,32216388 V32216388                                                                       JO TONITE SAUNT 664952723,V322163887810389 6497066714VI,1100903.60,1100903.60,0.00,0.00,2022-12-14,2022-12-14,0,"Publisher-labeled 1:1 match; numerical differences are review evidence, not a fraud/loss label."
104804308309,723514116373,896001692549,USD_2022-11-02_ACC#00001_66912     66325663250 32566B82RF 088            JOQVY DE -ELUVIA SMILAX   GFG       VC0 32566B82RF 088            JOQVY DE -ELUVIA,USD_2022-11-02_ACC#00001_66912     66325663250 32566B82RF 088            JOQVY DE -ELUVIA SMILAX   GFG       VC0 32566B82RF 088            JOQVY DE -ELUVIA,RULE 1,A=0;B=0,32566B82RF 32566B82RF                                                                      JOQVY DE -ELUVIA,322746AL68111572 4787166090VI,-72891.20,-72891.20,0.00,0.00,2022-11-02,2022-11-02,0,"Publisher-labeled 1:1 match; numerical differences are review evidence, not a fraud/loss label."
104810205152,669521990943,895029926029,USD_2022-12-03_ACC#00001_66912     0150101501860567416038JAUP443         MORIBUND VEXES WHUFF SMILAX   BOLL      00860567416038JAUP443         MORIBUND VEXES S FOMALHAUT,USD_2022-12-03_ACC#00001_66912     0150101501860567416038JAUP443         MORIBUND VEXES WHUFF SMILAX   BOLL      00860567416038JAUP443         MORIBUND VEXES S FOMALHAUT,RULE 1,A=0;B=0,008605674 16038 JAUP443                                                                         DIANITE ANIMI KINESIOLOGY,VOLERY 8935305666FP,-174000.00,-174000.00,0.00,0.00,2022-12-03,2022-12-03,0,"Publisher-labeled 1:1 match; numerical differences are review evidence, not a fraud/loss label."
105005497822,70028359789,919378545271,USD_2022-11-13_ACC#00001_66912     0999909999 SMILAX   FGGKR,USD_2022-11-13_ACC#00001_66912     0999909999 SMILAX   FGGKR,RULE 3,A=0;B=0,12921696 LUNY3E4381JOQG7U                                                                SLATTERN EU     706670310,LUNY3E4381JOQG7U 1638766763XD,-2000000.00,-2000000.00,0.00,0.00,2022-11-13,2022-11-13,0,"Publisher-labeled 1:1 match; numerical differences are review evidence, not a fraud/loss label."
105025283388,921511165265,387503971001,USD_2022-10-23_ACC#00001_66912     6692666926 SMILAX   GPD,USD_2022-10-23_ACC#00001_66912     6692666926 SMILAX   GPD,RULE 3,A=0;B=0,IYO9126666745850 IYO9126666745850,IYO9126666745850 2390466058VI,31939694.33,31939694.33,0.00,0.00,2022-10-23,2022-10-23,0,"Publisher-labeled 1:1 match; numerical differences are review evidence, not a fraud/loss label."
105085357359,159140717295,45951794231,USD_2022-11-12_ACC#00001_66912     0607606076190986767674EPEE553         MORIBUND VEXES WHUFF SMILAX   BOLL      00190986767674EPEE553         MORIBUND VEXES S FOMALHAUT,USD_2022-11-12_ACC#00001_66912     0607606076190986767674EPEE553         MORIBUND VEXES WHUFF SMILAX   BOLL      00190986767674EPEE553         MORIBUND VEXES S FOMALHAUT,RULE 1,A=0;B=0,001909867 67674 EPEE553                                                                         JO TONITE ETHERIFIES GAB,VOLERY 8562395666FP,-7051182.82,-7051182.82,0.00,0.00,2022-11-12,2022-11-12,0,"Publisher-labeled 1:1 match; numerical differences are review evidence, not a fraud/loss label."
105099147965,458535882356,996940798771,USD_2022-09-30_ACC#00001_66912     0676506765147051355578KAVI032         MORIBUND ROTENONES S SMILAX   BOLL      00147051355578KAVI032         MORIBUND ZYGNEMA SK HYRACIFORM,USD_2022-09-30_ACC#00001_66912     0676506765147051355578KAVI032         MORIBUND ROTENONES S SMILAX   BOLL      00147051355578KAVI032         MORIBUND ZYGNEMA SK HYRACIFORM,MANUAL,A=0;B=0,001470513 55578 KAVI032                                                                         UPCLOSER MONOCOQUE GAB -,VOLERY 8891980666FP,2109914.56,2109914.46,-0.10,-0.10,2022-09-30,2022-09-30,0,"Publisher-labeled 1:1 match; numerical differences are review evidence, not a fraud/loss label."
105111563915,233424083193,188155176522,USD_2022-10-14_ACC#00001_66912     0976909769126720319262CUMYL52         MORIBUND VEXES WHUFF SMILAX   BOLL      00126720319262CUMYL52         MORIBUND VEXES S FOMALHAUT,USD_2022-10-14_ACC#00001_66912     0976909769126720319262CUMYL52         MORIBUND VEXES WHUFF SMILAX   BOLL      00126720319262CUMYL52         MORIBUND VEXES S FOMALHAUT,RULE 1,A=0;B=0,001267203 19262 CUMYL52                                                                         JO TONITE (GOLACH) NM-SUF,VOLERY 8394624666FP,-174000.00,-174000.00,0.00,0.00,2022-10-14,2022-10-14,0,"Publisher-labeled 1:1 match; numerical differences are review evidence, not a fraud/loss label."
105114086097,148309498017,868352049399,USD_2022-09-11_ACC#00001_66912     0670806708182951114476SHOJI46         MORIBUND ROTENONES S SMILAX   BOLL      00182951114476SHOJI46         MORIBUND ZYGNEMA SK HYRACIFORM,USD_2022-09-11_ACC#00001_66912     0670806708182951114476SHOJI46         MORIBUND ROTENONES S SMILAX   BOLL      00182951114476SHOJI46         MORIBUND ZYGNEMA SK HYRACIFORM,RULE 4,A=0;B=0,001829511 14476 SHOJI46                                                                         UPCLOSER MONOCOQUE GAB -,VOLERY 8142826666FP,139101.07,139101.07,0.00,0.00,2022-09-11,2022-09-11,0,"Publisher-labeled 1:1 match; numerical differences are review evidence, not a fraud/loss label."
105120197200,693590997770,197933644932,USD_2022-12-24_ACC#00001_66912     0603606036805531967888POSSE29         OFF TMH TIRO FAMES SMILAX   BOLL      00805531967888POSSE29         OFF TMH TIRO HAU BT,USD_2022-12-24_ACC#00001_66912     0603606036805531967888POSSE29         OFF TMH TIRO FAMES SMILAX   BOLL      00805531967888POSSE29         OFF TMH TIRO HAU BT,RULE 1,A=0;B=0,008055319 67888 POSSE29 L9NR02I                                                                 JO TONITE ETHERIFIES GAB,VOLERY 3063158666FP,-4321693.05,-4321693.05,0.00,0.00,2022-12-24,2022-12-24,0,"Publisher-labeled 1:1 match; numerical differences are review evidence, not a fraud/loss label."
105142167770,367752534743,703421485669,USD_2022-11-24_ACC#00001_66912     0256602566 SMILAX   FGGKR,USD_2022-11-24_ACC#00001_66912     0256602566 SMILAX   FGGKR,RULE 1,A=0;B=0,32410098 ALME7U0883JOQG7U                                                                JO TONITE SAUNT 664952723,V764270066134496 9652166704VI,-1240000.00,-1240000.00,0.00,0.00,2022-11-24,2022-11-24,0,"Publisher-labeled 1:1 match; numerical differences are review evidence, not a fraud/loss label."
105164470250,980412396381,404406372784,USD_2022-09-21_ACC#00001_66912     66325663250 32566AKUG3 088            JOQVY - BAS - DG SMILAX   GFG       VC0 32566AKUG3 088            JOQVY - BAS - DG,USD_2022-09-21_ACC#00001_66912     66325663250 32566AKUG3 088            JOQVY - BAS - DG SMILAX   GFG       VC0 32566AKUG3 088            JOQVY - BAS - DG,RULE 4,A=0;B=0,32566AKUG3 32566AKUG3                                                                      JOQVY - BAS - DG,32566AKUG3 0053566037VI,139242.25,139242.25,0.00,0.00,2022-09-21,2022-09-21,0,"Publisher-labeled 1:1 match; numerical differences are review evidence, not a fraud/loss label."
105231783416,468571300269,965147986573,USD_2022-12-01_ACC#00001_66912     66325663250 32566FG9DY 088            JOQVY - BAS - DG SMILAX   GFG       VC0 32566FG9DY 088            JOQVY - BAS - DG,USD_2022-12-01_ACC#00001_66912     66325663250 32566FG9DY 088            JOQVY - BAS - DG SMILAX   GFG       VC0 32566FG9DY 088            JOQVY - BAS - DG,RULE 1,A=0;B=0,32566FG9DY 32566FG9DY                                                                      JOQVY - BAS - DG,322756AL61362421 5198666771VI,-176717.33,-176717.33,0.00,0.00,2022-12-01,2022-12-01,0,"Publisher-labeled 1:1 match; numerical differences are review evidence, not a fraud/loss label."
105245565165,622776382541,918741667271,USD_2022-11-25_ACC#00001_66912     0147601476860626241476                IF TMH DIP WOLD SMILAX   BOLL      00860626241476                IF TMH DIP WOLD,USD_2022-11-25_ACC#00001_66912     0147601476860626241476                IF TMH DIP WOLD SMILAX   BOLL      00860626241476                IF TMH DIP WOLD,RULE 1,A=0;B=0,008606262 41476 L9HI90G                                                                 APPLICANT BAA CROM WUZZLE,CORN-2NAWLE 8041066702VI,950000.00,950000.00,0.00,0.00,2022-11-25,2022-11-25,0,"Publisher-labeled 1:1 match; numerical differences are review evidence, not a fraud/loss label."
105260286745,111345477525,819373598361,USD_2022-10-23_ACC#00001_66912     6682866828SHAMESICK FROM JAUN UNFED   BHOOSA- DESINENT SMILAX   FGGQQ     PHOTOACTIVE FROM JAUN UNFED   BHOOSA- DESINENT               029666112366666666,USD_2022-10-23_ACC#00001_66912     6682866828SHAMESICK FROM JAUN UNFED   BHOOSA- DESINENT SMILAX   FGGQQ     PHOTOACTIVE FROM JAUN UNFED   BHOOSA- DESINENT               029666112366666666,RULE 1,A=0;B=0,6666666669146128 BHOOSA- DESINENT,69146121 2336466058VI,-3414000000.00,-3414000000.00,0.00,0.00,2022-10-23,2022-10-23,0,"Publisher-labeled 1:1 match; numerical differences are review evidence, not a fraud/loss label."
10532114548,714656124593,984709673519,USD_2022-11-04_ACC#00001_66912     0670806708153161214407TABAC53         MORIBUND ROTENONES S SMILAX   BOLL      00153161214407TABAC53         MORIBUND ZYGNEMA SK HYRACIFORM,USD_2022-11-04_ACC#00001_66912     0670806708153161214407TABAC53         MORIBUND ROTENONES S SMILAX   BOLL      00153161214407TABAC53         MORIBUND ZYGNEMA SK HYRACIFORM,RULE 1,A=0;B=0,001531612 14407 TABAC53                                                                         UPCLOSER MONOCOQUE GAB -,VOLERY 8283545666FP,52576.30,52576.30,0.00,0.00,2022-11-04,2022-11-04,0,"Publisher-labeled 1:1 match; numerical differences are review evidence, not a fraud/loss label."
105334625782,958643391135,670021156130,USD_2022-11-05_ACC#00001_66912     66325663250 32566B413R 088            JOQVY - ELUVIA - SMILAX   GFG       VC0 32566B413R 088            JOQVY - ELUVIA -,USD_2022-11-05_ACC#00001_66912     66325663250 32566B413R 088            JOQVY - ELUVIA - SMILAX   GFG       VC0 32566B413R 088            JOQVY - ELUVIA -,RULE 3,A=0;B=0,32566B413R 32566B413R                                                                      JOQVY - ELUVIA -,32566B413R 2423266094VI,209008.13,209008.13,0.00,0.00,2022-11-05,2022-11-05,0,"Publisher-labeled 1:1 match; numerical differences are review evidence, not a fraud/loss label."
105343120515,945788710069,369188973020,USD_2022-11-23_ACC#00001_66912     0147601476199792741476                IF TMH DIP WOLD SMILAX   BOLL      00199792741476                IF TMH DIP WOLD,USD_2022-11-23_ACC#00001_66912     0147601476199792741476                IF TMH DIP WOLD SMILAX   BOLL      00199792741476                IF TMH DIP WOLD,RULE 1,A=0;B=0,001997927 41476 L9HI3B1                                                                 NONIC WILLI MIZE PAR QUEM,CORN-2PROB9 4745766703VI,1000000.00,1000000.00,0.00,0.00,2022-11-23,2022-11-23,0,"Publisher-labeled 1:1 match; numerical differences are review evidence, not a fraud/loss label."
105367958074,561669412866,124703097045,USD_2022-10-12_ACC#00001_66912     66325663250 37266GS8VC 088            GLONOIN FLAYS KY SMILAX   GFG       VC0 37266GS8VC 088            GLONOIN FLAYS KY,USD_2022-10-12_ACC#00001_66912     66325663250 37266GS8VC 088            GLONOIN FLAYS KY SMILAX   GFG       VC0 37266GS8VC 088            GLONOIN FLAYS KY,RULE 3,A=0;B=0,37266GS8VC 37266GS8VC                                                                      GLONOIN FLAYS KY,37266GS8VC 6237166021VI,6676.15,6676.15,0.00,0.00,2022-10-12,2022-10-12,0,"Publisher-labeled 1:1 match; numerical differences are review evidence, not a fraud/loss label."
105408523150,636953569415,929590211806,USD_2022-09-28_ACC#00001_66912     0670806708139219514476CHARE83         MORIBUND ROTENONES S SMILAX   BOLL      00139219514476CHARE83         MORIBUND ZYGNEMA SK HYRACIFORM,USD_2022-09-28_ACC#00001_66912     0670806708139219514476CHARE83         MORIBUND ROTENONES S SMILAX   BOLL      00139219514476CHARE83         MORIBUND ZYGNEMA SK HYRACIFORM,RULE 1,A=0;B=0,001392195 14476 CHARE83                                                                         UPCLOSER MONOCOQUE GAB -,VOLERY 8827766666FP,46575.70,46575.70,0.00,0.00,2022-09-28,2022-09-28,0,"Publisher-labeled 1:1 match; numerical differences are review evidence, not a fraud/loss label."
105465359391,73751383103,792540004222,USD_2022-10-26_ACC#00001_66912     02566025660666H3         6666666666 SMILAX   FGGKR     FW0666H3         6666666666,USD_2022-10-26_ACC#00001_66912     02566025660666H3         6666666666 SMILAX   FGGKR     FW0666H3         6666666666,RULE 3,A=0;B=0,91948906 V91948906                                                                       JO TONITE SAUNT 664952723,V919489066411034 9740466052VI,55070000.00,55070000.00,0.00,0.00,2022-10-26,2022-10-26,0,"Publisher-labeled 1:1 match; numerical differences are review evidence, not a fraud/loss label."
10548361122,847357270950,249298643675,USD_2022-10-16_ACC#00001_66912     66325663250 32566ARKDQ 088            JOQVY DE -ELUVIA SMILAX   GFG       VC0 32566ARKDQ 088            JOQVY DE -ELUVIA,USD_2022-10-16_ACC#00001_66912     66325663250 32566ARKDQ 088            JOQVY DE -ELUVIA SMILAX   GFG       VC0 32566ARKDQ 088            JOQVY DE -ELUVIA,RULE 1,A=0;B=0,32566ARKDQ 32566ARKDQ                                                                      JOQVY DE -ELUVIA,322746AL68705269 8486166024VI,-4367.69,-4367.69,0.00,0.00,2022-10-16,2022-10-16,0,"Publisher-labeled 1:1 match; numerical differences are review evidence, not a fraud/loss label."
105490277065,976710543911,394421542266,USD_2022-12-21_ACC#00001_66912     02566025660666H3         6666666666 SMILAX   FGGKR     FW0666H3         6666666666,USD_2022-12-21_ACC#00001_66912     02566025660666H3         6666666666 SMILAX   FGGKR     FW0666H3         6666666666,RULE 3,A=0;B=0,19572576 V19572576                                                                       SHALE           667933724,V195725761016282 9147066781VI,2683840.00,2683840.00,0.00,0.00,2022-12-21,2022-12-21,0,"Publisher-labeled 1:1 match; numerical differences are review evidence, not a fraud/loss label."
105502241176,962281295575,944488351399,USD_2022-11-10_ACC#00001_66912     0147701477159428141477SHOWD61         OFF TMH TIRO FAMES SMILAX   BOLL      00159428141477SHOWD61         OFF TMH TIRO HAU BT,USD_2022-11-10_ACC#00001_66912     0147701477159428141477SHOWD61         OFF TMH TIRO FAMES SMILAX   BOLL      00159428141477SHOWD61         OFF TMH TIRO HAU BT,RULE 1,A=0;B=0,001594281 41477 SHOWD61 L9MU19I                                                                 UPCLOSER MONOCOQUE GAB -,VOLERY 8252552666FP,-1678709.40,-1678709.40,0.00,0.00,2022-11-10,2022-11-10,0,"Publisher-labeled 1:1 match; numerical differences are review evidence, not a fraud/loss label."
105509248843,425421992011,127305043953,USD_2022-10-12_ACC#00001_66912     66325663250 37266AGAHF 088            JOQVY DE-BAS - H SMILAX   GFG       VC0 37266AGAHF 088            JOQVY DE-BAS - H,USD_2022-10-12_ACC#00001_66912     66325663250 37266AGAHF 088            JOQVY DE-BAS - H SMILAX   GFG       VC0 37266AGAHF 088            JOQVY DE-BAS - H,RULE 3,A=0;B=0,37266AGAHF 37266AGAHF                                                                      JOQVY DE-BAS - H,37266AGAHF 5563266027VI,7766.36,7766.36,0.00,0.00,2022-10-12,2022-10-12,0,"Publisher-labeled 1:1 match; numerical differences are review evidence, not a fraud/loss label."
105534302199,766491980376,291509105977,USD_2022-11-02_ACC#00001_66912     66325663250 32566B8IO8 088            JOQVY - ELUVIA - SMILAX   GFG       VC0 32566B8IO8 088            JOQVY - ELUVIA -,USD_2022-11-02_ACC#00001_66912     66325663250 32566B8IO8 088            JOQVY - ELUVIA - SMILAX   GFG       VC0 32566B8IO8 088            JOQVY - ELUVIA -,RULE 1,A=0;B=0,32566B8IO8 32566B8IO8                                                                      JOQVY - ELUVIA -,322746AL68166488 5892966098VI,-4430.00,-4430.00,0.00,0.00,2022-11-02,2022-11-02,0,"Publisher-labeled 1:1 match; numerical differences are review evidence, not a fraud/loss label."
105538684461,884340425393,333642640040,USD_2022-12-30_ACC#00001_66912     0786007860877557089250NAPE090         MORIBUND VEXES WHUFF SMILAX   BOLL      00877557089250NAPE090         MORIBUND VEXES S FOMALHAUT,USD_2022-12-30_ACC#00001_66912     0786007860877557089250NAPE090         MORIBUND VEXES WHUFF SMILAX   BOLL      00877557089250NAPE090         MORIBUND VEXES S FOMALHAUT,RULE 1,A=0;B=0,008775570 89250 NAPE090                                                                         BURTREE VIVER KINESIOLOGY,VOLERY 3018132666FP,-2031837.40,-2031837.40,0.00,0.00,2022-12-30,2022-12-30,0,"Publisher-labeled 1:1 match; numerical differences are review evidence, not a fraud/loss label."
105568596491,34853272221,181618216309,USD_2022-09-15_ACC#00001_66912     0676506765136834755570DOYST31         MORIBUND VEXES WHUFF SMILAX   BOLL      00136834755570DOYST31         MORIBUND VEXES S FOMALHAUT,USD_2022-09-15_ACC#00001_66912     0676506765136834755570DOYST31         MORIBUND VEXES WHUFF SMILAX   BOLL      00136834755570DOYST31         MORIBUND VEXES S FOMALHAUT,RULE 4,A=0;B=0,001368347 55570 DOYST31                                                                         UPCLOSER MONOCOQUE GAB -,VOLERY 8125823666FP,-1615728.84,-1615728.84,0.00,0.00,2022-09-15,2022-09-15,0,"Publisher-labeled 1:1 match; numerical differences are review evidence, not a fraud/loss label."
105580802787,52945150887,9837712218,USD_2022-09-16_ACC#00001_66912     66325663250 32566AVK59 088            JOQVY - BAS - DG SMILAX   GFG       VC0 32566AVK59 088            JOQVY - BAS - DG,USD_2022-09-16_ACC#00001_66912     66325663250 32566AVK59 088            JOQVY - BAS - DG SMILAX   GFG       VC0 32566AVK59 088            JOQVY - BAS - DG,RULE 4,A=0;B=0,32566AVK59 32566AVK59                                                                      JOQVY - BAS - DG,322756AL61847835 5455166082VI,-279281.69,-279281.69,0.00,0.00,2022-09-16,2022-09-16,0,"Publisher-labeled 1:1 match; numerical differences are review evidence, not a fraud/loss label."
105627126968,29348780160,377144203086,USD_2022-11-02_ACC#00001_66912     0670806708158006014409BAIS571         MORIBUND VEXES WHUFF SMILAX   BOLL      00158006014409BAIS571         MORIBUND VEXES S FOMALHAUT,USD_2022-11-02_ACC#00001_66912     0670806708158006014409BAIS571         MORIBUND VEXES WHUFF SMILAX   BOLL      00158006014409BAIS571         MORIBUND VEXES S FOMALHAUT,RULE 1,A=0;B=0,001580060 14409 BAIS571                                                                         TYPY HODFUL NAIL BUT GAUR,VOLERY 8273910666FP,79402.44,79402.44,0.00,0.00,2022-11-02,2022-11-02,0,"Publisher-labeled 1:1 match; numerical differences are review evidence, not a fraud/loss label."
10564029642,662659188639,486808633942,USD_2022-11-18_ACC#00001_66912     0670806708191580914476MEGGY13         MORIBUND VEXES WHUFF SMILAX   BOLL      00191580914476MEGGY13         MORIBUND VEXES S FOMALHAUT,USD_2022-11-18_ACC#00001_66912     0670806708191580914476MEGGY13         MORIBUND VEXES WHUFF SMILAX   BOLL      00191580914476MEGGY13         MORIBUND VEXES S FOMALHAUT,RULE 1,A=0;B=0,001915809 14476 MEGGY13                                                                         UPCLOSER MONOCOQUE GAB -,VOLERY 8582963666FP,-39935.93,-39935.93,0.00,0.00,2022-11-18,2022-11-18,0,"Publisher-labeled 1:1 match; numerical differences are review evidence, not a fraud/loss label."
105678009845,21100040485,417405442675,USD_2022-12-31_ACC#00001_66912     66325663250 32566TRPUF 088            JOQVY - ELUVIA - SMILAX   GFG       VC0 32566TRPUF 088            JOQVY - ELUVIA -,USD_2022-12-31_ACC#00001_66912     66325663250 32566TRPUF 088            JOQVY - ELUVIA - SMILAX   GFG       VC0 32566TRPUF 088            JOQVY - ELUVIA -,RULE 3,A=0;B=0,32566TRPUF 32566TRPUF                                                                      JOQVY - ELUVIA -,32566TRPUF 4361266737VI,52120.65,52120.65,0.00,0.00,2022-12-31,2022-12-31,0,"Publisher-labeled 1:1 match; numerical differences are review evidence, not a fraud/loss label."
105708549295,835460052265,240440546859,USD_2022-11-26_ACC#00001_66912     66325663250 32566TLQNR 088            JOQVY - ELUVIA - SMILAX   GFG       VC0 32566TLQNR 088            JOQVY - ELUVIA -,USD_2022-11-26_ACC#00001_66912     66325663250 32566TLQNR 088            JOQVY - ELUVIA - SMILAX   GFG       VC0 32566TLQNR 088            JOQVY - ELUVIA -,RULE 1,A=0;B=0,32566TLQNR 32566TLQNR                                                                      JOQVY - ELUVIA -,322746AL68181723 3023666702VI,-39300.00,-39300.00,0.00,0.00,2022-11-26,2022-11-26,0,"Publisher-labeled 1:1 match; numerical differences are review evidence, not a fraud/loss label."
105725759566,538780032480,25448037473,USD_2022-10-08_ACC#00001_66912     0156801568144220217661DOYST82         MORIBUND VEXES WHUFF SMILAX   BOLL      00144220217661DOYST82         MORIBUND VEXES S FOMALHAUT,USD_2022-10-08_ACC#00001_66912     0156801568144220217661DOYST82         MORIBUND VEXES WHUFF SMILAX   BOLL      00144220217661DOYST82         MORIBUND VEXES S FOMALHAUT,RULE 1,A=0;B=0,001442202 17661 DOYST82                                                                         CUBOCUBE ASSUMER QMQF GAB,VOLERY 8334172666FP,-1101714.00,-1101714.00,0.00,0.00,2022-10-08,2022-10-08,0,"Publisher-labeled 1:1 match; numerical differences are review evidence, not a fraud/loss label."
105733904702,437615970072,621795551366,USD_2022-12-17_ACC#00001_66912     66325663250 32566TBBU4 088            JOQVY - ELUVIA - SMILAX   GFG       VC0 32566TBBU4 088            JOQVY - ELUVIA -,USD_2022-12-17_ACC#00001_66912     66325663250 32566TBBU4 088            JOQVY - ELUVIA - SMILAX   GFG       VC0 32566TBBU4 088            JOQVY - ELUVIA -,RULE 3,A=0;B=0,32566TBBU4 32566TBBU4                                                                      JOQVY - ELUVIA -,32566TBBU4 0493166719VI,818615.20,818615.20,0.00,0.00,2022-12-17,2022-12-17,0,"Publisher-labeled 1:1 match; numerical differences are review evidence, not a fraud/loss label."
105743295884,4920467900,737605641804,USD_2022-09-23_ACC#00001_66912     0147701477135822241477BRAVI49         IF TMH SEE FAMES SMILAX   BOLL      00135822241477BRAVI49         IF TMH SEE FAMES,USD_2022-09-23_ACC#00001_66912     0147701477135822241477BRAVI49         IF TMH SEE FAMES SMILAX   BOLL      00135822241477BRAVI49         IF TMH SEE FAMES,RULE 4,A=0;B=0,001358222 41477 BRAVI49 L9Y886O                                                                 UPCLOSER MONOCOQUE GAB -,VOLERY 8881065666FP,1278000.00,1278000.00,0.00,0.00,2022-09-23,2022-09-23,0,"Publisher-labeled 1:1 match; numerical differences are review evidence, not a fraud/loss label."
105743437917,412959046676,617012929619,USD_2022-10-22_ACC#00001_66912     0976909769129145119262CUCA638         MORIBUND VEXES WHUFF SMILAX   BOLL      00129145119262CUCA638         MORIBUND VEXES S FOMALHAUT,USD_2022-10-22_ACC#00001_66912     0976909769129145119262CUCA638         MORIBUND VEXES WHUFF SMILAX   BOLL      00129145119262CUCA638         MORIBUND VEXES S FOMALHAUT,RULE 1,A=0;B=0,001291451 19262 CUCA638                                                                         UPCLOSER MONOCOQUE GAB -,VOLERY 8439258666FP,-1703288.15,-1703288.15,0.00,0.00,2022-10-22,2022-10-22,0,"Publisher-labeled 1:1 match; numerical differences are review evidence, not a fraud/loss label."
105752081000,241356353966,968687938024,USD_2022-09-18_ACC#00001_66912     0779507795 SMILAX   WAP,USD_2022-09-18_ACC#00001_66912     0779507795 SMILAX   WAP,RULE 4,A=0;B=0,6Z6Z656K616I6561 6H6C656K696P6S6C                                                                UPCLOSER QUETCH EFI (WYE-,6Z6Z656K616I6568 2511566089VI,-20.63,-20.63,0.00,0.00,2022-09-18,2022-09-18,0,"Publisher-labeled 1:1 match; numerical differences are review evidence, not a fraud/loss label."
105826219993,748152797704,789991269314,USD_2022-10-30_ACC#00001_66912     0670806708150358614476AUG6258         MORIBUND VEXES WHUFF SMILAX   BOLL      00150358614476AUG6258         MORIBUND VEXES S FOMALHAUT,USD_2022-10-30_ACC#00001_66912     0670806708150358614476AUG6258         MORIBUND VEXES WHUFF SMILAX   BOLL      00150358614476AUG6258         MORIBUND VEXES S FOMALHAUT,RULE 1,A=0;B=0,001503586 14476 AUG6258                                                                         UPCLOSER MONOCOQUE GAB -,VOLERY 8265405666FP,-43894.49,-43894.49,0.00,0.00,2022-10-30,2022-10-30,0,"Publisher-labeled 1:1 match; numerical differences are review evidence, not a fraud/loss label."
105835914153,929584434200,126860721606,USD_2022-10-28_ACC#00001_66912     0147601476157765041476                IF TMH ENQUIRE WOLD SMILAX   BOLL      00157765041476                IF TMH ENQUIRE C TCK,USD_2022-10-28_ACC#00001_66912     0147601476157765041476                IF TMH ENQUIRE WOLD SMILAX   BOLL      00157765041476                IF TMH ENQUIRE C TCK,RULE 1,A=0;B=0,001577650 41476 L9Y92EN                                                                 KAMIAN GOLACH OBS OY V/C/,ICHTHYIZATION 3206966059XD,-1400000.00,-1400000.00,0.00,0.00,2022-10-28,2022-10-28,0,"Publisher-labeled 1:1 match; numerical differences are review evidence, not a fraud/loss label."
105837744124,646250382234,506031258110,USD_2022-10-01_ACC#00001_66912     0147701477141478041477BRAVI49         OFF TMH TIRO FAMES SMILAX   BOLL      00141478041477BRAVI49         OFF TMH TIRO HAU BT,USD_2022-10-01_ACC#00001_66912     0147701477141478041477BRAVI49         OFF TMH TIRO FAMES SMILAX   BOLL      00141478041477BRAVI49         OFF TMH TIRO HAU BT,RULE 1,A=0;B=0,001414780 41477 BRAVI49 L9Y33MI                                                                 UPCLOSER MONOCOQUE GAB -,VOLERY 8361838666FP,-1170282.89,-1170282.89,0.00,0.00,2022-10-01,2022-10-01,0,"Publisher-labeled 1:1 match; numerical differences are review evidence, not a fraud/loss label."
105871549717,923158800000,553149470319,USD_2022-12-07_ACC#00001_66912     0670806708864164314407HUBBA68         MORIBUND VEXES WHUFF SMILAX   BOLL      00864164314407HUBBA68         MORIBUND VEXES S FOMALHAUT,USD_2022-12-07_ACC#00001_66912     0670806708864164314407HUBBA68         MORIBUND VEXES WHUFF SMILAX   BOLL      00864164314407HUBBA68         MORIBUND VEXES S FOMALHAUT,RULE 1,A=0;B=0,008641643 14407 HUBBA68                                                                         UPCLOSER MONOCOQUE GAB -,VOLERY 8929839666FP,-103137.72,-103137.72,0.00,0.00,2022-12-07,2022-12-07,0,"Publisher-labeled 1:1 match; numerical differences are review evidence, not a fraud/loss label."
106024977175,753171567185,322326414267,USD_2022-10-20_ACC#00001_VOYAGE 66912     0670806708128121814476KAVI334         MORIBUND VEXES WHUFF,USD_2022-10-20_ACC#00001_VOYAGE 66912     0670806708128121814476KAVI334         MORIBUND VEXES WHUFF,RULE 1,A=0;B=0,001281218 14476 KAVI334                                                                         FWD AI,VOLERY 8412448666FP,-182366.81,-182366.81,0.00,0.00,2022-10-20,2022-10-20,0,"Publisher-labeled 1:1 match; numerical differences are review evidence, not a fraud/loss label."
106043768471,620517218052,686264458934,USD_2022-09-23_ACC#00001_66912     66325663250 32566AMQH1 088            JOQVY - BAS - DG SMILAX   GFG       VC0 32566AMQH1 088            JOQVY - BAS - DG,USD_2022-09-23_ACC#00001_66912     66325663250 32566AMQH1 088            JOQVY - BAS - DG SMILAX   GFG       VC0 32566AMQH1 088            JOQVY - BAS - DG,RULE 4,A=0;B=0,32566AMQH1 32566AMQH1                                                                      JOQVY - BAS - DG,322756AL61894378 4234666031VI,-47758.78,-47758.78,0.00,0.00,2022-09-23,2022-09-23,0,"Publisher-labeled 1:1 match; numerical differences are review evidence, not a fraud/loss label."
106066968845,406169728452,448964462629,USD_2022-09-10_ACC#00001_66912     0122001220184587112660ETCH992         MORIBUND ROTENONES S SMILAX   BOLL      00184587112660ETCH992         MORIBUND ZYGNEMA SK HYRACIFORM,USD_2022-09-10_ACC#00001_66912     0122001220184587112660ETCH992         MORIBUND ROTENONES S SMILAX   BOLL      00184587112660ETCH992         MORIBUND ZYGNEMA SK HYRACIFORM,RULE 4,A=0;B=0,001845871 12660 ETCH992                                                                         FWD AVIARY VOWED PETIOLAR,VOLERY 8132861666FP,2728929.85,2728929.85,0.00,0.00,2022-09-10,2022-09-10,0,"Publisher-labeled 1:1 match; numerical differences are review evidence, not a fraud/loss label."
106092951754,782469940005,925049124179,USD_2022-11-19_ACC#00001_66912     66325663250 32566TIBAL 088            JOQVY DE-BAS-DP SMILAX   GFG       VC0 32566TIBAL 088            JOQVY DE-BAS-DP,USD_2022-11-19_ACC#00001_66912     66325663250 32566TIBAL 088            JOQVY DE-BAS-DP SMILAX   GFG       VC0 32566TIBAL 088            JOQVY DE-BAS-DP,RULE 1,A=0;B=0,32566TIBAL 32566TIBAL                                                                      JOQVY DE-BAS-DP,6974566687614829 8500666706VI,-35907.94,-35907.94,0.00,0.00,2022-11-19,2022-11-19,0,"Publisher-labeled 1:1 match; numerical differences are review evidence, not a fraud/loss label."
106102491400,30901792168,207803170284,USD_2022-10-22_ACC#00001_66912     0256602566 SMILAX   FGGKR,USD_2022-10-22_ACC#00001_66912     0256602566 SMILAX   FGGKR,RULE 1,A=0;B=0,55943926 ALME7U4210JOQG7U                                                                JO TONITE SAUNT 664952723,V559860161648003 1060466051VI,-72807.94,-72807.94,0.00,0.00,2022-10-22,2022-10-22,0,"Publisher-labeled 1:1 match; numerical differences are review evidence, not a fraud/loss label."
106108817127,203323188307,223376132917,USD_2022-10-15_ACC#00001_66912     02566025660666H3         6666666666 SMILAX   FGGKR     FW0666H3         6666666666,USD_2022-10-15_ACC#00001_66912     02566025660666H3         6666666666 SMILAX   FGGKR     FW0666H3         6666666666,RULE 3,A=0;B=0,50273436 V50273436                                                                       JO TONITE SAUNT 664952723,V502734367316452 0978866024VI,11886395.16,11886395.16,0.00,0.00,2022-10-15,2022-10-15,0,"Publisher-labeled 1:1 match; numerical differences are review evidence, not a fraud/loss label."
106147998717,832584706648,959350241716,USD_2022-11-06_ACC#00001_66912     0603606036155978967888EPEE553         IF TMH SEE FAMES SMILAX   BOLL      00155978967888EPEE553         IF TMH SEE FAMES,USD_2022-11-06_ACC#00001_66912     0603606036155978967888EPEE553         IF TMH SEE FAMES SMILAX   BOLL      00155978967888EPEE553         IF TMH SEE FAMES,RULE 1,A=0;B=0,001559789 67888 EPEE553 L9MU7CQ                                                                 JO TONITE ETHERIFIES GAB,VOLERY 8245824666FP,17558470.00,17558470.00,0.00,0.00,2022-11-06,2022-11-06,0,"Publisher-labeled 1:1 match; numerical differences are review evidence, not a fraud/loss label."
106163716897,278968977418,376048711139,USD_2022-09-24_ACC#00001_66912     02566025660666H3         6666666666 SMILAX   FGGKR     FW0666H3         6666666666,USD_2022-09-24_ACC#00001_66912     02566025660666H3         6666666666 SMILAX   FGGKR     FW0666H3         6666666666,RULE 4,A=0;B=0,33267256 V33267256                                                                       JO TONITE SAUNT 664952723,V332672566816744 7695466033VI,33317506.96,33317506.96,0.00,0.00,2022-09-24,2022-09-24,0,"Publisher-labeled 1:1 match; numerical differences are review evidence, not a fraud/loss label."
106188018362,312838081735,844783677515,USD_2022-11-04_ACC#00001_66912     66325663250 32566B3PPD 088            JOQVY DE -ELUVIA SMILAX   GFG       VC0 32566B3PPD 088            JOQVY DE -ELUVIA,USD_2022-11-04_ACC#00001_66912     66325663250 32566B3PPD 088            JOQVY DE -ELUVIA SMILAX   GFG       VC0 32566B3PPD 088            JOQVY DE -ELUVIA,RULE 1,A=0;B=0,32566B3PPD 32566B3PPD                                                                      JOQVY DE -ELUVIA,322746AL68789202 4829466094VI,-35251.92,-35251.92,0.00,0.00,2022-11-04,2022-11-04,0,"Publisher-labeled 1:1 match; numerical differences are review evidence, not a fraud/loss label."
106198456376,201272936807,211624550781,USD_2022-10-15_ACC#00001_66912     0670806708120776014407RUMBO56         MORIBUND VEXES WHUFF SMILAX   BOLL      00120776014407RUMBO56         MORIBUND VEXES S FOMALHAUT,USD_2022-10-15_ACC#00001_66912     0670806708120776014407RUMBO56         MORIBUND VEXES WHUFF SMILAX   BOLL      00120776014407RUMBO56         MORIBUND VEXES S FOMALHAUT,RULE 1,A=0;B=0,001207760 14407 RUMBO56                                                                         UPCLOSER MONOCOQUE GAB -,VOLERY 8464374666FP,-2415043.79,-2415043.79,0.00,0.00,2022-10-15,2022-10-15,0,"Publisher-labeled 1:1 match; numerical differences are review evidence, not a fraud/loss label."
106207895948,986319988595,108241188216,USD_2022-10-21_ACC#00001_66912     0603606036125670767888ROMAN42         IF TMH SEE FAMES SMILAX   BOLL      00125670767888ROMAN42         IF TMH SEE FAMES,USD_2022-10-21_ACC#00001_66912     0603606036125670767888ROMAN42         IF TMH SEE FAMES SMILAX   BOLL      00125670767888ROMAN42         IF TMH SEE FAMES,RULE 1,A=0;B=0,001256707 67888 ROMAN42 L9Y52TN                                                                 JO TONITE ETHERIFIES GAB,VOLERY 8485584666FP,4861619.70,4861619.70,0.00,0.00,2022-10-21,2022-10-21,0,"Publisher-labeled 1:1 match; numerical differences are review evidence, not a fraud/loss label."
106236816352,563797738253,983468966847,USD_2022-11-02_ACC#00001_66912     0156801568150977719475JADE647         MORIBUND VEXES WHUFF SMILAX   BOLL      00150977719475JADE647         MORIBUND VEXES S FOMALHAUT,USD_2022-11-02_ACC#00001_66912     0156801568150977719475JADE647         MORIBUND VEXES WHUFF SMILAX   BOLL      00150977719475JADE647         MORIBUND VEXES S FOMALHAUT,RULE 1,A=0;B=0,001509777 19475 JADE647                                                                         CHINOL & STIVY,VOLERY 8272385666FP,-3194523.83,-3194523.83,0.00,0.00,2022-11-02,2022-11-02,0,"Publisher-labeled 1:1 match; numerical differences are review evidence, not a fraud/loss label."
106243897538,583268358675,31470544915,USD_2022-12-23_ACC#00001_66912     0147701477805241141477EPEE165         IF TMH SEE FAMES SMILAX   BOLL      00805241141477EPEE165         IF TMH SEE FAMES,USD_2022-12-23_ACC#00001_66912     0147701477805241141477EPEE165         IF TMH SEE FAMES SMILAX   BOLL      00805241141477EPEE165         IF TMH SEE FAMES,RULE 1,A=0;B=0,008052411 41477 EPEE165 L9NR06L                                                                 UPCLOSER MONOCOQUE GAB -,VOLERY 3694444666FP,2693212.00,2693212.00,0.00,0.00,2022-12-23,2022-12-23,0,"Publisher-labeled 1:1 match; numerical differences are review evidence, not a fraud/loss label."
10626012871,170416438679,350440328630,USD_2022-12-10_ACC#00001_66912     0147701477806889741477AUG0698         OFF TMH TIRO FAMES SMILAX   BOLL      00806889741477AUG0698         OFF TMH TIRO HAU BT,USD_2022-12-10_ACC#00001_66912     0147701477806889741477AUG0698         OFF TMH TIRO FAMES SMILAX   BOLL      00806889741477AUG0698         OFF TMH TIRO HAU BT,RULE 1,A=0;B=0,008068897 41477 AUG0698 L9FV0OP                                                                 UPCLOSER MONOCOQUE GAB -,VOLERY 3662202666FP,-26851016.70,-26851016.70,0.00,0.00,2022-12-10,2022-12-10,0,"Publisher-labeled 1:1 match; numerical differences are review evidence, not a fraud/loss label."
106271705368,829565010795,138055817452,USD_2022-09-15_ACC#00001_66912     0670806708184555114407BREI801         MORIBUND ROTENONES S SMILAX   BOLL      00184555114407BREI801         MORIBUND ZYGNEMA SK HYRACIFORM,USD_2022-09-15_ACC#00001_66912     0670806708184555114407BREI801         MORIBUND ROTENONES S SMILAX   BOLL      00184555114407BREI801         MORIBUND ZYGNEMA SK HYRACIFORM,RULE 4,A=0;B=0,001845551 14407 BREI801                                                                         OUPH TRIFOLY ANATIFA,VOLERY 8125668666FP,14493.85,14493.85,0.00,0.00,2022-09-15,2022-09-15,0,"Publisher-labeled 1:1 match; numerical differences are review evidence, not a fraud/loss label."
10631062364,525607013369,89851283005,USD_2022-09-29_ACC#00001_66912     0670806708139577114476AUG0605         MORIBUND VEXES WHUFF SMILAX   BOLL      00139577114476AUG0605         MORIBUND VEXES S FOMALHAUT,USD_2022-09-29_ACC#00001_66912     0670806708139577114476AUG0605         MORIBUND VEXES WHUFF SMILAX   BOLL      00139577114476AUG0605         MORIBUND VEXES S FOMALHAUT,RULE 1,A=0;B=0,001395771 14476 AUG0605                                                                         UPCLOSER MONOCOQUE GAB -,VOLERY 8858046666FP,-550693.00,-550693.00,0.00,0.00,2022-09-29,2022-09-29,0,"Publisher-labeled 1:1 match; numerical differences are review evidence, not a fraud/loss label."
106341083938,807865575768,870076641647,USD_2022-11-26_ACC#00001_66912     6682866828SHAMESICK FROM JAUN UNFED   BHOOSA- DESINENT SMILAX   FGGQQ     PHOTOACTIVE FROM JAUN UNFED   BHOOSA- DESINENT               029666113066666666,USD_2022-11-26_ACC#00001_66912     6682866828SHAMESICK FROM JAUN UNFED   BHOOSA- DESINENT SMILAX   FGGQQ     PHOTOACTIVE FROM JAUN UNFED   BHOOSA- DESINENT               029666113066666666,RULE 1,A=0;B=0,6666666667876106 BHOOSA- DESINENT,67876165 2391166705VI,-2797000000.00,-2797000000.00,0.00,0.00,2022-11-26,2022-11-26,0,"Publisher-labeled 1:1 match; numerical differences are review evidence, not a fraud/loss label."
106380363506,868114278734,536698951884,USD_2022-12-22_ACC#00001_66912     0141601416802168841416GULA414         IF TMH SEE FAMES SMILAX   BOLL      00802168841416GULA414         IF TMH SEE FAMES,USD_2022-12-22_ACC#00001_66912     0141601416802168841416GULA414         IF TMH SEE FAMES SMILAX   BOLL      00802168841416GULA414         IF TMH SEE FAMES,RULE 1,A=0;B=0,008021688 41416 GULA414 L9HL5UR                                                                 UPCLOSER MONOCOQUE GAB -,VOLERY 3652750666FP,20339700.00,20339700.00,0.00,0.00,2022-12-22,2022-12-22,0,"Publisher-labeled 1:1 match; numerical differences are review evidence, not a fraud/loss label."
106387299854,889099388135,378067791866,USD_2022-10-28_ACC#00001_66912     0256602566 SMILAX   FGGKR,USD_2022-10-28_ACC#00001_66912     0256602566 SMILAX   FGGKR,RULE 1,A=0;B=0,93028016 ALME7U1383JOQG7U                                                                JO TONITE SAUNT 664952723,V930669166446070 4935366059VI,-847794.76,-847794.76,0.00,0.00,2022-10-28,2022-10-28,0,"Publisher-labeled 1:1 match; numerical differences are review evidence, not a fraud/loss label."
106474076082,272415327610,293198125769,USD_2022-09-17_ACC#00001_66912     0670806708137867614407HUBBA32         MORIBUND ROTENONES S SMILAX   BOLL      00137867614407HUBBA32         MORIBUND ZYGNEMA SK HYRACIFORM,USD_2022-09-17_ACC#00001_66912     0670806708137867614407HUBBA32         MORIBUND ROTENONES S SMILAX   BOLL      00137867614407HUBBA32         MORIBUND ZYGNEMA SK HYRACIFORM,RULE 4,A=0;B=0,001378676 14407 HUBBA32                                                                         UPCLOSER MONOCOQUE GAB -,VOLERY 8195772666FP,46863.10,46863.10,0.00,0.00,2022-09-17,2022-09-17,0,"Publisher-labeled 1:1 match; numerical differences are review evidence, not a fraud/loss label."
106482757942,762546274961,533674789946,USD_2022-11-03_ACC#00001_66912     0670806708151457514407NAUT199         MORIBUND ROTENONES S SMILAX   BOLL      00151457514407NAUT199         MORIBUND ZYGNEMA SK HYRACIFORM,USD_2022-11-03_ACC#00001_66912     0670806708151457514407NAUT199         MORIBUND ROTENONES S SMILAX   BOLL      00151457514407NAUT199         MORIBUND ZYGNEMA SK HYRACIFORM,RULE 1,A=0;B=0,001514575 14407 NAUT199                                                                         UPCLOSER MONOCOQUE GAB -,VOLERY 8213358666FP,176737.65,176737.65,0.00,0.00,2022-11-03,2022-11-03,0,"Publisher-labeled 1:1 match; numerical differences are review evidence, not a fraud/loss label."
106490677894,479281849484,722646380878,USD_2022-09-25_ACC#00001_66912     02566025660666H3         6666666666 SMILAX   FGGKR     FW0666H3         6666666666,USD_2022-09-25_ACC#00001_66912     02566025660666H3         6666666666 SMILAX   FGGKR     FW0666H3         6666666666,RULE 1,A=0;B=0,32712910 V32712910                                                                       JO TONITE SAUNT 664952723,T313073530516660 0673530516,2577836.00,2577836.00,0.00,0.00,2022-09-25,2022-09-25,0,"Publisher-labeled 1:1 match; numerical differences are review evidence, not a fraud/loss label."
106514831624,617847945435,490753589701,USD_2022-11-17_ACC#00001_66912     66325663250 32566TVBY3 088            JOQVY - BAS - DG SMILAX   GFG       VC0 32566TVBY3 088            JOQVY - BAS - DG,USD_2022-11-17_ACC#00001_66912     66325663250 32566TVBY3 088            JOQVY - BAS - DG SMILAX   GFG       VC0 32566TVBY3 088            JOQVY - BAS - DG,RULE 3,A=0;B=0,32566TVBY3 32566TVBY3                                                                      JOQVY - BAS - DG,32566TVBY3 9890966769VI,123519.90,123519.90,0.00,0.00,2022-11-17,2022-11-17,0,"Publisher-labeled 1:1 match; numerical differences are review evidence, not a fraud/loss label."
106620034310,290254968924,139164437686,USD_2022-12-31_ACC#00001_66912     66325663250 32566TRORI 088            JOQVY - BAS - DG SMILAX   GFG       VC0 32566TRORI 088            JOQVY - BAS - DG,USD_2022-12-31_ACC#00001_66912     66325663250 32566TRORI 088            JOQVY - BAS - DG SMILAX   GFG       VC0 32566TRORI 088            JOQVY - BAS - DG,RULE 3,A=0;B=0,32566TRORI 32566TRORI                                                                      JOQVY - BAS - DG,32566TRORI 4821266737VI,1134581.29,1134581.29,0.00,0.00,2022-12-31,2022-12-31,0,"Publisher-labeled 1:1 match; numerical differences are review evidence, not a fraud/loss label."
106628306286,886459491820,824065864035,USD_2022-11-17_ACC#00001_66912     66325663250 32566TVB0I 088            JOQVY - BAS - DG SMILAX   GFG       VC0 32566TVB0I 088            JOQVY - BAS - DG,USD_2022-11-17_ACC#00001_66912     66325663250 32566TVB0I 088            JOQVY - BAS - DG SMILAX   GFG       VC0 32566TVB0I 088            JOQVY - BAS - DG,RULE 3,A=0;B=0,32566TVB0I 32566TVB0I                                                                      JOQVY - BAS - DG,32566TVB0I 9466766769VI,937.96,937.96,0.00,0.00,2022-11-17,2022-11-17,0,"Publisher-labeled 1:1 match; numerical differences are review evidence, not a fraud/loss label."
106676852000,897608137700,477930655769,USD_2022-12-17_ACC#00001_66912     66325663250 32566TBBO8 088            JOQVY - ELUVIA - SMILAX   GFG       VC0 32566TBBO8 088            JOQVY - ELUVIA -,USD_2022-12-17_ACC#00001_66912     66325663250 32566TBBO8 088            JOQVY - ELUVIA - SMILAX   GFG       VC0 32566TBBO8 088            JOQVY - ELUVIA -,RULE 1,A=0;B=0,32566TBBO8 32566TBBO8                                                                      JOQVY - ELUVIA -,322746AL68130504 0273266719VI,-84345.09,-84345.09,0.00,0.00,2022-12-17,2022-12-17,0,"Publisher-labeled 1:1 match; numerical differences are review evidence, not a fraud/loss label."
106677127708,283093103585,631867396283,USD_2022-12-22_ACC#00001_66912     0256602566 SMILAX   FGGKR,USD_2022-12-22_ACC#00001_66912     0256602566 SMILAX   FGGKR,RULE 1,A=0;B=0,86669136 ALME7U4761JOQG7U                                                                JO TONITE SAUNT 664952723,V866690467289411 1698266788VI,-4648140.00,-4648140.00,0.00,0.00,2022-12-22,2022-12-22,0,"Publisher-labeled 1:1 match; numerical differences are review evidence, not a fraud/loss label."
106722935246,32766791770,933087955941,USD_2022-12-17_ACC#00001_66912     0670806708801691014476RIGHT40         MORIBUND ROTENONES S SMILAX   BOLL      00801691014476RIGHT40         MORIBUND ZYGNEMA SK HYRACIFORM,USD_2022-12-17_ACC#00001_66912     0670806708801691014476RIGHT40         MORIBUND ROTENONES S SMILAX   BOLL      00801691014476RIGHT40         MORIBUND ZYGNEMA SK HYRACIFORM,RULE 1,A=0;B=0,008016910 14476 RIGHT40                                                                         COCKIER CORDY BUT POE,VOLERY 3633936666FP,496217.66,496217.66,0.00,0.00,2022-12-17,2022-12-17,0,"Publisher-labeled 1:1 match; numerical differences are review evidence, not a fraud/loss label."
10672799919,805146240992,667173544974,USD_2022-11-12_ACC#00001_66912     66325663250 32566B9LOU 088            JOQVY - BAS - DG SMILAX   GFG       VC0 32566B9LOU 088            JOQVY - BAS - DG,USD_2022-11-12_ACC#00001_66912     66325663250 32566B9LOU 088            JOQVY - BAS - DG SMILAX   GFG       VC0 32566B9LOU 088            JOQVY - BAS - DG,RULE 1,A=0;B=0,32566B9LOU 32566B9LOU                                                                      JOQVY - BAS - DG,322756AL61306914 2911166768VI,-193.39,-193.39,0.00,0.00,2022-11-12,2022-11-12,0,"Publisher-labeled 1:1 match; numerical differences are review evidence, not a fraud/loss label."
10678195159,63471288449,399614676958,USD_2022-10-16_ACC#00001_66912     0786007860121538989250KAVI032         MORIBUND ROTENONES S SMILAX   BOLL      00121538989250KAVI032         MORIBUND ZYGNEMA SK HYRACIFORM,USD_2022-10-16_ACC#00001_66912     0786007860121538989250KAVI032         MORIBUND ROTENONES S SMILAX   BOLL      00121538989250KAVI032         MORIBUND ZYGNEMA SK HYRACIFORM,RULE 1,A=0;B=0,001215389 89250 KAVI032                                                                         UPCLOSER MONOCOQUE GAB -,VOLERY 8404210666FP,50644734.49,50644734.49,0.00,0.00,2022-10-16,2022-10-16,0,"Publisher-labeled 1:1 match; numerical differences are review evidence, not a fraud/loss label."
10679095946,17942703764,988526318132,USD_2022-10-28_ACC#00001_66912     0617806178129150967387BRAVI25         MORIBUND VEXES WHUFF SMILAX   BOLL      00129150967387BRAVI25         MORIBUND VEXES S FOMALHAUT,USD_2022-10-28_ACC#00001_66912     0617806178129150967387BRAVI25         MORIBUND VEXES WHUFF SMILAX   BOLL      00129150967387BRAVI25         MORIBUND VEXES S FOMALHAUT,RULE 1,A=0;B=0,001291509 67387 BRAVI25                                                                         RHODIZITE GEOMETRINE BETA,VOLERY 8459068666FP,-74362.14,-74362.14,0.00,0.00,2022-10-28,2022-10-28,0,"Publisher-labeled 1:1 match; numerical differences are review evidence, not a fraud/loss label."
106795086043,805263905847,226908648958,USD_2022-09-25_ACC#00001_66912     0603606036146484667888EPEE553         IF TMH SEE FAMES SMILAX   BOLL      00146484667888EPEE553         IF TMH SEE FAMES,USD_2022-09-25_ACC#00001_66912     0603606036146484667888EPEE553         IF TMH SEE FAMES SMILAX   BOLL      00146484667888EPEE553         IF TMH SEE FAMES,RULE 1,A=0;B=0,001464846 67888 EPEE553 L9Y89QS                                                                 JO TONITE ETHERIFIES GAB,VOLERY 8841311666FP,20589461.00,20589461.00,0.00,0.00,2022-09-25,2022-09-25,0,"Publisher-labeled 1:1 match; numerical differences are review evidence, not a fraud/loss label."
106800844504,342035601852,227835611820,USD_2022-10-21_ACC#00001_66912     66325663250 32566ANIBA 088            JO TONITE AGGEST SMILAX   GFG       VC0 32566ANIBA 088            JO TONITE AGGEST,USD_2022-10-21_ACC#00001_66912     66325663250 32566ANIBA 088            JO TONITE AGGEST SMILAX   GFG       VC0 32566ANIBA 088            JO TONITE AGGEST,RULE 3,A=0;B=0,32566ANIBA 32566ANIBA                                                                      JO TONITE AGGEST,32566ANIBA 2049166050VI,14706.60,14706.60,0.00,0.00,2022-10-21,2022-10-21,0,"Publisher-labeled 1:1 match; numerical differences are review evidence, not a fraud/loss label."
106819853613,389213865272,477267522268,USD_2022-12-04_ACC#00001_66912     0608206082863372467399GULA290         MORIBUND ROTENONES S SMILAX   BOLL      00863372467399GULA290         MORIBUND ZYGNEMA SK HYRACIFORM,USD_2022-12-04_ACC#00001_66912     0608206082863372467399GULA290         MORIBUND ROTENONES S SMILAX   BOLL      00863372467399GULA290         MORIBUND ZYGNEMA SK HYRACIFORM,MANUAL,A=0;B=0,008633724 67399 GULA290                                                                         SIGNIFICATOR ENCL SPHENIC,VOLERY 8944721666FP,1234459.28,1234459.27,-0.01,-0.01,2022-12-04,2022-12-04,0,"Publisher-labeled 1:1 match; numerical differences are review evidence, not a fraud/loss label."
106835420229,207321081529,92404731817,USD_2022-10-26_ACC#00001_66912     6682866828SHAMESICK FROM JAUN UNFED   JEE - DESINENT SMILAX   FGGQQ     PHOTOACTIVE FROM JAUN UNFED   JEE - DESINENT                 029666689566666666,USD_2022-10-26_ACC#00001_66912     6682866828SHAMESICK FROM JAUN UNFED   JEE - DESINENT SMILAX   FGGQQ     PHOTOACTIVE FROM JAUN UNFED   JEE - DESINENT                 029666689566666666,RULE 1,A=0;B=0,6666666669371857 JEE - DESINENT,69371850 6439166052VI,-542000000.00,-542000000.00,0.00,0.00,2022-10-26,2022-10-26,0,"Publisher-labeled 1:1 match; numerical differences are review evidence, not a fraud/loss label."
106883647397,527809832289,794366224869,USD_2022-10-08_ACC#00001_66912     66325663250 32566AOVIH 088            JOQVY DE -ELUVIA SMILAX   GFG       VC0 32566AOVIH 088            JOQVY DE -ELUVIA,USD_2022-10-08_ACC#00001_66912     66325663250 32566AOVIH 088            JOQVY DE -ELUVIA SMILAX   GFG       VC0 32566AOVIH 088            JOQVY DE -ELUVIA,RULE 1,A=0;B=0,32566AOVIH 32566AOVIH                                                                      JOQVY DE -ELUVIA,322746AL68105764 7383666049VI,-1819.08,-1819.08,0.00,0.00,2022-10-08,2022-10-08,0,"Publisher-labeled 1:1 match; numerical differences are review evidence, not a fraud/loss label."
106885826196,396320110178,505697166715,USD_2022-12-10_ACC#00001_66912     0670806708869509114476TREMA76         MORIBUND ROTENONES S SMILAX   BOLL      00869509114476TREMA76         MORIBUND ZYGNEMA SK HYRACIFORM,USD_2022-12-10_ACC#00001_66912     0670806708869509114476TREMA76         MORIBUND ROTENONES S SMILAX   BOLL      00869509114476TREMA76         MORIBUND ZYGNEMA SK HYRACIFORM,RULE 1,A=0;B=0,008695091 14476 TREMA76                                                                         UPCLOSER MONOCOQUE GAB -,VOLERY 3662765666FP,56590.86,56590.86,0.00,0.00,2022-12-10,2022-12-10,0,"Publisher-labeled 1:1 match; numerical differences are review evidence, not a fraud/loss label."
106892492409,528884717456,17355271087,USD_2022-12-11_ACC#00001_66912     0609306093869937367005JADE601         MORIBUND ROTENONES S SMILAX   BOLL      00869937367005JADE601         MORIBUND ZYGNEMA SK HYRACIFORM,USD_2022-12-11_ACC#00001_66912     0609306093869937367005JADE601         MORIBUND ROTENONES S SMILAX   BOLL      00869937367005JADE601         MORIBUND ZYGNEMA SK HYRACIFORM,RULE 1,A=0;B=0,008699373 67005 JADE601                                                                         NIGROUS VOWED FUTHERMORE,VOLERY 3602730666FP,544759.98,544759.98,0.00,0.00,2022-12-11,2022-12-11,0,"Publisher-labeled 1:1 match; numerical differences are review evidence, not a fraud/loss label."
106901461904,504008456409,230266924997,USD_2022-10-02_ACC#00001_66912     0147701477143356841477BRAVI49         IF TMH SEE FAMES SMILAX   BOLL      00143356841477BRAVI49         IF TMH SEE FAMES,USD_2022-10-02_ACC#00001_66912     0147701477143356841477BRAVI49         IF TMH SEE FAMES SMILAX   BOLL      00143356841477BRAVI49         IF TMH SEE FAMES,MANUAL,A=0;B=0,001433568 41477 BRAVI49 L9Y3922                                                                 UPCLOSER MONOCOQUE GAB -,VOLERY 8308415666FP,59430000.00,59430000.00,0.00,0.00,2022-10-02,2022-10-02,0,"Publisher-labeled 1:1 match; numerical differences are review evidence, not a fraud/loss label."
106926594486,403094690424,766495385335,USD_2022-10-19_ACC#00001_66912     66325663250 32566AD1WK 088            JOQVY DE-BAS - T SMILAX   GFG       VC0 32566AD1WK 088            JOQVY DE-BAS - T,USD_2022-10-19_ACC#00001_66912     66325663250 32566AD1WK 088            JOQVY DE-BAS - T SMILAX   GFG       VC0 32566AD1WK 088            JOQVY DE-BAS - T,RULE 3,A=0;B=0,32566AD1WK 32566AD1WK                                                                      JOQVY DE-BAS - T,32566AD1WK 5510666022VI,8100.00,8100.00,0.00,0.00,2022-10-19,2022-10-19,0,"Publisher-labeled 1:1 match; numerical differences are review evidence, not a fraud/loss label."
106929953036,818575233803,101874295624,USD_2022-09-18_ACC#00001_66912     0122001220137058212660HUBBA68         MORIBUND VEXES WHUFF SMILAX   BOLL      00137058212660HUBBA68         MORIBUND VEXES S FOMALHAUT,USD_2022-09-18_ACC#00001_66912     0122001220137058212660HUBBA68         MORIBUND VEXES WHUFF SMILAX   BOLL      00137058212660HUBBA68         MORIBUND VEXES S FOMALHAUT,RULE 4,A=0;B=0,001370582 12660 HUBBA68                                                                         UPCLOSER MONOCOQUE GAB -,VOLERY 8806588666FP,-4765993.00,-4765993.00,0.00,0.00,2022-09-18,2022-09-18,0,"Publisher-labeled 1:1 match; numerical differences are review evidence, not a fraud/loss label."
10695059668,357594706502,350028942810,USD_2022-11-26_ACC#00001_66912     0147601476867142041476                IF TMH ENQUIRE WOLD SMILAX   BOLL      00867142041476                IF TMH ENQUIRE C TCK,USD_2022-11-26_ACC#00001_66912     0147601476867142041476                IF TMH ENQUIRE WOLD SMILAX   BOLL      00867142041476                IF TMH ENQUIRE C TCK,RULE 1,A=0;B=0,008671420 41476 L9HX7BP                                                                 NONIC WILLI MIZE PAR QUEM,HM0860809H661 5628466705MT,-1410000.00,-1410000.00,0.00,0.00,2022-11-26,2022-11-26,0,"Publisher-labeled 1:1 match; numerical differences are review evidence, not a fraud/loss label."
106976431837,89740298130,243830593902,USD_2022-10-14_ACC#00001_66912     0122001220637006212660                IPL MARACAN COMPRISE SMILAX   BOLL      VU637006212660                IPL MARACAN SACS RUMMLE,USD_2022-10-14_ACC#00001_66912     0122001220637006212660                IPL MARACAN COMPRISE SMILAX   BOLL      VU637006212660                IPL MARACAN SACS RUMMLE,RULE 1,A=0;B=0,VU6370062 12660 UPCLOSER MONOCOQUE GAB -,VOLERY 8398867666FP,160.00,160.00,0.00,0.00,2022-10-14,2022-10-14,0,"Publisher-labeled 1:1 match; numerical differences are review evidence, not a fraud/loss label."
10701817679,705689311618,156603313638,USD_2022-11-03_ACC#00001_66912     6107361073 SMILAX   GPD,USD_2022-11-03_ACC#00001_66912     6107361073 SMILAX   GPD,MANUAL,A=0;B=0,UVA9126666720110 UVA9126666720110,UVA9126666720110 7042566093VI,20878064.00,20878064.00,0.00,0.00,2022-11-03,2022-11-03,0,"Publisher-labeled 1:1 match; numerical differences are review evidence, not a fraud/loss label."
10703215513,197945941950,116645236485,USD_2022-09-30_ACC#00001_66912     0670806708140263814476CHARE83         MORIBUND ROTENONES S SMILAX   BOLL      00140263814476CHARE83         MORIBUND ZYGNEMA SK HYRACIFORM,USD_2022-09-30_ACC#00001_66912     0670806708140263814476CHARE83         MORIBUND ROTENONES S SMILAX   BOLL      00140263814476CHARE83         MORIBUND ZYGNEMA SK HYRACIFORM,RULE 1,A=0;B=0,001402638 14476 CHARE83                                                                         UPCLOSER MONOCOQUE GAB -,VOLERY 8897831666FP,60021.40,60021.40,0.00,0.00,2022-09-30,2022-09-30,0,"Publisher-labeled 1:1 match; numerical differences are review evidence, not a fraud/loss label."
107069867720,323915994977,103910941907,USD_2022-11-23_ACC#00001_66912     0122001220194888212660UNDOG14         MORIBUND ROTENONES S SMILAX   BOLL      00194888212660UNDOG14         MORIBUND ZYGNEMA SK HYRACIFORM,USD_2022-11-23_ACC#00001_66912     0122001220194888212660UNDOG14         MORIBUND ROTENONES S SMILAX   BOLL      00194888212660UNDOG14         MORIBUND ZYGNEMA SK HYRACIFORM,RULE 1,A=0;B=0,001948882 12660 UNDOG14                                                                         UPCLOSER MONOCOQUE GAB -,VOLERY 8529174666FP,8825725.35,8825725.35,0.00,0.00,2022-11-23,2022-11-23,0,"Publisher-labeled 1:1 match; numerical differences are review evidence, not a fraud/loss label."
107115506439,259373304117,477537738575,USD_2022-11-11_ACC#00001_66912     0676506765155560855570NINA858         MORIBUND ROTENONES S SMILAX   BOLL      00155560855570NINA858         MORIBUND ZYGNEMA SK HYRACIFORM,USD_2022-11-11_ACC#00001_66912     0676506765155560855570NINA858         MORIBUND ROTENONES S SMILAX   BOLL      00155560855570NINA858         MORIBUND ZYGNEMA SK HYRACIFORM,RULE 1,A=0;B=0,001555608 55570 NINA858                                                                         PETTAH SUBHEADINGS LUPINE,VOLERY 8292110666FP,1226987.37,1226987.37,0.00,0.00,2022-11-11,2022-11-11,0,"Publisher-labeled 1:1 match; numerical differences are review evidence, not a fraud/loss label."
107122579452,109445750719,105652124816,USD_2022-12-01_ACC#00001_66912     0608206082867870267399NAPE007         MORIBUND ROTENONES S SMILAX   BOLL      00867870267399NAPE007         MORIBUND ZYGNEMA SK HYRACIFORM,USD_2022-12-01_ACC#00001_66912     0608206082867870267399NAPE007         MORIBUND ROTENONES S SMILAX   BOLL      00867870267399NAPE007         MORIBUND ZYGNEMA SK HYRACIFORM,RULE 1,A=0;B=0,008678702 67399 NAPE007                                                                         PREOCCUR FUTHERMORE YARAY,VOLERY 8912083666FP,113700.00,113700.00,0.00,0.00,2022-12-01,2022-12-01,0,"Publisher-labeled 1:1 match; numerical differences are review evidence, not a fraud/loss label."
107132125217,978739088248,164584782424,USD_2022-10-13_ACC#00001_66912     0603606036120067267888SHOWD61         OFF TMH TIRO FAMES SMILAX   BOLL      00120067267888SHOWD61         OFF TMH TIRO HAU BT,USD_2022-10-13_ACC#00001_66912     0603606036120067267888SHOWD61         OFF TMH TIRO FAMES SMILAX   BOLL      00120067267888SHOWD61         OFF TMH TIRO HAU BT,RULE 1,A=0;B=0,001200672 67888 SHOWD61 L9Y27VJ                                                                 JO TONITE ETHERIFIES GAB,VOLERY 8358925666FP,-3140971.30,-3140971.30,0.00,0.00,2022-10-13,2022-10-13,0,"Publisher-labeled 1:1 match; numerical differences are review evidence, not a fraud/loss label."
107144965878,411089225057,697214853230,USD_2022-09-25_ACC#00001_66912     6682866828SHAMESICK FROM JAUN UNFED   BHOOSA- DESINENT SMILAX   FGGQQ     PHOTOACTIVE FROM JAUN UNFED   BHOOSA- DESINENT               029666863467825442,USD_2022-09-25_ACC#00001_66912     6682866828SHAMESICK FROM JAUN UNFED   BHOOSA- DESINENT SMILAX   FGGQQ     PHOTOACTIVE FROM JAUN UNFED   BHOOSA- DESINENT               029666863467825442,RULE 3,A=0;B=0,6666666663273573 P632735736313529                                                                BHOOSA- DESINENT,P632735736313529 4103166034VI,4654188379.00,4654188379.00,0.00,0.00,2022-09-25,2022-09-25,0,"Publisher-labeled 1:1 match; numerical differences are review evidence, not a fraud/loss label."
10714867859,276501483560,675279893068,USD_2022-11-11_ACC#00001_66912     0670806708159497614407KELD601         MORIBUND ROTENONES S SMILAX   BOLL      00159497614407KELD601         MORIBUND ZYGNEMA SK HYRACIFORM,USD_2022-11-11_ACC#00001_66912     0670806708159497614407KELD601         MORIBUND ROTENONES S SMILAX   BOLL      00159497614407KELD601         MORIBUND ZYGNEMA SK HYRACIFORM,RULE 1,A=0;B=0,001594976 14407 KELD601                                                                         UPCLOSER MONOCOQUE GAB -,VOLERY 8292131666FP,68496.82,68496.82,0.00,0.00,2022-11-11,2022-11-11,0,"Publisher-labeled 1:1 match; numerical differences are review evidence, not a fraud/loss label."
107166088857,561200081378,96889190745,USD_2022-09-28_ACC#00001_66912     0670806708139239614476APINA87         MORIBUND ROTENONES S SMILAX   BOLL      00139239614476APINA87         MORIBUND ZYGNEMA SK HYRACIFORM,USD_2022-09-28_ACC#00001_66912     0670806708139239614476APINA87         MORIBUND ROTENONES S SMILAX   BOLL      00139239614476APINA87         MORIBUND ZYGNEMA SK HYRACIFORM,RULE 1,A=0;B=0,001392396 14476 APINA87                                                                         UPCLOSER MONOCOQUE GAB -,VOLERY 8827760666FP,29541.97,29541.97,0.00,0.00,2022-09-28,2022-09-28,0,"Publisher-labeled 1:1 match; numerical differences are review evidence, not a fraud/loss label."
107189229053,89452776924,599458379684,USD_2022-10-20_ACC#00001_66912     0156801568123104310111BRAVI95         MORIBUND ROTENONES S SMILAX   BOLL      00123104310111BRAVI95         MORIBUND ZYGNEMA SK HYRACIFORM,USD_2022-10-20_ACC#00001_66912     0156801568123104310111BRAVI95         MORIBUND ROTENONES S SMILAX   BOLL      00123104310111BRAVI95         MORIBUND ZYGNEMA SK HYRACIFORM,RULE 1,A=0;B=0,001231043 10111 BRAVI95                                                                         ASCIDIA GEOMETRINE MOGGIO,VOLERY 8413791666FP,3080836.12,3080836.12,0.00,0.00,2022-10-20,2022-10-20,0,"Publisher-labeled 1:1 match; numerical differences are review evidence, not a fraud/loss label."
107214551716,74984246149,76807180700,USD_2022-10-02_ACC#00001_66912     0147701477148419041477UNDOG51         OFF TMH SEE FAMES SMILAX   BOLL      00148419041477UNDOG51         OFF TMH SEE EMEU S,USD_2022-10-02_ACC#00001_66912     0147701477148419041477UNDOG51         OFF TMH SEE FAMES SMILAX   BOLL      00148419041477UNDOG51         OFF TMH SEE EMEU S,MANUAL,A=0;B=0,001484190 41477 UNDOG51 L9Y323J                                                                 UPCLOSER MONOCOQUE GAB -,VOLERY 8308477666FP,54179923.20,54179923.20,0.00,0.00,2022-10-02,2022-10-02,0,"Publisher-labeled 1:1 match; numerical differences are review evidence, not a fraud/loss label."
107221473929,251973579263,305640869259,USD_2022-10-20_ACC#00001_66912     0670806708128171714476AUG6258         MORIBUND VEXES WHUFF SMILAX   BOLL      00128171714476AUG6258         MORIBUND VEXES S FOMALHAUT,USD_2022-10-20_ACC#00001_66912     0670806708128171714476AUG6258         MORIBUND VEXES WHUFF SMILAX   BOLL      00128171714476AUG6258         MORIBUND VEXES S FOMALHAUT,RULE 1,A=0;B=0,001281717 14476 AUG6258                                                                         ENHAT CROM TYPY AS CARENE,VOLERY 8412437666FP,-33493.91,-33493.91,0.00,0.00,2022-10-20,2022-10-20,0,"Publisher-labeled 1:1 match; numerical differences are review evidence, not a fraud/loss label."
10729496211,378619342933,593343264960,USD_2022-10-30_ACC#00001_66912     0670806708156418614407JAUP267         MORIBUND VEXES WHUFF SMILAX   BOLL      00156418614407JAUP267         MORIBUND VEXES S FOMALHAUT,USD_2022-10-30_ACC#00001_66912     0670806708156418614407JAUP267         MORIBUND VEXES WHUFF SMILAX   BOLL      00156418614407JAUP267         MORIBUND VEXES S FOMALHAUT,RULE 1,A=0;B=0,001564186 14407 JAUP267                                                                         UPCLOSER MONOCOQUE GAB -,VOLERY 8265391666FP,-99418.23,-99418.23,0.00,0.00,2022-10-30,2022-10-30,0,"Publisher-labeled 1:1 match; numerical differences are review evidence, not a fraud/loss label."
107351924541,234293394660,427178866447,USD_2022-10-29_ACC#00001_66912     0256602566 SMILAX   FGGKR,USD_2022-10-29_ACC#00001_66912     0256602566 SMILAX   FGGKR,RULE 1,A=0;B=0,12528601 LEAFER9937JOQG7U                                                                JOQVY STRID     664952723,VOLERY 6457966096VI,-12000000.00,-12000000.00,0.00,0.00,2022-10-29,2022-10-29,0,"Publisher-labeled 1:1 match; numerical differences are review evidence, not a fraud/loss label."
107404957977,762855989761,734795847725,USD_2022-12-10_ACC#00001_66912     66325663250 32566TO69J 088            JOQVY - ELUVIA - SMILAX   GFG       VC0 32566TO69J 088            JOQVY - ELUVIA -,USD_2022-12-10_ACC#00001_66912     66325663250 32566TO69J 088            JOQVY - ELUVIA - SMILAX   GFG       VC0 32566TO69J 088            JOQVY - ELUVIA -,RULE 1,A=0;B=0,32566TO69J 32566TO69J                                                                      JOQVY - ELUVIA -,322746AL68185596 7892366710VI,-525816.31,-525816.31,0.00,0.00,2022-12-10,2022-12-10,0,"Publisher-labeled 1:1 match; numerical differences are review evidence, not a fraud/loss label."
107405266983,475155790519,317244076672,USD_2022-12-24_ACC#00001_66912     66325663250 32566TA2ML 088            JO TONITE AGGEST SMILAX   GFG       VC0 32566TA2ML 088            JO TONITE AGGEST,USD_2022-12-24_ACC#00001_66912     66325663250 32566TA2ML 088            JO TONITE AGGEST SMILAX   GFG       VC0 32566TA2ML 088            JO TONITE AGGEST,RULE 3,A=0;B=0,32566TA2ML 32566TA2ML                                                                      JO TONITE AGGEST,32566TA2ML 9812366783VI,2359.90,2359.90,0.00,0.00,2022-12-24,2022-12-24,0,"Publisher-labeled 1:1 match; numerical differences are review evidence, not a fraud/loss label."
107411568451,859968753366,415160204494,USD_2022-09-16_ACC#00001_66912     0147701477131161641477BRAVI49         IF TMH SEE FAMES SMILAX   BOLL      00131161641477BRAVI49         IF TMH SEE FAMES,USD_2022-09-16_ACC#00001_66912     0147701477131161641477BRAVI49         IF TMH SEE FAMES SMILAX   BOLL      00131161641477BRAVI49         IF TMH SEE FAMES,RULE 4,A=0;B=0,001311616 41477 BRAVI49 L9Y11J9                                                                 UPCLOSER MONOCOQUE GAB -,VOLERY 8159733666FP,1276800.00,1276800.00,0.00,0.00,2022-09-16,2022-09-16,0,"Publisher-labeled 1:1 match; numerical differences are review evidence, not a fraud/loss label."
10742824539,634576432515,419148924862,USD_2022-12-29_ACC#00001_66912     0646006460S                           BURO JADY GAT AUG - SMILAX   RAMON     GFG                           BURO JADY GAT IT X - T         CHA - TA                      JOQGE_TA,USD_2022-12-29_ACC#00001_66912     0646006460S                           BURO JADY GAT AUG - SMILAX   RAMON     GFG                           BURO JADY GAT IT X - T         CHA - TA                      JOQGE_TA,RULE 1,A=0;B=0,HEY RAMON DISNEY CHA - TA,VOLERY 0611366730MT,-1160300.00,-1160300.00,0.00,0.00,2022-12-29,2022-12-29,0,"Publisher-labeled 1:1 match; numerical differences are review evidence, not a fraud/loss label."
107458955210,368697529670,645725327932,USD_2022-11-23_ACC#00001_GAB 66912     0207602076194909113737CRIB893         MORIBUND VEXES WHUFF,USD_2022-11-23_ACC#00001_GAB 66912     0207602076194909113737CRIB893         MORIBUND VEXES WHUFF,RULE 1,A=0;B=0,001949091 13737 CRIB893                                                                         MONSIGNORI UNSOLACED,VOLERY 8550010666FP,-173718.62,-173718.62,0.00,0.00,2022-11-23,2022-11-23,0,"Publisher-labeled 1:1 match; numerical differences are review evidence, not a fraud/loss label."
107589973976,91081528902,309644135750,USD_2022-11-30_ACC#00001_66912     0256602566 SMILAX   FGGKR,USD_2022-11-30_ACC#00001_66912     0256602566 SMILAX   FGGKR,RULE 1,A=0;B=0,78411156 JOQG7U6295GLEE7U                                                                SHALE           667933724,VOLERY 1589066777VI,-5485711.51,-5485711.51,0.00,0.00,2022-11-30,2022-11-30,0,"Publisher-labeled 1:1 match; numerical differences are review evidence, not a fraud/loss label."
107601901888,120232860213,782253280405,USD_2022-10-23_ACC#00001_66912     6682866828SHAMESICK FROM JAUN UNFED   JOQOEV HUMP FGDK SMILAX   FGGQQ     PHOTOACTIVE FROM JAUN UNFED   JOQOEV HUMP FGDK               029666084066666666,USD_2022-10-23_ACC#00001_66912     6682866828SHAMESICK FROM JAUN UNFED   JOQOEV HUMP FGDK SMILAX   FGGQQ     PHOTOACTIVE FROM JAUN UNFED   JOQOEV HUMP FGDK               029666084066666666,RULE 1,A=0;B=0,6666666669118876 JOQOEV HUMP FGDK,VOLERY 6607466058XY,-1242000000.00,-1242000000.00,0.00,0.00,2022-10-23,2022-10-23,0,"Publisher-labeled 1:1 match; numerical differences are review evidence, not a fraud/loss label."
107626624393,563234448903,527491894007,USD_2022-10-28_ACC#00001_66912     0702807028129390567463SKITE77         MORIBUND ROTENONES S SMILAX   BOLL      00129390567463SKITE77         MORIBUND ZYGNEMA SK HYRACIFORM,USD_2022-10-28_ACC#00001_66912     0702807028129390567463SKITE77         MORIBUND ROTENONES S SMILAX   BOLL      00129390567463SKITE77         MORIBUND ZYGNEMA SK HYRACIFORM,RULE 1,A=0;B=0,001293905 67463 SKITE77                                                                         MUTUALITY AVIARY DEFENSER,VOLERY 8452424666FP,113489.80,113489.80,0.00,0.00,2022-10-28,2022-10-28,0,"Publisher-labeled 1:1 match; numerical differences are review evidence, not a fraud/loss label."
107638222376,714661220017,242036168895,USD_2022-10-02_ACC#00001_66912     66325663250 37266AEHFY 088            JOQ TREPIDATORY SMILAX   GFG       VC0 37266AEHFY 088            JOQ TREPIDATORY,USD_2022-10-02_ACC#00001_66912     66325663250 37266AEHFY 088            JOQ TREPIDATORY SMILAX   GFG       VC0 37266AEHFY 088            JOQ TREPIDATORY,RULE 1,A=0;B=0,37266AEHFY 37266AEHFY                                                                      JOQ TREPIDATORY,78466AEH21 3285866041VI,7154.94,7154.94,0.00,0.00,2022-10-02,2022-10-02,0,"Publisher-labeled 1:1 match; numerical differences are review evidence, not a fraud/loss label."
107709798713,597551774064,740768874790,USD_2022-10-14_ACC#00001_66912     0708207082121887347082SWEAT79         IF TMH SEE FAMES SMILAX   BOLL      00121887347082SWEAT79         IF TMH SEE FAMES,USD_2022-10-14_ACC#00001_66912     0708207082121887347082SWEAT79         IF TMH SEE FAMES SMILAX   BOLL      00121887347082SWEAT79         IF TMH SEE FAMES,RULE 1,A=0;B=0,001218873 47082 SWEAT79 L9Y22AO                                                                 DUPPY YO TRIFOLY MAECENAS,VOLERY 8393207666FP,6600000.00,6600000.00,0.00,0.00,2022-10-14,2022-10-14,0,"Publisher-labeled 1:1 match; numerical differences are review evidence, not a fraud/loss label."
107729677816,656087234229,359381298170,USD_2022-11-13_ACC#00001_66912     0603606036197366867888EPEE553         OFF TMH TIRO FAMES SMILAX   BOLL      00197366867888EPEE553         OFF TMH TIRO HAU BT,USD_2022-11-13_ACC#00001_66912     0603606036197366867888EPEE553         OFF TMH TIRO FAMES SMILAX   BOLL      00197366867888EPEE553         OFF TMH TIRO HAU BT,RULE 1,A=0;B=0,001973668 67888 EPEE553 L9GT6O5                                                                 JO TONITE ETHERIFIES GAB,VOLERY 8502316666FP,-17035022.53,-17035022.53,0.00,0.00,2022-11-13,2022-11-13,0,"Publisher-labeled 1:1 match; numerical differences are review evidence, not a fraud/loss label."
107768331315,432312020177,750514628248,USD_2022-12-31_ACC#00001_66912     66325663250 32566TRDEY 088            JOQVY - BAS - DG SMILAX   GFG       VC0 32566TRDEY 088            JOQVY - BAS - DG,USD_2022-12-31_ACC#00001_66912     66325663250 32566TRDEY 088            JOQVY - BAS - DG SMILAX   GFG       VC0 32566TRDEY 088            JOQVY - BAS - DG,RULE 1,A=0;B=0,32566TRDEY 32566TRDEY                                                                      JOQVY - BAS - DG,322756AL61859852 9130266731VI,-1212.03,-1212.03,0.00,0.00,2022-12-31,2022-12-31,0,"Publisher-labeled 1:1 match; numerical differences are review evidence, not a fraud/loss label."
107834630694,674486927932,649884730958,USD_2022-09-22_ACC#00001_66912     6682866828SHAMESICK FROM JAUN UNFED   BHOOSA- DESINENT SMILAX   FGGQQ     PHOTOACTIVE FROM JAUN UNFED   BHOOSA- DESINENT               029666863366666666,USD_2022-09-22_ACC#00001_66912     6682866828SHAMESICK FROM JAUN UNFED   BHOOSA- DESINENT SMILAX   FGGQQ     PHOTOACTIVE FROM JAUN UNFED   BHOOSA- DESINENT               029666863366666666,RULE 4,A=0;B=0,6666666663106452 BHOOSA- DESINENT,63106454 3173266031VI,-4653000000.00,-4653000000.00,0.00,0.00,2022-09-22,2022-09-22,0,"Publisher-labeled 1:1 match; numerical differences are review evidence, not a fraud/loss label."
107863086687,680903678196,199337716370,USD_2022-11-27_ACC#00001_66912     0638106381860024888856AUG0698         MORIBUND VEXES WHUFF SMILAX   BOLL      00860024888856AUG0698         MORIBUND VEXES S FOMALHAUT,USD_2022-11-27_ACC#00001_66912     0638106381860024888856AUG0698         MORIBUND VEXES WHUFF SMILAX   BOLL      00860024888856AUG0698         MORIBUND VEXES S FOMALHAUT,RULE 1,A=0;B=0,008600248 88856 AUG0698                                                                         DIANITE ANIMI VOWED QMQF,VOLERY 8905812666FP,-4579862.87,-4579862.87,0.00,0.00,2022-11-27,2022-11-27,0,"Publisher-labeled 1:1 match; numerical differences are review evidence, not a fraud/loss label."
107889700358,523779549209,678116358061,USD_2022-10-27_ACC#00001_66912     0147601476150332541476                IF TMH DIP WOLD SMILAX   BOLL      00150332541476                IF TMH DIP WOLD,USD_2022-10-27_ACC#00001_66912     0147601476150332541476                IF TMH DIP WOLD SMILAX   BOLL      00150332541476                IF TMH DIP WOLD,RULE 1,A=0;B=0,001503325 41476 L9Y93D3                                                                 NONIC WILLI MIZE PAR QUEM,BRGU-2FPE1Y 8174866055VI,16900000.00,16900000.00,0.00,0.00,2022-10-27,2022-10-27,0,"Publisher-labeled 1:1 match; numerical differences are review evidence, not a fraud/loss label."
107933049073,705463052585,598185642178,USD_2022-09-16_ACC#00001_66912     6602466024IKON ATTILA VEXES - ABL     YN6053 SB SMILAX   GESS      KAMIAN ATTILA VEXES - ABL     YN6053 SB,USD_2022-09-16_ACC#00001_66912     6602466024IKON ATTILA VEXES - ABL     YN6053 SB SMILAX   GESS      KAMIAN ATTILA VEXES - ABL     YN6053 SB,RULE 4,A=0;B=0,726369 666666667662277,912DIP227 5325666082VI,4770.00,4770.00,0.00,0.00,2022-09-16,2022-09-16,0,"Publisher-labeled 1:1 match; numerical differences are review evidence, not a fraud/loss label."
107951450514,431108865212,692610356875,USD_2022-12-18_ACC#00001_66912     0608706087808111415601JAUP484         MORIBUND VEXES WHUFF SMILAX   BOLL      00808111415601JAUP484         MORIBUND VEXES S FOMALHAUT,USD_2022-12-18_ACC#00001_66912     0608706087808111415601JAUP484         MORIBUND VEXES WHUFF SMILAX   BOLL      00808111415601JAUP484         MORIBUND VEXES S FOMALHAUT,RULE 1,A=0;B=0,008081114 15601 JAUP484                                                                         UPCLOSER MONOCOQUE GAB -,VOLERY 3644535666FP,-31127.30,-31127.30,0.00,0.00,2022-12-18,2022-12-18,0,"Publisher-labeled 1:1 match; numerical differences are review evidence, not a fraud/loss label."
107956379194,205829569607,837719103320,USD_2022-10-28_ACC#00001_66912     0675406754129155867323GULA058         MORIBUND VEXES WHUFF SMILAX   BOLL      00129155867323GULA058         MORIBUND VEXES S FOMALHAUT,USD_2022-10-28_ACC#00001_66912     0675406754129155867323GULA058         MORIBUND VEXES WHUFF SMILAX   BOLL      00129155867323GULA058         MORIBUND VEXES S FOMALHAUT,RULE 1,A=0;B=0,001291558 67323 GULA058                                                                         ASCIDIA GEOMETRINE MOGGIO,VOLERY 8459690666FP,-736730.00,-736730.00,0.00,0.00,2022-10-28,2022-10-28,0,"Publisher-labeled 1:1 match; numerical differences are review evidence, not a fraud/loss label."
108161243101,551511765653,297150741869,USD_2022-09-21_ACC#00001_66912     0670806708138410114476SHOJI46         MORIBUND ROTENONES S SMILAX   BOLL      00138410114476SHOJI46         MORIBUND ZYGNEMA SK HYRACIFORM,USD_2022-09-21_ACC#00001_66912     0670806708138410114476SHOJI46         MORIBUND ROTENONES S SMILAX   BOLL      00138410114476SHOJI46         MORIBUND ZYGNEMA SK HYRACIFORM,RULE 4,A=0;B=0,001384101 14476 SHOJI46                                                                         UPCLOSER MONOCOQUE GAB -,VOLERY 8876473666FP,107653.00,107653.00,0.00,0.00,2022-09-21,2022-09-21,0,"Publisher-labeled 1:1 match; numerical differences are review evidence, not a fraud/loss label."
108196336134,710662558058,44880120861,USD_2022-09-28_ACC#00001_66912     6107361073 SMILAX   GPD,USD_2022-09-28_ACC#00001_66912     6107361073 SMILAX   GPD,RULE 3,A=0;B=0,UVA9126666746135 UVA9126666746135,UVA9126666746135 5379966039MT,-446256279.00,-446256279.00,0.00,0.00,2022-09-28,2022-09-28,0,"Publisher-labeled 1:1 match; numerical differences are review evidence, not a fraud/loss label."
108197025448,487745311523,911852023319,USD_2022-12-09_ACC#00001_66912     0256602566 SMILAX   FGGKR,USD_2022-12-09_ACC#00001_66912     0256602566 SMILAX   FGGKR,RULE 1,A=0;B=0,16486986 ALME7U0443JOQG7U                                                                JO TONITE SAUNT 664952723,V164194660846049 9570866710VI,-2109781.48,-2109781.48,0.00,0.00,2022-12-09,2022-12-09,0,"Publisher-labeled 1:1 match; numerical differences are review evidence, not a fraud/loss label."
108237821192,379530077209,594451968947,USD_2022-11-25_ACC#00001_66912     0638106381199150188856OKET656         MORIBUND ROTENONES S SMILAX   BOLL      00199150188856OKET656         MORIBUND ZYGNEMA SK HYRACIFORM,USD_2022-11-25_ACC#00001_66912     0638106381199150188856OKET656         MORIBUND ROTENONES S SMILAX   BOLL      00199150188856OKET656         MORIBUND ZYGNEMA SK HYRACIFORM,RULE 1,A=0;B=0,001991501 88856 OKET656                                                                         UPCLOSER MONOCOQUE GAB -,VOLERY 8599903666FP,14007985.88,14007985.88,0.00,0.00,2022-11-25,2022-11-25,0,"Publisher-labeled 1:1 match; numerical differences are review evidence, not a fraud/loss label."
108281809808,188634912092,994869913166,USD_2022-12-24_ACC#00001_66912     0147701477805239941477OKET078         OFF TMH TIRO FAMES SMILAX   BOLL      00805239941477OKET078         OFF TMH TIRO HAU BT,USD_2022-12-24_ACC#00001_66912     0147701477805239941477OKET078         OFF TMH TIRO FAMES SMILAX   BOLL      00805239941477OKET078         OFF TMH TIRO HAU BT,RULE 1,A=0;B=0,008052399 41477 OKET078 L9NR0R9                                                                 UPCLOSER MONOCOQUE GAB -,VOLERY 3063171666FP,-3101842.31,-3101842.31,0.00,0.00,2022-12-24,2022-12-24,0,"Publisher-labeled 1:1 match; numerical differences are review evidence, not a fraud/loss label."
10828345225,964851907831,360863610230,USD_2022-09-18_ACC#00001_66912     02566025660666H3         6666666666 SMILAX   FGGKR     FW0666H3         6666666666,USD_2022-09-18_ACC#00001_66912     02566025660666H3         6666666666 SMILAX   FGGKR     FW0666H3         6666666666,RULE 4,A=0;B=0,32042108 V32042108                                                                       JO TONITE SAUNT 664952723,T313085767896660 0685767896,1400000.00,1400000.00,0.00,0.00,2022-09-18,2022-09-18,0,"Publisher-labeled 1:1 match; numerical differences are review evidence, not a fraud/loss label."
108323117803,181763064062,657922612434,USD_2022-09-25_ACC#00001_66912     0156801568139711017667AUG0672         MORIBUND VEXES WHUFF SMILAX   BOLL      00139711017667AUG0672         MORIBUND VEXES S FOMALHAUT,USD_2022-09-25_ACC#00001_66912     0156801568139711017667AUG0672         MORIBUND VEXES WHUFF SMILAX   BOLL      00139711017667AUG0672         MORIBUND VEXES S FOMALHAUT,RULE 1,A=0;B=0,001397110 17667 AUG0672                                                                         TAPU ETHERIFIES AUANTIC,VOLERY 8847410666FP,-23229366.88,-23229366.88,0.00,0.00,2022-09-25,2022-09-25,0,"Publisher-labeled 1:1 match; numerical differences are review evidence, not a fraud/loss label."
108328199388,617449055264,288089460111,USD_2022-10-15_ACC#00001_66912     66325663250 32566ATTHA 088            JOQVY - ELUVIA - SMILAX   GFG       VC0 32566ATTHA 088            JOQVY - ELUVIA -,USD_2022-10-15_ACC#00001_66912     66325663250 32566ATTHA 088            JOQVY - ELUVIA - SMILAX   GFG       VC0 32566ATTHA 088            JOQVY - ELUVIA -,RULE 3,A=0;B=0,32566ATTHA 32566ATTHA                                                                      JOQVY - ELUVIA -,32566ATTHA 6270766023VI,286906.12,286906.12,0.00,0.00,2022-10-15,2022-10-15,0,"Publisher-labeled 1:1 match; numerical differences are review evidence, not a fraud/loss label."
108365627880,124354251886,985204494218,USD_2022-12-14_ACC#00001_66912     0670806708806217914407AUG0076         MORIBUND VEXES WHUFF SMILAX   BOLL      00806217914407AUG0076         MORIBUND VEXES S FOMALHAUT,USD_2022-12-14_ACC#00001_66912     0670806708806217914407AUG0076         MORIBUND VEXES WHUFF SMILAX   BOLL      00806217914407AUG0076         MORIBUND VEXES S FOMALHAUT,RULE 1,A=0;B=0,008062179 14407 AUG0076                                                                         UPCLOSER MONOCOQUE GAB -,VOLERY 3675191666FP,-246649.60,-246649.60,0.00,0.00,2022-12-14,2022-12-14,0,"Publisher-labeled 1:1 match; numerical differences are review evidence, not a fraud/loss label."
108397569855,960211302797,931323557788,USD_2022-10-09_ACC#00001_66912     0147701477149144841477KAVI032         OFF TMH TIRO FAMES SMILAX   BOLL      00149144841477KAVI032         OFF TMH TIRO HAU BT,USD_2022-10-09_ACC#00001_66912     0147701477149144841477KAVI032         OFF TMH TIRO FAMES SMILAX   BOLL      00149144841477KAVI032         OFF TMH TIRO HAU BT,RULE 1,A=0;B=0,001491448 41477 KAVI032 L9Y45NE                                                                 UPCLOSER MONOCOQUE GAB -,VOLERY 8343605666FP,-9820942.10,-9820942.10,0.00,0.00,2022-10-09,2022-10-09,0,"Publisher-labeled 1:1 match; numerical differences are review evidence, not a fraud/loss label."
108432272763,23108625974,215213658456,USD_2022-11-18_ACC#00001_66912     02566025660666H3         6666666666 SMILAX   FGGKR     FW0666H3         6666666666,USD_2022-11-18_ACC#00001_66912     02566025660666H3         6666666666 SMILAX   FGGKR     FW0666H3         6666666666,RULE 3,A=0;B=0,06985116 V06985116                                                                       SHALE           667933724,V069851167910169 7817466706VI,8264400.00,8264400.00,0.00,0.00,2022-11-18,2022-11-18,0,"Publisher-labeled 1:1 match; numerical differences are review evidence, not a fraud/loss label."
108457417995,511872218790,271205225727,USD_2022-12-17_ACC#00001_66912     66325663250 32566TBBRH 088            JOQVY - ELUVIA - SMILAX   GFG       VC0 32566TBBRH 088            JOQVY - ELUVIA -,USD_2022-12-17_ACC#00001_66912     66325663250 32566TBBRH 088            JOQVY - ELUVIA - SMILAX   GFG       VC0 32566TBBRH 088            JOQVY - ELUVIA -,RULE 1,A=0;B=0,32566TBBRH 32566TBBRH                                                                      JOQVY - ELUVIA -,322746AL68130631 0266066719VI,-69798.00,-69798.00,0.00,0.00,2022-12-17,2022-12-17,0,"Publisher-labeled 1:1 match; numerical differences are review evidence, not a fraud/loss label."
108493262682,701154423054,584268642160,USD_2022-09-29_ACC#00001_66912     0976909769147891419262CANGY71         MORIBUND ROTENONES S SMILAX   BOLL      00147891419262CANGY71         MORIBUND ZYGNEMA SK HYRACIFORM,USD_2022-09-29_ACC#00001_66912     0976909769147891419262CANGY71         MORIBUND ROTENONES S SMILAX   BOLL      00147891419262CANGY71         MORIBUND ZYGNEMA SK HYRACIFORM,MANUAL,A=0;B=0,001478914 19262 CANGY71                                                                         VERANDAH TYPY AI -ELUVIA,VOLERY 8851236666FP,190407.92,190407.91,-0.01,-0.01,2022-09-29,2022-09-29,0,"Publisher-labeled 1:1 match; numerical differences are review evidence, not a fraud/loss label."
108519884829,780219656216,644409365639,USD_2022-12-16_ACC#00001_66912     0670806708801698414476DOYST63         MORIBUND ROTENONES S SMILAX   BOLL      00801698414476DOYST63         MORIBUND ZYGNEMA SK HYRACIFORM,USD_2022-12-16_ACC#00001_66912     0670806708801698414476DOYST63         MORIBUND ROTENONES S SMILAX   BOLL      00801698414476DOYST63         MORIBUND ZYGNEMA SK HYRACIFORM,RULE 1,A=0;B=0,008016984 14476 DOYST63                                                                         UPCLOSER MONOCOQUE GAB -,VOLERY 3684836666FP,382879.36,382879.36,0.00,0.00,2022-12-16,2022-12-16,0,"Publisher-labeled 1:1 match; numerical differences are review evidence, not a fraud/loss label."
108625624615,949640484442,459303810603,USD_2022-12-03_ACC#00001_66912     0250702507146271 67666                IPL MARACAN COMPRISE SMILAX   BOLL      FT146271 67666                IPL MARACAN SACS RUMMLE,USD_2022-12-03_ACC#00001_66912     0250702507146271 67666                IPL MARACAN COMPRISE SMILAX   BOLL      FT146271 67666                IPL MARACAN SACS RUMMLE,RULE 1,A=0;B=0,FT146271  67666 JO TONITE ETHERIFIES EFI,DEPA-2BLO9K 3435466773VI,2305550.70,2305550.70,0.00,0.00,2022-12-03,2022-12-03,0,"Publisher-labeled 1:1 match; numerical differences are review evidence, not a fraud/loss label."
108697012339,949313559957,385588826650,USD_2022-10-16_ACC#00001_66912     0638106381127040388856OKET286         MORIBUND ROTENONES S SMILAX   BOLL      00127040388856OKET286         MORIBUND ZYGNEMA SK HYRACIFORM,USD_2022-10-16_ACC#00001_66912     0638106381127040388856OKET286         MORIBUND ROTENONES S SMILAX   BOLL      00127040388856OKET286         MORIBUND ZYGNEMA SK HYRACIFORM,RULE 1,A=0;B=0,001270403 88856 OKET286                                                                         UPCLOSER MONOCOQUE GAB -,VOLERY 8404237666FP,11597636.86,11597636.86,0.00,0.00,2022-10-16,2022-10-16,0,"Publisher-labeled 1:1 match; numerical differences are review evidence, not a fraud/loss label."
108732850212,31564422657,577214477229,USD_2022-10-02_ACC#00001_66912     0617806178140631767387COCT949         MORIBUND ROTENONES S SMILAX   BOLL      00140631767387COCT949         MORIBUND ZYGNEMA SK HYRACIFORM,USD_2022-10-02_ACC#00001_66912     0617806178140631767387COCT949         MORIBUND ROTENONES S SMILAX   BOLL      00140631767387COCT949         MORIBUND ZYGNEMA SK HYRACIFORM,RULE 1,A=0;B=0,001406317 67387 COCT949                                                                         ITG MESSER S C CRYOCHORIC,VOLERY 8301734666FP,2254745.30,2254745.30,0.00,0.00,2022-10-02,2022-10-02,0,"Publisher-labeled 1:1 match; numerical differences are review evidence, not a fraud/loss label."
108747336265,351215049026,653628396105,USD_2022-09-24_ACC#00001_66912     0670806708135482214476MEGGY13         MORIBUND ROTENONES S SMILAX   BOLL      00135482214476MEGGY13         MORIBUND ZYGNEMA SK HYRACIFORM,USD_2022-09-24_ACC#00001_66912     0670806708135482214476MEGGY13         MORIBUND ROTENONES S SMILAX   BOLL      00135482214476MEGGY13         MORIBUND ZYGNEMA SK HYRACIFORM,RULE 4,A=0;B=0,001354822 14476 MEGGY13                                                                         UPCLOSER MONOCOQUE GAB -,VOLERY 8830549666FP,477153.77,477153.77,0.00,0.00,2022-09-24,2022-09-24,0,"Publisher-labeled 1:1 match; numerical differences are review evidence, not a fraud/loss label."
108805129515,282517029919,322732969617,USD_2022-10-09_ACC#00001_66912     0617006170149698212101CHARE18         MORIBUND ROTENONES S SMILAX   BOLL      00149698212101CHARE18         MORIBUND ZYGNEMA SK HYRACIFORM,USD_2022-10-09_ACC#00001_66912     0617006170149698212101CHARE18         MORIBUND ROTENONES S SMILAX   BOLL      00149698212101CHARE18         MORIBUND ZYGNEMA SK HYRACIFORM,RULE 1,A=0;B=0,001496982 12101 CHARE18                                                                         JOQVY ELUVIA DESINENT,VOLERY 8343565666FP,3985682.10,3985682.10,0.00,0.00,2022-10-09,2022-10-09,0,"Publisher-labeled 1:1 match; numerical differences are review evidence, not a fraud/loss label."
10889930593,748940303774,832915936259,USD_2022-12-22_ACC#00001_66912     0122001220803450812660BEJIG33         MORIBUND ROTENONES S SMILAX   BOLL      00803450812660BEJIG33         MORIBUND ZYGNEMA SK HYRACIFORM,USD_2022-12-22_ACC#00001_66912     0122001220803450812660BEJIG33         MORIBUND ROTENONES S SMILAX   BOLL      00803450812660BEJIG33         MORIBUND ZYGNEMA SK HYRACIFORM,RULE 1,A=0;B=0,008034508 12660 BEJIG33                                                                         LIXIVIA JACTANCE,VOLERY 3654748666FP,4337507.40,4337507.40,0.00,0.00,2022-12-22,2022-12-22,0,"Publisher-labeled 1:1 match; numerical differences are review evidence, not a fraud/loss label."
109018915101,430313742266,871981372892,USD_2022-12-09_ACC#00001_66912     66325663250 32566TUQUP 088            JOQVY - BAS - DG SMILAX   GFG       VC0 32566TUQUP 088            JOQVY - BAS - DG,USD_2022-12-09_ACC#00001_66912     66325663250 32566TUQUP 088            JOQVY - BAS - DG SMILAX   GFG       VC0 32566TUQUP 088            JOQVY - BAS - DG,RULE 1,A=0;B=0,32566TUQUP 32566TUQUP                                                                      JOQVY - BAS - DG,322756AL61373702 6270966710VI,-892.12,-892.12,0.00,0.00,2022-12-09,2022-12-09,0,"Publisher-labeled 1:1 match; numerical differences are review evidence, not a fraud/loss label."
109034951759,84902857100,259616684783,USD_2022-09-15_ACC#00001_66912     0156801568180183710111CHARE06         MORIBUND VEXES WHUFF SMILAX   BOLL      00180183710111CHARE06         MORIBUND VEXES S FOMALHAUT,USD_2022-09-15_ACC#00001_66912     0156801568180183710111CHARE06         MORIBUND VEXES WHUFF SMILAX   BOLL      00180183710111CHARE06         MORIBUND VEXES S FOMALHAUT,RULE 4,A=0;B=0,001801837 10111 CHARE06                                                                         MEROTROPISM NM CRYOCHORIC,VOLERY 8129375666FP,-44856.96,-44856.96,0.00,0.00,2022-09-15,2022-09-15,0,"Publisher-labeled 1:1 match; numerical differences are review evidence, not a fraud/loss label."
109035088287,447868190968,558715677987,USD_2022-12-31_ACC#00001_66912     0156801568871546017661NAPE090         MORIBUND ROTENONES S SMILAX   BOLL      00871546017661NAPE090         MORIBUND ZYGNEMA SK HYRACIFORM,USD_2022-12-31_ACC#00001_66912     0156801568871546017661NAPE090         MORIBUND ROTENONES S SMILAX   BOLL      00871546017661NAPE090         MORIBUND ZYGNEMA SK HYRACIFORM,RULE 1,A=0;B=0,008715460 17661 NAPE090                                                                         UPCLOSER MONOCOQUE GAB -,VOLERY 3083033666FP,26000867.50,26000867.50,0.00,0.00,2022-12-31,2022-12-31,0,"Publisher-labeled 1:1 match; numerical differences are review evidence, not a fraud/loss label."
109217451287,774604320989,431418131481,USD_2022-09-10_ACC#00001_66912     0670806708184530414476CHARE42         MORIBUND ROTENONES S SMILAX   BOLL      00184530414476CHARE42         MORIBUND ZYGNEMA SK HYRACIFORM,USD_2022-09-10_ACC#00001_66912     0670806708184530414476CHARE42         MORIBUND ROTENONES S SMILAX   BOLL      00184530414476CHARE42         MORIBUND ZYGNEMA SK HYRACIFORM,RULE 4,A=0;B=0,001845304 14476 CHARE42                                                                         UPCLOSER MONOCOQUE GAB -,VOLERY 8132107666FP,22877.46,22880.85,3.39,3.39,2022-09-10,2022-09-10,0,"Publisher-labeled 1:1 match; numerical differences are review evidence, not a fraud/loss label."
109236527732,806086838887,664653139771,USD_2022-12-10_ACC#00001_66912     0603606036806366167888CHOIL61         OFF TMH SEE FAMES SMILAX   BOLL      00806366167888CHOIL61         OFF TMH SEE EMEU S,USD_2022-12-10_ACC#00001_66912     0603606036806366167888CHOIL61         OFF TMH SEE FAMES SMILAX   BOLL      00806366167888CHOIL61         OFF TMH SEE EMEU S,RULE 1,A=0;B=0,008063661 67888 CHOIL61 L9FV0N9                                                                 JO TONITE ETHERIFIES GAB,VOLERY 3665288666FP,115737.33,115737.33,0.00,0.00,2022-12-10,2022-12-10,0,"Publisher-labeled 1:1 match; numerical differences are review evidence, not a fraud/loss label."
109272975017,185895623287,242560425864,USD_2022-09-17_ACC#00001_66912     66325663250 32566XR75V 088            JOQVY - ELUVIA - SMILAX   GFG       VC0 32566XR75V 088            JOQVY - ELUVIA -,USD_2022-09-17_ACC#00001_66912     66325663250 32566XR75V 088            JOQVY - ELUVIA - SMILAX   GFG       VC0 32566XR75V 088            JOQVY - ELUVIA -,RULE 4,A=0;B=0,32566XR75V 32566XR75V                                                                      JOQVY - ELUVIA -,322746AL68104570 6187466082VI,-69898.60,-69898.60,0.00,0.00,2022-09-17,2022-09-17,0,"Publisher-labeled 1:1 match; numerical differences are review evidence, not a fraud/loss label."
109283852444,879339530198,237263146183,USD_2022-11-19_ACC#00001_66912     0156801568194012817661EPEE553         MORIBUND VEXES WHUFF SMILAX   BOLL      00194012817661EPEE553         MORIBUND VEXES S FOMALHAUT,USD_2022-11-19_ACC#00001_66912     0156801568194012817661EPEE553         MORIBUND VEXES WHUFF SMILAX   BOLL      00194012817661EPEE553         MORIBUND VEXES S FOMALHAUT,RULE 1,A=0;B=0,001940128 17661 EPEE553                                                                         UPCLOSER MONOCOQUE GAB -,VOLERY 8532264666FP,-32335318.42,-32335318.42,0.00,0.00,2022-11-19,2022-11-19,0,"Publisher-labeled 1:1 match; numerical differences are review evidence, not a fraud/loss label."
109298620273,604520094163,386747600158,USD_2022-12-08_ACC#00001_66912     0670806708862189714476TUMOR91         MORIBUND VEXES WHUFF SMILAX   BOLL      00862189714476TUMOR91         MORIBUND VEXES S FOMALHAUT,USD_2022-12-08_ACC#00001_66912     0670806708862189714476TUMOR91         MORIBUND VEXES WHUFF SMILAX   BOLL      00862189714476TUMOR91         MORIBUND VEXES S FOMALHAUT,RULE 1,A=0;B=0,008621897 14476 TUMOR91                                                                         UPCLOSER MONOCOQUE GAB -,VOLERY 8959619666FP,-15841.20,-15841.20,0.00,0.00,2022-12-08,2022-12-08,0,"Publisher-labeled 1:1 match; numerical differences are review evidence, not a fraud/loss label."
109306184385,237266387461,503808522864,USD_2022-12-21_ACC#00001_66912     02566025660666H3         6666666666 SMILAX   FGGKR     FW0666H3         6666666666,USD_2022-12-21_ACC#00001_66912     02566025660666H3         6666666666 SMILAX   FGGKR     FW0666H3         6666666666,RULE 3,A=0;B=0,19220716 V19220716                                                                       SHALE           667933724,V192207161016282 9139966781VI,1000000.00,1000000.00,0.00,0.00,2022-12-21,2022-12-21,0,"Publisher-labeled 1:1 match; numerical differences are review evidence, not a fraud/loss label."
109312421730,119868461230,58192961338,USD_2022-12-23_ACC#00001_66912     6670866708P 7084248145 602            OARS PISTRIX -V&F TO SMILAX   OARS      IGN 7084248145 602            OARS PISTRIX -V& F SHY         F SHY,USD_2022-12-23_ACC#00001_66912     6670866708P 7084248145 602            OARS PISTRIX -V&F TO SMILAX   OARS      IGN 7084248145 602            OARS PISTRIX -V& F SHY         F SHY,RULE 3,A=0;B=0,7084248145 7084248145                                                                      OARS PISTRIX -V&F SHY,7084248149 5853966783VI,151529260.40,151529260.40,0.00,0.00,2022-12-23,2022-12-23,0,"Publisher-labeled 1:1 match; numerical differences are review evidence, not a fraud/loss label."
109320223614,897808832940,604883145956,USD_2022-10-26_ACC#00001_66912     0670806708125129014476SHOJI46         MORIBUND ROTENONES S SMILAX   BOLL      00125129014476SHOJI46         MORIBUND ZYGNEMA SK HYRACIFORM,USD_2022-10-26_ACC#00001_66912     0670806708125129014476SHOJI46         MORIBUND ROTENONES S SMILAX   BOLL      00125129014476SHOJI46         MORIBUND ZYGNEMA SK HYRACIFORM,RULE 1,A=0;B=0,001251290 14476 SHOJI46                                                                         UPCLOSER MONOCOQUE GAB -,VOLERY 8445863666FP,128310.90,128310.90,0.00,0.00,2022-10-26,2022-10-26,0,"Publisher-labeled 1:1 match; numerical differences are review evidence, not a fraud/loss label."
109331172198,92183388201,733325140686,USD_2022-09-25_ACC#00001_66912     66325663250 32566ALPHH 088            JOQVY DE -ELUVIA SMILAX   GFG       VC0 32566ALPHH 088            JOQVY DE -ELUVIA,USD_2022-09-25_ACC#00001_66912     66325663250 32566ALPHH 088            JOQVY DE -ELUVIA SMILAX   GFG       VC0 32566ALPHH 088            JOQVY DE -ELUVIA,RULE 3,A=0;B=0,32566ALPHH 32566ALPHH                                                                      JOQVY DE -ELUVIA,32566ALPHH 8264766033VI,12306.02,12306.02,0.00,0.00,2022-09-25,2022-09-25,0,"Publisher-labeled 1:1 match; numerical differences are review evidence, not a fraud/loss label."
1093440057,622688209588,658783550355,USD_2022-12-18_ACC#00001_66912     0122001220801923312660NAPE754         MORIBUND VEXES WHUFF SMILAX   BOLL      00801923312660NAPE754         MORIBUND VEXES S FOMALHAUT,USD_2022-12-18_ACC#00001_66912     0122001220801923312660NAPE754         MORIBUND VEXES WHUFF SMILAX   BOLL      00801923312660NAPE754         MORIBUND VEXES S FOMALHAUT,RULE 1,A=0;B=0,008019233 12660 NAPE754                                                                         UPCLOSER MONOCOQUE GAB -,VOLERY 3644553666FP,-1182948.00,-1182948.00,0.00,0.00,2022-12-18,2022-12-18,0,"Publisher-labeled 1:1 match; numerical differences are review evidence, not a fraud/loss label."
109355182068,95461736803,899507674453,USD_2022-12-02_ACC#00001_66912     66325663250 32566THRA7 088            JOQVY - ELUVIA - SMILAX   GFG       VC0 32566THRA7 088            JOQVY - ELUVIA -,USD_2022-12-02_ACC#00001_66912     66325663250 32566THRA7 088            JOQVY - ELUVIA - SMILAX   GFG       VC0 32566THRA7 088            JOQVY - ELUVIA -,RULE 1,A=0;B=0,32566THRA7 32566THRA7                                                                      JOQVY - ELUVIA -,322746AL68694182 7036266778VI,-2000000.00,-2000000.00,0.00,0.00,2022-12-02,2022-12-02,0,"Publisher-labeled 1:1 match; numerical differences are review evidence, not a fraud/loss label."
109384752250,133025242893,730546381,USD_2022-10-08_ACC#00001_66912     0250702507778681067666                ANDI SEMSEM DIP WOLD SMILAX   BOLL      00778681067666                ANDI SEMSEM DIP  WOLD,USD_2022-10-08_ACC#00001_66912     0250702507778681067666                ANDI SEMSEM DIP WOLD SMILAX   BOLL      00778681067666                ANDI SEMSEM DIP  WOLD,RULE 3,A=0;B=0,007786810 67666 SAUM783 L9N283O                                                                 KAMIAN GOLACH ENHAT INION,007786810-767-0 7034666049VI,20970.00,20970.00,0.00,0.00,2022-10-08,2022-10-08,0,"Publisher-labeled 1:1 match; numerical differences are review evidence, not a fraud/loss label."
109424246884,10978262249,82707789034,USD_2022-10-09_ACC#00001_66912     66325663250 37266APE76 088            JOQ TREPIDATORY SMILAX   GFG       VC0 37266APE76 088            JOQ TREPIDATORY,USD_2022-10-09_ACC#00001_66912     66325663250 37266APE76 088            JOQ TREPIDATORY SMILAX   GFG       VC0 37266APE76 088            JOQ TREPIDATORY,RULE 3,A=0;B=0,37266APE76 37266APE76                                                                      JOQ TREPIDATORY,37266APE76 8089766049VI,51676.33,51676.33,0.00,0.00,2022-10-09,2022-10-09,0,"Publisher-labeled 1:1 match; numerical differences are review evidence, not a fraud/loss label."
109430848483,258942285497,41126126831,USD_2022-11-25_ACC#00001_66912     0147701477194870141477MEGGY88         OFF TMH TIRO FAMES SMILAX   BOLL      00194870141477MEGGY88         OFF TMH TIRO HAU BT,USD_2022-11-25_ACC#00001_66912     0147701477194870141477MEGGY88         OFF TMH TIRO FAMES SMILAX   BOLL      00194870141477MEGGY88         OFF TMH TIRO HAU BT,RULE 1,A=0;B=0,001948701 41477 MEGGY88 L9GT9XA                                                                 UPCLOSER MONOCOQUE GAB -,VOLERY 8599672666FP,-49032243.57,-49032243.57,0.00,0.00,2022-11-25,2022-11-25,0,"Publisher-labeled 1:1 match; numerical differences are review evidence, not a fraud/loss label."
109456579621,419261602097,316646237018,USD_2022-11-11_ACC#00001_66912     0147701477152613041477KELD293         OFF TMH TIRO FAMES SMILAX   BOLL      00152613041477KELD293         OFF TMH TIRO HAU BT,USD_2022-11-11_ACC#00001_66912     0147701477152613041477KELD293         OFF TMH TIRO FAMES SMILAX   BOLL      00152613041477KELD293         OFF TMH TIRO HAU BT,RULE 1,A=0;B=0,001526130 41477 KELD293 L9DR24V                                                                 UPCLOSER MONOCOQUE GAB -,VOLERY 8292586666FP,-1525627.38,-1525627.38,0.00,0.00,2022-11-11,2022-11-11,0,"Publisher-labeled 1:1 match; numerical differences are review evidence, not a fraud/loss label."
109518085218,273135986286,735683216688,USD_2022-12-01_ACC#00001_66912     0122701227868562312667AUG0698         MORIBUND VEXES WHUFF SMILAX   BOLL      00868562312667AUG0698         MORIBUND VEXES S FOMALHAUT,USD_2022-12-01_ACC#00001_66912     0122701227868562312667AUG0698         MORIBUND VEXES WHUFF SMILAX   BOLL      00868562312667AUG0698         MORIBUND VEXES S FOMALHAUT,RULE 1,A=0;B=0,008685623 12667 AUG0698                                                                         UPCLOSER MONOCOQUE GAB -,VOLERY 8912459666FP,-8534706.60,-8534706.60,0.00,0.00,2022-12-01,2022-12-01,0,"Publisher-labeled 1:1 match; numerical differences are review evidence, not a fraud/loss label."
109587369726,569064984933,814352265899,USD_2022-12-21_ACC#00001_66912     0670806708803501214476MEGGY88         MORIBUND VEXES WHUFF SMILAX   BOLL      00803501214476MEGGY88         MORIBUND VEXES S FOMALHAUT,USD_2022-12-21_ACC#00001_66912     0670806708803501214476MEGGY88         MORIBUND VEXES WHUFF SMILAX   BOLL      00803501214476MEGGY88         MORIBUND VEXES S FOMALHAUT,RULE 1,A=0;B=0,008035012 14476 MEGGY88                                                                         ARMOR BD SUBHEADINGS (ZH),VOLERY 3623505666FP,-2189464.89,-2189464.89,0.00,0.00,2022-12-21,2022-12-21,0,"Publisher-labeled 1:1 match; numerical differences are review evidence, not a fraud/loss label."
109646976023,265551851661,850335702686,USD_2022-11-26_ACC#00001_66912     66325663250 32566TLUEI 088            JOQVY - ELUVIA - SMILAX   GFG       VC0 32566TLUEI 088            JOQVY - ELUVIA -,USD_2022-11-26_ACC#00001_66912     66325663250 32566TLUEI 088            JOQVY - ELUVIA - SMILAX   GFG       VC0 32566TLUEI 088            JOQVY - ELUVIA -,RULE 3,A=0;B=0,32566TLUEI 32566TLUEI                                                                      JOQVY - ELUVIA -,32566TLUEI 3023166702VI,31275.88,31275.88,0.00,0.00,2022-11-26,2022-11-26,0,"Publisher-labeled 1:1 match; numerical differences are review evidence, not a fraud/loss label."
109699814301,209370320430,254944100950,USD_2022-10-01_ACC#00001_66912     0617806178148060567387JAUP872         MORIBUND VEXES WHUFF SMILAX   BOLL      00148060567387JAUP872         MORIBUND VEXES S FOMALHAUT,USD_2022-10-01_ACC#00001_66912     0617806178148060567387JAUP872         MORIBUND VEXES WHUFF SMILAX   BOLL      00148060567387JAUP872         MORIBUND VEXES S FOMALHAUT,RULE 1,A=0;B=0,001480605 67387 JAUP872                                                                         NIGROUS VOWED AVIARY BETA,VOLERY 8363642666FP,-88659.41,-88659.41,0.00,0.00,2022-10-01,2022-10-01,0,"Publisher-labeled 1:1 match; numerical differences are review evidence, not a fraud/loss label."
109730995125,402010827024,552813207855,USD_2022-11-16_ACC#00001_66912     0607306073197901667613OKET656         MORIBUND ROTENONES S SMILAX   BOLL      00197901667613OKET656         MORIBUND ZYGNEMA SK HYRACIFORM,USD_2022-11-16_ACC#00001_66912     0607306073197901667613OKET656         MORIBUND ROTENONES S SMILAX   BOLL      00197901667613OKET656         MORIBUND ZYGNEMA SK HYRACIFORM,MANUAL,A=0;B=0,001979016 67613 OKET656                                                                         SLATTERN TYPY OEV,VOLERY 8575168666FP,533502.21,533502.19,-0.02,-0.02,2022-11-16,2022-11-16,0,"Publisher-labeled 1:1 match; numerical differences are review evidence, not a fraud/loss label."
109736562325,744041306366,357995387875,USD_2022-10-05_ACC#00001_66912     0122001220141567912660CUCA207         MORIBUND VEXES WHUFF SMILAX   BOLL      00141567912660CUCA207         MORIBUND VEXES S FOMALHAUT,USD_2022-10-05_ACC#00001_66912     0122001220141567912660CUCA207         MORIBUND VEXES WHUFF SMILAX   BOLL      00141567912660CUCA207         MORIBUND VEXES S FOMALHAUT,RULE 1,A=0;B=0,001415679 12660 CUCA207                                                                         DESOXALIC QUETCH EFI,VOLERY 8373258666FP,-1617419.61,-1617419.61,0.00,0.00,2022-10-05,2022-10-05,0,"Publisher-labeled 1:1 match; numerical differences are review evidence, not a fraud/loss label."
109768278389,345653443826,494305227358,USD_2022-09-17_ACC#00001_66912     0670806708137809314407BOAS637         MORIBUND ROTENONES S SMILAX   BOLL      00137809314407BOAS637         MORIBUND ZYGNEMA SK HYRACIFORM,USD_2022-09-17_ACC#00001_66912     0670806708137809314407BOAS637         MORIBUND ROTENONES S SMILAX   BOLL      00137809314407BOAS637         MORIBUND ZYGNEMA SK HYRACIFORM,RULE 4,A=0;B=0,001378093 14407 BOAS637                                                                         UPCLOSER MONOCOQUE GAB -,VOLERY 8195746666FP,91923.41,91923.41,0.00,0.00,2022-09-17,2022-09-17,0,"Publisher-labeled 1:1 match; numerical differences are review evidence, not a fraud/loss label."
109784072887,673444647387,750272725188,USD_2022-09-23_ACC#00001_66912     66325663250 32566AMEH3 088            JOQVY DE -ELUVIA SMILAX   GFG       VC0 32566AMEH3 088            JOQVY DE -ELUVIA,USD_2022-09-23_ACC#00001_66912     66325663250 32566AMEH3 088            JOQVY DE -ELUVIA SMILAX   GFG       VC0 32566AMEH3 088            JOQVY DE -ELUVIA,RULE 4,A=0;B=0,32566AMEH3 32566AMEH3                                                                      JOQVY DE -ELUVIA,322746AL68774578 4275966031VI,-16373841.69,-16373841.69,0.00,0.00,2022-09-23,2022-09-23,0,"Publisher-labeled 1:1 match; numerical differences are review evidence, not a fraud/loss label."
109788413901,946285170423,824456088206,USD_2022-11-27_ACC#00001_66912     0670806708860223414476SKITE52         MORIBUND ROTENONES S SMILAX   BOLL      00860223414476SKITE52         MORIBUND ZYGNEMA SK HYRACIFORM,USD_2022-11-27_ACC#00001_66912     0670806708860223414476SKITE52         MORIBUND ROTENONES S SMILAX   BOLL      00860223414476SKITE52         MORIBUND ZYGNEMA SK HYRACIFORM,RULE 1,A=0;B=0,008602234 14476 SKITE52                                                                         UPCLOSER MONOCOQUE GAB -,VOLERY 8902911666FP,34825.70,34825.70,0.00,0.00,2022-11-27,2022-11-27,0,"Publisher-labeled 1:1 match; numerical differences are review evidence, not a fraud/loss label."
109866801075,143493475969,212468581826,USD_2022-10-21_ACC#00001_66912     6682866828SHAMESICK FROM JAUN UNFED   JO TONITE AGGEST SMILAX   FGGQQ     PHOTOACTIVE FROM JAUN UNFED   JO TONITE AGGEST               029666664657799466,USD_2022-10-21_ACC#00001_66912     6682866828SHAMESICK FROM JAUN UNFED   JO TONITE AGGEST SMILAX   FGGQQ     PHOTOACTIVE FROM JAUN UNFED   JO TONITE AGGEST               029666664657799466,RULE 1,A=0;B=0,6666666669649417 JO TONITE AGGEST,69649413 0104566057VI,-71692143.00,-71692143.00,0.00,0.00,2022-10-21,2022-10-21,0,"Publisher-labeled 1:1 match; numerical differences are review evidence, not a fraud/loss label."
109868900557,386841596413,225208637708,USD_2022-09-24_ACC#00001_66912     66325663250 32566ALYYP 088            JOQVY - BAS - SF SMILAX   GFG       VC0 32566ALYYP 088            JOQVY - BAS - SF,USD_2022-09-24_ACC#00001_66912     66325663250 32566ALYYP 088            JOQVY - BAS - SF SMILAX   GFG       VC0 32566ALYYP 088            JOQVY - BAS - SF,RULE 4,A=0;B=0,32566ALYYP 32566ALYYP                                                                      JOQVY - BAS - SF,322746MI60358957 7238866033VI,-5614507.22,-5614507.22,0.00,0.00,2022-09-24,2022-09-24,0,"Publisher-labeled 1:1 match; numerical differences are review evidence, not a fraud/loss label."
109932168306,450659478428,538220834713,USD_2022-11-19_ACC#00001_66912     66325663250 32566TIEIV 088            JOQVY - ELUVIA - SMILAX   GFG       VC0 32566TIEIV 088            JOQVY - ELUVIA -,USD_2022-11-19_ACC#00001_66912     66325663250 32566TIEIV 088            JOQVY - ELUVIA - SMILAX   GFG       VC0 32566TIEIV 088            JOQVY - ELUVIA -,RULE 1,A=0;B=0,32566TIEIV 32566TIEIV                                                                      JOQVY - ELUVIA -,322746AL68186954 8539366706VI,-174700.00,-174700.00,0.00,0.00,2022-11-19,2022-11-19,0,"Publisher-labeled 1:1 match; numerical differences are review evidence, not a fraud/loss label."
10994522468,48498273955,790860861734,USD_2022-10-28_ACC#00001_66912     0250702507137905 67666                IPL ODONTOLOGY WHUFF SMILAX   BOLL      FT137905 67666                IPL ODONTOLOGY S FOMALHAUT,USD_2022-10-28_ACC#00001_66912     0250702507137905 67666                IPL ODONTOLOGY WHUFF SMILAX   BOLL      FT137905 67666                IPL ODONTOLOGY S FOMALHAUT,RULE 1,A=0;B=0,FT137905  67666 JO TONITE ETHERIFIES EFI,TRANSILLUMINATOR 2974866059VI,-8478699.87,-8478699.87,0.00,0.00,2022-10-28,2022-10-28,0,"Publisher-labeled 1:1 match; numerical differences are review evidence, not a fraud/loss label."
10995761879,453137597626,309003369903,USD_2022-11-03_ACC#00001_66912     6682866828SHAMESICK FROM JAUN UNFED   JOQ ANNAT CITE SMILAX   FGGQQ     PHOTOACTIVE FROM JAUN UNFED   JOQ ANNAT CITE                 029666669966688666,USD_2022-11-03_ACC#00001_66912     6682866828SHAMESICK FROM JAUN UNFED   JOQ ANNAT CITE SMILAX   FGGQQ     PHOTOACTIVE FROM JAUN UNFED   JOQ ANNAT CITE                 029666669966688666,MANUAL,A=0;B=0,6666666666016655 P660166550819252                                                                JOQ ANNAT CITE,P660166550819252 0845566093VI,118416050.00,118416050.00,0.00,0.00,2022-11-03,2022-11-03,0,"Publisher-labeled 1:1 match; numerical differences are review evidence, not a fraud/loss label."
109972980054,757266112714,732841742773,USD_2022-12-18_ACC#00001_66912     0646406464808035361008NAPE610         MORIBUND ROTENONES S SMILAX   BOLL      00808035361008NAPE610         MORIBUND ZYGNEMA SK HYRACIFORM,USD_2022-12-18_ACC#00001_66912     0646406464808035361008NAPE610         MORIBUND ROTENONES S SMILAX   BOLL      00808035361008NAPE610         MORIBUND ZYGNEMA SK HYRACIFORM,RULE 1,A=0;B=0,008080353 61008 NAPE610                                                                         CLINOGRAPH MESSER DIE GAB,VOLERY 3644310666FP,219484.06,219484.06,0.00,0.00,2022-12-18,2022-12-18,0,"Publisher-labeled 1:1 match; numerical differences are review evidence, not a fraud/loss label."
10997733950,697986194690,96783933146,USD_2022-12-01_ACC#00001_66912     0676506765868402815574NAPE610         MORIBUND VEXES WHUFF SMILAX   BOLL      00868402815574NAPE610         MORIBUND VEXES S FOMALHAUT,USD_2022-12-01_ACC#00001_66912     0676506765868402815574NAPE610         MORIBUND VEXES WHUFF SMILAX   BOLL      00868402815574NAPE610         MORIBUND VEXES S FOMALHAUT,RULE 1,A=0;B=0,008684028 15574 NAPE610                                                                         SLATTERN TYPY OEV,VOLERY 8912455666FP,-458992.81,-458992.81,0.00,0.00,2022-12-01,2022-12-01,0,"Publisher-labeled 1:1 match; numerical differences are review evidence, not a fraud/loss label."
110018377660,528412463501,770033504300,USD_2022-11-27_ACC#00001_66912     0670806708867457114484OKET078         MORIBUND ROTENONES S SMILAX   BOLL      00867457114484OKET078         MORIBUND ZYGNEMA SK HYRACIFORM,USD_2022-11-27_ACC#00001_66912     0670806708867457114484OKET078         MORIBUND ROTENONES S SMILAX   BOLL      00867457114484OKET078         MORIBUND ZYGNEMA SK HYRACIFORM,RULE 1,A=0;B=0,008674571 14484 OKET078                                                                         DESOXALIC QUETCH EFI,VOLERY 8909717666FP,2226684.35,2226684.35,0.00,0.00,2022-11-27,2022-11-27,0,"Publisher-labeled 1:1 match; numerical differences are review evidence, not a fraud/loss label."
110022490908,631669832048,485223861435,USD_2022-10-02_ACC#00001_66912     0609306093146896967005RAKEE55         MORIBUND VEXES WHUFF SMILAX   BOLL      00146896967005RAKEE55         MORIBUND VEXES S FOMALHAUT,USD_2022-10-02_ACC#00001_66912     0609306093146896967005RAKEE55         MORIBUND VEXES WHUFF SMILAX   BOLL      00146896967005RAKEE55         MORIBUND VEXES S FOMALHAUT,RULE 1,A=0;B=0,001468969 67005 RAKEE55                                                                         ASCIDIA GEOMETRINE MOGGIO,VOLERY 8303616666FP,-89069.16,-89069.16,0.00,0.00,2022-10-02,2022-10-02,0,"Publisher-labeled 1:1 match; numerical differences are review evidence, not a fraud/loss label."
110042445146,813238692213,476397140553,USD_2022-11-25_ACC#00001_66912     0147701477860133341477EPEE165         IF TMH SEE FAMES SMILAX   BOLL      00860133341477EPEE165         IF TMH SEE FAMES,USD_2022-11-25_ACC#00001_66912     0147701477860133341477EPEE165         IF TMH SEE FAMES SMILAX   BOLL      00860133341477EPEE165         IF TMH SEE FAMES,RULE 1,A=0;B=0,008601333 41477 EPEE165 L9HX6JV                                                                 UPCLOSER MONOCOQUE GAB -,VOLERY 8599948666FP,2959937.00,2959937.00,0.00,0.00,2022-11-25,2022-11-25,0,"Publisher-labeled 1:1 match; numerical differences are review evidence, not a fraud/loss label."
110098951252,510742742288,353501926529,USD_2022-11-20_ACC#00001_66912     6033960339 SMILAX   GPD,USD_2022-11-20_ACC#00001_66912     6033960339 SMILAX   GPD,RULE 3,A=0;B=0,VIP9126666724467 VIP9126666724467,VIP9126666724467 0845866707VI,737441.88,737441.88,0.00,0.00,2022-11-20,2022-11-20,0,"Publisher-labeled 1:1 match; numerical differences are review evidence, not a fraud/loss label."
11018521012,204504259258,251662204852,USD_2022-12-04_ACC#00001_66912     0122001220863827912660NAPE049         MORIBUND ROTENONES S SMILAX   BOLL      00863827912660NAPE049         MORIBUND ZYGNEMA SK HYRACIFORM,USD_2022-12-04_ACC#00001_66912     0122001220863827912660NAPE049         MORIBUND ROTENONES S SMILAX   BOLL      00863827912660NAPE049         MORIBUND ZYGNEMA SK HYRACIFORM,RULE 1,A=0;B=0,008638279 12660 NAPE049                                                                         UPCLOSER MONOCOQUE GAB -,VOLERY 8944776666FP,708925.32,708925.32,0.00,0.00,2022-12-04,2022-12-04,0,"Publisher-labeled 1:1 match; numerical differences are review evidence, not a fraud/loss label."
110229205763,898853876440,866107257457,USD_2022-10-27_ACC#00001_66912     0670806708129112214476AUG6258         MORIBUND ROTENONES S SMILAX   BOLL      00129112214476AUG6258         MORIBUND ZYGNEMA SK HYRACIFORM,USD_2022-10-27_ACC#00001_66912     0670806708129112214476AUG6258         MORIBUND ROTENONES S SMILAX   BOLL      00129112214476AUG6258         MORIBUND ZYGNEMA SK HYRACIFORM,RULE 1,A=0;B=0,001291122 14476 AUG6258                                                                         UPCLOSER MONOCOQUE GAB -,VOLERY 8425727666FP,103600.78,103600.78,0.00,0.00,2022-10-27,2022-10-27,0,"Publisher-labeled 1:1 match; numerical differences are review evidence, not a fraud/loss label."
110265611767,413951450826,141847564332,USD_2022-12-23_ACC#00001_66912     02566025660666H3         6666666666 SMILAX   FGGKR     FW0666H3         6666666666,USD_2022-12-23_ACC#00001_66912     02566025660666H3         6666666666 SMILAX   FGGKR     FW0666H3         6666666666,RULE 3,A=0;B=0,80576906 V80576906                                                                       SHALE           667933724,V805769066711425 2053366783VI,333530.00,333530.00,0.00,0.00,2022-12-23,2022-12-23,0,"Publisher-labeled 1:1 match; numerical differences are review evidence, not a fraud/loss label."
110266785919,381070410356,208002990619,USD_2022-12-11_ACC#00001_66912     0600306003800278467609CHARE18         MORIBUND VEXES WHUFF SMILAX   BOLL      00800278467609CHARE18         MORIBUND VEXES S FOMALHAUT,USD_2022-12-11_ACC#00001_66912     0600306003800278467609CHARE18         MORIBUND VEXES WHUFF SMILAX   BOLL      00800278467609CHARE18         MORIBUND VEXES S FOMALHAUT,RULE 1,A=0;B=0,008002784 67609 CHARE18                                                                         PALOUR PROMINIMUM & ALGID,VOLERY 3602279666FP,-887801.67,-887801.67,0.00,0.00,2022-12-11,2022-12-11,0,"Publisher-labeled 1:1 match; numerical differences are review evidence, not a fraud/loss label."
110316983654,309742250631,752455469165,USD_2022-10-14_ACC#00001_66912     0670806708120791214476VINYL90         MORIBUND ROTENONES S SMILAX   BOLL      00120791214476VINYL90         MORIBUND ZYGNEMA SK HYRACIFORM,USD_2022-10-14_ACC#00001_66912     0670806708120791214476VINYL90         MORIBUND ROTENONES S SMILAX   BOLL      00120791214476VINYL90         MORIBUND ZYGNEMA SK HYRACIFORM,RULE 1,A=0;B=0,001207912 14476 VINYL90                                                                         UPCLOSER MONOCOQUE GAB -,VOLERY 8398897666FP,26236.31,26236.31,0.00,0.00,2022-10-14,2022-10-14,0,"Publisher-labeled 1:1 match; numerical differences are review evidence, not a fraud/loss label."
110318341965,94667812825,32944213002,USD_2022-11-02_ACC#00001_66912     0676506765158683255570OKET656         MORIBUND VEXES WHUFF SMILAX   BOLL      00158683255570OKET656         MORIBUND VEXES S FOMALHAUT,USD_2022-11-02_ACC#00001_66912     0676506765158683255570OKET656         MORIBUND VEXES WHUFF SMILAX   BOLL      00158683255570OKET656         MORIBUND VEXES S FOMALHAUT,RULE 1,A=0;B=0,001586832 55570 OKET656                                                                         JACKPLANE AVIARY PANTOPOD,VOLERY 8274632666FP,-2736455.47,-2736455.47,0.00,0.00,2022-11-02,2022-11-02,0,"Publisher-labeled 1:1 match; numerical differences are review evidence, not a fraud/loss label."
110349444381,824501090718,163895700501,USD_2022-10-14_ACC#00001_66912     0256602566 SMILAX   FGGKR,USD_2022-10-14_ACC#00001_66912     0256602566 SMILAX   FGGKR,RULE 1,A=0;B=0,56824116 ALME7U6034JOQG7U                                                                JO TONITE SAUNT 664952723,V568226767879837 5564566023VI,-5510638.88,-5510638.88,0.00,0.00,2022-10-14,2022-10-14,0,"Publisher-labeled 1:1 match; numerical differences are review evidence, not a fraud/loss label."
110352489735,942342889146,349821545797,USD_2022-11-13_ACC#00001_66912     02566025667313           6666666666 SMILAX   FGGKR     KR7313           6666666666                                     666666666666666,USD_2022-11-13_ACC#00001_66912     02566025667313           6666666666 SMILAX   FGGKR     KR7313           6666666666                                     666666666666666,RULE 1,A=0;B=0,13279506 V13279506                                                                       JOQVY STRIDULANT667243948,JOE696272-666674 L-8695566765LL,4106655.64,4106655.64,0.00,0.00,2022-11-13,2022-11-13,0,"Publisher-labeled 1:1 match; numerical differences are review evidence, not a fraud/loss label."
110375268027,230088026563,956599439800,USD_2022-12-17_ACC#00001_66912     66325663250 32566TR6MN 088            JOQVY DE -ELUVIA SMILAX   GFG       VC0 32566TR6MN 088            JOQVY DE -ELUVIA,USD_2022-12-17_ACC#00001_66912     66325663250 32566TR6MN 088            JOQVY DE -ELUVIA SMILAX   GFG       VC0 32566TR6MN 088            JOQVY DE -ELUVIA,RULE 1,A=0;B=0,32566TR6MN 32566TR6MN                                                                      JOQVY DE -ELUVIA,322746AL68117911 1738466719VI,-1691.81,-1691.81,0.00,0.00,2022-12-17,2022-12-17,0,"Publisher-labeled 1:1 match; numerical differences are review evidence, not a fraud/loss label."
110402488876,446027228854,999201036508,USD_2022-12-17_ACC#00001_66912     0608706087801347515601KAVI758         MORIBUND VEXES WHUFF SMILAX   BOLL      00801347515601KAVI758         MORIBUND VEXES S FOMALHAUT,USD_2022-12-17_ACC#00001_66912     0608706087801347515601KAVI758         MORIBUND VEXES WHUFF SMILAX   BOLL      00801347515601KAVI758         MORIBUND VEXES S FOMALHAUT,RULE 1,A=0;B=0,008013475 15601 KAVI758                                                                         UPCLOSER MONOCOQUE GAB -,VOLERY 3632392666FP,-235147.07,-235147.07,0.00,0.00,2022-12-17,2022-12-17,0,"Publisher-labeled 1:1 match; numerical differences are review evidence, not a fraud/loss label."
110423444680,618634618677,602911171250,USD_2022-12-15_ACC#00001_66912     66325663250 32566TPN70 088            JOQVY - BAS - DG SMILAX   GFG       VC0 32566TPN70 088            JOQVY - BAS - DG,USD_2022-12-15_ACC#00001_66912     66325663250 32566TPN70 088            JOQVY - BAS - DG SMILAX   GFG       VC0 32566TPN70 088            JOQVY - BAS - DG,RULE 1,A=0;B=0,32566TPN70 32566TPN70                                                                      JOQVY - BAS - DG,322756AL61308334 3772766712VI,-163.30,-163.30,0.00,0.00,2022-12-15,2022-12-15,0,"Publisher-labeled 1:1 match; numerical differences are review evidence, not a fraud/loss label."
110475062140,933057144019,117052299302,USD_2022-10-12_ACC#00001_66912     66325663250 37266AGBAR 088            JOQ TREPIDATORY SMILAX   GFG       VC0 37266AGBAR 088            JOQ TREPIDATORY,USD_2022-10-12_ACC#00001_66912     66325663250 37266AGBAR 088            JOQ TREPIDATORY SMILAX   GFG       VC0 37266AGBAR 088            JOQ TREPIDATORY,RULE 1,A=0;B=0,37266AGBAR 37266AGBAR                                                                      JOQ TREPIDATORY,784506BW65892141 5204166027VI,-35720.00,-35720.00,0.00,0.00,2022-10-12,2022-10-12,0,"Publisher-labeled 1:1 match; numerical differences are review evidence, not a fraud/loss label."
110519191861,952978177424,404972406833,USD_2022-10-15_ACC#00001_66912     0670806708120901014409NAUT048         MORIBUND VEXES WHUFF SMILAX   BOLL      00120901014409NAUT048         MORIBUND VEXES S FOMALHAUT,USD_2022-10-15_ACC#00001_66912     0670806708120901014409NAUT048         MORIBUND VEXES WHUFF SMILAX   BOLL      00120901014409NAUT048         MORIBUND VEXES S FOMALHAUT,RULE 1,A=0;B=0,001209010 14409 NAUT048                                                                         UPCLOSER MONOCOQUE GAB -,VOLERY 8464338666FP,-90486.03,-90486.03,0.00,0.00,2022-10-15,2022-10-15,0,"Publisher-labeled 1:1 match; numerical differences are review evidence, not a fraud/loss label."
110524246383,609308800407,257150172712,USD_2022-12-10_ACC#00001_66912     0147701477800184041477OKET078         IF TMH SEE FAMES SMILAX   BOLL      00800184041477OKET078         IF TMH SEE FAMES,USD_2022-12-10_ACC#00001_66912     0147701477800184041477OKET078         IF TMH SEE FAMES SMILAX   BOLL      00800184041477OKET078         IF TMH SEE FAMES,RULE 1,A=0;B=0,008001840 41477 OKET078 L9FV1DL                                                                 JOQVY H.C. ZUCCHINIS TENT,VOLERY 3665574666FP,21155036.70,21155036.70,0.00,0.00,2022-12-10,2022-12-10,0,"Publisher-labeled 1:1 match; numerical differences are review evidence, not a fraud/loss label."
110536055878,38953377453,958751161572,USD_2022-10-05_ACC#00001_66912     66325663250 32566AQH2U 088            JOQVY - BAS - DG SMILAX   GFG       VC0 32566AQH2U 088            JOQVY - BAS - DG,USD_2022-10-05_ACC#00001_66912     66325663250 32566AQH2U 088            JOQVY - BAS - DG SMILAX   GFG       VC0 32566AQH2U 088            JOQVY - BAS - DG,RULE 1,A=0;B=0,32566AQH2U 32566AQH2U                                                                      JOQVY - BAS - DG,322756AL61845988 9172566044VI,-1618813.20,-1618813.20,0.00,0.00,2022-10-05,2022-10-05,0,"Publisher-labeled 1:1 match; numerical differences are review evidence, not a fraud/loss label."
110575858491,893057969562,553360987713,USD_2022-09-16_ACC#00001_66912     66325663250 32566AVUUR 088            JOQVY - BAS - DG SMILAX   GFG       VC0 32566AVUUR 088            JOQVY - BAS - DG,USD_2022-09-16_ACC#00001_66912     66325663250 32566AVUUR 088            JOQVY - BAS - DG SMILAX   GFG       VC0 32566AVUUR 088            JOQVY - BAS - DG,RULE 4,A=0;B=0,32566AVUUR 32566AVUUR                                                                      JOQVY - BAS - DG,322756AL61825193 9657966082VI,-285291.26,-285291.26,0.00,0.00,2022-09-16,2022-09-16,0,"Publisher-labeled 1:1 match; numerical differences are review evidence, not a fraud/loss label."
110578331779,164676791439,907351976230,USD_2022-09-21_ACC#00001_66912     0670806708131849814476SHOJI46         MORIBUND VEXES WHUFF SMILAX   BOLL      00131849814476SHOJI46         MORIBUND VEXES S FOMALHAUT,USD_2022-09-21_ACC#00001_66912     0670806708131849814476SHOJI46         MORIBUND VEXES WHUFF SMILAX   BOLL      00131849814476SHOJI46         MORIBUND VEXES S FOMALHAUT,RULE 4,A=0;B=0,001318498 14476 SHOJI46                                                                         UPCLOSER MONOCOQUE GAB -,VOLERY 8871030666FP,-76297.00,-76297.00,0.00,0.00,2022-09-21,2022-09-21,0,"Publisher-labeled 1:1 match; numerical differences are review evidence, not a fraud/loss label."
110635511550,141430970960,286026748623,USD_2022-09-16_ACC#00001_66912     0670806708136981714407YAMUN64         MORIBUND ROTENONES S SMILAX   BOLL      00136981714407YAMUN64         MORIBUND ZYGNEMA SK HYRACIFORM,USD_2022-09-16_ACC#00001_66912     0670806708136981714407YAMUN64         MORIBUND ROTENONES S SMILAX   BOLL      00136981714407YAMUN64         MORIBUND ZYGNEMA SK HYRACIFORM,RULE 4,A=0;B=0,001369817 14407 YAMUN64                                                                         UPCLOSER MONOCOQUE GAB -,VOLERY 8152935666FP,30128.83,30128.83,0.00,0.00,2022-09-16,2022-09-16,0,"Publisher-labeled 1:1 match; numerical differences are review evidence, not a fraud/loss label."
110668415733,517225218575,574371322344,USD_2022-11-04_ACC#00001_66912     0670806708158483314407JAUP422         MORIBUND VEXES WHUFF SMILAX   BOLL      00158483314407JAUP422         MORIBUND VEXES S FOMALHAUT,USD_2022-11-04_ACC#00001_66912     0670806708158483314407JAUP422         MORIBUND VEXES WHUFF SMILAX   BOLL      00158483314407JAUP422         MORIBUND VEXES S FOMALHAUT,RULE 1,A=0;B=0,001584833 14407 JAUP422                                                                         UPCLOSER MONOCOQUE GAB -,VOLERY 8282294666FP,-175634.63,-175634.63,0.00,0.00,2022-11-04,2022-11-04,0,"Publisher-labeled 1:1 match; numerical differences are review evidence, not a fraud/loss label."
110751544039,536070111554,345687858309,USD_2022-10-01_ACC#00001_66912     0147701477141490741477AUG0672         OFF TMH SEE FAMES SMILAX   BOLL      00141490741477AUG0672         OFF TMH SEE EMEU S,USD_2022-10-01_ACC#00001_66912     0147701477141490741477AUG0672         OFF TMH SEE FAMES SMILAX   BOLL      00141490741477AUG0672         OFF TMH SEE EMEU S,RULE 1,A=0;B=0,001414907 41477 AUG0672 L9Y336L                                                                 JOQVY H.C. ZUCCHINIS TENT,VOLERY 8368469666FP,4409043.04,4409043.04,0.00,0.00,2022-10-01,2022-10-01,0,"Publisher-labeled 1:1 match; numerical differences are review evidence, not a fraud/loss label."
110768495353,14453808282,619324433176,USD_2022-10-02_ACC#00001_66912     02566025660666H3         6666666666 SMILAX   FGGKR     FW0666H3         6666666666,USD_2022-10-02_ACC#00001_66912     02566025660666H3         6666666666 SMILAX   FGGKR     FW0666H3         6666666666,RULE 3,A=0;B=0,12458148 V12458148                                                                       JOQVY STRID     664952723,V124581480779433 8303766041VI,5000000.00,5000000.00,0.00,0.00,2022-10-02,2022-10-02,0,"Publisher-labeled 1:1 match; numerical differences are review evidence, not a fraud/loss label."
110817455721,738455756106,909926400338,USD_2022-10-05_ACC#00001_66912     0147701477144327941477AUG0672         IF TMH TIRO FAMES SMILAX   BOLL      00144327941477AUG0672         IF TMH TIRO EMEU S,USD_2022-10-05_ACC#00001_66912     0147701477144327941477AUG0672         IF TMH TIRO FAMES SMILAX   BOLL      00144327941477AUG0672         IF TMH TIRO EMEU S,RULE 1,A=0;B=0,001443279 41477 AUG0672 L9Y4093                                                                 JOQVY H.C. ZUCCHINIS TENT,VOLERY 8378325666FP,-28525144.43,-28525144.43,0.00,0.00,2022-10-05,2022-10-05,0,"Publisher-labeled 1:1 match; numerical differences are review evidence, not a fraud/loss label."
110822170159,418067520043,509908384829,USD_2022-11-05_ACC#00001_66912     0670806708158449114476CUCA199         MORIBUND VEXES WHUFF SMILAX   BOLL      00158449114476CUCA199         MORIBUND VEXES S FOMALHAUT,USD_2022-11-05_ACC#00001_66912     0670806708158449114476CUCA199         MORIBUND VEXES WHUFF SMILAX   BOLL      00158449114476CUCA199         MORIBUND VEXES S FOMALHAUT,RULE 1,A=0;B=0,001584491 14476 CUCA199                                                                         UPCLOSER MONOCOQUE GAB -,VOLERY 8235219666FP,-23588.02,-23588.02,0.00,0.00,2022-11-05,2022-11-05,0,"Publisher-labeled 1:1 match; numerical differences are review evidence, not a fraud/loss label."
110824723721,614556254920,88576909731,USD_2022-11-23_ACC#00001_66912     66325663250 32566TKRI0 088            JOQVY DE-BAS - T SMILAX   GFG       VC0 32566TKRI0 088            JOQVY DE-BAS - T,USD_2022-11-23_ACC#00001_66912     66325663250 32566TKRI0 088            JOQVY DE-BAS - T SMILAX   GFG       VC0 32566TKRI0 088            JOQVY DE-BAS - T,RULE 3,A=0;B=0,32566TKRI0 32566TKRI0                                                                      JOQVY DE-BAS - T,32566TKRI0 1638366707VI,128151.84,128151.84,0.00,0.00,2022-11-23,2022-11-23,0,"Publisher-labeled 1:1 match; numerical differences are review evidence, not a fraud/loss label."
110824898339,209536573437,122207041901,USD_2022-09-22_ACC#00001_66912     0607606076134339167674HUBBA50         MORIBUND ROTENONES S SMILAX   BOLL      00134339167674HUBBA50         MORIBUND ZYGNEMA SK HYRACIFORM,USD_2022-09-22_ACC#00001_66912     0607606076134339167674HUBBA50         MORIBUND ROTENONES S SMILAX   BOLL      00134339167674HUBBA50         MORIBUND ZYGNEMA SK HYRACIFORM,RULE 4,A=0;B=0,001343391 67674 HUBBA50                                                                         JO TONITE ETHERIFIES GAB,VOLERY 8811662666FP,460.69,460.69,0.00,0.00,2022-09-22,2022-09-22,0,"Publisher-labeled 1:1 match; numerical differences are review evidence, not a fraud/loss label."
110864739995,832022328550,25671564615,USD_2022-12-03_ACC#00001_66912     66325663250 32566THNQQ 088            JOQVY - ELUVIA - SMILAX   GFG       VC0 32566THNQQ 088            JOQVY - ELUVIA -,USD_2022-12-03_ACC#00001_66912     66325663250 32566THNQQ 088            JOQVY - ELUVIA - SMILAX   GFG       VC0 32566THNQQ 088            JOQVY - ELUVIA -,RULE 1,A=0;B=0,32566THNQQ 32566THNQQ                                                                      JOQVY - ELUVIA -,322746AL68182695 1713366778VI,-26271.15,-26271.15,0.00,0.00,2022-12-03,2022-12-03,0,"Publisher-labeled 1:1 match; numerical differences are review evidence, not a fraud/loss label."
110917204733,458907904126,376628228428,USD_2022-12-17_ACC#00001_66912     0250702507116952 67666                SEMSEM MARACAN WHUFF SMILAX   BOLL      RM116952 67666                SEMSEM MARACAN S FOMALHAUT,USD_2022-12-17_ACC#00001_66912     0250702507116952 67666                SEMSEM MARACAN WHUFF SMILAX   BOLL      RM116952 67666                SEMSEM MARACAN S FOMALHAUT,RULE 3,A=0;B=0,RM116952  67666 ASCIDIA GEOMETRINE MOGGIO,RM116952-767-660 7381166719VI,2966.00,2966.00,0.00,0.00,2022-12-17,2022-12-17,0,"Publisher-labeled 1:1 match; numerical differences are review evidence, not a fraud/loss label."
110923586656,18000796890,113661342193,USD_2022-09-18_ACC#00001_66912     0779507795 SMILAX   WAP,USD_2022-09-18_ACC#00001_66912     0779507795 SMILAX   WAP,RULE 4,A=0;B=0,6X77656K62666863 6361656K6T6I6N66                                                                UPCLOSER QUETCH EFI (WYE-,6X77656K62666862 0252066037VI,-1195.50,-1195.50,0.00,0.00,2022-09-18,2022-09-21,3,"Publisher-labeled 1:1 match; numerical differences are review evidence, not a fraud/loss label."
111166882946,937588130167,677306422061,USD_2022-12-16_ACC#00001_66912     6692666926GOSCHEN BYP CIVY 69         BT40057 SMILAX   GESS      FANTASIAS BYP CIVY 69         BT40057,USD_2022-12-16_ACC#00001_66912     6692666926GOSCHEN BYP CIVY 69         BT40057 SMILAX   GESS      FANTASIAS BYP CIVY 69         BT40057,RULE 1,A=0;B=0,666071 666666667407970,IRGG-2VAVS4 9353566715VI,50.00,50.00,0.00,0.00,2022-12-16,2022-12-16,0,"Publisher-labeled 1:1 match; numerical differences are review evidence, not a fraud/loss label."
111191438163,321685478242,259358626501,USD_2022-12-15_ACC#00001_66912     6692666926TC CIVY ZUCCHINIS           L630697 SMILAX   GESS      FQOM CIVY ZUCCHINIS           L630697,USD_2022-12-15_ACC#00001_66912     6692666926TC CIVY ZUCCHINIS           L630697 SMILAX   GESS      FQOM CIVY ZUCCHINIS           L630697,RULE 1,A=0;B=0,666766 666666667478125,6017466712RN 6017466712RN,851.00,851.00,0.00,0.00,2022-12-15,2022-12-15,0,"Publisher-labeled 1:1 match; numerical differences are review evidence, not a fraud/loss label."
111248155762,819585576997,367375764520,USD_2022-09-16_ACC#00001_66912     66325663250 32566AVV9Y 088            PRYSE - BAS - DG SMILAX   GFG       VC0 32566AVV9Y 088            PRYSE - BAS - DG,USD_2022-09-16_ACC#00001_66912     66325663250 32566AVV9Y 088            PRYSE - BAS - DG SMILAX   GFG       VC0 32566AVV9Y 088            PRYSE - BAS - DG,RULE 4,A=0;B=0,32566AVV9Y 32566AVV9Y                                                                      PRYSE - BAS - DG,779746BW68770540 L-4366266084VI,-3407.20,-3406.28,0.92,-0.92,2022-09-16,2022-09-16,0,"Publisher-labeled 1:1 match; numerical differences are review evidence, not a fraud/loss label."
111265635975,478830340730,190304885598,USD_2022-12-10_ACC#00001_66912     0603606036800128767888EPEE553         IF TMH SEE FAMES SMILAX   BOLL      00800128767888EPEE553         IF TMH SEE FAMES,USD_2022-12-10_ACC#00001_66912     0603606036800128767888EPEE553         IF TMH SEE FAMES SMILAX   BOLL      00800128767888EPEE553         IF TMH SEE FAMES,RULE 1,A=0;B=0,008001287 67888 EPEE553 L9FV1CK                                                                 JO TONITE ETHERIFIES GAB,VOLERY 3665503666FP,12850453.78,12850453.78,0.00,0.00,2022-12-10,2022-12-10,0,"Publisher-labeled 1:1 match; numerical differences are review evidence, not a fraud/loss label."
111271379922,345056697794,948100242278,USD_2022-10-09_ACC#00001_66912     66325663250 37266APLKJ 088            JOQ TREPIDATORY SMILAX   GFG       VC0 37266APLKJ 088            JOQ TREPIDATORY,USD_2022-10-09_ACC#00001_66912     66325663250 37266APLKJ 088            JOQ TREPIDATORY SMILAX   GFG       VC0 37266APLKJ 088            JOQ TREPIDATORY,RULE 1,A=0;B=0,37266APLKJ 37266APLKJ                                                                      JOQ TREPIDATORY,784506BW65853445 4753466026VI,-18257.83,-18257.83,0.00,0.00,2022-10-09,2022-10-09,0,"Publisher-labeled 1:1 match; numerical differences are review evidence, not a fraud/loss label."
111297948104,549395006899,53412911358,USD_2022-12-08_ACC#00001_66912     0670806708865038114476UNDOG18         MORIBUND ROTENONES S SMILAX   BOLL      00865038114476UNDOG18         MORIBUND ZYGNEMA SK HYRACIFORM,USD_2022-12-08_ACC#00001_66912     0670806708865038114476UNDOG18         MORIBUND ROTENONES S SMILAX   BOLL      00865038114476UNDOG18         MORIBUND ZYGNEMA SK HYRACIFORM,RULE 1,A=0;B=0,008650381 14476 UNDOG18                                                                         UPCLOSER MONOCOQUE GAB -,VOLERY 8952374666FP,128273.54,128273.54,0.00,0.00,2022-12-08,2022-12-08,0,"Publisher-labeled 1:1 match; numerical differences are review evidence, not a fraud/loss label."
111314879391,214651991036,646581558437,USD_2022-12-16_ACC#00001_66912     0256602566 SMILAX   FGGKR,USD_2022-12-16_ACC#00001_66912     0256602566 SMILAX   FGGKR,RULE 1,A=0;B=0,32288954 ALME7U6349JOQG7U                                                                JO TONITE SAUNT 664952723,V149706867832879 5884666715VI,-175328.00,-175328.00,0.00,0.00,2022-12-16,2022-12-16,0,"Publisher-labeled 1:1 match; numerical differences are review evidence, not a fraud/loss label."
111341126934,783369323332,668694908169,USD_2022-12-31_ACC#00001_66912     0646406464876997761008FUGIT78         MORIBUND VEXES WHUFF SMILAX   BOLL      00876997761008FUGIT78         MORIBUND VEXES S FOMALHAUT,USD_2022-12-31_ACC#00001_66912     0646406464876997761008FUGIT78         MORIBUND VEXES WHUFF SMILAX   BOLL      00876997761008FUGIT78         MORIBUND VEXES S FOMALHAUT,RULE 1,A=0;B=0,008769977 61008 FUGIT78                                                                         MUTUALITY AVIARY DEFENSER,VOLERY 3083269666FP,-378719.38,-378719.38,0.00,0.00,2022-12-31,2022-12-31,0,"Publisher-labeled 1:1 match; numerical differences are review evidence, not a fraud/loss label."
111385375352,624452457356,109399019258,USD_2022-10-29_ACC#00001_66912     66325663250 32566B13I8 088            JOQVY - ELUVIA - SMILAX   GFG       VC0 32566B13I8 088            JOQVY - ELUVIA -,USD_2022-10-29_ACC#00001_66912     66325663250 32566B13I8 088            JOQVY - ELUVIA - SMILAX   GFG       VC0 32566B13I8 088            JOQVY - ELUVIA -,RULE 1,A=0;B=0,32566B13I8 32566B13I8                                                                      JOQVY - ELUVIA -,322746AL68118860 9633466059VI,-110624.35,-110624.35,0.00,0.00,2022-10-29,2022-10-29,0,"Publisher-labeled 1:1 match; numerical differences are review evidence, not a fraud/loss label."
111409663681,359463190535,863440362913,USD_2022-10-07_ACC#00001_66912     0719407194 SMILAX   FGGKR,USD_2022-10-07_ACC#00001_66912     0719407194 SMILAX   FGGKR,RULE 3,A=0;B=0,12207183 LUNY3E1514JOQG7U                                                                SLATTERN TYPY   706670310,LUNY3E1514JOQG7U 1761066045XD,-1000000.00,-1000000.00,0.00,0.00,2022-10-07,2022-10-07,0,"Publisher-labeled 1:1 match; numerical differences are review evidence, not a fraud/loss label."
111491531149,563143830100,61985062300,USD_2022-10-02_ACC#00001_66912     0670806708141233614476DODOS62         MORIBUND ROTENONES S SMILAX   BOLL      00141233614476DODOS62         MORIBUND ZYGNEMA SK HYRACIFORM,USD_2022-10-02_ACC#00001_66912     0670806708141233614476DODOS62         MORIBUND ROTENONES S SMILAX   BOLL      00141233614476DODOS62         MORIBUND ZYGNEMA SK HYRACIFORM,RULE 1,A=0;B=0,001412336 14476 DODOS62                                                                         UPCLOSER MONOCOQUE GAB -,VOLERY 8301794666FP,161595.84,161595.84,0.00,0.00,2022-10-02,2022-10-02,0,"Publisher-labeled 1:1 match; numerical differences are review evidence, not a fraud/loss label."
111495221012,214236534763,30838416237,USD_2022-12-31_ACC#00001_66912     0256602566 SMILAX   FGGKR,USD_2022-12-31_ACC#00001_66912     0256602566 SMILAX   FGGKR,RULE 1,A=0;B=0,32537156 ALME7U1009JOQG7U                                                                JO TONITE SAUNT 664952723,V892029766938905 5115566731VI,-400000.00,-400000.00,0.00,0.00,2022-12-31,2022-12-31,0,"Publisher-labeled 1:1 match; numerical differences are review evidence, not a fraud/loss label."
111527274879,290352469432,102748553104,USD_2022-10-05_ACC#00001_66912     0256602566 SMILAX   FGGKR,USD_2022-10-05_ACC#00001_66912     0256602566 SMILAX   FGGKR,RULE 3,A=0;B=0,32797014 ALME112193JOQG7U                                                                JO TONITE SAUNT 664952723,ALME112193JOQG7U 0682016236,-8000000.00,-8000000.00,0.00,0.00,2022-10-05,2022-10-05,0,"Publisher-labeled 1:1 match; numerical differences are review evidence, not a fraud/loss label."
111554283273,880973101804,773741551727,USD_2022-09-11_ACC#00001_66912     0670806708182994514476CHARE58         MORIBUND ROTENONES S SMILAX   BOLL      00182994514476CHARE58         MORIBUND ZYGNEMA SK HYRACIFORM,USD_2022-09-11_ACC#00001_66912     0670806708182994514476CHARE58         MORIBUND ROTENONES S SMILAX   BOLL      00182994514476CHARE58         MORIBUND ZYGNEMA SK HYRACIFORM,RULE 4,A=0;B=0,001829945 14476 CHARE58                                                                         UPCLOSER MONOCOQUE GAB -,VOLERY 8142855666FP,50280.20,50280.20,0.00,0.00,2022-09-11,2022-09-11,0,"Publisher-labeled 1:1 match; numerical differences are review evidence, not a fraud/loss label."
111592745090,308174529672,306263616958,USD_2022-10-15_ACC#00001_66912     0786007860127438089250AUG0672         MORIBUND ROTENONES S SMILAX   BOLL      00127438089250AUG0672         MORIBUND ZYGNEMA SK HYRACIFORM,USD_2022-10-15_ACC#00001_66912     0786007860127438089250AUG0672         MORIBUND ROTENONES S SMILAX   BOLL      00127438089250AUG0672         MORIBUND ZYGNEMA SK HYRACIFORM,RULE 1,A=0;B=0,001274380 89250 AUG0672                                                                         UPCLOSER MONOCOQUE GAB -,VOLERY 8464643666FP,21073008.19,21073008.19,0.00,0.00,2022-10-15,2022-10-15,0,"Publisher-labeled 1:1 match; numerical differences are review evidence, not a fraud/loss label."
111616776316,861929633384,251458530092,USD_2022-10-15_ACC#00001_66912     6682866828SHAMESICK FROM JAUN UNFED   JEE - DESINENT SMILAX   FGGQQ     PHOTOACTIVE FROM JAUN UNFED   JEE - DESINENT                 029666033666666666,USD_2022-10-15_ACC#00001_66912     6682866828SHAMESICK FROM JAUN UNFED   JEE - DESINENT SMILAX   FGGQQ     PHOTOACTIVE FROM JAUN UNFED   JEE - DESINENT                 029666033666666666,RULE 1,A=0;B=0,6666666665135456 JEE - DESINENT,65135429 1374666024VI,-1730000000.00,-1730000000.00,0.00,0.00,2022-10-15,2022-10-15,0,"Publisher-labeled 1:1 match; numerical differences are review evidence, not a fraud/loss label."
11164327469,954250629153,653552431069,USD_2022-12-08_ACC#00001_66912     6033960339 SMILAX   GPD,USD_2022-12-08_ACC#00001_66912     6033960339 SMILAX   GPD,RULE 3,A=0;B=0,VIP9126666750365 VIP9126666750365,VIP9126666750365 8102266716FW,-67398254.62,-67398254.62,0.00,0.00,2022-12-08,2022-12-08,0,"Publisher-labeled 1:1 match; numerical differences are review evidence, not a fraud/loss label."
111643996639,95966345815,232717823816,USD_2022-11-02_ACC#00001_66912     0256602566 SMILAX   FGGKR,USD_2022-11-02_ACC#00001_66912     0256602566 SMILAX   FGGKR,MANUAL,A=0;B=0,32857740 ALME7U9950JOQG7U                                                                JO TONITE SAUNT 664952723,V928217466531774 2297366098VI,-7529.61,-7528.19,1.42,-1.42,2022-11-02,2022-11-02,0,"Publisher-labeled 1:1 match; numerical differences are review evidence, not a fraud/loss label."
111648979151,541986892629,483308584507,USD_2022-10-12_ACC#00001_66912     0156801568149840017661CUTIN45         MORIBUND ROTENONES S SMILAX   BOLL      00149840017661CUTIN45         MORIBUND ZYGNEMA SK HYRACIFORM,USD_2022-10-12_ACC#00001_66912     0156801568149840017661CUTIN45         MORIBUND ROTENONES S SMILAX   BOLL      00149840017661CUTIN45         MORIBUND ZYGNEMA SK HYRACIFORM,RULE 1,A=0;B=0,001498400 17661 CUTIN45                                                                         DIANITE ANIMI VOWED AGHAN,VOLERY 8328441666FP,347824.50,347824.50,0.00,0.00,2022-10-12,2022-10-12,0,"Publisher-labeled 1:1 match; numerical differences are review evidence, not a fraud/loss label."
111649930262,205617904727,489365792665,USD_2022-11-26_ACC#00001_66912     66325663250 32566TLUD0 088            JOQVY - ELUVIA - SMILAX   GFG       VC0 32566TLUD0 088            JOQVY - ELUVIA -,USD_2022-11-26_ACC#00001_66912     66325663250 32566TLUD0 088            JOQVY - ELUVIA - SMILAX   GFG       VC0 32566TLUD0 088            JOQVY - ELUVIA -,RULE 3,A=0;B=0,32566TLUD0 32566TLUD0                                                                      JOQVY - ELUVIA -,32566TLUD0 3057766702VI,102149.40,102149.40,0.00,0.00,2022-11-26,2022-11-26,0,"Publisher-labeled 1:1 match; numerical differences are review evidence, not a fraud/loss label."
111671237233,395093132160,648968414846,USD_2022-12-10_ACC#00001_66912     66325663250 32566TO4NP 088            JOQVY - BAS - DG SMILAX   GFG       VC0 32566TO4NP 088            JOQVY - BAS - DG,USD_2022-12-10_ACC#00001_66912     66325663250 32566TO4NP 088            JOQVY - BAS - DG SMILAX   GFG       VC0 32566TO4NP 088            JOQVY - BAS - DG,RULE 3,A=0;B=0,32566TO4NP 32566TO4NP                                                                      JOQVY - BAS - DG,32566TO4NP 8115866717VI,128700.94,128700.94,0.00,0.00,2022-12-10,2022-12-10,0,"Publisher-labeled 1:1 match; numerical differences are review evidence, not a fraud/loss label."
111701719896,553117872816,921721853339,USD_2022-11-18_ACC#00001_66912     0999909999 SMILAX   FGGKR,USD_2022-11-18_ACC#00001_66912     0999909999 SMILAX   FGGKR,RULE 3,A=0;B=0,15667031 LUNY3E2361JOQG7U                                                                SLATTERN EU     706670310,LUNY3E2361JOQG7U 1156966706XD,-10000000.00,-10000000.00,0.00,0.00,2022-11-18,2022-11-18,0,"Publisher-labeled 1:1 match; numerical differences are review evidence, not a fraud/loss label."
111722433520,643118316568,635843773833,USD_2022-12-21_ACC#00001_66912     0256602566 SMILAX   FGGKR,USD_2022-12-21_ACC#00001_66912     0256602566 SMILAX   FGGKR,RULE 1,A=0;B=0,19253056 ALME7U0874JOQG7U                                                                JO TONITE SAUNT 664952723,V192536467287797 9888966781VI,-3991200.00,-3991200.00,0.00,0.00,2022-12-21,2022-12-21,0,"Publisher-labeled 1:1 match; numerical differences are review evidence, not a fraud/loss label."
111756673352,87076610407,832097553132,USD_2022-12-22_ACC#00001_66912     0600306003802601167609EPEE553         MORIBUND ROTENONES S SMILAX   BOLL      00802601167609EPEE553         MORIBUND ZYGNEMA SK HYRACIFORM,USD_2022-12-22_ACC#00001_66912     0600306003802601167609EPEE553         MORIBUND ROTENONES S SMILAX   BOLL      00802601167609EPEE553         MORIBUND ZYGNEMA SK HYRACIFORM,RULE 1,A=0;B=0,008026011 67609 EPEE553                                                                         PALOUR PROMINIMUM BUT EYL,VOLERY 3652740666FP,6248038.93,6248038.93,0.00,0.00,2022-12-22,2022-12-22,0,"Publisher-labeled 1:1 match; numerical differences are review evidence, not a fraud/loss label."
111772363663,704480443825,333781932641,USD_2022-09-29_ACC#00001_66912     0256602566 SMILAX   FGGKR,USD_2022-09-29_ACC#00001_66912     0256602566 SMILAX   FGGKR,RULE 1,A=0;B=0,32181686 ALME7U5669JOQG7U                                                                JO TONITE SAUNT 664952723,V321669266847769 1101166046VI,-458528.24,-458528.24,0.00,0.00,2022-09-29,2022-09-29,0,"Publisher-labeled 1:1 match; numerical differences are review evidence, not a fraud/loss label."
111801626125,749541606916,8146257156,USD_2022-09-25_ACC#00001_66912     66325663250 32566ALP08 088            JOQVY-ELUVIA-Q&V SMILAX   GFG       VC0 32566ALP08 088            JOQVY-ELUVIA-Q&V,USD_2022-09-25_ACC#00001_66912     66325663250 32566ALP08 088            JOQVY-ELUVIA-Q&V SMILAX   GFG       VC0 32566ALP08 088            JOQVY-ELUVIA-Q&V,RULE 3,A=0;B=0,32566ALP08 32566ALP08                                                                      JOQVY-ELUVIA-Q&V,32566ALP08 8493066033VI,8829.00,8829.00,0.00,0.00,2022-09-25,2022-09-25,0,"Publisher-labeled 1:1 match; numerical differences are review evidence, not a fraud/loss label."
111818425971,344487744702,803890158278,USD_2022-12-29_ACC#00001_66912     0147601476877131441476                IF TMH DIP WOLD SMILAX   BOLL      00877131441476                IF TMH DIP WOLD,USD_2022-12-29_ACC#00001_66912     0147601476877131441476                IF TMH DIP WOLD SMILAX   BOLL      00877131441476                IF TMH DIP WOLD,RULE 1,A=0;B=0,008771314 41476 L9HJ6Z2                                                                 NONIC WILLI MIZE PAR QUEM,URBD-2AOQHT 0863966730VI,2700000.00,2700000.00,0.00,0.00,2022-12-29,2022-12-29,0,"Publisher-labeled 1:1 match; numerical differences are review evidence, not a fraud/loss label."
111827290687,318057503910,974945203813,USD_2022-11-11_ACC#00001_66912     0147701477190365841477EPEE553         IF TMH TIRO FAMES SMILAX   BOLL      00190365841477EPEE553         IF TMH TIRO EMEU S,USD_2022-11-11_ACC#00001_66912     0147701477190365841477EPEE553         IF TMH TIRO FAMES SMILAX   BOLL      00190365841477EPEE553         IF TMH TIRO EMEU S,RULE 1,A=0;B=0,001903658 41477 EPEE553 L9MU5HX                                                                 JOQVY H.C. ZUCCHINIS TENT,VOLERY 8295141666FP,-21081339.87,-21081339.87,0.00,0.00,2022-11-11,2022-11-11,0,"Publisher-labeled 1:1 match; numerical differences are review evidence, not a fraud/loss label."
111895920445,435036476703,338478486593,USD_2022-09-28_ACC#00001_66912     0670806708139212214476SHOJI46         MORIBUND ROTENONES S SMILAX   BOLL      00139212214476SHOJI46         MORIBUND ZYGNEMA SK HYRACIFORM,USD_2022-09-28_ACC#00001_66912     0670806708139212214476SHOJI46         MORIBUND ROTENONES S SMILAX   BOLL      00139212214476SHOJI46         MORIBUND ZYGNEMA SK HYRACIFORM,RULE 1,A=0;B=0,001392122 14476 SHOJI46                                                                         UPCLOSER MONOCOQUE GAB -,VOLERY 8827097666FP,84289.69,84289.69,0.00,0.00,2022-09-28,2022-09-28,0,"Publisher-labeled 1:1 match; numerical differences are review evidence, not a fraud/loss label."
111898553809,370572632522,953045609916,USD_2022-09-22_ACC#00001_66912     0670806708138478814476CHARE58         MORIBUND ROTENONES S SMILAX   BOLL      00138478814476CHARE58         MORIBUND ZYGNEMA SK HYRACIFORM,USD_2022-09-22_ACC#00001_66912     0670806708138478814476CHARE58         MORIBUND ROTENONES S SMILAX   BOLL      00138478814476CHARE58         MORIBUND ZYGNEMA SK HYRACIFORM,RULE 4,A=0;B=0,001384788 14476 CHARE58                                                                         UPCLOSER MONOCOQUE GAB -,VOLERY 8810331666FP,91704.00,91704.00,0.00,0.00,2022-09-22,2022-09-22,0,"Publisher-labeled 1:1 match; numerical differences are review evidence, not a fraud/loss label."
111904190948,919423331396,674984251098,USD_2022-11-20_ACC#00001_66912     0779507795 SMILAX   WAP,USD_2022-11-20_ACC#00001_66912     0779507795 SMILAX   WAP,RULE 3,A=0;B=0,6N68656H6C6F656E 6V63656H6Z6H646W                                                                UPCLOSER QUETCH EFI (WYE-,6N68656H6C6F656L 0693766707VI,-1325.47,-1325.47,0.00,0.00,2022-11-20,2022-11-20,0,"Publisher-labeled 1:1 match; numerical differences are review evidence, not a fraud/loss label."
111923862829,335059057126,920216129285,USD_2022-12-15_ACC#00001_66912     6033960339 SMILAX   GPD,USD_2022-12-15_ACC#00001_66912     6033960339 SMILAX   GPD,RULE 3,A=0;B=0,VIP9126666751390 VIP9126666751390,VIP9126666751390 3230966712VI,62473474.00,62473474.00,0.00,0.00,2022-12-15,2022-12-15,0,"Publisher-labeled 1:1 match; numerical differences are review evidence, not a fraud/loss label."
111932557502,300028296864,472987786930,USD_2022-12-02_ACC#00001_66912     0147701477863992241477KELD293         IF TMH SEE FAMES SMILAX   BOLL      00863992241477KELD293         IF TMH SEE FAMES,USD_2022-12-02_ACC#00001_66912     0147701477863992241477KELD293         IF TMH SEE FAMES SMILAX   BOLL      00863992241477KELD293         IF TMH SEE FAMES,RULE 1,A=0;B=0,008639922 41477 KELD293 L9HK6ZZ                                                                 UPCLOSER MONOCOQUE GAB -,VOLERY 8985065666FP,1282000.00,1282000.00,0.00,0.00,2022-12-02,2022-12-02,0,"Publisher-labeled 1:1 match; numerical differences are review evidence, not a fraud/loss label."
111998728822,479392400147,283546198606,USD_2022-09-10_ACC#00001_66912     0670806708184535614476BREI006         MORIBUND ROTENONES S SMILAX   BOLL      00184535614476BREI006         MORIBUND ZYGNEMA SK HYRACIFORM,USD_2022-09-10_ACC#00001_66912     0670806708184535614476BREI006         MORIBUND ROTENONES S SMILAX   BOLL      00184535614476BREI006         MORIBUND ZYGNEMA SK HYRACIFORM,RULE 4,A=0;B=0,001845356 14476 BREI006                                                                         UPCLOSER MONOCOQUE GAB -,VOLERY 8132875666FP,122755.50,122755.50,0.00,0.00,2022-09-10,2022-09-10,0,"Publisher-labeled 1:1 match; numerical differences are review evidence, not a fraud/loss label."
112066596599,174774837717,786670484566,USD_2022-10-09_ACC#00001_66912     6107361073 SMILAX   GPD,USD_2022-10-09_ACC#00001_66912     6107361073 SMILAX   GPD,RULE 3,A=0;B=0,UVA9126666748676 UVA9126666748676,UVA9126666748676 6208966026FW,-683802220.00,-683802220.00,0.00,0.00,2022-10-09,2022-10-09,0,"Publisher-labeled 1:1 match; numerical differences are review evidence, not a fraud/loss label."
112100765375,964222432134,371235943269,USD_2022-10-09_ACC#00001_66912     0670806708145790114409KAVI874         MORIBUND ROTENONES S SMILAX   BOLL      00145790114409KAVI874         MORIBUND ZYGNEMA SK HYRACIFORM,USD_2022-10-09_ACC#00001_66912     0670806708145790114409KAVI874         MORIBUND ROTENONES S SMILAX   BOLL      00145790114409KAVI874         MORIBUND ZYGNEMA SK HYRACIFORM,RULE 1,A=0;B=0,001457901 14409 KAVI874                                                                         POLLAM VOWED FUTHERMORE U,VOLERY 8348436666FP,76460.66,76460.66,0.00,0.00,2022-10-09,2022-10-09,0,"Publisher-labeled 1:1 match; numerical differences are review evidence, not a fraud/loss label."
112117588814,859236488416,776975547942,USD_2022-11-05_ACC#00001_66912     66325663250 32566B41BO 088            JOQVY - ELUVIA - SMILAX   GFG       VC0 32566B41BO 088            JOQVY - ELUVIA -,USD_2022-11-05_ACC#00001_66912     66325663250 32566B41BO 088            JOQVY - ELUVIA - SMILAX   GFG       VC0 32566B41BO 088            JOQVY - ELUVIA -,RULE 3,A=0;B=0,32566B41BO 32566B41BO                                                                      JOQVY - ELUVIA -,32566B41BO 2443566094VI,52322.55,52322.55,0.00,0.00,2022-11-05,2022-11-05,0,"Publisher-labeled 1:1 match; numerical differences are review evidence, not a fraud/loss label."
112174223051,426158855848,157375935916,USD_2022-11-23_ACC#00001_66912     0141601416199797341416VELIC90         IF TMH TIRO FAMES SMILAX   BOLL      00199797341416VELIC90         IF TMH TIRO EMEU S,USD_2022-11-23_ACC#00001_66912     0141601416199797341416VELIC90         IF TMH TIRO FAMES SMILAX   BOLL      00199797341416VELIC90         IF TMH TIRO EMEU S,RULE 1,A=0;B=0,001997973 41416 VELIC90 L9HI3TU                                                                 DUPPY YO TRIFOLY MAECENAS,VOLERY 8529947666FP,-54882300.00,-54882300.00,0.00,0.00,2022-11-23,2022-11-23,0,"Publisher-labeled 1:1 match; numerical differences are review evidence, not a fraud/loss label."
112183942197,881184910154,654689223851,USD_2022-11-19_ACC#00001_66912     66325663250 32566TIEAF 088            JOQVY - ELUVIA - SMILAX   GFG       VC0 32566TIEAF 088            JOQVY - ELUVIA -,USD_2022-11-19_ACC#00001_66912     66325663250 32566TIEAF 088            JOQVY - ELUVIA - SMILAX   GFG       VC0 32566TIEAF 088            JOQVY - ELUVIA -,RULE 3,A=0;B=0,32566TIEAF 32566TIEAF                                                                      JOQVY - ELUVIA -,32566TIEAF 8532966706VI,23191.01,23191.01,0.00,0.00,2022-11-19,2022-11-19,0,"Publisher-labeled 1:1 match; numerical differences are review evidence, not a fraud/loss label."
112272141924,394340607298,389309553362,USD_2022-11-27_ACC#00001_66912     0156801568867755319475BRAVI49         MORIBUND ROTENONES S SMILAX   BOLL      00867755319475BRAVI49         MORIBUND ZYGNEMA SK HYRACIFORM,USD_2022-11-27_ACC#00001_66912     0156801568867755319475BRAVI49         MORIBUND ROTENONES S SMILAX   BOLL      00867755319475BRAVI49         MORIBUND ZYGNEMA SK HYRACIFORM,RULE 1,A=0;B=0,008677553 19475 BRAVI49                                                                         UPCLOSER MONOCOQUE GAB -,VOLERY 8909778666FP,50598353.16,50598353.16,0.00,0.00,2022-11-27,2022-11-27,0,"Publisher-labeled 1:1 match; numerical differences are review evidence, not a fraud/loss label."
112383563332,944296174542,418833295780,USD_2022-09-10_ACC#00001_66912     66325663250 32566D5J9G 088            JOQVY - ELUVIA - SMILAX   GFG       VC0 32566D5J9G 088            JOQVY - ELUVIA -,USD_2022-09-10_ACC#00001_66912     66325663250 32566D5J9G 088            JOQVY - ELUVIA - SMILAX   GFG       VC0 32566D5J9G 088            JOQVY - ELUVIA -,RULE 4,A=0;B=0,32566D5J9G 32566D5J9G                                                                      JOQVY - ELUVIA -,322746AL68101256 1203566086VI,-103000.00,-103000.00,0.00,0.00,2022-09-10,2022-09-10,0,"Publisher-labeled 1:1 match; numerical differences are review evidence, not a fraud/loss label."
112392201762,954941756078,661327332908,USD_2022-09-24_ACC#00001_66912     66325663250 32566AL1LB 088            JOQVY - ELUVIA - SMILAX   GFG       VC0 32566AL1LB 088            JOQVY - ELUVIA -,USD_2022-09-24_ACC#00001_66912     66325663250 32566AL1LB 088            JOQVY - ELUVIA - SMILAX   GFG       VC0 32566AL1LB 088            JOQVY - ELUVIA -,RULE 4,A=0;B=0,32566AL1LB 32566AL1LB                                                                      JOQVY - ELUVIA -,32566AL1LB 0665566038VI,273441.00,273441.00,0.00,0.00,2022-09-24,2022-09-24,0,"Publisher-labeled 1:1 match; numerical differences are review evidence, not a fraud/loss label."
112403831283,381217062593,422166356838,USD_2022-11-16_ACC#00001_66912     6033960339 SMILAX   GPD,USD_2022-11-16_ACC#00001_66912     6033960339 SMILAX   GPD,RULE 3,A=0;B=0,AHT9126666728400 AHT9126666728400,AHT9126666728400 3019666765XD,-657.00,-657.00,0.00,0.00,2022-11-16,2022-11-16,0,"Publisher-labeled 1:1 match; numerical differences are review evidence, not a fraud/loss label."
11242991409,394186270317,232634458150,USD_2022-11-03_ACC#00001_66912     66325663250 32566B30LR 088            JOQVY DE-BAS - T SMILAX   GFG       VC0 32566B30LR 088            JOQVY DE-BAS - T,USD_2022-11-03_ACC#00001_66912     66325663250 32566B30LR 088            JOQVY DE-BAS - T SMILAX   GFG       VC0 32566B30LR 088            JOQVY DE-BAS - T,MANUAL,A=0;B=0,32566B30LR 32566B30LR                                                                      JOQVY DE-BAS - T,322746AL68166586 0413266093VI,-1400898.69,-1400898.69,0.00,0.00,2022-11-03,2022-11-03,0,"Publisher-labeled 1:1 match; numerical differences are review evidence, not a fraud/loss label."
11246216815,725930833810,635863212876,USD_2022-12-18_ACC#00001_66912     0608706087808116715601KAVI422         MORIBUND ROTENONES S SMILAX   BOLL      00808116715601KAVI422         MORIBUND ZYGNEMA SK HYRACIFORM,USD_2022-12-18_ACC#00001_66912     0608706087808116715601KAVI422         MORIBUND ROTENONES S SMILAX   BOLL      00808116715601KAVI422         MORIBUND ZYGNEMA SK HYRACIFORM,RULE 1,A=0;B=0,008081167 15601 KAVI422                                                                         EXIT NONREGULATIVE TYPY,VOLERY 3643375666FP,59139.51,59139.51,0.00,0.00,2022-12-18,2022-12-18,0,"Publisher-labeled 1:1 match; numerical differences are review evidence, not a fraud/loss label."
112468102621,396206994185,12783926436,USD_2022-10-28_ACC#00001_66912     0670806708149782414471TREMA06         MORIBUND ROTENONES S SMILAX   BOLL      00149782414471TREMA06         MORIBUND ZYGNEMA SK HYRACIFORM,USD_2022-10-28_ACC#00001_66912     0670806708149782414471TREMA06         MORIBUND ROTENONES S SMILAX   BOLL      00149782414471TREMA06         MORIBUND ZYGNEMA SK HYRACIFORM,RULE 1,A=0;B=0,001497824 14471 TREMA06                                                                         UPCLOSER MONOCOQUE GAB -,VOLERY 8452446666FP,3810658.00,3810658.00,0.00,0.00,2022-10-28,2022-10-28,0,"Publisher-labeled 1:1 match; numerical differences are review evidence, not a fraud/loss label."
112539382628,232138566623,904946792255,USD_2022-10-08_ACC#00001_66912     0122001220142482812660AUG0686         MORIBUND VEXES WHUFF SMILAX   BOLL      00142482812660AUG0686         MORIBUND VEXES S FOMALHAUT,USD_2022-10-08_ACC#00001_66912     0122001220142482812660AUG0686         MORIBUND VEXES WHUFF SMILAX   BOLL      00142482812660AUG0686         MORIBUND VEXES S FOMALHAUT,RULE 1,A=0;B=0,001424828 12660 AUG0686                                                                         UPCLOSER MONOCOQUE GAB -,VOLERY 8334101666FP,-1750570.55,-1750570.55,0.00,0.00,2022-10-08,2022-10-08,0,"Publisher-labeled 1:1 match; numerical differences are review evidence, not a fraud/loss label."
112610759454,934024714925,34829133689,USD_2022-09-24_ACC#00001_66912     0670806708134476214476REOWN03         MORIBUND VEXES WHUFF SMILAX   BOLL      00134476214476REOWN03         MORIBUND VEXES S FOMALHAUT,USD_2022-09-24_ACC#00001_66912     0670806708134476214476REOWN03         MORIBUND VEXES WHUFF SMILAX   BOLL      00134476214476REOWN03         MORIBUND VEXES S FOMALHAUT,RULE 4,A=0;B=0,001344762 14476 REOWN03                                                                         UPCLOSER MONOCOQUE GAB -,VOLERY 8831253666FP,-118159.30,-118159.30,0.00,0.00,2022-09-24,2022-09-24,0,"Publisher-labeled 1:1 match; numerical differences are review evidence, not a fraud/loss label."
112644865893,843264967895,214390869431,USD_2022-12-01_ACC#00001_66912     6653566535 BO LP-06947669             LX30700 SMILAX   GESS      ZO BO LP-06947669             LX30700,USD_2022-12-01_ACC#00001_66912     6653566535 BO LP-06947669             LX30700 SMILAX   GESS      ZO BO LP-06947669             LX30700,RULE 1,A=0;B=0,666372 666666667379564,PUSSLIKE64ALN69 7031466778VI,-128134000.00,-128134000.00,0.00,0.00,2022-12-01,2022-12-01,0,"Publisher-labeled 1:1 match; numerical differences are review evidence, not a fraud/loss label."
112666436212,839019642877,879650322578,USD_2022-11-09_ACC#00001_66912     0603606036155977067888VELIC90         OFF TMH TIRO FAMES SMILAX   BOLL      00155977067888VELIC90         OFF TMH TIRO HAU BT,USD_2022-11-09_ACC#00001_66912     0603606036155977067888VELIC90         OFF TMH TIRO FAMES SMILAX   BOLL      00155977067888VELIC90         OFF TMH TIRO HAU BT,RULE 1,A=0;B=0,001559770 67888 VELIC90 L9MU7JJ                                                                 JO TONITE ETHERIFIES GAB,VOLERY 8222522666FP,-820406.72,-820406.72,0.00,0.00,2022-11-09,2022-11-09,0,"Publisher-labeled 1:1 match; numerical differences are review evidence, not a fraud/loss label."
112687235526,607990664396,550149529787,USD_2022-09-17_ACC#00001_66912     0676506765131566015574DOYST31         MORIBUND ROTENONES S SMILAX   BOLL      00131566015574DOYST31         MORIBUND ZYGNEMA SK HYRACIFORM,USD_2022-09-17_ACC#00001_66912     0676506765131566015574DOYST31         MORIBUND ROTENONES S SMILAX   BOLL      00131566015574DOYST31         MORIBUND ZYGNEMA SK HYRACIFORM,RULE 4,A=0;B=0,001315660 15574 DOYST31                                                                         SLATTERN TYPY OEV,VOLERY 8199985666FP,449416.23,449416.23,0.00,0.00,2022-09-17,2022-09-17,0,"Publisher-labeled 1:1 match; numerical differences are review evidence, not a fraud/loss label."
112688149169,629234400441,303978169720,USD_2022-10-05_ACC#00001_66912     0603606036144302667888EPEE553         IF TMH SEE FAMES SMILAX   BOLL      00144302667888EPEE553         IF TMH SEE FAMES,USD_2022-10-05_ACC#00001_66912     0603606036144302667888EPEE553         IF TMH SEE FAMES SMILAX   BOLL      00144302667888EPEE553         IF TMH SEE FAMES,RULE 1,A=0;B=0,001443026 67888 EPEE553 L9Y4045                                                                 JO TONITE ETHERIFIES GAB,VOLERY 8373749666FP,11890020.00,11890020.00,0.00,0.00,2022-10-05,2022-10-05,0,"Publisher-labeled 1:1 match; numerical differences are review evidence, not a fraud/loss label."
11273504590,520529957089,598726438795,USD_2022-11-17_ACC#00001_WF 66912     0608206082197978067399OKET006         MORIBUND ROTENONES S,USD_2022-11-17_ACC#00001_WF 66912     0608206082197978067399OKET006         MORIBUND ROTENONES S,RULE 1,A=0;B=0,001979780 67399 OKET006                                                                         HATER GRAVEL KEEPINGS,VOLERY 8514283666FP,1750700.00,1750700.00,0.00,0.00,2022-11-17,2022-11-17,0,"Publisher-labeled 1:1 match; numerical differences are review evidence, not a fraud/loss label."
1127767200,802384536167,261944599294,USD_2022-11-23_ACC#00001_66912     0603606036199888867888ROMAN42         IF TMH SEE FAMES SMILAX   BOLL      00199888867888ROMAN42         IF TMH SEE FAMES,USD_2022-11-23_ACC#00001_66912     0603606036199888867888ROMAN42         IF TMH SEE FAMES SMILAX   BOLL      00199888867888ROMAN42         IF TMH SEE FAMES,RULE 1,A=0;B=0,001998888 67888 ROMAN42 L9HI34B                                                                 JO TONITE ETHERIFIES GAB,VOLERY 8556284666FP,6007411.03,6007411.03,0.00,0.00,2022-11-23,2022-11-23,0,"Publisher-labeled 1:1 match; numerical differences are review evidence, not a fraud/loss label."
112816783466,531766024939,539448349020,USD_2022-09-30_ACC#00001_66912     0256602566 SMILAX   FGGKR,USD_2022-09-30_ACC#00001_66912     0256602566 SMILAX   FGGKR,RULE 1,A=0;B=0,32749920 ALME7U6299JOQG7U                                                                JO TONITE SAUNT 664952723,V390004766332688 2306966040VI,-400000.00,-400000.00,0.00,0.00,2022-09-30,2022-09-30,0,"Publisher-labeled 1:1 match; numerical differences are review evidence, not a fraud/loss label."
112880653754,159707088454,328949648737,USD_2022-11-04_ACC#00001_66912     6033960339 SMILAX   GPD,USD_2022-11-04_ACC#00001_66912     6033960339 SMILAX   GPD,RULE 1,A=0;B=0,AHT9126666720192 AHT9126666720192,OL07689 3741966094VI,796.80,796.80,0.00,0.00,2022-11-04,2022-11-04,0,"Publisher-labeled 1:1 match; numerical differences are review evidence, not a fraud/loss label."
112921838110,158867042288,897489237426,USD_2022-10-01_ACC#00001_66912     0147701477630520141477                IPL ODONTOLOGY WHUFF SMILAX   BOLL      VU630520141477                IPL ODONTOLOGY S FOMALHAUT,USD_2022-10-01_ACC#00001_66912     0147701477630520141477                IPL ODONTOLOGY WHUFF SMILAX   BOLL      VU630520141477                IPL ODONTOLOGY S FOMALHAUT,RULE 1,A=0;B=0,VU6305201 41477 JOQVY H.C. ZUCCHINIS TENT,VOLERY 6475166047RN,-550822.04,-550822.04,0.00,0.00,2022-10-01,2022-10-01,0,"Publisher-labeled 1:1 match; numerical differences are review evidence, not a fraud/loss label."
11293311182,16112991072,957994079853,USD_2022-10-14_ACC#00001_66912     0147701477121602741477BRAVI49         IF TMH SEE FAMES SMILAX   BOLL      00121602741477BRAVI49         IF TMH SEE FAMES,USD_2022-10-14_ACC#00001_66912     0147701477121602741477BRAVI49         IF TMH SEE FAMES SMILAX   BOLL      00121602741477BRAVI49         IF TMH SEE FAMES,RULE 1,A=0;B=0,001216027 41477 BRAVI49 L9Y24AP                                                                 UPCLOSER MONOCOQUE GAB -,VOLERY 8393239666FP,1300000.00,1300000.00,0.00,0.00,2022-10-14,2022-10-14,0,"Publisher-labeled 1:1 match; numerical differences are review evidence, not a fraud/loss label."
112974181602,521818847698,261010311118,USD_2022-09-18_ACC#00001_66912     0670806708131825214476JADE930         MORIBUND ROTENONES S SMILAX   BOLL      00131825214476JADE930         MORIBUND ZYGNEMA SK HYRACIFORM,USD_2022-09-18_ACC#00001_66912     0670806708131825214476JADE930         MORIBUND ROTENONES S SMILAX   BOLL      00131825214476JADE930         MORIBUND ZYGNEMA SK HYRACIFORM,RULE 4,A=0;B=0,001318252 14476 JADE930                                                                         UPCLOSER MONOCOQUE GAB -,VOLERY 8865949666FP,119117.00,119117.00,0.00,0.00,2022-09-18,2022-09-18,0,"Publisher-labeled 1:1 match; numerical differences are review evidence, not a fraud/loss label."
112984603707,559099422114,260585677153,USD_2022-12-08_ACC#00001_66912     0256602566 SMILAX   FGGKR,USD_2022-12-08_ACC#00001_66912     0256602566 SMILAX   FGGKR,RULE 1,A=0;B=0,16771056 JOQG7U4387GLEE7U                                                                SHALE           667933724,VOLERY 4029666716VI,-1853500.00,-1853500.00,0.00,0.00,2022-12-08,2022-12-08,0,"Publisher-labeled 1:1 match; numerical differences are review evidence, not a fraud/loss label."
112993355995,605916977739,72687232561,USD_2022-11-23_ACC#00001_66912     0600606006194380367040AUG0646         MORIBUND ROTENONES S SMILAX   BOLL      00194380367040AUG0646         MORIBUND ZYGNEMA SK HYRACIFORM,USD_2022-11-23_ACC#00001_66912     0600606006194380367040AUG0646         MORIBUND ROTENONES S SMILAX   BOLL      00194380367040AUG0646         MORIBUND ZYGNEMA SK HYRACIFORM,RULE 1,A=0;B=0,001943803 67040 AUG0646                                                                         DISACCORDANCE UNSOLACED S,VOLERY 8529181666FP,676481.00,676481.00,0.00,0.00,2022-11-23,2022-11-23,0,"Publisher-labeled 1:1 match; numerical differences are review evidence, not a fraud/loss label."
11302368927,885432743190,422697714102,USD_2022-12-18_ACC#00001_66912     0976109761806543367752SYNE084         MORIBUND ROTENONES S SMILAX   BOLL      00806543367752SYNE084         MORIBUND ZYGNEMA SK HYRACIFORM,USD_2022-12-18_ACC#00001_66912     0976109761806543367752SYNE084         MORIBUND ROTENONES S SMILAX   BOLL      00806543367752SYNE084         MORIBUND ZYGNEMA SK HYRACIFORM,RULE 1,A=0;B=0,008065433 67752 SYNE084                                                                         COG-MB/EXPEL,VOLERY 3643347666FP,319804.53,319804.53,0.00,0.00,2022-12-18,2022-12-18,0,"Publisher-labeled 1:1 match; numerical differences are review evidence, not a fraud/loss label."
113031826127,551847466399,833337306097,USD_2022-09-11_ACC#00001_66912     0122001220183971812660CHARE98         MORIBUND VEXES WHUFF SMILAX   BOLL      00183971812660CHARE98         MORIBUND VEXES S FOMALHAUT,USD_2022-09-11_ACC#00001_66912     0122001220183971812660CHARE98         MORIBUND VEXES WHUFF SMILAX   BOLL      00183971812660CHARE98         MORIBUND VEXES S FOMALHAUT,RULE 4,A=0;B=0,001839718 12660 CHARE98                                                                         UPCLOSER MONOCOQUE GAB -,VOLERY 8145932666FP,-2229540.75,-2229540.75,0.00,0.00,2022-09-11,2022-09-11,0,"Publisher-labeled 1:1 match; numerical differences are review evidence, not a fraud/loss label."
113060878000,324855876577,267117244149,USD_2022-10-29_ACC#00001_66912     66325663250 32566B13MM 088            JOQVY - ELUVIA - SMILAX   GFG       VC0 32566B13MM 088            JOQVY - ELUVIA -,USD_2022-10-29_ACC#00001_66912     66325663250 32566B13MM 088            JOQVY - ELUVIA - SMILAX   GFG       VC0 32566B13MM 088            JOQVY - ELUVIA -,RULE 3,A=0;B=0,32566B13MM 32566B13MM                                                                      JOQVY - ELUVIA -,32566B13MM 9646066059VI,110624.35,110624.35,0.00,0.00,2022-10-29,2022-10-29,0,"Publisher-labeled 1:1 match; numerical differences are review evidence, not a fraud/loss label."
113086963029,208861980559,572794659908,USD_2022-10-21_ACC#00001_66912     0147701477122920941477AUG0672         IF TMH TIRO FAMES SMILAX   BOLL      00122920941477AUG0672         IF TMH TIRO EMEU S,USD_2022-10-21_ACC#00001_66912     0147701477122920941477AUG0672         IF TMH TIRO FAMES SMILAX   BOLL      00122920941477AUG0672         IF TMH TIRO EMEU S,RULE 1,A=0;B=0,001229209 41477 AUG0672 L9Y52LF                                                                 JOQVY H.C. ZUCCHINIS TENT,VOLERY 8485347666FP,-54229486.00,-54229486.00,0.00,0.00,2022-10-21,2022-10-21,0,"Publisher-labeled 1:1 match; numerical differences are review evidence, not a fraud/loss label."
11308770062,551698767132,455090464166,USD_2022-10-15_ACC#00001_66912     66325663250 32566ATRKY 088            JOQVY - ELUVIA - SMILAX   GFG       VC0 32566ATRKY 088            JOQVY - ELUVIA -,USD_2022-10-15_ACC#00001_66912     66325663250 32566ATRKY 088            JOQVY - ELUVIA - SMILAX   GFG       VC0 32566ATRKY 088            JOQVY - ELUVIA -,RULE 3,A=0;B=0,32566ATRKY 32566ATRKY                                                                      JOQVY - ELUVIA -,32566ATRKY 6212666023VI,132898.00,132898.00,0.00,0.00,2022-10-15,2022-10-15,0,"Publisher-labeled 1:1 match; numerical differences are review evidence, not a fraud/loss label."
113101423874,726432754046,330267095601,USD_2022-11-23_ACC#00001_66912     66325663250 32566TKFBH 088            JO TONITE AGGEST SMILAX   GFG       VC0 32566TKFBH 088            JO TONITE AGGEST,USD_2022-11-23_ACC#00001_66912     66325663250 32566TKFBH 088            JO TONITE AGGEST SMILAX   GFG       VC0 32566TKFBH 088            JO TONITE AGGEST,RULE 3,A=0;B=0,32566TKFBH 32566TKFBH                                                                      JO TONITE AGGEST,32566TKFBH 7950766707VI,2339.20,2339.20,0.00,0.00,2022-11-23,2022-11-23,0,"Publisher-labeled 1:1 match; numerical differences are review evidence, not a fraud/loss label."
113196792611,526758495102,139543029694,USD_2022-09-28_ACC#00001_66912     0156801568146467217667AUG0672         MORIBUND ROTENONES S SMILAX   BOLL      00146467217667AUG0672         MORIBUND ZYGNEMA SK HYRACIFORM,USD_2022-09-28_ACC#00001_66912     0156801568146467217667AUG0672         MORIBUND ROTENONES S SMILAX   BOLL      00146467217667AUG0672         MORIBUND ZYGNEMA SK HYRACIFORM,RULE 1,A=0;B=0,001464672 17667 AUG0672                                                                         UPCLOSER MONOCOQUE GAB -,VOLERY 8821293666FP,22127397.12,22127397.12,0.00,0.00,2022-09-28,2022-09-28,0,"Publisher-labeled 1:1 match; numerical differences are review evidence, not a fraud/loss label."
113218934930,376484080483,926066409286,USD_2022-09-22_ACC#00001_66912     0147701477134819341477CHARE18         OFF TMH TIRO FAMES SMILAX   BOLL      00134819341477CHARE18         OFF TMH TIRO HAU BT,USD_2022-09-22_ACC#00001_66912     0147701477134819341477CHARE18         OFF TMH TIRO FAMES SMILAX   BOLL      00134819341477CHARE18         OFF TMH TIRO HAU BT,RULE 4,A=0;B=0,001348193 41477 CHARE18 L9Y86HP                                                                 UPCLOSER MONOCOQUE GAB -,VOLERY 8817039666FP,-2868952.80,-2868952.80,0.00,0.00,2022-09-22,2022-09-22,0,"Publisher-labeled 1:1 match; numerical differences are review evidence, not a fraud/loss label."
113340058130,589366915255,558550810182,USD_2022-09-21_ACC#00001_66912     0256602566 SMILAX   FGGKR,USD_2022-09-21_ACC#00001_66912     0256602566 SMILAX   FGGKR,RULE 4,A=0;B=0,32022781 ALME112512JOQG7U                                                                JO TONITE SAUNT 664952723,ALME112512JOQG7U 0626354256,-400000.00,-400000.00,0.00,0.00,2022-09-21,2022-09-21,0,"Publisher-labeled 1:1 match; numerical differences are review evidence, not a fraud/loss label."
113388259,51414157489,290966832163,USD_2022-12-25_ACC#00001_66912     0999909999 SMILAX   FGGKR                                                                     666666666666666,USD_2022-12-25_ACC#00001_66912     0999909999 SMILAX   FGGKR                                                                     666666666666666,MANUAL,A=0;B=0,12593309 LUNY3E7564JOQG7U                                                                SLATTERN EU     706670310,VOLERY 1731166782XD,-14719503.01,-14719503.02,-0.01,0.01,2022-12-25,2022-12-25,0,"Publisher-labeled 1:1 match; numerical differences are review evidence, not a fraud/loss label."
113434714690,382906649291,15880450694,USD_2022-10-02_ACC#00001_66912     0976909769148225119262ROMAN31         MORIBUND VEXES WHUFF SMILAX   BOLL      00148225119262ROMAN31         MORIBUND VEXES S FOMALHAUT,USD_2022-10-02_ACC#00001_66912     0976909769148225119262ROMAN31         MORIBUND VEXES WHUFF SMILAX   BOLL      00148225119262ROMAN31         MORIBUND VEXES S FOMALHAUT,RULE 1,A=0;B=0,001482251 19262 ROMAN31                                                                         JO TONITE (GOLACH) S.C.-T,VOLERY 8301271666FP,-5600384.50,-5600384.50,0.00,0.00,2022-10-02,2022-10-02,0,"Publisher-labeled 1:1 match; numerical differences are review evidence, not a fraud/loss label."
113481466159,57907647573,804838445904,USD_2022-12-02_ACC#00001_66912     0147701477864155441477OKET656         IF TMH SEE FAMES SMILAX   BOLL      00864155441477OKET656         IF TMH SEE FAMES,USD_2022-12-02_ACC#00001_66912     0147701477864155441477OKET656         IF TMH SEE FAMES SMILAX   BOLL      00864155441477OKET656         IF TMH SEE FAMES,RULE 1,A=0;B=0,008641554 41477 OKET656 L9HK0ZJ                                                                 UPCLOSER MONOCOQUE GAB -,VOLERY 8985074666FP,437261.00,437261.00,0.00,0.00,2022-12-02,2022-12-02,0,"Publisher-labeled 1:1 match; numerical differences are review evidence, not a fraud/loss label."
113498547122,205651298249,409069223466,USD_2022-09-30_ACC#00001_66912     0607406074135894467614SKITE70         MORIBUND VEXES WHUFF SMILAX   BOLL      00135894467614SKITE70         MORIBUND VEXES S FOMALHAUT,USD_2022-09-30_ACC#00001_66912     0607406074135894467614SKITE70         MORIBUND VEXES WHUFF SMILAX   BOLL      00135894467614SKITE70         MORIBUND VEXES S FOMALHAUT,RULE 1,A=0;B=0,001358944 67614 SKITE70                                                                         CLINOGRAPH MESSER DIE GAB,VOLERY 8898227666FP,-464659.50,-464659.50,0.00,0.00,2022-09-30,2022-09-30,0,"Publisher-labeled 1:1 match; numerical differences are review evidence, not a fraud/loss label."
113543615130,11563385624,129662978651,USD_2022-12-18_ACC#00001_66912     0670806708808965714476CHARE83         MORIBUND ROTENONES S SMILAX   BOLL      00808965714476CHARE83         MORIBUND ZYGNEMA SK HYRACIFORM,USD_2022-12-18_ACC#00001_66912     0670806708808965714476CHARE83         MORIBUND ROTENONES S SMILAX   BOLL      00808965714476CHARE83         MORIBUND ZYGNEMA SK HYRACIFORM,RULE 1,A=0;B=0,008089657 14476 CHARE83                                                                         UPCLOSER MONOCOQUE GAB -,VOLERY 3643392666FP,53335.60,53335.60,0.00,0.00,2022-12-18,2022-12-18,0,"Publisher-labeled 1:1 match; numerical differences are review evidence, not a fraud/loss label."
113625413364,700626481599,338446731188,USD_2022-12-16_ACC#00001_66912     66325663250 32566PI55V 088            JOQVY - BAS - DG SMILAX   GFG       VC0 32566PI55V 088            JOQVY - BAS - DG,USD_2022-12-16_ACC#00001_66912     66325663250 32566PI55V 088            JOQVY - BAS - DG SMILAX   GFG       VC0 32566PI55V 088            JOQVY - BAS - DG,RULE 3,A=0;B=0,32566PI55V 32566PI55V                                                                      JOQVY - BAS - DG,32566PI55V 2278866715VI,2032430.00,2032430.00,0.00,0.00,2022-12-16,2022-12-16,0,"Publisher-labeled 1:1 match; numerical differences are review evidence, not a fraud/loss label."
113656496366,392589226055,323224481229,USD_2022-11-02_ACC#00001_66912     0670806708151435114407AMAL614         MORIBUND ROTENONES S SMILAX   BOLL      00151435114407AMAL614         MORIBUND ZYGNEMA SK HYRACIFORM,USD_2022-11-02_ACC#00001_66912     0670806708151435114407AMAL614         MORIBUND ROTENONES S SMILAX   BOLL      00151435114407AMAL614         MORIBUND ZYGNEMA SK HYRACIFORM,RULE 1,A=0;B=0,001514351 14407 AMAL614                                                                         UPCLOSER MONOCOQUE GAB -,VOLERY 8273526666FP,235651.16,235651.16,0.00,0.00,2022-11-02,2022-11-02,0,"Publisher-labeled 1:1 match; numerical differences are review evidence, not a fraud/loss label."
113677755313,955707621387,149990101507,USD_2022-12-30_ACC#00001_66912     0156801568870152217661NAPE159         MORIBUND VEXES WHUFF SMILAX   BOLL      00870152217661NAPE159         MORIBUND VEXES S FOMALHAUT,USD_2022-12-30_ACC#00001_66912     0156801568870152217661NAPE159         MORIBUND VEXES WHUFF SMILAX   BOLL      00870152217661NAPE159         MORIBUND VEXES S FOMALHAUT,RULE 1,A=0;B=0,008701522 17661 NAPE159                                                                         JOQVY ELUVIA DESINENT,VOLERY 3013718666FP,-29584138.97,-29584138.97,0.00,0.00,2022-12-30,2022-12-30,0,"Publisher-labeled 1:1 match; numerical differences are review evidence, not a fraud/loss label."
113723629760,240625614254,23438743715,USD_2022-10-12_ACC#00001_66912     66325663250 37266GS3FT 088            INKROOT LIKED BY SMILAX   GFG       VC0 37266GS3FT 088            INKROOT LIKED BY,USD_2022-10-12_ACC#00001_66912     66325663250 37266GS3FT 088            INKROOT LIKED BY SMILAX   GFG       VC0 37266GS3FT 088            INKROOT LIKED BY,RULE 3,A=0;B=0,37266GS3FT 37266GS3FT                                                                      INKROOT LIKED BY,37266GS3FT 6519266021VI,362.67,362.67,0.00,0.00,2022-10-12,2022-10-12,0,"Publisher-labeled 1:1 match; numerical differences are review evidence, not a fraud/loss label."
113755459456,815382079371,8528451980,USD_2022-12-14_ACC#00001_66912     0670806708800358614476DOYST63         MORIBUND ROTENONES S SMILAX   BOLL      00800358614476DOYST63         MORIBUND ZYGNEMA SK HYRACIFORM,USD_2022-12-14_ACC#00001_66912     0670806708800358614476DOYST63         MORIBUND ROTENONES S SMILAX   BOLL      00800358614476DOYST63         MORIBUND ZYGNEMA SK HYRACIFORM,RULE 1,A=0;B=0,008003586 14476 DOYST63                                                                         UPCLOSER MONOCOQUE GAB -,VOLERY 3674556666FP,911454.85,911454.85,0.00,0.00,2022-12-14,2022-12-14,0,"Publisher-labeled 1:1 match; numerical differences are review evidence, not a fraud/loss label."
113811747839,226648264489,628336173458,USD_2022-10-15_ACC#00001_66912     66325663250 32566ATR5B 088            JOQVY - ELUVIA - SMILAX   GFG       VC0 32566ATR5B 088            JOQVY - ELUVIA -,USD_2022-10-15_ACC#00001_66912     66325663250 32566ATR5B 088            JOQVY - ELUVIA - SMILAX   GFG       VC0 32566ATR5B 088            JOQVY - ELUVIA -,RULE 1,A=0;B=0,32566ATR5B 32566ATR5B                                                                      JOQVY - ELUVIA -,322746AL68179680 6216566023VI,-1286326.00,-1286326.00,0.00,0.00,2022-10-15,2022-10-15,0,"Publisher-labeled 1:1 match; numerical differences are review evidence, not a fraud/loss label."
113820196900,563953615285,6126816205,USD_2022-11-30_ACC#00001_66912     0617806178860826367387JAUP179         MORIBUND VEXES WHUFF SMILAX   BOLL      00860826367387JAUP179         MORIBUND VEXES S FOMALHAUT,USD_2022-11-30_ACC#00001_66912     0617806178860826367387JAUP179         MORIBUND VEXES WHUFF SMILAX   BOLL      00860826367387JAUP179         MORIBUND VEXES S FOMALHAUT,RULE 1,A=0;B=0,008608263 67387 JAUP179                                                                         BULT DUFFED BUT MG,VOLERY 8979128666FP,-32742.08,-32742.08,0.00,0.00,2022-11-30,2022-11-30,0,"Publisher-labeled 1:1 match; numerical differences are review evidence, not a fraud/loss label."
113820205962,207741904292,385007936037,USD_2022-11-16_ACC#00001_66912     0670806708197553914476AMAGA42         MORIBUND ROTENONES S SMILAX   BOLL      00197553914476AMAGA42         MORIBUND ZYGNEMA SK HYRACIFORM,USD_2022-11-16_ACC#00001_66912     0670806708197553914476AMAGA42         MORIBUND ROTENONES S SMILAX   BOLL      00197553914476AMAGA42         MORIBUND ZYGNEMA SK HYRACIFORM,RULE 1,A=0;B=0,001975539 14476 AMAGA42                                                                         UPCLOSER MONOCOQUE GAB -,VOLERY 8572659666FP,238757.49,238757.49,0.00,0.00,2022-11-16,2022-11-16,0,"Publisher-labeled 1:1 match; numerical differences are review evidence, not a fraud/loss label."
113832017525,307270999373,2901867264,USD_2022-11-05_ACC#00001_66912     0256602566 SMILAX   FGGKR,USD_2022-11-05_ACC#00001_66912     0256602566 SMILAX   FGGKR,RULE 1,A=0;B=0,0902356 ALME7U1959JOQG7U                                                                JO TONITE SAUNT 664952723,V609023360887227 5934366092VI,-469460.00,-469460.00,0.00,0.00,2022-11-05,2022-11-05,0,"Publisher-labeled 1:1 match; numerical differences are review evidence, not a fraud/loss label."
113865297894,424491522952,784002770596,USD_2022-09-25_ACC#00001_66912     02566025660666H3         6666666666 SMILAX   FGGKR     FW0666H3         6666666666,USD_2022-09-25_ACC#00001_66912     02566025660666H3         6666666666 SMILAX   FGGKR     FW0666H3         6666666666,RULE 3,A=0;B=0,12473161 V12473161                                                                       JOQVY STRID     664952723,V124731616379234 3247266034VI,4000000.00,4000000.00,0.00,0.00,2022-09-25,2022-09-25,0,"Publisher-labeled 1:1 match; numerical differences are review evidence, not a fraud/loss label."
11386780377,775511530528,104931866776,USD_2022-12-10_ACC#00001_66912     0147701477806836441477MEGGY88         OFF TMH TIRO FAMES SMILAX   BOLL      00806836441477MEGGY88         OFF TMH TIRO HAU BT,USD_2022-12-10_ACC#00001_66912     0147701477806836441477MEGGY88         OFF TMH TIRO FAMES SMILAX   BOLL      00806836441477MEGGY88         OFF TMH TIRO HAU BT,RULE 1,A=0;B=0,008068364 41477 MEGGY88 L9FV0II                                                                 UPCLOSER MONOCOQUE GAB -,VOLERY 3662216666FP,-42370642.78,-42370642.78,0.00,0.00,2022-12-10,2022-12-10,0,"Publisher-labeled 1:1 match; numerical differences are review evidence, not a fraud/loss label."
113887670729,359017775759,18187644790,USD_2022-11-02_ACC#00001_66912     0670806708157303914476CHARE83         MORIBUND VEXES WHUFF SMILAX   BOLL      00157303914476CHARE83         MORIBUND VEXES S FOMALHAUT,USD_2022-11-02_ACC#00001_66912     0670806708157303914476CHARE83         MORIBUND VEXES WHUFF SMILAX   BOLL      00157303914476CHARE83         MORIBUND VEXES S FOMALHAUT,RULE 1,A=0;B=0,001573039 14476 CHARE83                                                                         TYPY AVN ALMSGIVER FS BUT,VOLERY 8272308666FP,-47008.84,-47008.84,0.00,0.00,2022-11-02,2022-11-02,0,"Publisher-labeled 1:1 match; numerical differences are review evidence, not a fraud/loss label."
11396389369,919730671391,442316756957,USD_2022-11-16_ACC#00001_66912     0670806708154715914476CHARE58         MORIBUND VEXES WHUFF SMILAX   BOLL      00154715914476CHARE58         MORIBUND VEXES S FOMALHAUT,USD_2022-11-16_ACC#00001_66912     0670806708154715914476CHARE58         MORIBUND VEXES WHUFF SMILAX   BOLL      00154715914476CHARE58         MORIBUND VEXES S FOMALHAUT,RULE 1,A=0;B=0,001547159 14476 CHARE58                                                                         UPCLOSER MONOCOQUE GAB -,VOLERY 8575480666FP,-19698.00,-19698.00,0.00,0.00,2022-11-16,2022-11-16,0,"Publisher-labeled 1:1 match; numerical differences are review evidence, not a fraud/loss label."
113982506750,558119429328,994266830382,USD_2022-10-05_ACC#00001_66912     09999099990666H3         6666666666 SMILAX   FGGKR     FW0666H3         6666666666,USD_2022-10-05_ACC#00001_66912     09999099990666H3         6666666666 SMILAX   FGGKR     FW0666H3         6666666666,RULE 3,A=0;B=0,12491206 V12491206                                                                       GVKYHE          666610809,V124912060316980 5563066044VI,1754337.32,1754337.32,0.00,0.00,2022-10-05,2022-10-05,0,"Publisher-labeled 1:1 match; numerical differences are review evidence, not a fraud/loss label."
11398575826,648814150527,936739513667,USD_2022-11-27_ACC#00001_66912     0670806708860307314407AMAL301         MORIBUND ROTENONES S SMILAX   BOLL      00860307314407AMAL301         MORIBUND ZYGNEMA SK HYRACIFORM,USD_2022-11-27_ACC#00001_66912     0670806708860307314407AMAL301         MORIBUND ROTENONES S SMILAX   BOLL      00860307314407AMAL301         MORIBUND ZYGNEMA SK HYRACIFORM,RULE 1,A=0;B=0,008603073 14407 AMAL301                                                                         UPCLOSER MONOCOQUE GAB -,VOLERY 8902977666FP,6577.10,6577.10,0.00,0.00,2022-11-27,2022-11-27,0,"Publisher-labeled 1:1 match; numerical differences are review evidence, not a fraud/loss label."
11401262106,93635772914,703899568918,USD_2022-10-19_ACC#00001_66912     0608706087149593515601DOYST68         MORIBUND VEXES WHUFF SMILAX   BOLL      00149593515601DOYST68         MORIBUND VEXES S FOMALHAUT,USD_2022-10-19_ACC#00001_66912     0608706087149593515601DOYST68         MORIBUND VEXES WHUFF SMILAX   BOLL      00149593515601DOYST68         MORIBUND VEXES S FOMALHAUT,RULE 1,A=0;B=0,001495935 15601 DOYST68                                                                         DALAPON BUT CLEMENTS CLEW,VOLERY 8474277666FP,-11908511.00,-11908511.00,0.00,0.00,2022-10-19,2022-10-19,0,"Publisher-labeled 1:1 match; numerical differences are review evidence, not a fraud/loss label."
11408655690,708105313779,545996629530,USD_2022-12-25_ACC#00001_66912     0147701477809492541477NAPE703         OFF TMH TIRO FAMES SMILAX   BOLL      00809492541477NAPE703         OFF TMH TIRO HAU BT,USD_2022-12-25_ACC#00001_66912     0147701477809492541477NAPE703         OFF TMH TIRO FAMES SMILAX   BOLL      00809492541477NAPE703         OFF TMH TIRO HAU BT,RULE 1,A=0;B=0,008094925 41477 NAPE703 L9NR138                                                                 UPCLOSER MONOCOQUE GAB -,VOLERY 3003708666FP,-46700000.00,-46700000.00,0.00,0.00,2022-12-25,2022-12-25,0,"Publisher-labeled 1:1 match; numerical differences are review evidence, not a fraud/loss label."
114098362990,682487088204,275449222995,USD_2022-10-09_ACC#00001_66912     0670806708144450414484KAVI032         MORIBUND VEXES WHUFF SMILAX   BOLL      00144450414484KAVI032         MORIBUND VEXES S FOMALHAUT,USD_2022-10-09_ACC#00001_66912     0670806708144450414484KAVI032         MORIBUND VEXES WHUFF SMILAX   BOLL      00144450414484KAVI032         MORIBUND VEXES S FOMALHAUT,RULE 1,A=0;B=0,001444504 14484 KAVI032                                                                         PREOCCUR GEOMETRINE AGHAN,VOLERY 8343637666FP,-38594.84,-38594.84,0.00,0.00,2022-10-09,2022-10-09,0,"Publisher-labeled 1:1 match; numerical differences are review evidence, not a fraud/loss label."
114132056322,665318262536,35862464992,USD_2022-11-30_ACC#00001_66912     0670806708867531714476TREMA76         MORIBUND ROTENONES S SMILAX   BOLL      00867531714476TREMA76         MORIBUND ZYGNEMA SK HYRACIFORM,USD_2022-11-30_ACC#00001_66912     0670806708867531714476TREMA76         MORIBUND ROTENONES S SMILAX   BOLL      00867531714476TREMA76         MORIBUND ZYGNEMA SK HYRACIFORM,RULE 1,A=0;B=0,008675317 14476 TREMA76                                                                         UPCLOSER MONOCOQUE GAB -,VOLERY 8972457666FP,5559.49,5559.49,0.00,0.00,2022-11-30,2022-11-30,0,"Publisher-labeled 1:1 match; numerical differences are review evidence, not a fraud/loss label."
114137004439,333409211721,66269034810,USD_2022-10-16_ACC#00001_66912     0670806708121018814476SHOJI46         MORIBUND ROTENONES S SMILAX   BOLL      00121018814476SHOJI46         MORIBUND ZYGNEMA SK HYRACIFORM,USD_2022-10-16_ACC#00001_66912     0670806708121018814476SHOJI46         MORIBUND ROTENONES S SMILAX   BOLL      00121018814476SHOJI46         MORIBUND ZYGNEMA SK HYRACIFORM,RULE 1,A=0;B=0,001210188 14476 SHOJI46                                                                         UPCLOSER MONOCOQUE GAB -,VOLERY 8403352666FP,39828.90,39828.90,0.00,0.00,2022-10-16,2022-10-16,0,"Publisher-labeled 1:1 match; numerical differences are review evidence, not a fraud/loss label."
114144122451,153848683246,123792510985,USD_2022-09-16_ACC#00001_66912     6602466024SC OX UNDERSEEN MISTRUST    YN6053 SB SMILAX   GESS      WOLD OX UNDERSEEN MISTRUST    YN6053 SB,USD_2022-09-16_ACC#00001_66912     6602466024SC OX UNDERSEEN MISTRUST    YN6053 SB SMILAX   GESS      WOLD OX UNDERSEEN MISTRUST    YN6053 SB,RULE 4,A=0;B=0,726369 666666667662214,OVEY 5248766082VI,-875000.00,-875000.00,0.00,0.00,2022-09-16,2022-09-16,0,"Publisher-labeled 1:1 match; numerical differences are review evidence, not a fraud/loss label."
114168987094,685866588452,296446015373,USD_2022-12-24_ACC#00001_66912     02566025660666H3         6666666666 SMILAX   FGGKR     FW0666H3         6666666666,USD_2022-12-24_ACC#00001_66912     02566025660666H3         6666666666 SMILAX   FGGKR     FW0666H3         6666666666,RULE 3,A=0;B=0,87348666 V87348666                                                                       SHALE           667933724,V873486666111207 6292166784VI,1884000.00,1884000.00,0.00,0.00,2022-12-24,2022-12-24,0,"Publisher-labeled 1:1 match; numerical differences are review evidence, not a fraud/loss label."
11420629770,325236424633,684139326271,USD_2022-12-24_ACC#00001_66912     0256602566 SMILAX   FGGKR,USD_2022-12-24_ACC#00001_66912     0256602566 SMILAX   FGGKR,RULE 1,A=0;B=0,32296987 ALME7U0198JOQG7U                                                                JO TONITE SAUNT 664952723,V802087561013835 6429966784VI,-1230995.73,-1230995.73,0.00,0.00,2022-12-24,2022-12-24,0,"Publisher-labeled 1:1 match; numerical differences are review evidence, not a fraud/loss label."
114206739765,278142221087,332578592800,USD_2022-09-30_ACC#00001_66912     66325663250 32566AHM2X 088            JO TONITE AGGEST SMILAX   GFG       VC0 32566AHM2X 088            JO TONITE AGGEST,USD_2022-09-30_ACC#00001_66912     66325663250 32566AHM2X 088            JO TONITE AGGEST SMILAX   GFG       VC0 32566AHM2X 088            JO TONITE AGGEST,RULE 3,A=0;B=0,32566AHM2X 32566AHM2X                                                                      JO TONITE AGGEST,32566AHM2X 4525466040VI,42684.71,42684.71,0.00,0.00,2022-09-30,2022-09-30,0,"Publisher-labeled 1:1 match; numerical differences are review evidence, not a fraud/loss label."
114217419278,703264937683,425636192840,USD_2022-09-15_ACC#00001_66912     0608206082136626167399MBAYA54         MORIBUND ROTENONES S SMILAX   BOLL      00136626167399MBAYA54         MORIBUND ZYGNEMA SK HYRACIFORM,USD_2022-09-15_ACC#00001_66912     0608206082136626167399MBAYA54         MORIBUND ROTENONES S SMILAX   BOLL      00136626167399MBAYA54         MORIBUND ZYGNEMA SK HYRACIFORM,RULE 4,A=0;B=0,001366261 67399 MBAYA54                                                                         PSYCH FUTHERMORE EEV,VOLERY 8122571666FP,667786.36,667786.36,0.00,0.00,2022-09-15,2022-09-15,0,"Publisher-labeled 1:1 match; numerical differences are review evidence, not a fraud/loss label."
114265715684,996280705555,175391252020,USD_2022-10-08_ACC#00001_66912     66325663250 32566AOQRU 088            JOQVY - ELUVIA - SMILAX   GFG       VC0 32566AOQRU 088            JOQVY - ELUVIA -,USD_2022-10-08_ACC#00001_66912     66325663250 32566AOQRU 088            JOQVY - ELUVIA - SMILAX   GFG       VC0 32566AOQRU 088            JOQVY - ELUVIA -,RULE 3,A=0;B=0,32566AOQRU 32566AOQRU                                                                      JOQVY - ELUVIA -,32566AOQRU 9223366045VI,35172.10,35172.10,0.00,0.00,2022-10-08,2022-10-08,0,"Publisher-labeled 1:1 match; numerical differences are review evidence, not a fraud/loss label."
114277510257,145439564524,401684353444,USD_2022-09-22_ACC#00001_66912     66325663250 32566AMYYY 088            ESNE - OL OGPU L SMILAX   GFG       VC0 32566AMYYY 088            ESNE - OL OGPU L,USD_2022-09-22_ACC#00001_66912     66325663250 32566AMYYY 088            ESNE - OL OGPU L SMILAX   GFG       VC0 32566AMYYY 088            ESNE - OL OGPU L,RULE 4,A=0;B=0,32566AMYYY 32566AMYYY                                                                      ESNE - OL OGPU L,183746AL68749387 8191666031VI,-8405.90,-8405.90,0.00,0.00,2022-09-22,2022-09-22,0,"Publisher-labeled 1:1 match; numerical differences are review evidence, not a fraud/loss label."
114294927426,636068487448,303139819644,USD_2022-11-23_ACC#00001_66912     66325663250 32566TKA86 088            JOQVY - ELUVIA - SMILAX   GFG       VC0 32566TKA86 088            JOQVY - ELUVIA -,USD_2022-11-23_ACC#00001_66912     66325663250 32566TKA86 088            JOQVY - ELUVIA - SMILAX   GFG       VC0 32566TKA86 088            JOQVY - ELUVIA -,RULE 3,A=0;B=0,32566TKA86 32566TKA86                                                                      JOQVY - ELUVIA -,32566TKA86 7952766707VI,28738.00,28738.00,0.00,0.00,2022-11-23,2022-11-23,0,"Publisher-labeled 1:1 match; numerical differences are review evidence, not a fraud/loss label."
114313123089,871310788632,439488408094,USD_2022-12-31_ACC#00001_66912     66325663250 32566TRP37 088            JOQVY - ELUVIA - SMILAX   GFG       VC0 32566TRP37 088            JOQVY - ELUVIA -,USD_2022-12-31_ACC#00001_66912     66325663250 32566TRP37 088            JOQVY - ELUVIA - SMILAX   GFG       VC0 32566TRP37 088            JOQVY - ELUVIA -,RULE 1,A=0;B=0,32566TRP37 32566TRP37                                                                      JOQVY - ELUVIA -,322746AL68134956 4364566737VI,-6014.47,-6014.47,0.00,0.00,2022-12-31,2022-12-31,0,"Publisher-labeled 1:1 match; numerical differences are review evidence, not a fraud/loss label."
11436942260,390313161899,394782860396,USD_2022-12-08_ACC#00001_66912     6033960339 SMILAX   GPD,USD_2022-12-08_ACC#00001_66912     6033960339 SMILAX   GPD,RULE 3,A=0;B=0,AHT9126666750198 AHT9126666750198,AHT9126666750198 8057866716XD,-344000.00,-344000.00,0.00,0.00,2022-12-08,2022-12-08,0,"Publisher-labeled 1:1 match; numerical differences are review evidence, not a fraud/loss label."
114475428442,386721550778,850230613567,USD_2022-12-18_ACC#00001_66912     0122701227803124012667NAPE703         MORIBUND ROTENONES S SMILAX   BOLL      00803124012667NAPE703         MORIBUND ZYGNEMA SK HYRACIFORM,USD_2022-12-18_ACC#00001_66912     0122701227803124012667NAPE703         MORIBUND ROTENONES S SMILAX   BOLL      00803124012667NAPE703         MORIBUND ZYGNEMA SK HYRACIFORM,RULE 1,A=0;B=0,008031240 12667 NAPE703                                                                         KAMIAN SPROTTLE VOWED BUD,VOLERY 3644353666FP,118663.03,118663.03,0.00,0.00,2022-12-18,2022-12-18,0,"Publisher-labeled 1:1 match; numerical differences are review evidence, not a fraud/loss label."
114478126599,47416663698,564742583399,USD_2022-12-18_ACC#00001_66912     0670806708808136014407CANGY97         MORIBUND ROTENONES S SMILAX   BOLL      00808136014407CANGY97         MORIBUND ZYGNEMA SK HYRACIFORM,USD_2022-12-18_ACC#00001_66912     0670806708808136014407CANGY97         MORIBUND ROTENONES S SMILAX   BOLL      00808136014407CANGY97         MORIBUND ZYGNEMA SK HYRACIFORM,RULE 1,A=0;B=0,008081360 14407 CANGY97                                                                         DIANITE ANIMI VOWED AGHAN,VOLERY 3643400666FP,465761.89,465761.89,0.00,0.00,2022-12-18,2022-12-18,0,"Publisher-labeled 1:1 match; numerical differences are review evidence, not a fraud/loss label."
114550789461,411971751881,940650437858,USD_2022-12-14_ACC#00001_66912     09999099997313           6666666666 SMILAX   FGGKR     KR7313           6666666666                                     666666666666666,USD_2022-12-14_ACC#00001_66912     09999099997313           6666666666 SMILAX   FGGKR     KR7313           6666666666                                     666666666666666,RULE 3,A=0;B=0,12232648 V12232648                                                                       SLATTERN EU     706670310,MG12232648M600MK 0217866714VI,2035139.86,2035139.86,0.00,0.00,2022-12-14,2022-12-14,0,"Publisher-labeled 1:1 match; numerical differences are review evidence, not a fraud/loss label."
114557514619,438058938183,427960256185,USD_2022-11-27_ACC#00001_66912     0122701227199589912607NAPE645         MORIBUND ROTENONES S SMILAX   BOLL      00199589912607NAPE645         MORIBUND ZYGNEMA SK HYRACIFORM,USD_2022-11-27_ACC#00001_66912     0122701227199589912607NAPE645         MORIBUND ROTENONES S SMILAX   BOLL      00199589912607NAPE645         MORIBUND ZYGNEMA SK HYRACIFORM,RULE 1,A=0;B=0,001995899 12607 NAPE645                                                                         UPCLOSER MONOCOQUE GAB -,VOLERY 8902591666FP,530976.00,530976.00,0.00,0.00,2022-11-27,2022-11-27,0,"Publisher-labeled 1:1 match; numerical differences are review evidence, not a fraud/loss label."
11458178203,337370241130,661569489823,USD_2022-10-20_ACC#00001_66912     0779507795 SMILAX   WAP,USD_2022-10-20_ACC#00001_66912     0779507795 SMILAX   WAP,RULE 3,A=0;B=0,6111656U6H6E676K 6462656U6B6C6166                                                                UPCLOSER QUETCH EFI (WYE-,6111656U6H6E6L6J 3882766050VI,-22.48,-22.48,0.00,0.00,2022-10-20,2022-10-20,0,"Publisher-labeled 1:1 match; numerical differences are review evidence, not a fraud/loss label."
114612109988,142336305528,484368827784,USD_2022-09-15_ACC#00001_66912     0670806708189625514476NAUT308         MORIBUND VEXES WHUFF SMILAX   BOLL      00189625514476NAUT308         MORIBUND VEXES S FOMALHAUT,USD_2022-09-15_ACC#00001_66912     0670806708189625514476NAUT308         MORIBUND VEXES WHUFF SMILAX   BOLL      00189625514476NAUT308         MORIBUND VEXES S FOMALHAUT,RULE 4,A=0;B=0,001896255 14476 NAUT308                                                                         UPCLOSER MONOCOQUE GAB -,VOLERY 8129858666FP,-103305.28,-103305.28,0.00,0.00,2022-09-15,2022-09-15,0,"Publisher-labeled 1:1 match; numerical differences are review evidence, not a fraud/loss label."
114632205917,60536934719,48518367598,USD_2022-10-08_ACC#00001_66912     0670806708144404314484KAVI032         MORIBUND ROTENONES S SMILAX   BOLL      00144404314484KAVI032         MORIBUND ZYGNEMA SK HYRACIFORM,USD_2022-10-08_ACC#00001_66912     0670806708144404314484KAVI032         MORIBUND ROTENONES S SMILAX   BOLL      00144404314484KAVI032         MORIBUND ZYGNEMA SK HYRACIFORM,RULE 1,A=0;B=0,001444043 14484 KAVI032                                                                         UPCLOSER MONOCOQUE GAB -,VOLERY 8333442666FP,3859484.30,3859484.30,0.00,0.00,2022-10-08,2022-10-08,0,"Publisher-labeled 1:1 match; numerical differences are review evidence, not a fraud/loss label."
114685163197,859783991837,212447785259,USD_2022-11-05_ACC#00001_66912     66325663250 32566B41FW 088            JOQVY - ELUVIA - SMILAX   GFG       VC0 32566B41FW 088            JOQVY - ELUVIA -,USD_2022-11-05_ACC#00001_66912     66325663250 32566B41FW 088            JOQVY - ELUVIA - SMILAX   GFG       VC0 32566B41FW 088            JOQVY - ELUVIA -,RULE 3,A=0;B=0,32566B41FW 32566B41FW                                                                      JOQVY - ELUVIA -,32566B41FW 2439966094VI,6396.40,6396.40,0.00,0.00,2022-11-05,2022-11-05,0,"Publisher-labeled 1:1 match; numerical differences are review evidence, not a fraud/loss label."
1146981078,299322244037,12322533237,USD_2022-11-11_ACC#00001_66912     0670806708152682314476SHOJI46         MORIBUND ROTENONES S SMILAX   BOLL      00152682314476SHOJI46         MORIBUND ZYGNEMA SK HYRACIFORM,USD_2022-11-11_ACC#00001_66912     0670806708152682314476SHOJI46         MORIBUND ROTENONES S SMILAX   BOLL      00152682314476SHOJI46         MORIBUND ZYGNEMA SK HYRACIFORM,RULE 1,A=0;B=0,001526823 14476 SHOJI46                                                                         UPCLOSER MONOCOQUE GAB -,VOLERY 8292103666FP,224127.39,224127.39,0.00,0.00,2022-11-11,2022-11-11,0,"Publisher-labeled 1:1 match; numerical differences are review evidence, not a fraud/loss label."
114767101564,364818563274,564343172499,USD_2022-09-28_ACC#00001_66912     66325663250 32566AJ9X3 088            JOQVY-BAS JOQVY SMILAX   GFG       VC0 32566AJ9X3 088            JOQVY-BAS JOQVY,USD_2022-09-28_ACC#00001_66912     66325663250 32566AJ9X3 088            JOQVY-BAS JOQVY SMILAX   GFG       VC0 32566AJ9X3 088            JOQVY-BAS JOQVY,RULE 1,A=0;B=0,32566AJ9X3 32566AJ9X3                                                                      JOQVY-BAS JOQVY,322746AL60420348 5368666034VI,-1393796.25,-1393796.25,0.00,0.00,2022-09-28,2022-09-28,0,"Publisher-labeled 1:1 match; numerical differences are review evidence, not a fraud/loss label."
114780042791,240094421284,519501726291,USD_2022-10-09_ACC#00001_66912     0147701477149338241477MOZO702         OFF TMH TIRO FAMES SMILAX   BOLL      00149338241477MOZO702         OFF TMH TIRO HAU BT,USD_2022-10-09_ACC#00001_66912     0147701477149338241477MOZO702         OFF TMH TIRO FAMES SMILAX   BOLL      00149338241477MOZO702         OFF TMH TIRO HAU BT,RULE 1,A=0;B=0,001493382 41477 MOZO702 L9Y45SA                                                                 JOQVY H.C. ZUCCHINIS TENT,VOLERY 8343882666FP,-3789852.53,-3789852.53,0.00,0.00,2022-10-09,2022-10-09,0,"Publisher-labeled 1:1 match; numerical differences are review evidence, not a fraud/loss label."
114792554106,131503970712,867905978050,USD_2022-09-28_ACC#00001_66912     0256602566 SMILAX   FGGKR,USD_2022-09-28_ACC#00001_66912     0256602566 SMILAX   FGGKR,RULE 1,A=0;B=0,32146926 ALME7U8835JOQG7U                                                                JO TONITE SAUNT 664952723,V321281466848879 9551566039VI,-66064.69,-66064.69,0.00,0.00,2022-09-28,2022-09-28,0,"Publisher-labeled 1:1 match; numerical differences are review evidence, not a fraud/loss label."
114810391991,291123397002,255369443344,USD_2022-12-14_ACC#00001_66912     0670806708800866814407COCT382         MORIBUND ROTENONES S SMILAX   BOLL      00800866814407COCT382         MORIBUND ZYGNEMA SK HYRACIFORM,USD_2022-12-14_ACC#00001_66912     0670806708800866814407COCT382         MORIBUND ROTENONES S SMILAX   BOLL      00800866814407COCT382         MORIBUND ZYGNEMA SK HYRACIFORM,RULE 1,A=0;B=0,008008668 14407 COCT382                                                                         UPCLOSER MONOCOQUE GAB -,VOLERY 3674950666FP,264713.93,264713.93,0.00,0.00,2022-12-14,2022-12-14,0,"Publisher-labeled 1:1 match; numerical differences are review evidence, not a fraud/loss label."
114873874085,96005276152,823133553347,USD_2022-11-09_ACC#00001_66912     0603606036159253667888OKET656         IF TMH TIRO FAMES SMILAX   BOLL      00159253667888OKET656         IF TMH TIRO EMEU S,USD_2022-11-09_ACC#00001_66912     0603606036159253667888OKET656         IF TMH TIRO FAMES SMILAX   BOLL      00159253667888OKET656         IF TMH TIRO EMEU S,RULE 1,A=0;B=0,001592536 67888 OKET656 L9MU8HB                                                                 JO TONITE ETHERIFIES GAB,VOLERY 8222970666FP,-5334300.00,-5334300.00,0.00,0.00,2022-11-09,2022-11-09,0,"Publisher-labeled 1:1 match; numerical differences are review evidence, not a fraud/loss label."
114891238548,92065736859,503766446459,USD_2022-11-23_ACC#00001_66912     66325663250 37266TML17 088            JO TONITE AGGEST SMILAX   GFG       VC0 37266TML17 088            JO TONITE AGGEST,USD_2022-11-23_ACC#00001_66912     66325663250 37266TML17 088            JO TONITE AGGEST SMILAX   GFG       VC0 37266TML17 088            JO TONITE AGGEST,RULE 3,A=0;B=0,37266TML17 37266TML17                                                                      JO TONITE AGGEST,37266TML17 3308866703VI,241052.52,241052.52,0.00,0.00,2022-11-23,2022-11-23,0,"Publisher-labeled 1:1 match; numerical differences are review evidence, not a fraud/loss label."
114911853134,329995921853,646006752599,USD_2022-10-02_ACC#00001_66912     0670806708141235914476AUG0605         MORIBUND ROTENONES S SMILAX   BOLL      00141235914476AUG0605         MORIBUND ZYGNEMA SK HYRACIFORM,USD_2022-10-02_ACC#00001_66912     0670806708141235914476AUG0605         MORIBUND ROTENONES S SMILAX   BOLL      00141235914476AUG0605         MORIBUND ZYGNEMA SK HYRACIFORM,RULE 1,A=0;B=0,001412359 14476 AUG0605                                                                         UPCLOSER MONOCOQUE GAB -,VOLERY 8301163666FP,46372.56,46372.56,0.00,0.00,2022-10-02,2022-10-02,0,"Publisher-labeled 1:1 match; numerical differences are review evidence, not a fraud/loss label."
114942894003,566679400344,96565983564,USD_2022-12-31_ACC#00001_66912     0600606006870607767608CLICH58         MORIBUND ROTENONES S SMILAX   BOLL      00870607767608CLICH58         MORIBUND ZYGNEMA SK HYRACIFORM,USD_2022-12-31_ACC#00001_66912     0600606006870607767608CLICH58         MORIBUND ROTENONES S SMILAX   BOLL      00870607767608CLICH58         MORIBUND ZYGNEMA SK HYRACIFORM,MANUAL,A=0;B=0,008706077 67608 CLICH58                                                                         NIGROUS VOWED QMQF MG EFI,VOLERY 3081322666FP,91484.65,91484.65,0.00,0.00,2022-12-31,2022-12-31,0,"Publisher-labeled 1:1 match; numerical differences are review evidence, not a fraud/loss label."
115024386975,513924435732,952978287318,USD_2022-09-10_ACC#00001_66912     0147701477185980141477DOYST31         OFF TMH TIRO FAMES SMILAX   BOLL      00185980141477DOYST31         OFF TMH TIRO HAU BT,USD_2022-09-10_ACC#00001_66912     0147701477185980141477DOYST31         OFF TMH TIRO FAMES SMILAX   BOLL      00185980141477DOYST31         OFF TMH TIRO HAU BT,RULE 4,A=0;B=0,001859801 41477 DOYST31 L9Y712I                                                                 UPCLOSER MONOCOQUE GAB -,VOLERY 8132906666FP,-34785853.61,-34785853.61,0.00,0.00,2022-09-10,2022-09-10,0,"Publisher-labeled 1:1 match; numerical differences are review evidence, not a fraud/loss label."
115048481524,825141341545,37717821440,USD_2022-09-21_ACC#00001_66912     0141601416133345341416GULA414         IF TMH SEE FAMES SMILAX   BOLL      00133345341416GULA414         IF TMH SEE FAMES,USD_2022-09-21_ACC#00001_66912     0141601416133345341416GULA414         IF TMH SEE FAMES SMILAX   BOLL      00133345341416GULA414         IF TMH SEE FAMES,RULE 4,A=0;B=0,001333453 41416 GULA414 L9Y15LV                                                                 UPCLOSER MONOCOQUE GAB -,VOLERY 8877468666FP,31191400.00,31191400.00,0.00,0.00,2022-09-21,2022-09-21,0,"Publisher-labeled 1:1 match; numerical differences are review evidence, not a fraud/loss label."
115079693597,361469763033,847876146044,USD_2022-11-23_ACC#00001_66912     0670806708194282114407KELD388         MORIBUND VEXES WHUFF SMILAX   BOLL      00194282114407KELD388         MORIBUND VEXES S FOMALHAUT,USD_2022-11-23_ACC#00001_66912     0670806708194282114407KELD388         MORIBUND VEXES WHUFF SMILAX   BOLL      00194282114407KELD388         MORIBUND VEXES S FOMALHAUT,RULE 1,A=0;B=0,001942821 14407 KELD388                                                                         UPCLOSER MONOCOQUE GAB -,VOLERY 8550060666FP,-1029198.48,-1029198.48,0.00,0.00,2022-11-23,2022-11-23,0,"Publisher-labeled 1:1 match; numerical differences are review evidence, not a fraud/loss label."
115089388157,809267159583,729995904821,USD_2022-12-29_ACC#00001_66912     02566025660666H3         6666666666 SMILAX   FGGKR     FW0666H3         6666666666,USD_2022-12-29_ACC#00001_66912     02566025660666H3         6666666666 SMILAX   FGGKR     FW0666H3         6666666666,RULE 3,A=0;B=0,88922996 V88922996                                                                       JO TONITE SAUNT 664952723,V889229966517437 9499066730VI,1972000.00,1972000.00,0.00,0.00,2022-12-29,2022-12-29,0,"Publisher-labeled 1:1 match; numerical differences are review evidence, not a fraud/loss label."
115095497884,699840896248,234845991749,USD_2022-12-02_ACC#00001_66912     0670806708868170014407KAVI970         MORIBUND ROTENONES S SMILAX   BOLL      00868170014407KAVI970         MORIBUND ZYGNEMA SK HYRACIFORM,USD_2022-12-02_ACC#00001_66912     0670806708868170014407KAVI970         MORIBUND ROTENONES S SMILAX   BOLL      00868170014407KAVI970         MORIBUND ZYGNEMA SK HYRACIFORM,RULE 1,A=0;B=0,008681700 14407 KAVI970                                                                         UPCLOSER MONOCOQUE GAB -,VOLERY 8984269666FP,89180.45,89180.45,0.00,0.00,2022-12-02,2022-12-02,0,"Publisher-labeled 1:1 match; numerical differences are review evidence, not a fraud/loss label."
115102526891,638917819526,66393251054,USD_2022-10-27_ACC#00001_66912     0670806708125125114476RUMBO27         MORIBUND VEXES WHUFF SMILAX   BOLL      00125125114476RUMBO27         MORIBUND VEXES S FOMALHAUT,USD_2022-10-27_ACC#00001_66912     0670806708125125114476RUMBO27         MORIBUND VEXES WHUFF SMILAX   BOLL      00125125114476RUMBO27         MORIBUND VEXES S FOMALHAUT,RULE 1,A=0;B=0,001251251 14476 RUMBO27                                                                         UPCLOSER MONOCOQUE GAB -,VOLERY 8429469666FP,-26848.82,-26848.82,0.00,0.00,2022-10-27,2022-10-27,0,"Publisher-labeled 1:1 match; numerical differences are review evidence, not a fraud/loss label."
115120277534,720579959243,531922618953,USD_2022-10-28_ACC#00001_66912     0670806708156482414476SYNE643         MORIBUND ROTENONES S SMILAX   BOLL      00156482414476SYNE643         MORIBUND ZYGNEMA SK HYRACIFORM,USD_2022-10-28_ACC#00001_66912     0670806708156482414476SYNE643         MORIBUND ROTENONES S SMILAX   BOLL      00156482414476SYNE643         MORIBUND ZYGNEMA SK HYRACIFORM,RULE 1,A=0;B=0,001564824 14476 SYNE643                                                                         UPCLOSER MONOCOQUE GAB -,VOLERY 8452278666FP,27281.50,27281.50,0.00,0.00,2022-10-28,2022-10-28,0,"Publisher-labeled 1:1 match; numerical differences are review evidence, not a fraud/loss label."
11512959105,685927394902,864396716956,USD_2022-11-02_ACC#00001_66912     0670806708158498914409CHARE17         MORIBUND VEXES WHUFF SMILAX   BOLL      00158498914409CHARE17         MORIBUND VEXES S FOMALHAUT,USD_2022-11-02_ACC#00001_66912     0670806708158498914409CHARE17         MORIBUND VEXES WHUFF SMILAX   BOLL      00158498914409CHARE17         MORIBUND VEXES S FOMALHAUT,RULE 1,A=0;B=0,001584989 14409 CHARE17                                                                         ING FOUL LACTARENE NIYAMA,VOLERY 8272382666FP,-91780.96,-91780.96,0.00,0.00,2022-11-02,2022-11-02,0,"Publisher-labeled 1:1 match; numerical differences are review evidence, not a fraud/loss label."
115138976622,509163836199,756676901517,USD_2022-10-09_ACC#00001_66912     0670806708145310014407CHARE43         MORIBUND ROTENONES S SMILAX   BOLL      00145310014407CHARE43         MORIBUND ZYGNEMA SK HYRACIFORM,USD_2022-10-09_ACC#00001_66912     0670806708145310014407CHARE43         MORIBUND ROTENONES S SMILAX   BOLL      00145310014407CHARE43         MORIBUND ZYGNEMA SK HYRACIFORM,RULE 1,A=0;B=0,001453100 14407 CHARE43                                                                         UPCLOSER MONOCOQUE GAB -,VOLERY 8348498666FP,303697.12,303697.12,0.00,0.00,2022-10-09,2022-10-09,0,"Publisher-labeled 1:1 match; numerical differences are review evidence, not a fraud/loss label."
1151886318,983892749828,120122303151,USD_2022-12-30_ACC#00001_66912     66325663250 32566TRH85 088            JOQVY - BAS - SF SMILAX   GFG       VC0 32566TRH85 088            JOQVY - BAS - SF,USD_2022-12-30_ACC#00001_66912     66325663250 32566TRH85 088            JOQVY - BAS - SF SMILAX   GFG       VC0 32566TRH85 088            JOQVY - BAS - SF,RULE 3,A=0;B=0,32566TRH85 32566TRH85                                                                      JOQVY - BAS - SF,32566TRH85 3658366737VI,72323.31,72323.31,0.00,0.00,2022-12-30,2022-12-30,0,"Publisher-labeled 1:1 match; numerical differences are review evidence, not a fraud/loss label."
115202866770,994050897648,651598531740,USD_2022-10-12_ACC#00001_66912     0670806708149375414476SKITE62         MORIBUND ROTENONES S SMILAX   BOLL      00149375414476SKITE62         MORIBUND ZYGNEMA SK HYRACIFORM,USD_2022-10-12_ACC#00001_66912     0670806708149375414476SKITE62         MORIBUND ROTENONES S SMILAX   BOLL      00149375414476SKITE62         MORIBUND ZYGNEMA SK HYRACIFORM,RULE 1,A=0;B=0,001493754 14476 SKITE62                                                                         UPCLOSER MONOCOQUE GAB -,VOLERY 8328208666FP,54222.70,54222.70,0.00,0.00,2022-10-12,2022-10-12,0,"Publisher-labeled 1:1 match; numerical differences are review evidence, not a fraud/loss label."
115254155083,342735473037,524087837626,USD_2022-12-11_ACC#00001_66912     0670806708806563814476UNDOG79         MORIBUND ROTENONES S SMILAX   BOLL      00806563814476UNDOG79         MORIBUND ZYGNEMA SK HYRACIFORM,USD_2022-12-11_ACC#00001_66912     0670806708806563814476UNDOG79         MORIBUND ROTENONES S SMILAX   BOLL      00806563814476UNDOG79         MORIBUND ZYGNEMA SK HYRACIFORM,RULE 1,A=0;B=0,008065638 14476 UNDOG79                                                                         UPCLOSER MONOCOQUE GAB -,VOLERY 3602166666FP,22158.00,22158.00,0.00,0.00,2022-12-11,2022-12-11,0,"Publisher-labeled 1:1 match; numerical differences are review evidence, not a fraud/loss label."
115254619499,262878781190,355477018613,USD_2022-12-25_ACC#00001_66912     0147601476876412341476                IF TMH ENQUIRE WOLD SMILAX   BOLL      00876412341476                IF TMH ENQUIRE C TCK,USD_2022-12-25_ACC#00001_66912     0147601476876412341476                IF TMH ENQUIRE WOLD SMILAX   BOLL      00876412341476                IF TMH ENQUIRE C TCK,RULE 1,A=0;B=0,008764123 41476 L9NR4T3                                                                 KAZATSKI VITI MIB DIASENE,ICHTHYIZATION 3260466782XD,-17667000.00,-17667000.00,0.00,0.00,2022-12-25,2022-12-25,0,"Publisher-labeled 1:1 match; numerical differences are review evidence, not a fraud/loss label."
115255482483,12930005517,97832175103,USD_2022-12-10_ACC#00001_66912     0147701477800165641477MEGGY88         IF TMH SEE FAMES SMILAX   BOLL      00800165641477MEGGY88         IF TMH SEE FAMES,USD_2022-12-10_ACC#00001_66912     0147701477800165641477MEGGY88         IF TMH SEE FAMES SMILAX   BOLL      00800165641477MEGGY88         IF TMH SEE FAMES,RULE 1,A=0;B=0,008001656 41477 MEGGY88 L9FV1JU                                                                 UPCLOSER MONOCOQUE GAB -,VOLERY 3665225666FP,44666400.00,44666400.00,0.00,0.00,2022-12-10,2022-12-10,0,"Publisher-labeled 1:1 match; numerical differences are review evidence, not a fraud/loss label."
115256929540,933640514712,208654624264,USD_2022-12-18_ACC#00001_66912     66325663250 32566TR41D 088            JOQVY DE-BAS - T SMILAX   GFG       VC0 32566TR41D 088            JOQVY DE-BAS - T,USD_2022-12-18_ACC#00001_66912     66325663250 32566TR41D 088            JOQVY DE-BAS - T SMILAX   GFG       VC0 32566TR41D 088            JOQVY DE-BAS - T,RULE 3,A=0;B=0,32566TR41D 32566TR41D                                                                      JOQVY DE-BAS - T,32566TR41D 3673166786VI,4000.00,4000.00,0.00,0.00,2022-12-18,2022-12-18,0,"Publisher-labeled 1:1 match; numerical differences are review evidence, not a fraud/loss label."
115259002657,840486961438,601927068959,USD_2022-10-26_ACC#00001_66912     66325663250 32566B0PMG 088            JOQVY DE -ELUVIA SMILAX   GFG       VC0 32566B0PMG 088            JOQVY DE -ELUVIA,USD_2022-10-26_ACC#00001_66912     66325663250 32566B0PMG 088            JOQVY DE -ELUVIA SMILAX   GFG       VC0 32566B0PMG 088            JOQVY DE -ELUVIA,RULE 1,A=0;B=0,32566B0PMG 32566B0PMG                                                                      JOQVY DE -ELUVIA,322746AL68777916 5629366058VI,-52764374.50,-52764374.50,0.00,0.00,2022-10-26,2022-10-26,0,"Publisher-labeled 1:1 match; numerical differences are review evidence, not a fraud/loss label."
115264635170,560787564409,446926425072,USD_2022-11-06_ACC#00001_66912     0670806708152748214407JAUP582         MORIBUND ROTENONES S SMILAX   BOLL      00152748214407JAUP582         MORIBUND ZYGNEMA SK HYRACIFORM,USD_2022-11-06_ACC#00001_66912     0670806708152748214407JAUP582         MORIBUND ROTENONES S SMILAX   BOLL      00152748214407JAUP582         MORIBUND ZYGNEMA SK HYRACIFORM,RULE 1,A=0;B=0,001527482 14407 JAUP582                                                                         UPCLOSER MONOCOQUE GAB -,VOLERY 8242797666FP,1221.20,1221.20,0.00,0.00,2022-11-06,2022-11-06,0,"Publisher-labeled 1:1 match; numerical differences are review evidence, not a fraud/loss label."
115278328226,116069125718,255636580184,USD_2022-10-26_ACC#00001_66912     0670806708125189914407HAUSA08         MORIBUND ROTENONES S SMILAX   BOLL      00125189914407HAUSA08         MORIBUND ZYGNEMA SK HYRACIFORM,USD_2022-10-26_ACC#00001_66912     0670806708125189914407HAUSA08         MORIBUND ROTENONES S SMILAX   BOLL      00125189914407HAUSA08         MORIBUND ZYGNEMA SK HYRACIFORM,RULE 1,A=0;B=0,001251899 14407 HAUSA08                                                                         UPCLOSER MONOCOQUE GAB -,VOLERY 8445196666FP,468931.51,468931.51,0.00,0.00,2022-10-26,2022-10-26,0,"Publisher-labeled 1:1 match; numerical differences are review evidence, not a fraud/loss label."
115322765186,501734843187,204549596986,USD_2022-10-05_ACC#00001_66912     66071660710 07166AQP4Y 088                LINEA WOE SL SMILAX   GFG       VC0 07166AQP4Y 088                LINEA WOE SL,USD_2022-10-05_ACC#00001_66912     66071660710 07166AQP4Y 088                LINEA WOE SL SMILAX   GFG       VC0 07166AQP4Y 088                LINEA WOE SL,RULE 3,A=0;B=0,07166AQP4Y 07166AQP4Y                                                                          LINEA WOE SL,07166AQP4Y 6048566044VI,1365668.09,1365668.09,0.00,0.00,2022-10-05,2022-10-05,0,"Publisher-labeled 1:1 match; numerical differences are review evidence, not a fraud/loss label."
115442812517,373948972335,673903249660,USD_2022-11-26_ACC#00001_66912     66325663250 32566TLQB8 088            JOQVY - ELUVIA - SMILAX   GFG       VC0 32566TLQB8 088            JOQVY - ELUVIA -,USD_2022-11-26_ACC#00001_66912     66325663250 32566TLQB8 088            JOQVY - ELUVIA - SMILAX   GFG       VC0 32566TLQB8 088            JOQVY - ELUVIA -,RULE 1,A=0;B=0,32566TLQB8 32566TLQB8                                                                      JOQVY - ELUVIA -,322746AL68109580 3042566702VI,-173.68,-173.68,0.00,0.00,2022-11-26,2022-11-26,0,"Publisher-labeled 1:1 match; numerical differences are review evidence, not a fraud/loss label."
115466853935,282319051096,920438279266,USD_2022-12-01_ACC#00001_66912     0603606036863690067888CHOIL61         IF TMH TIRO FAMES SMILAX   BOLL      00863690067888CHOIL61         IF TMH TIRO EMEU S,USD_2022-12-01_ACC#00001_66912     0603606036863690067888CHOIL61         IF TMH TIRO FAMES SMILAX   BOLL      00863690067888CHOIL61         IF TMH TIRO EMEU S,RULE 1,A=0;B=0,008636900 67888 CHOIL61 L9HX5WU                                                                 JO TONITE ETHERIFIES GAB,VOLERY 8912409666FP,-104627.00,-104627.00,0.00,0.00,2022-12-01,2022-12-01,0,"Publisher-labeled 1:1 match; numerical differences are review evidence, not a fraud/loss label."
115577687683,578184323406,488935426579,USD_2022-10-09_ACC#00001_66912     0156801568142041717667REOWN81         MORIBUND ROTENONES S SMILAX   BOLL      00142041717667REOWN81         MORIBUND ZYGNEMA SK HYRACIFORM,USD_2022-10-09_ACC#00001_66912     0156801568142041717667REOWN81         MORIBUND ROTENONES S SMILAX   BOLL      00142041717667REOWN81         MORIBUND ZYGNEMA SK HYRACIFORM,RULE 1,A=0;B=0,001420417 17667 REOWN81                                                                         AFTONIAN TYPY AS FELONRY,VOLERY 8343218666FP,28412228.88,28412228.88,0.00,0.00,2022-10-09,2022-10-09,0,"Publisher-labeled 1:1 match; numerical differences are review evidence, not a fraud/loss label."
115668638329,131729740337,943605088777,USD_2022-09-23_ACC#00001_66912     0147701477132864641477HUBBA50         OFF TMH TIRO FAMES SMILAX   BOLL      00132864641477HUBBA50         OFF TMH TIRO HAU BT,USD_2022-09-23_ACC#00001_66912     0147701477132864641477HUBBA50         OFF TMH TIRO FAMES SMILAX   BOLL      00132864641477HUBBA50         OFF TMH TIRO HAU BT,RULE 4,A=0;B=0,001328646 41477 HUBBA50 L9Y87S7                                                                 UPCLOSER MONOCOQUE GAB -,VOLERY 8887640666FP,-315082.49,-315082.49,0.00,0.00,2022-09-23,2022-09-23,0,"Publisher-labeled 1:1 match; numerical differences are review evidence, not a fraud/loss label."
115680127824,313545949660,169445687353,USD_2022-10-30_ACC#00001_66912     0147701477183618841477EPEE676         OFF TMH TIRO FAMES SMILAX   BOLL      00183618841477EPEE676         OFF TMH TIRO HAU BT,USD_2022-10-30_ACC#00001_66912     0147701477183618841477EPEE676         OFF TMH TIRO FAMES SMILAX   BOLL      00183618841477EPEE676         OFF TMH TIRO HAU BT,RULE 1,A=0;B=0,001836188 41477 EPEE676 L9Y03WB                                                                 ENCHODONTIDAE COUTHIER SF,VOLERY 8262854666FP,-5214824.53,-5214824.53,0.00,0.00,2022-10-30,2022-10-30,0,"Publisher-labeled 1:1 match; numerical differences are review evidence, not a fraud/loss label."
115720239085,227614668785,181897205832,USD_2022-12-31_ACC#00001_66912     0600606006870669167608CLICH58         MORIBUND ROTENONES S SMILAX   BOLL      00870669167608CLICH58         MORIBUND ZYGNEMA SK HYRACIFORM,USD_2022-12-31_ACC#00001_66912     0600606006870669167608CLICH58         MORIBUND ROTENONES S SMILAX   BOLL      00870669167608CLICH58         MORIBUND ZYGNEMA SK HYRACIFORM,MANUAL,A=0;B=0,008706691 67608 CLICH58                                                                         NIGROUS VOWED FUTHERMORE,VOLERY 3081465666FP,91484.65,91484.65,0.00,0.00,2022-12-31,2022-12-31,0,"Publisher-labeled 1:1 match; numerical differences are review evidence, not a fraud/loss label."
115748632211,67342713553,782655465043,USD_2022-10-01_ACC#00001_66912     66325663250 32566AHTKH 088            JOQVY - ELUVIA - SMILAX   GFG       VC0 32566AHTKH 088            JOQVY - ELUVIA -,USD_2022-10-01_ACC#00001_66912     66325663250 32566AHTKH 088            JOQVY - ELUVIA - SMILAX   GFG       VC0 32566AHTKH 088            JOQVY - ELUVIA -,RULE 3,A=0;B=0,32566AHTKH 32566AHTKH                                                                      JOQVY - ELUVIA -,32566AHTKH 9555766040VI,77971.90,77971.90,0.00,0.00,2022-10-01,2022-10-01,0,"Publisher-labeled 1:1 match; numerical differences are review evidence, not a fraud/loss label."
115794182250,631502090827,646517424577,USD_2022-11-05_ACC#00001_66912     0646406464153726761008MOVE684         MORIBUND ROTENONES S SMILAX   BOLL      00153726761008MOVE684         MORIBUND ZYGNEMA SK HYRACIFORM,USD_2022-11-05_ACC#00001_66912     0646406464153726761008MOVE684         MORIBUND ROTENONES S SMILAX   BOLL      00153726761008MOVE684         MORIBUND ZYGNEMA SK HYRACIFORM,RULE 1,A=0;B=0,001537267 61008 MOVE684                                                                         PREOCCUR FUTHERMORE BUT L,VOLERY 8234477666FP,2430996.15,2430996.15,0.00,0.00,2022-11-05,2022-11-05,0,"Publisher-labeled 1:1 match; numerical differences are review evidence, not a fraud/loss label."
115807862797,371439458180,666012208893,USD_2022-12-25_ACC#00001_66912     0617806178805711267387VINYL50         MORIBUND ROTENONES S SMILAX   BOLL      00805711267387VINYL50         MORIBUND ZYGNEMA SK HYRACIFORM,USD_2022-12-25_ACC#00001_66912     0617806178805711267387VINYL50         MORIBUND ROTENONES S SMILAX   BOLL      00805711267387VINYL50         MORIBUND ZYGNEMA SK HYRACIFORM,RULE 1,A=0;B=0,008057112 67387 VINYL50                                                                         GAMESOME ENCL CONSTANCY C,VOLERY 3008313666FP,1617715.14,1617715.14,0.00,0.00,2022-12-25,2022-12-25,0,"Publisher-labeled 1:1 match; numerical differences are review evidence, not a fraud/loss label."
115809568249,194100078658,541366086741,USD_2022-12-03_ACC#00001_66912     66325663250 32566FO62Z 088            JOQVY - ELUVIA - SMILAX   GFG       VC0 32566FO62Z 088            JOQVY - ELUVIA -,USD_2022-12-03_ACC#00001_66912     66325663250 32566FO62Z 088            JOQVY - ELUVIA - SMILAX   GFG       VC0 32566FO62Z 088            JOQVY - ELUVIA -,RULE 1,A=0;B=0,32566FO62Z 32566FO62Z                                                                      JOQVY - ELUVIA -,322746AL68182183 1716566778VI,-139800.57,-139800.57,0.00,0.00,2022-12-03,2022-12-03,0,"Publisher-labeled 1:1 match; numerical differences are review evidence, not a fraud/loss label."
115827305076,554073089347,723721609285,USD_2022-12-08_ACC#00001_66912     0670806708865001614407NAUT199         MORIBUND ROTENONES S SMILAX   BOLL      00865001614407NAUT199         MORIBUND ZYGNEMA SK HYRACIFORM,USD_2022-12-08_ACC#00001_66912     0670806708865001614407NAUT199         MORIBUND ROTENONES S SMILAX   BOLL      00865001614407NAUT199         MORIBUND ZYGNEMA SK HYRACIFORM,RULE 1,A=0;B=0,008650016 14407 NAUT199                                                                         UPCLOSER MONOCOQUE GAB -,VOLERY 8952308666FP,123661.62,123661.62,0.00,0.00,2022-12-08,2022-12-08,0,"Publisher-labeled 1:1 match; numerical differences are review evidence, not a fraud/loss label."
115849895113,265184743669,13983124783,USD_2022-09-18_ACC#00001_66912     6666266662LT                          T704587 SMILAX   GESS      TAPU                          T704587,USD_2022-09-18_ACC#00001_66912     6666266662LT                          T704587 SMILAX   GESS      TAPU                          T704587,RULE 1,A=0;B=0,646595 666666667616859,ICY787164 2688566089VI,2800.00,2800.00,0.00,0.00,2022-09-18,2022-09-18,0,"Publisher-labeled 1:1 match; numerical differences are review evidence, not a fraud/loss label."
115863339213,271087615895,448628129510,USD_2022-12-11_ACC#00001_66912     6033960339 SMILAX   GPD,USD_2022-12-11_ACC#00001_66912     6033960339 SMILAX   GPD,RULE 3,A=0;B=0,AHT9126666757651 AHT9126666757651,AHT9126666757651 8151466717VI,398802.00,398802.00,0.00,0.00,2022-12-11,2022-12-11,0,"Publisher-labeled 1:1 match; numerical differences are review evidence, not a fraud/loss label."
115923261476,972187069400,223503730009,USD_2022-11-02_ACC#00001_66912     0617806178151454767387CUCA655         MORIBUND VEXES WHUFF SMILAX   BOLL      00151454767387CUCA655         MORIBUND VEXES S FOMALHAUT,USD_2022-11-02_ACC#00001_66912     0617806178151454767387CUCA655         MORIBUND VEXES WHUFF SMILAX   BOLL      00151454767387CUCA655         MORIBUND VEXES S FOMALHAUT,RULE 1,A=0;B=0,001514547 67387 CUCA655                                                                         ASCIDIA GEOMETRINE MOGGIO,VOLERY 8272307666FP,-190637.94,-190637.94,0.00,0.00,2022-11-02,2022-11-02,0,"Publisher-labeled 1:1 match; numerical differences are review evidence, not a fraud/loss label."
115932642266,951551518931,665301683715,USD_2022-11-23_ACC#00001_66912     0122001220194525412660CRIB196         MORIBUND ROTENONES S SMILAX   BOLL      00194525412660CRIB196         MORIBUND ZYGNEMA SK HYRACIFORM,USD_2022-11-23_ACC#00001_66912     0122001220194525412660CRIB196         MORIBUND ROTENONES S SMILAX   BOLL      00194525412660CRIB196         MORIBUND ZYGNEMA SK HYRACIFORM,RULE 1,A=0;B=0,001945254 12660 CRIB196                                                                         UPCLOSER MONOCOQUE GAB -,VOLERY 8529189666FP,256382.06,256382.06,0.00,0.00,2022-11-23,2022-11-23,0,"Publisher-labeled 1:1 match; numerical differences are review evidence, not a fraud/loss label."
115957028177,571025034718,574727084908,USD_2022-10-28_ACC#00001_66912     0976909769157668419262EPEE370         MORIBUND VEXES WHUFF SMILAX   BOLL      00157668419262EPEE370         MORIBUND VEXES S FOMALHAUT,USD_2022-10-28_ACC#00001_66912     0976909769157668419262EPEE370         MORIBUND VEXES WHUFF SMILAX   BOLL      00157668419262EPEE370         MORIBUND VEXES S FOMALHAUT,RULE 1,A=0;B=0,001576684 19262 EPEE370                                                                         JO TONITE (GOLACH) NM-SUF,VOLERY 8455663666FP,-3014417.52,-3014417.52,0.00,0.00,2022-10-28,2022-10-28,0,"Publisher-labeled 1:1 match; numerical differences are review evidence, not a fraud/loss label."
115964061337,425805279214,565617917007,USD_2022-11-09_ACC#00001_66912     6692666926TC HYDROXYLIZE LECH 69      L630697 SMILAX   GESS      FQOM HYDROXYLIZE LECH 69      L630697,USD_2022-11-09_ACC#00001_66912     6692666926TC HYDROXYLIZE LECH 69      L630697 SMILAX   GESS      FQOM HYDROXYLIZE LECH 69      L630697,RULE 1,A=0;B=0,666766 666666667846889,6685066760RN 6685066760RN,16382.72,16382.72,0.00,0.00,2022-11-09,2022-11-09,0,"Publisher-labeled 1:1 match; numerical differences are review evidence, not a fraud/loss label."
116026800513,392464255553,299114869650,USD_2022-10-26_ACC#00001_66912     66325663250 32566B0W6W 088            JOQVY - BAS - DG SMILAX   GFG       VC0 32566B0W6W 088            JOQVY - BAS - DG,USD_2022-10-26_ACC#00001_66912     66325663250 32566B0W6W 088            JOQVY - BAS - DG SMILAX   GFG       VC0 32566B0W6W 088            JOQVY - BAS - DG,RULE 1,A=0;B=0,32566B0W6W 32566B0W6W                                                                      JOQVY - BAS - DG,322756AL61844927 6490366052VI,-438.43,-438.43,0.00,0.00,2022-10-26,2022-10-26,0,"Publisher-labeled 1:1 match; numerical differences are review evidence, not a fraud/loss label."
116027611487,284435891036,7862246048,USD_2022-12-29_ACC#00001_66912     0147701477877787941477NAPE090         IF TMH SEE FAMES SMILAX   BOLL      00877787941477NAPE090         IF TMH SEE FAMES,USD_2022-12-29_ACC#00001_66912     0147701477877787941477NAPE090         IF TMH SEE FAMES SMILAX   BOLL      00877787941477NAPE090         IF TMH SEE FAMES,RULE 1,A=0;B=0,008777879 41477 NAPE090 L9HJ6FP                                                                 UPCLOSER MONOCOQUE GAB -,VOLERY 3073467666FP,3470000.00,3470000.00,0.00,0.00,2022-12-29,2022-12-29,0,"Publisher-labeled 1:1 match; numerical differences are review evidence, not a fraud/loss label."
11604313941,430678741077,679931081886,USD_2022-11-04_ACC#00001_66912     6692666926IVO08                       QT40022BB SMILAX   GESS      SOUTH08                       QT40022BB,USD_2022-11-04_ACC#00001_66912     6692666926IVO08                       QT40022BB SMILAX   GESS      SOUTH08                       QT40022BB,RULE 1,A=0;B=0,640022 666666667171870,VOLERY 7889766094MT,-341.65,-341.65,0.00,0.00,2022-11-04,2022-11-04,0,"Publisher-labeled 1:1 match; numerical differences are review evidence, not a fraud/loss label."
116052915403,96779432096,136981812945,USD_2022-12-07_ACC#00001_66912     0250702507146727 67666                SEMSEM ODONTOLOGY AZ SMILAX   BOLL      RM146727 67666                SEMSEM STOPHOUND T HYRACIFORM,USD_2022-12-07_ACC#00001_66912     0250702507146727 67666                SEMSEM ODONTOLOGY AZ SMILAX   BOLL      RM146727 67666                SEMSEM STOPHOUND T HYRACIFORM,RULE 1,A=0;B=0,RM146727  67666 UPCLOSER SAUNT TYPY,VOLERY 8924951666FP,-1000.00,-1000.00,0.00,0.00,2022-12-07,2022-12-07,0,"Publisher-labeled 1:1 match; numerical differences are review evidence, not a fraud/loss label."
116093347476,541943209534,145491450901,USD_2022-10-12_ACC#00001_66912     66325663250 37266AGTJ2 088            JOQVY ELUVIA LG SMILAX   GFG       VC0 37266AGTJ2 088            JOQVY ELUVIA LG,USD_2022-10-12_ACC#00001_66912     66325663250 37266AGTJ2 088            JOQVY ELUVIA LG SMILAX   GFG       VC0 37266AGTJ2 088            JOQVY ELUVIA LG,RULE 3,A=0;B=0,37266AGTJ2 37266AGTJ2                                                                      JOQVY ELUVIA LG,37266AGTJ2 5575966027VI,6569.42,6569.42,0.00,0.00,2022-10-12,2022-10-12,0,"Publisher-labeled 1:1 match; numerical differences are review evidence, not a fraud/loss label."
116096879886,620519597188,144053204963,USD_2022-09-15_ACC#00001_66912     0670806708189659114476JAUP656         MORIBUND VEXES WHUFF SMILAX   BOLL      00189659114476JAUP656         MORIBUND VEXES S FOMALHAUT,USD_2022-09-15_ACC#00001_66912     0670806708189659114476JAUP656         MORIBUND VEXES WHUFF SMILAX   BOLL      00189659114476JAUP656         MORIBUND VEXES S FOMALHAUT,RULE 4,A=0;B=0,001896591 14476 JAUP656                                                                         UPCLOSER MONOCOQUE GAB -,VOLERY 8129852666FP,-93644.93,-93644.93,0.00,0.00,2022-09-15,2022-09-15,0,"Publisher-labeled 1:1 match; numerical differences are review evidence, not a fraud/loss label."
1161354656,177255585697,524062353050,USD_2022-11-25_ACC#00001_66912     0670806708197340614476CHARE58         MORIBUND VEXES WHUFF SMILAX   BOLL      00197340614476CHARE58         MORIBUND VEXES S FOMALHAUT,USD_2022-11-25_ACC#00001_66912     0670806708197340614476CHARE58         MORIBUND VEXES WHUFF SMILAX   BOLL      00197340614476CHARE58         MORIBUND VEXES S FOMALHAUT,RULE 1,A=0;B=0,001973406 14476 CHARE58                                                                         UPCLOSER MONOCOQUE GAB -,VOLERY 8966802666FP,-21882.75,-21882.75,0.00,0.00,2022-11-25,2022-11-25,0,"Publisher-labeled 1:1 match; numerical differences are review evidence, not a fraud/loss label."
116148987883,783297444962,916904782983,USD_2022-12-29_ACC#00001_66912     0646006460S                           BURO JADY GAT AUG - SMILAX   RAMON     GFG                           BURO JADY GAT IT X - T         VJ_CROM - TA                  JOQGE_TA,USD_2022-12-29_ACC#00001_66912     0646006460S                           BURO JADY GAT AUG - SMILAX   RAMON     GFG                           BURO JADY GAT IT X - T         VJ_CROM - TA                  JOQGE_TA,RULE 1,A=0;B=0,HEY RAMON DISNEY VJ_CROM - TA,56966TTNGN 6174766730VI,40000.00,40000.00,0.00,0.00,2022-12-29,2022-12-29,0,"Publisher-labeled 1:1 match; numerical differences are review evidence, not a fraud/loss label."
116163865280,31485571267,599547542381,USD_2022-10-13_ACC#00001_66912     0670806708149853114407OKET664         MORIBUND VEXES WHUFF SMILAX   BOLL      00149853114407OKET664         MORIBUND VEXES S FOMALHAUT,USD_2022-10-13_ACC#00001_66912     0670806708149853114407OKET664         MORIBUND VEXES WHUFF SMILAX   BOLL      00149853114407OKET664         MORIBUND VEXES S FOMALHAUT,RULE 1,A=0;B=0,001498531 14407 OKET664                                                                         EUPNOEIC EU SIBYLLINE,VOLERY 8354026666FP,-36517.20,-36517.20,0.00,0.00,2022-10-13,2022-10-13,0,"Publisher-labeled 1:1 match; numerical differences are review evidence, not a fraud/loss label."
116193752290,245680712651,19007015550,USD_2022-11-04_ACC#00001_66912     66325663250 32566B3D09 088            JOQVY - ELUVIA - SMILAX   GFG       VC0 32566B3D09 088            JOQVY - ELUVIA -,USD_2022-11-04_ACC#00001_66912     66325663250 32566B3D09 088            JOQVY - ELUVIA - SMILAX   GFG       VC0 32566B3D09 088            JOQVY - ELUVIA -,RULE 1,A=0;B=0,32566B3D09 32566B3D09                                                                      JOQVY - ELUVIA -,322746AL68110290 4835966094VI,-9853.30,-9853.30,0.00,0.00,2022-11-04,2022-11-04,0,"Publisher-labeled 1:1 match; numerical differences are review evidence, not a fraud/loss label."
116222995512,926974541288,61460657522,USD_2022-10-07_ACC#00001_66912     66325663250 32566CH8WD 088            JOQVY DE -ELUVIA SMILAX   GFG       VC0 32566CH8WD 088            JOQVY DE -ELUVIA,USD_2022-10-07_ACC#00001_66912     66325663250 32566CH8WD 088            JOQVY DE -ELUVIA SMILAX   GFG       VC0 32566CH8WD 088            JOQVY DE -ELUVIA,RULE 1,A=0;B=0,32566CH8WD 32566CH8WD                                                                      JOQVY DE -ELUVIA,322746AL68102778 5470066045VI,-11.99,-11.99,0.00,0.00,2022-10-07,2022-10-07,0,"Publisher-labeled 1:1 match; numerical differences are review evidence, not a fraud/loss label."
116230968942,822254919705,980163151967,USD_2022-12-01_ACC#00001_66912     0256602566 SMILAX   FGGKR,USD_2022-12-01_ACC#00001_66912     0256602566 SMILAX   FGGKR,RULE 1,A=0;B=0,74034446 JOQG7U6588GLEE7U                                                                SHALE           667933724,VOLERY 2081566771VI,-3817945.22,-3817945.22,0.00,0.00,2022-12-01,2022-12-01,0,"Publisher-labeled 1:1 match; numerical differences are review evidence, not a fraud/loss label."
116290498764,5012724708,387369551353,USD_2022-11-25_ACC#00001_66912     0147701477860135541477SHOWD61         IF TMH SEE FAMES SMILAX   BOLL      00860135541477SHOWD61         IF TMH SEE FAMES,USD_2022-11-25_ACC#00001_66912     0147701477860135541477SHOWD61         IF TMH SEE FAMES SMILAX   BOLL      00860135541477SHOWD61         IF TMH SEE FAMES,RULE 1,A=0;B=0,008601355 41477 SHOWD61 L9HX6JO                                                                 UPCLOSER MONOCOQUE GAB -,VOLERY 8599959666FP,18184500.00,18184500.00,0.00,0.00,2022-11-25,2022-11-25,0,"Publisher-labeled 1:1 match; numerical differences are review evidence, not a fraud/loss label."
116300826030,226343856178,760863234221,USD_2022-10-09_ACC#00001_66912     0156801568149837917661KAVI117         MORIBUND VEXES WHUFF SMILAX   BOLL      00149837917661KAVI117         MORIBUND VEXES S FOMALHAUT,USD_2022-10-09_ACC#00001_66912     0156801568149837917661KAVI117         MORIBUND VEXES WHUFF SMILAX   BOLL      00149837917661KAVI117         MORIBUND VEXES S FOMALHAUT,RULE 1,A=0;B=0,001498379 17661 KAVI117                                                                         UPCLOSER MONOCOQUE GAB -,VOLERY 8343687666FP,-41077614.70,-41077614.70,0.00,0.00,2022-10-09,2022-10-09,0,"Publisher-labeled 1:1 match; numerical differences are review evidence, not a fraud/loss label."
116340572890,435237701354,606118257321,USD_2022-11-11_ACC#00001_66912     66325663250 32566B5REM 088            JOQVY - BAS - DG SMILAX   GFG       VC0 32566B5REM 088            JOQVY - BAS - DG,USD_2022-11-11_ACC#00001_66912     66325663250 32566B5REM 088            JOQVY - BAS - DG SMILAX   GFG       VC0 32566B5REM 088            JOQVY - BAS - DG,RULE 1,A=0;B=0,32566B5REM 32566B5REM                                                                      JOQVY - BAS - DG,322756AL61362203 1979566761VI,-890.17,-890.17,0.00,0.00,2022-11-11,2022-11-11,0,"Publisher-labeled 1:1 match; numerical differences are review evidence, not a fraud/loss label."
116426132046,692438135795,831354800372,USD_2022-11-12_ACC#00001_66912     0670806708196838114407AMAL614         MORIBUND VEXES WHUFF SMILAX   BOLL      00196838114407AMAL614         MORIBUND VEXES S FOMALHAUT,USD_2022-11-12_ACC#00001_66912     0670806708196838114407AMAL614         MORIBUND VEXES WHUFF SMILAX   BOLL      00196838114407AMAL614         MORIBUND VEXES S FOMALHAUT,RULE 1,A=0;B=0,001968381 14407 AMAL614                                                                         UPCLOSER MONOCOQUE GAB -,VOLERY 8565221666FP,-2351171.69,-2351171.69,0.00,0.00,2022-11-12,2022-11-12,0,"Publisher-labeled 1:1 match; numerical differences are review evidence, not a fraud/loss label."
116432179008,939887678875,132590046226,USD_2022-11-17_ACC#00001_66912     0122001220196659612660CUMYL52         MORIBUND ROTENONES S SMILAX   BOLL      00196659612660CUMYL52         MORIBUND ZYGNEMA SK HYRACIFORM,USD_2022-11-17_ACC#00001_66912     0122001220196659612660CUMYL52         MORIBUND ROTENONES S SMILAX   BOLL      00196659612660CUMYL52         MORIBUND ZYGNEMA SK HYRACIFORM,RULE 1,A=0;B=0,001966596 12660 CUMYL52                                                                         JOQ CROM TYPY - EXPUNGES,VOLERY 8514203666FP,351800.00,351800.00,0.00,0.00,2022-11-17,2022-11-17,0,"Publisher-labeled 1:1 match; numerical differences are review evidence, not a fraud/loss label."
11644970335,579089997642,667304094992,USD_2022-12-10_ACC#00001_66912     0638106381800714988856EPEE857         MORIBUND VEXES WHUFF SMILAX   BOLL      00800714988856EPEE857         MORIBUND VEXES S FOMALHAUT,USD_2022-12-10_ACC#00001_66912     0638106381800714988856EPEE857         MORIBUND VEXES WHUFF SMILAX   BOLL      00800714988856EPEE857         MORIBUND VEXES S FOMALHAUT,RULE 1,A=0;B=0,008007149 88856 EPEE857                                                                         LIXIVIA JACTANCE STERNAL,VOLERY 3662220666FP,-6829106.06,-6829106.06,0.00,0.00,2022-12-10,2022-12-10,0,"Publisher-labeled 1:1 match; numerical differences are review evidence, not a fraud/loss label."
116454287245,859644030418,419373761797,USD_2022-10-01_ACC#00001_66912     0156801568141136617661EPEE553         MORIBUND ROTENONES S SMILAX   BOLL      00141136617661EPEE553         MORIBUND ZYGNEMA SK HYRACIFORM,USD_2022-10-01_ACC#00001_66912     0156801568141136617661EPEE553         MORIBUND ROTENONES S SMILAX   BOLL      00141136617661EPEE553         MORIBUND ZYGNEMA SK HYRACIFORM,RULE 1,A=0;B=0,001411366 17661 EPEE553                                                                         UPCLOSER MONOCOQUE GAB -,VOLERY 8368893666FP,819296.43,819296.43,0.00,0.00,2022-10-01,2022-10-01,0,"Publisher-labeled 1:1 match; numerical differences are review evidence, not a fraud/loss label."
116510112884,394793777400,178067868579,USD_2022-12-23_ACC#00001_66912     0147701477805247841477DODOS59         IF TMH SEE FAMES SMILAX   BOLL      00805247841477DODOS59         IF TMH SEE FAMES,USD_2022-12-23_ACC#00001_66912     0147701477805247841477DODOS59         IF TMH SEE FAMES SMILAX   BOLL      00805247841477DODOS59         IF TMH SEE FAMES,RULE 1,A=0;B=0,008052478 41477 DODOS59 L9NR06P                                                                 UPCLOSER MONOCOQUE GAB -,VOLERY 3694448666FP,10270000.00,10270000.00,0.00,0.00,2022-12-23,2022-12-23,0,"Publisher-labeled 1:1 match; numerical differences are review evidence, not a fraud/loss label."
116523370523,783584746562,636320460006,USD_2022-10-30_ACC#00001_66912     6692666926KIER X PUA                  Y904146 SMILAX   GESS      ALANIN X PUA                  Y904146,USD_2022-10-30_ACC#00001_66912     6692666926KIER X PUA                  Y904146 SMILAX   GESS      ALANIN X PUA                  Y904146,RULE 1,A=0;B=0,060606 666666667184169,VOLERY 3004569090WT,-11842932.20,-11842932.20,0.00,0.00,2022-10-30,2022-10-30,0,"Publisher-labeled 1:1 match; numerical differences are review evidence, not a fraud/loss label."
116547928965,295992519295,667032022611,USD_2022-10-05_ACC#00001_66912     6107361073 SMILAX   GPD,USD_2022-10-05_ACC#00001_66912     6107361073 SMILAX   GPD,RULE 3,A=0;B=0,UVA9126666747886 UVA9126666747886,UVA9126666747886 3019166044MT,-1368694.00,-1368694.00,0.00,0.00,2022-10-05,2022-10-05,0,"Publisher-labeled 1:1 match; numerical differences are review evidence, not a fraud/loss label."
116606266680,281495161220,259651212138,USD_2022-10-14_ACC#00001_66912     0147701477121642741477AUG0672         IF TMH TIRO FAMES SMILAX   BOLL      00121642741477AUG0672         IF TMH TIRO EMEU S,USD_2022-10-14_ACC#00001_66912     0147701477121642741477AUG0672         IF TMH TIRO FAMES SMILAX   BOLL      00121642741477AUG0672         IF TMH TIRO EMEU S,RULE 1,A=0;B=0,001216427 41477 AUG0672 L9Y24OD                                                                 JOQVY H.C. ZUCCHINIS TENT,VOLERY 8393844666FP,-3308326.25,-3308326.25,0.00,0.00,2022-10-14,2022-10-14,0,"Publisher-labeled 1:1 match; numerical differences are review evidence, not a fraud/loss label."
11667428432,410417250223,339543832989,USD_2022-09-15_ACC#00001_66912     0670806708189622814476SHOJI46         MORIBUND ROTENONES S SMILAX   BOLL      00189622814476SHOJI46         MORIBUND ZYGNEMA SK HYRACIFORM,USD_2022-09-15_ACC#00001_66912     0670806708189622814476SHOJI46         MORIBUND ROTENONES S SMILAX   BOLL      00189622814476SHOJI46         MORIBUND ZYGNEMA SK HYRACIFORM,RULE 4,A=0;B=0,001896228 14476 SHOJI46                                                                         UPCLOSER MONOCOQUE GAB -,VOLERY 8122235666FP,10691.48,10691.48,0.00,0.00,2022-09-15,2022-09-15,0,"Publisher-labeled 1:1 match; numerical differences are review evidence, not a fraud/loss label."
116683794356,942427744288,889707214575,USD_2022-12-24_ACC#00001_66912     0156801568809562117661NAPE159         MORIBUND VEXES WHUFF SMILAX   BOLL      00809562117661NAPE159         MORIBUND VEXES S FOMALHAUT,USD_2022-12-24_ACC#00001_66912     0156801568809562117661NAPE159         MORIBUND VEXES WHUFF SMILAX   BOLL      00809562117661NAPE159         MORIBUND VEXES S FOMALHAUT,RULE 1,A=0;B=0,008095621 17661 NAPE159                                                                         DOD DRACONITES EEV,VOLERY 3063888666FP,-3787275.19,-3787275.19,0.00,0.00,2022-12-24,2022-12-24,0,"Publisher-labeled 1:1 match; numerical differences are review evidence, not a fraud/loss label."
116723855676,854208598413,470554637487,USD_2022-09-29_ACC#00001_66912     0670806708146239214476NINA275         MORIBUND ROTENONES S SMILAX   BOLL      00146239214476NINA275         MORIBUND ZYGNEMA SK HYRACIFORM,USD_2022-09-29_ACC#00001_66912     0670806708146239214476NINA275         MORIBUND ROTENONES S SMILAX   BOLL      00146239214476NINA275         MORIBUND ZYGNEMA SK HYRACIFORM,RULE 1,A=0;B=0,001462392 14476 NINA275                                                                         UPCLOSER MONOCOQUE GAB -,VOLERY 8857888666FP,9970.09,9970.09,0.00,0.00,2022-09-29,2022-09-29,0,"Publisher-labeled 1:1 match; numerical differences are review evidence, not a fraud/loss label."
116747916423,351223529512,128300355518,USD_2022-09-23_ACC#00001_66912     0250702507133957767666                ANDI SEMSEM DIP WOLD SMILAX   BOLL      00133957767666                ANDI SEMSEM DIP  WOLD,USD_2022-09-23_ACC#00001_66912     0250702507133957767666                ANDI SEMSEM DIP WOLD SMILAX   BOLL      00133957767666                ANDI SEMSEM DIP  WOLD,RULE 4,A=0;B=0,001339577 67666 SAUM389 L9Y7105                                                                 CROM PHYSIATRIST TYPY AG,001339577-767-0 9466166038VI,93000.00,93000.00,0.00,0.00,2022-09-23,2022-09-23,0,"Publisher-labeled 1:1 match; numerical differences are review evidence, not a fraud/loss label."
116810758449,186460663803,638773061461,USD_2022-09-30_ACC#00001_66912     0147701477135825341477VINYL32         OFF TMH TIRO FAMES SMILAX   BOLL      00135825341477VINYL32         OFF TMH TIRO HAU BT,USD_2022-09-30_ACC#00001_66912     0147701477135825341477VINYL32         OFF TMH TIRO FAMES SMILAX   BOLL      00135825341477VINYL32         OFF TMH TIRO HAU BT,RULE 1,A=0;B=0,001358253 41477 VINYL32 L9Y886J                                                                 UPCLOSER MONOCOQUE GAB -,VOLERY 8897548666FP,-2764251.98,-2764251.98,0.00,0.00,2022-09-30,2022-09-30,0,"Publisher-labeled 1:1 match; numerical differences are review evidence, not a fraud/loss label."
116855936419,541508285472,299190693874,USD_2022-11-03_ACC#00001_66912     66325663250 32566B30JY 088            JOQVY - BAS - DG SMILAX   GFG       VC0 32566B30JY 088            JOQVY - BAS - DG,USD_2022-11-03_ACC#00001_66912     66325663250 32566B30JY 088            JOQVY - BAS - DG SMILAX   GFG       VC0 32566B30JY 088            JOQVY - BAS - DG,RULE 3,A=0;B=0,32566B30JY 32566B30JY                                                                      JOQVY - BAS - DG,32566B30JY 7067166093VI,177890.53,177890.53,0.00,0.00,2022-11-03,2022-11-03,0,"Publisher-labeled 1:1 match; numerical differences are review evidence, not a fraud/loss label."
11686046973,465838007519,622156384824,USD_2022-10-01_ACC#00001_66912     66325663250 32566OD7U0 088            JOQVY - BAS - DG SMILAX   GFG       VC0 32566OD7U0 088            JOQVY - BAS - DG,USD_2022-10-01_ACC#00001_66912     66325663250 32566OD7U0 088            JOQVY - BAS - DG SMILAX   GFG       VC0 32566OD7U0 088            JOQVY - BAS - DG,RULE 1,A=0;B=0,32566OD7U0 32566OD7U0                                                                      JOQVY - BAS - DG,322756AL61894227 0424766047VI,-242996.69,-242996.69,0.00,0.00,2022-10-01,2022-10-01,0,"Publisher-labeled 1:1 match; numerical differences are review evidence, not a fraud/loss label."
116898209855,642842911499,690988006342,USD_2022-09-28_ACC#00001_66912     0779507795 SMILAX   WAP,USD_2022-09-28_ACC#00001_66912     0779507795 SMILAX   WAP,RULE 1,A=0;B=0,1166656K6P626E65 6G44656K6L6Z6X6U                                                                TONITE ARRIAGE UNKNOW LEA,ICHTHYIZATION 0336269039WT,-442929.63,-442929.63,0.00,0.00,2022-09-28,2022-09-28,0,"Publisher-labeled 1:1 match; numerical differences are review evidence, not a fraud/loss label."
116917577840,503635240154,465625866071,USD_2022-10-08_ACC#00001_66912     0670806708144374614474HUBBA47         MORIBUND ROTENONES S SMILAX   BOLL      00144374614474HUBBA47         MORIBUND ZYGNEMA SK HYRACIFORM,USD_2022-10-08_ACC#00001_66912     0670806708144374614474HUBBA47         MORIBUND ROTENONES S SMILAX   BOLL      00144374614474HUBBA47         MORIBUND ZYGNEMA SK HYRACIFORM,RULE 1,A=0;B=0,001443746 14474 HUBBA47                                                                         UPCLOSER MONOCOQUE GAB -,VOLERY 8338718666FP,11578970.07,11578970.07,0.00,0.00,2022-10-08,2022-10-08,0,"Publisher-labeled 1:1 match; numerical differences are review evidence, not a fraud/loss label."
116954171697,110176338871,686817150282,USD_2022-12-22_ACC#00001_66912     0122001220803431612660SCOTE38         MORIBUND ROTENONES S SMILAX   BOLL      00803431612660SCOTE38         MORIBUND ZYGNEMA SK HYRACIFORM,USD_2022-12-22_ACC#00001_66912     0122001220803431612660SCOTE38         MORIBUND ROTENONES S SMILAX   BOLL      00803431612660SCOTE38         MORIBUND ZYGNEMA SK HYRACIFORM,RULE 1,A=0;B=0,008034316 12660 SCOTE38                                                                         UPCLOSER MONOCOQUE GAB -,VOLERY 3654741666FP,1611889.19,1611889.19,0.00,0.00,2022-12-22,2022-12-22,0,"Publisher-labeled 1:1 match; numerical differences are review evidence, not a fraud/loss label."
116958986460,667179243458,188824852997,USD_2022-10-28_ACC#00001_66912     0670806708156482714476CHARE58         MORIBUND ROTENONES S SMILAX   BOLL      00156482714476CHARE58         MORIBUND ZYGNEMA SK HYRACIFORM,USD_2022-10-28_ACC#00001_66912     0670806708156482714476CHARE58         MORIBUND ROTENONES S SMILAX   BOLL      00156482714476CHARE58         MORIBUND ZYGNEMA SK HYRACIFORM,RULE 1,A=0;B=0,001564827 14476 CHARE58                                                                         UPCLOSER MONOCOQUE GAB -,VOLERY 8452277666FP,53300.70,53300.70,0.00,0.00,2022-10-28,2022-10-28,0,"Publisher-labeled 1:1 match; numerical differences are review evidence, not a fraud/loss label."
116990574589,389857003303,816953418549,USD_2022-09-10_ACC#00001_66912     0676506765185367655570EPEE553         MORIBUND VEXES WHUFF SMILAX   BOLL      00185367655570EPEE553         MORIBUND VEXES S FOMALHAUT,USD_2022-09-10_ACC#00001_66912     0676506765185367655570EPEE553         MORIBUND VEXES WHUFF SMILAX   BOLL      00185367655570EPEE553         MORIBUND VEXES S FOMALHAUT,RULE 4,A=0;B=0,001853676 55570 EPEE553                                                                         UPCLOSER MONOCOQUE GAB -,VOLERY 8132581666FP,-4484986.10,-4484986.10,0.00,0.00,2022-09-10,2022-09-10,0,"Publisher-labeled 1:1 match; numerical differences are review evidence, not a fraud/loss label."
11700316908,664447076977,983408744710,USD_2022-09-24_ACC#00001_66912     0250702507184673 67666                SEMSEM ODONTOLOGY AZ,USD_2022-09-24_ACC#00001_66912     0250702507184673 67666                SEMSEM ODONTOLOGY AZ,RULE 1,A=0;B=0,RM184673  67666 UPCLOSER SAUNT TYPY H.C.,VOLERY 8831571666FP,-0.44,-0.44,0.00,0.00,2022-09-24,2022-09-24,0,"Publisher-labeled 1:1 match; numerical differences are review evidence, not a fraud/loss label."
117008866357,874125817909,175996984156,USD_2022-10-16_ACC#00001_66912     02566025660666H3         6666666666 SMILAX   FGGKR     FW0666H3         6666666666,USD_2022-10-16_ACC#00001_66912     02566025660666H3         6666666666 SMILAX   FGGKR     FW0666H3         6666666666,RULE 3,A=0;B=0,12298706 V12298706                                                                       JOQVY STRID     664952723,V122987067410619 3568766022VI,22000000.00,22000000.00,0.00,0.00,2022-10-16,2022-10-16,0,"Publisher-labeled 1:1 match; numerical differences are review evidence, not a fraud/loss label."
1170765044,861295101768,855713873840,USD_2022-12-25_ACC#00001_66912     0673506735803478467089KAVI624         MORIBUND ROTENONES S SMILAX   BOLL      00803478467089KAVI624         MORIBUND ZYGNEMA SK HYRACIFORM,USD_2022-12-25_ACC#00001_66912     0673506735803478467089KAVI624         MORIBUND ROTENONES S SMILAX   BOLL      00803478467089KAVI624         MORIBUND ZYGNEMA SK HYRACIFORM,RULE 1,A=0;B=0,008034784 67089 KAVI624                                                                         PREOCCUR FUTHERMORE YARAY,VOLERY 3008379666FP,335682.68,335682.68,0.00,0.00,2022-12-25,2022-12-25,0,"Publisher-labeled 1:1 match; numerical differences are review evidence, not a fraud/loss label."
117109605496,866426193503,139969847193,USD_2022-11-24_ACC#00001_66912     6033960339 SMILAX   GPD,USD_2022-11-24_ACC#00001_66912     6033960339 SMILAX   GPD,RULE 3,A=0;B=0,VIP9126666722157 VIP9126666722157,VIP9126666722157 6612966704VI,1452249.05,1452249.05,0.00,0.00,2022-11-24,2022-11-24,0,"Publisher-labeled 1:1 match; numerical differences are review evidence, not a fraud/loss label."
117132854924,168273408083,188358205366,USD_2022-11-05_ACC#00001_66912     0256602566 SMILAX   FGGKR,USD_2022-11-05_ACC#00001_66912     0256602566 SMILAX   FGGKR,RULE 1,A=0;B=0,0973516 ALME7U0195JOQG7U                                                                JO TONITE SAUNT 664952723,V609735060881167 5932566092VI,-6489300.00,-6489300.00,0.00,0.00,2022-11-05,2022-11-05,0,"Publisher-labeled 1:1 match; numerical differences are review evidence, not a fraud/loss label."
117189643906,419020026265,707760432521,USD_2022-12-01_ACC#00001_66912     0147701477868040141477SHOWD61         OFF TMH SEE FAMES SMILAX   BOLL      00868040141477SHOWD61         OFF TMH SEE EMEU S,USD_2022-12-01_ACC#00001_66912     0147701477868040141477SHOWD61         OFF TMH SEE FAMES SMILAX   BOLL      00868040141477SHOWD61         OFF TMH SEE EMEU S,RULE 1,A=0;B=0,008680401 41477 SHOWD61 L9HX4BT                                                                 UPCLOSER MONOCOQUE GAB -,VOLERY 8915192666FP,4408111.70,4408111.70,0.00,0.00,2022-12-01,2022-12-01,0,"Publisher-labeled 1:1 match; numerical differences are review evidence, not a fraud/loss label."
117223846390,301063984923,989432146452,USD_2022-10-13_ACC#00001_66912     0156801568145537017808TANNA75         MORIBUND VEXES WHUFF SMILAX   BOLL      00145537017808TANNA75         MORIBUND VEXES S FOMALHAUT,USD_2022-10-13_ACC#00001_66912     0156801568145537017808TANNA75         MORIBUND VEXES WHUFF SMILAX   BOLL      00145537017808TANNA75         MORIBUND VEXES S FOMALHAUT,RULE 1,A=0;B=0,001455370 17808 TANNA75                                                                         VERANDAH KEF QMQF USEE (C,VOLERY 8354704666FP,-9825119.54,-9825119.54,0.00,0.00,2022-10-13,2022-10-13,0,"Publisher-labeled 1:1 match; numerical differences are review evidence, not a fraud/loss label."
117243526836,152780976931,442340327337,USD_2022-12-18_ACC#00001_66912     66325663250 32566TGU5W 088            SARTORIUS NA OFT SMILAX   GFG       VC0 32566TGU5W 088            SARTORIUS NA OFT,USD_2022-12-18_ACC#00001_66912     66325663250 32566TGU5W 088            SARTORIUS NA OFT SMILAX   GFG       VC0 32566TGU5W 088            SARTORIUS NA OFT,MANUAL,A=0;B=0,32566TGU5W 32566TGU5W                                                                      SARTORIUS NA OFT,325726AL63779202 6415966781VI,-44753.00,-44752.85,0.15,-0.15,2022-12-18,2022-12-18,0,"Publisher-labeled 1:1 match; numerical differences are review evidence, not a fraud/loss label."
11729646237,880403404484,188251121677,USD_2022-10-12_ACC#00001_66912     66325663250 32566AGPJ8 088            UPCLOSER SAUNT Q SMILAX   GFG       VC0 32566AGPJ8 088            UPCLOSER SAUNT Q,USD_2022-10-12_ACC#00001_66912     66325663250 32566AGPJ8 088            UPCLOSER SAUNT Q SMILAX   GFG       VC0 32566AGPJ8 088            UPCLOSER SAUNT Q,RULE 3,A=0;B=0,32566AGPJ8 32566AGPJ8                                                                      UPCLOSER SAUNT Q,32566AGPJ8 5421966027VI,20978.01,20978.01,0.00,0.00,2022-10-12,2022-10-12,0,"Publisher-labeled 1:1 match; numerical differences are review evidence, not a fraud/loss label."
117299471333,275606523040,537848295367,USD_2022-12-01_ACC#00001_66912     0779507795 SMILAX   WAP,USD_2022-12-01_ACC#00001_66912     0779507795 SMILAX   WAP,MANUAL,A=0;B=0,006F656F6761696O 6T6F656F676C6W62                                                                JOQ ETHERIFIES EFI (WYE-Z,6D6-656F666X6M6X 8431666777VI,-994132.40,-994132.40,0.00,0.00,2022-12-01,2022-11-30,1,"Publisher-labeled 1:1 match; numerical differences are review evidence, not a fraud/loss label."
117319542971,339684506433,771487546932,USD_2022-10-09_ACC#00001_66912     0676506765149621155570KAVI032         MORIBUND VEXES WHUFF SMILAX   BOLL      00149621155570KAVI032         MORIBUND VEXES S FOMALHAUT,USD_2022-10-09_ACC#00001_66912     0676506765149621155570KAVI032         MORIBUND VEXES WHUFF SMILAX   BOLL      00149621155570KAVI032         MORIBUND VEXES S FOMALHAUT,RULE 1,A=0;B=0,001496211 55570 KAVI032                                                                         ZEE ETHERIFIES EFI,VOLERY 8348950666FP,-777871.33,-777871.33,0.00,0.00,2022-10-09,2022-10-09,0,"Publisher-labeled 1:1 match; numerical differences are review evidence, not a fraud/loss label."
117329730253,69161293727,455939836632,USD_2022-12-15_ACC#00001_66912     0603606036801605267888POSSE29         OFF TMH TIRO FAMES SMILAX   BOLL      00801605267888POSSE29         OFF TMH TIRO HAU BT,USD_2022-12-15_ACC#00001_66912     0603606036801605267888POSSE29         OFF TMH TIRO FAMES SMILAX   BOLL      00801605267888POSSE29         OFF TMH TIRO HAU BT,RULE 1,A=0;B=0,008016052 67888 POSSE29 L9FV2S9                                                                 JO TONITE ETHERIFIES GAB,VOLERY 3612057666FP,-5417975.76,-5417975.76,0.00,0.00,2022-12-15,2022-12-15,0,"Publisher-labeled 1:1 match; numerical differences are review evidence, not a fraud/loss label."
117340236685,631149631900,554557804258,USD_2022-11-04_ACC#00001_66912     0256602566 SMILAX   FGGKR,USD_2022-11-04_ACC#00001_66912     0256602566 SMILAX   FGGKR,RULE 1,A=0;B=0,32894004 ALME7U4698JOQG7U                                                                JO TONITE SAUNT 664952723,V665563460188826 8975266094VI,-139.90,-139.90,0.00,0.00,2022-11-04,2022-11-04,0,"Publisher-labeled 1:1 match; numerical differences are review evidence, not a fraud/loss label."
117343215020,471397245636,243222142564,USD_2022-11-04_ACC#00001_66912     0256602566 SMILAX   FGGKR,USD_2022-11-04_ACC#00001_66912     0256602566 SMILAX   FGGKR,RULE 1,A=0;B=0,99488066 ALME7U7343JOQG7U                                                                JO TONITE SAUNT 664952723,V998360460617222 8555466094VI,-331927.00,-331927.00,0.00,0.00,2022-11-04,2022-11-04,0,"Publisher-labeled 1:1 match; numerical differences are review evidence, not a fraud/loss label."
117348305943,454311185356,180121965088,USD_2022-09-21_ACC#00001_66912     0670806708138463914407SYNE950         MORIBUND ROTENONES S SMILAX   BOLL      00138463914407SYNE950         MORIBUND ZYGNEMA SK HYRACIFORM,USD_2022-09-21_ACC#00001_66912     0670806708138463914407SYNE950         MORIBUND ROTENONES S SMILAX   BOLL      00138463914407SYNE950         MORIBUND ZYGNEMA SK HYRACIFORM,RULE 4,A=0;B=0,001384639 14407 SYNE950                                                                         UPCLOSER MONOCOQUE GAB -,VOLERY 8876344666FP,284322.04,284322.04,0.00,0.00,2022-09-21,2022-09-21,0,"Publisher-labeled 1:1 match; numerical differences are review evidence, not a fraud/loss label."
117364978971,902045773138,335998543481,USD_2022-11-30_ACC#00001_66912     0603606036861131467888ROMAN42         OFF TMH TIRO FAMES SMILAX   BOLL      00861131467888ROMAN42         OFF TMH TIRO HAU BT,USD_2022-11-30_ACC#00001_66912     0603606036861131467888ROMAN42         OFF TMH TIRO FAMES SMILAX   BOLL      00861131467888ROMAN42         OFF TMH TIRO HAU BT,RULE 1,A=0;B=0,008611314 67888 ROMAN42 L9HX8L5                                                                 JO TONITE ETHERIFIES GAB,VOLERY 8975683666FP,-4495402.17,-4495402.17,0.00,0.00,2022-11-30,2022-11-30,0,"Publisher-labeled 1:1 match; numerical differences are review evidence, not a fraud/loss label."
117365323329,263069295518,446778063024,USD_2022-09-28_ACC#00001_66912     0670806708135434814407CHOIL03         MORIBUND VEXES WHUFF SMILAX   BOLL      00135434814407CHOIL03         MORIBUND VEXES S FOMALHAUT,USD_2022-09-28_ACC#00001_66912     0670806708135434814407CHOIL03         MORIBUND VEXES WHUFF SMILAX   BOLL      00135434814407CHOIL03         MORIBUND VEXES S FOMALHAUT,RULE 1,A=0;B=0,001354348 14407 CHOIL03                                                                         PAROCHIALISM VOWED QMQF U,VOLERY 8828732666FP,-91165.47,-91165.47,0.00,0.00,2022-09-28,2022-09-28,0,"Publisher-labeled 1:1 match; numerical differences are review evidence, not a fraud/loss label."
117445700908,926847921410,489023181130,USD_2022-12-21_ACC#00001_66912     0141601416803372341416MOZO637         IF TMH TIRO FAMES SMILAX   BOLL      00803372341416MOZO637         IF TMH TIRO EMEU S,USD_2022-12-21_ACC#00001_66912     0141601416803372341416MOZO637         IF TMH TIRO FAMES SMILAX   BOLL      00803372341416MOZO637         IF TMH TIRO EMEU S,RULE 1,A=0;B=0,008033723 41416 MOZO637 L9HL1GI                                                                 UPCLOSER MONOCOQUE GAB -,VOLERY 3623503666FP,-32544000.00,-32544000.00,0.00,0.00,2022-12-21,2022-12-21,0,"Publisher-labeled 1:1 match; numerical differences are review evidence, not a fraud/loss label."
117476429499,174752589977,260441099965,USD_2022-10-28_ACC#00001_66912     0670806708156482814476SOUTH86         MORIBUND ROTENONES S SMILAX   BOLL      00156482814476SOUTH86         MORIBUND ZYGNEMA SK HYRACIFORM,USD_2022-10-28_ACC#00001_66912     0670806708156482814476SOUTH86         MORIBUND ROTENONES S SMILAX   BOLL      00156482814476SOUTH86         MORIBUND ZYGNEMA SK HYRACIFORM,RULE 1,A=0;B=0,001564828 14476 SOUTH86                                                                         UPCLOSER MONOCOQUE GAB -,VOLERY 8452271666FP,27636.89,27636.89,0.00,0.00,2022-10-28,2022-10-28,0,"Publisher-labeled 1:1 match; numerical differences are review evidence, not a fraud/loss label."
117510983536,773144498534,549167585638,USD_2022-12-02_ACC#00001_66912     0156801568863419317667AUG0698         MORIBUND ROTENONES S SMILAX   BOLL      00863419317667AUG0698         MORIBUND ZYGNEMA SK HYRACIFORM,USD_2022-12-02_ACC#00001_66912     0156801568863419317667AUG0698         MORIBUND ROTENONES S SMILAX   BOLL      00863419317667AUG0698         MORIBUND ZYGNEMA SK HYRACIFORM,MANUAL,A=0;B=0,008634193 17667 AUG0698                                                                         UPCLOSER MONOCOQUE GAB -,VOLERY 8985637666FP,3926060.85,3926061.15,0.30,0.30,2022-12-02,2022-12-02,0,"Publisher-labeled 1:1 match; numerical differences are review evidence, not a fraud/loss label."
117536167864,835740300844,826153179997,USD_2022-09-11_ACC#00001_66912     66325663250 32566D9OIK 088            JOQVY - BAS - DG SMILAX   GFG       VC0 32566D9OIK 088            JOQVY - BAS - DG,USD_2022-09-11_ACC#00001_66912     66325663250 32566D9OIK 088            JOQVY - BAS - DG SMILAX   GFG       VC0 32566D9OIK 088            JOQVY - BAS - DG,RULE 4,A=0;B=0,32566D9OIK 32566D9OIK                                                                      JOQVY - BAS - DG,32566D9OIK 9655466087VI,4495.30,4495.30,0.00,0.00,2022-09-11,2022-09-11,0,"Publisher-labeled 1:1 match; numerical differences are review evidence, not a fraud/loss label."
117536838419,1327681156,761992663723,USD_2022-12-18_ACC#00001_66912     66325663250 32566TR2QP 088            JOQVY - BAS - DG SMILAX   GFG       VC0 32566TR2QP 088            JOQVY - BAS - DG,USD_2022-12-18_ACC#00001_66912     66325663250 32566TR2QP 088            JOQVY - BAS - DG SMILAX   GFG       VC0 32566TR2QP 088            JOQVY - BAS - DG,RULE 3,A=0;B=0,32566TR2QP 32566TR2QP                                                                      JOQVY - BAS - DG,32566TR2QP 3632266786VI,1320000.00,1320000.00,0.00,0.00,2022-12-18,2022-12-18,0,"Publisher-labeled 1:1 match; numerical differences are review evidence, not a fraud/loss label."
117553055224,67413466799,479856973221,USD_2022-12-30_ACC#00001_66912     0156801568876079517667CHARE00         MORIBUND ROTENONES S SMILAX   BOLL      00876079517667CHARE00         MORIBUND ZYGNEMA SK HYRACIFORM,USD_2022-12-30_ACC#00001_66912     0156801568876079517667CHARE00         MORIBUND ROTENONES S SMILAX   BOLL      00876079517667CHARE00         MORIBUND ZYGNEMA SK HYRACIFORM,RULE 1,A=0;B=0,008760795 17667 CHARE00                                                                         RHODIZITE UNSOLACED AGHAN,VOLERY 3018620666FP,1818394.40,1818394.40,0.00,0.00,2022-12-30,2022-12-30,0,"Publisher-labeled 1:1 match; numerical differences are review evidence, not a fraud/loss label."
117557084472,726337385243,134278492579,USD_2022-12-18_ACC#00001_66912     0608706087808183915601BAIS179         MORIBUND ROTENONES S SMILAX   BOLL      00808183915601BAIS179         MORIBUND ZYGNEMA SK HYRACIFORM,USD_2022-12-18_ACC#00001_66912     0608706087808183915601BAIS179         MORIBUND ROTENONES S SMILAX   BOLL      00808183915601BAIS179         MORIBUND ZYGNEMA SK HYRACIFORM,RULE 1,A=0;B=0,008081839 15601 BAIS179                                                                         EXIT NONREGULATIVE TYPY,VOLERY 3643303666FP,128360.04,128360.04,0.00,0.00,2022-12-18,2022-12-18,0,"Publisher-labeled 1:1 match; numerical differences are review evidence, not a fraud/loss label."
117599284580,494093033634,25860530318,USD_2022-10-19_ACC#00001_66912     0147701477128973241477EPEE553         OFF TMH TIRO FAMES SMILAX   BOLL      00128973241477EPEE553         OFF TMH TIRO HAU BT,USD_2022-10-19_ACC#00001_66912     0147701477128973241477EPEE553         OFF TMH TIRO FAMES SMILAX   BOLL      00128973241477EPEE553         OFF TMH TIRO HAU BT,RULE 1,A=0;B=0,001289732 41477 EPEE553 L9Y56XR                                                                 JOQVY H.C. ZUCCHINIS TENT,VOLERY 8474128666FP,-14741200.95,-14741200.95,0.00,0.00,2022-10-19,2022-10-19,0,"Publisher-labeled 1:1 match; numerical differences are review evidence, not a fraud/loss label."
117604937101,501980892669,854158904840,USD_2022-11-04_ACC#00001_66912     66325663250 32566B3K3C 088            JOQVY - BAS - DG SMILAX   GFG       VC0 32566B3K3C 088            JOQVY - BAS - DG,USD_2022-11-04_ACC#00001_66912     66325663250 32566B3K3C 088            JOQVY - BAS - DG SMILAX   GFG       VC0 32566B3K3C 088            JOQVY - BAS - DG,RULE 1,A=0;B=0,32566B3K3C 32566B3K3C                                                                      JOQVY - BAS - DG,32266B3ES3 4336766094VI,49079.90,49079.90,0.00,0.00,2022-11-04,2022-11-04,0,"Publisher-labeled 1:1 match; numerical differences are review evidence, not a fraud/loss label."
117608209451,949579911106,833565266699,USD_2022-10-12_ACC#00001_66912     0256602566 SMILAX   FGGKR,USD_2022-10-12_ACC#00001_66912     0256602566 SMILAX   FGGKR,RULE 1,A=0;B=0,27554636 ALME7U6500JOQG7U                                                                JO TONITE SAUNT 664952723,V275300360235364 0100866021VI,-13311507.90,-13311507.90,0.00,0.00,2022-10-12,2022-10-12,0,"Publisher-labeled 1:1 match; numerical differences are review evidence, not a fraud/loss label."
117614196576,765693695455,45497893305,USD_2022-10-27_ACC#00001_66912     0670806708122084614407KAVI460         MORIBUND ROTENONES S SMILAX   BOLL      00122084614407KAVI460         MORIBUND ZYGNEMA SK HYRACIFORM,USD_2022-10-27_ACC#00001_66912     0670806708122084614407KAVI460         MORIBUND ROTENONES S SMILAX   BOLL      00122084614407KAVI460         MORIBUND ZYGNEMA SK HYRACIFORM,RULE 1,A=0;B=0,001220846 14407 KAVI460                                                                         UPCLOSER MONOCOQUE GAB -,VOLERY 8425705666FP,118521.00,118521.00,0.00,0.00,2022-10-27,2022-10-27,0,"Publisher-labeled 1:1 match; numerical differences are review evidence, not a fraud/loss label."
117694575550,585484207064,490156742392,USD_2022-12-30_ACC#00001_66912     0147701477805248541477NACHE73         OFF TMH SEE FAMES SMILAX   BOLL      00805248541477NACHE73         OFF TMH SEE EMEU S,USD_2022-12-30_ACC#00001_66912     0147701477805248541477NACHE73         OFF TMH SEE FAMES SMILAX   BOLL      00805248541477NACHE73         OFF TMH SEE EMEU S,RULE 1,A=0;B=0,008052485 41477 NACHE73 L9NR06W                                                                 UPCLOSER MONOCOQUE GAB -,VOLERY 3013752666FP,2177816.49,2177816.49,0.00,0.00,2022-12-30,2022-12-30,0,"Publisher-labeled 1:1 match; numerical differences are review evidence, not a fraud/loss label."
117733826745,17069671577,780483532209,USD_2022-12-08_ACC#00001_66912     0999909999 SMILAX   FGGKR,USD_2022-12-08_ACC#00001_66912     0999909999 SMILAX   FGGKR,RULE 1,A=0;B=0,40392705 JOQG7U7115ESKIMO                                                                GVKYHE          666610809,ZYRENIAN 7892266716XD,-2845774.60,-2845774.60,0.00,0.00,2022-12-08,2022-12-08,0,"Publisher-labeled 1:1 match; numerical differences are review evidence, not a fraud/loss label."
117798741810,50095029249,914634266670,USD_2022-10-27_ACC#00001_66912     66325663250 32566B724K 088            JOQVY DE -ELUVIA SMILAX   GFG       VC0 32566B724K 088            JOQVY DE -ELUVIA,USD_2022-10-27_ACC#00001_66912     66325663250 32566B724K 088            JOQVY DE -ELUVIA SMILAX   GFG       VC0 32566B724K 088            JOQVY DE -ELUVIA,RULE 3,A=0;B=0,32566B724K 32566B724K                                                                      JOQVY DE -ELUVIA,32566B724K 0261266052VI,20977430.02,20977430.02,0.00,0.00,2022-10-27,2022-10-27,0,"Publisher-labeled 1:1 match; numerical differences are review evidence, not a fraud/loss label."
117818563585,419641892057,417056647586,USD_2022-11-19_ACC#00001_66912     0607306073198557367613KAVI908         MORIBUND VEXES WHUFF SMILAX   BOLL      00198557367613KAVI908         MORIBUND VEXES S FOMALHAUT,USD_2022-11-19_ACC#00001_66912     0607306073198557367613KAVI908         MORIBUND VEXES WHUFF SMILAX   BOLL      00198557367613KAVI908         MORIBUND VEXES S FOMALHAUT,RULE 1,A=0;B=0,001985573 67613 KAVI908                                                                         OY SUBHEADINGS (IT) EFI,VOLERY 8539713666FP,-174164.00,-174164.00,0.00,0.00,2022-11-19,2022-11-19,0,"Publisher-labeled 1:1 match; numerical differences are review evidence, not a fraud/loss label."
117851420577,357208267071,64952322271,USD_2022-11-18_ACC#00001_66912     66325663250 32566TIYP2 088            JOQVY DE -ELUVIA SMILAX   GFG       VC0 32566TIYP2 088            JOQVY DE -ELUVIA,USD_2022-11-18_ACC#00001_66912     66325663250 32566TIYP2 088            JOQVY DE -ELUVIA SMILAX   GFG       VC0 32566TIYP2 088            JOQVY DE -ELUVIA,RULE 1,A=0;B=0,32566TIYP2 32566TIYP2                                                                      JOQVY DE -ELUVIA,325746AL68790810 1232766706VI,-10361.06,-10361.06,0.00,0.00,2022-11-18,2022-11-18,0,"Publisher-labeled 1:1 match; numerical differences are review evidence, not a fraud/loss label."
117853894307,262451192045,517500535431,USD_2022-10-26_ACC#00001_66912     0670806708124558614407AMAGA15         MORIBUND ROTENONES S SMILAX   BOLL      00124558614407AMAGA15         MORIBUND ZYGNEMA SK HYRACIFORM,USD_2022-10-26_ACC#00001_66912     0670806708124558614407AMAGA15         MORIBUND ROTENONES S SMILAX   BOLL      00124558614407AMAGA15         MORIBUND ZYGNEMA SK HYRACIFORM,RULE 1,A=0;B=0,001245586 14407 AMAGA15                                                                         UPCLOSER MONOCOQUE GAB -,VOLERY 8445101666FP,987144.07,987144.07,0.00,0.00,2022-10-26,2022-10-26,0,"Publisher-labeled 1:1 match; numerical differences are review evidence, not a fraud/loss label."
117884430089,605027910714,277198575080,USD_2022-09-18_ACC#00001_66912     6682866828SHAMESICK FROM JAUN UNFED   JEE - DESINENT SMILAX   FGGQQ     PHOTOACTIVE FROM JAUN UNFED   JEE - DESINENT                 029666032266255366,USD_2022-09-18_ACC#00001_66912     6682866828SHAMESICK FROM JAUN UNFED   JEE - DESINENT SMILAX   FGGQQ     PHOTOACTIVE FROM JAUN UNFED   JEE - DESINENT                 029666032266255366,RULE 4,A=0;B=0,6666666668251564 P682515647981263                                                                JEE - DESINENT,P682515647981263 4246566089VI,1710042900.00,1710042900.00,0.00,0.00,2022-09-18,2022-09-18,0,"Publisher-labeled 1:1 match; numerical differences are review evidence, not a fraud/loss label."
117886275131,109232977631,185838030423,USD_2022-09-16_ACC#00001_66912     0141401414137739680789EPEE553         MORIBUND VEXES WHUFF SMILAX   BOLL      00137739680789EPEE553         MORIBUND VEXES S FOMALHAUT,USD_2022-09-16_ACC#00001_66912     0141401414137739680789EPEE553         MORIBUND VEXES WHUFF SMILAX   BOLL      00137739680789EPEE553         MORIBUND VEXES S FOMALHAUT,RULE 4,A=0;B=0,001377396 80789 EPEE553                                                                         YMV NONREGULATIVE,VOLERY 8155810666FP,-1106539.54,-1106539.54,0.00,0.00,2022-09-16,2022-09-16,0,"Publisher-labeled 1:1 match; numerical differences are review evidence, not a fraud/loss label."
117948018234,129615490467,381742847987,USD_2022-11-25_ACC#00001_66912     66325663250 32566TLLDV 088            JOQVY DE-BAS - T SMILAX   GFG       VC0 32566TLLDV 088            JOQVY DE-BAS - T,USD_2022-11-25_ACC#00001_66912     66325663250 32566TLLDV 088            JOQVY DE-BAS - T SMILAX   GFG       VC0 32566TLLDV 088            JOQVY DE-BAS - T,RULE 3,A=0;B=0,32566TLLDV 32566TLLDV                                                                      JOQVY DE-BAS - T,32566TLLDV 8604266702VI,587481.10,587481.10,0.00,0.00,2022-11-25,2022-11-25,0,"Publisher-labeled 1:1 match; numerical differences are review evidence, not a fraud/loss label."
117948223499,263730425422,193852816407,USD_2022-11-20_ACC#00001_66912     66325663250 32566TKVOY 088            JOQVY - BAS - DG SMILAX   GFG       VC0 32566TKVOY 088            JOQVY - BAS - DG,USD_2022-11-20_ACC#00001_66912     66325663250 32566TKVOY 088            JOQVY - BAS - DG SMILAX   GFG       VC0 32566TKVOY 088            JOQVY - BAS - DG,RULE 1,A=0;B=0,32566TKVOY 32566TKVOY                                                                      JOQVY - BAS - DG,322756AL61894613 0824566707VI,-2211.76,-2211.76,0.00,0.00,2022-11-20,2022-11-20,0,"Publisher-labeled 1:1 match; numerical differences are review evidence, not a fraud/loss label."
117983120367,946378022818,186305953946,USD_2022-09-28_ACC#00001_66912     0670806708139228214476TABAC93         MORIBUND ROTENONES S SMILAX   BOLL      00139228214476TABAC93         MORIBUND ZYGNEMA SK HYRACIFORM,USD_2022-09-28_ACC#00001_66912     0670806708139228214476TABAC93         MORIBUND ROTENONES S SMILAX   BOLL      00139228214476TABAC93         MORIBUND ZYGNEMA SK HYRACIFORM,RULE 1,A=0;B=0,001392282 14476 TABAC93                                                                         UPCLOSER MONOCOQUE GAB -,VOLERY 8827774666FP,39951.99,39951.99,0.00,0.00,2022-09-28,2022-09-28,0,"Publisher-labeled 1:1 match; numerical differences are review evidence, not a fraud/loss label."
117994385476,824115601135,470481823222,USD_2022-11-04_ACC#00001_66912     0670806708153752814476BRIST39         MORIBUND ROTENONES S SMILAX   BOLL      00153752814476BRIST39         MORIBUND ZYGNEMA SK HYRACIFORM,USD_2022-11-04_ACC#00001_66912     0670806708153752814476BRIST39         MORIBUND ROTENONES S SMILAX   BOLL      00153752814476BRIST39         MORIBUND ZYGNEMA SK HYRACIFORM,RULE 1,A=0;B=0,001537528 14476 BRIST39                                                                         UPCLOSER MONOCOQUE GAB -,VOLERY 8283584666FP,32949.91,32949.91,0.00,0.00,2022-11-04,2022-11-04,0,"Publisher-labeled 1:1 match; numerical differences are review evidence, not a fraud/loss label."
118058031240,98985820190,131853752776,USD_2022-10-07_ACC#00001_66912     0156801568148699917661OKET685         MORIBUND VEXES WHUFF SMILAX   BOLL      00148699917661OKET685         MORIBUND VEXES S FOMALHAUT,USD_2022-10-07_ACC#00001_66912     0156801568148699917661OKET685         MORIBUND VEXES WHUFF SMILAX   BOLL      00148699917661OKET685         MORIBUND VEXES S FOMALHAUT,RULE 1,A=0;B=0,001486999 17661 OKET685                                                                         JANUSLIKE ASSUMER PANCHAX,VOLERY 8383236666FP,-580370.00,-580370.00,0.00,0.00,2022-10-07,2022-10-07,0,"Publisher-labeled 1:1 match; numerical differences are review evidence, not a fraud/loss label."
118106489849,744693266560,687346799076,USD_2022-11-10_ACC#00001_66912     0122001220155120112660CUMYL00         MORIBUND ROTENONES S SMILAX   BOLL      00155120112660CUMYL00         MORIBUND ZYGNEMA SK HYRACIFORM,USD_2022-11-10_ACC#00001_66912     0122001220155120112660CUMYL00         MORIBUND ROTENONES S SMILAX   BOLL      00155120112660CUMYL00         MORIBUND ZYGNEMA SK HYRACIFORM,RULE 1,A=0;B=0,001551201 12660 CUMYL00                                                                         ANTINOVEL AIRY FUTHERMORE,VOLERY 8252126666FP,1850533.00,1850533.00,0.00,0.00,2022-11-10,2022-11-10,0,"Publisher-labeled 1:1 match; numerical differences are review evidence, not a fraud/loss label."
118135028524,574064839834,431654006591,USD_2022-10-15_ACC#00001_66912     66325663250 32566ATAYM 088            JOQVY DE -ELUVIA SMILAX   GFG       VC0 32566ATAYM 088            JOQVY DE -ELUVIA,USD_2022-10-15_ACC#00001_66912     66325663250 32566ATAYM 088            JOQVY DE -ELUVIA SMILAX   GFG       VC0 32566ATAYM 088            JOQVY DE -ELUVIA,RULE 3,A=0;B=0,32566ATAYM 32566ATAYM                                                                      JOQVY DE -ELUVIA,32566ATAYM 6424266023VI,320066.79,320066.79,0.00,0.00,2022-10-15,2022-10-15,0,"Publisher-labeled 1:1 match; numerical differences are review evidence, not a fraud/loss label."
118180852821,461608255943,85093669334,USD_2022-10-27_ACC#00001_66912     0256602566 SMILAX   FGGKR,USD_2022-10-27_ACC#00001_66912     0256602566 SMILAX   FGGKR,RULE 1,A=0;B=0,32830040 ALME7U5145JOQG7U                                                                JO TONITE SAUNT 664952723,V971660366739457 7943866055VI,-705125.00,-705125.00,0.00,0.00,2022-10-27,2022-10-27,0,"Publisher-labeled 1:1 match; numerical differences are review evidence, not a fraud/loss label."
118236087988,878142185702,2030588580,USD_2022-11-27_ACC#00001_66912     02566025660666H3         6666666666 SMILAX   FGGKR     FW0666H3         6666666666,USD_2022-11-27_ACC#00001_66912     02566025660666H3         6666666666 SMILAX   FGGKR     FW0666H3         6666666666,RULE 1,A=0;B=0,32426904 V32426904                                                                       JO TONITE SAUNT 664952723,T313005574626660 0605574626,1000000.00,1000000.00,0.00,0.00,2022-11-27,2022-11-27,0,"Publisher-labeled 1:1 match; numerical differences are review evidence, not a fraud/loss label."
118285832491,430523108079,177220286031,USD_2022-10-20_ACC#00001_66912     0779507795 SMILAX   WAP,USD_2022-10-20_ACC#00001_66912     0779507795 SMILAX   WAP,RULE 3,A=0;B=0,6111656U6H6E676V 6462656U6B6C616M                                                                UPCLOSER QUETCH EFI (WYE-,6111656U6H6E676N 3885866050VI,-3160.57,-3160.57,0.00,0.00,2022-10-20,2022-10-20,0,"Publisher-labeled 1:1 match; numerical differences are review evidence, not a fraud/loss label."
118291043954,186432930042,596643199071,USD_2022-12-30_ACC#00001_66912     66325663250 32566TRVHV 088            JOQVY DE -ELUVIA SMILAX   GFG       VC0 32566TRVHV 088            JOQVY DE -ELUVIA,USD_2022-12-30_ACC#00001_66912     66325663250 32566TRVHV 088            JOQVY DE -ELUVIA SMILAX   GFG       VC0 32566TRVHV 088            JOQVY DE -ELUVIA,RULE 3,A=0;B=0,32566TRVHV 32566TRVHV                                                                      JOQVY DE -ELUVIA,32566TRVHV 8728466737VI,4725.86,4725.86,0.00,0.00,2022-12-30,2022-12-30,0,"Publisher-labeled 1:1 match; numerical differences are review evidence, not a fraud/loss label."
118328245263,807147352195,299817452391,USD_2022-11-17_ACC#00001_66912     0603606036198366467888CHOIL61         OFF TMH SEE FAMES SMILAX   BOLL      00198366467888CHOIL61         OFF TMH SEE EMEU S,USD_2022-11-17_ACC#00001_66912     0603606036198366467888CHOIL61         OFF TMH SEE FAMES SMILAX   BOLL      00198366467888CHOIL61         OFF TMH SEE EMEU S,RULE 1,A=0;B=0,001983664 67888 CHOIL61 L9GT839                                                                 JO TONITE ETHERIFIES GAB,VOLERY 8512503666FP,103698.35,103698.35,0.00,0.00,2022-11-17,2022-11-17,0,"Publisher-labeled 1:1 match; numerical differences are review evidence, not a fraud/loss label."
118352172713,940772477656,699172587268,USD_2022-09-23_ACC#00001_66912     66325663250 32566AMG1Y 088            JOQVY DE -ELUVIA SMILAX   GFG       VC0 32566AMG1Y 088            JOQVY DE -ELUVIA,USD_2022-09-23_ACC#00001_66912     66325663250 32566AMG1Y 088            JOQVY DE -ELUVIA SMILAX   GFG       VC0 32566AMG1Y 088            JOQVY DE -ELUVIA,RULE 4,A=0;B=0,32566AMG1Y 32566AMG1Y                                                                      JOQVY DE -ELUVIA,322746MI68605253 9022266038VI,-242530.00,-242530.00,0.00,0.00,2022-09-23,2022-09-23,0,"Publisher-labeled 1:1 match; numerical differences are review evidence, not a fraud/loss label."
118355955700,694119255222,372115867422,USD_2022-11-19_ACC#00001_66912     02566025660696 SMILAX   FGGKR     FW0696,USD_2022-11-19_ACC#00001_66912     02566025660696 SMILAX   FGGKR     FW0696,RULE 1,A=0;B=0,32399609 RUCKER11                                                                        WINELIKE INCHER 666905713,INTERNIDAL 3979866700VI,-32959835.88,-32959835.88,0.00,0.00,2022-11-19,2022-11-19,0,"Publisher-labeled 1:1 match; numerical differences are review evidence, not a fraud/loss label."
118368906133,183357256618,746814162596,USD_2022-11-18_ACC#00001_66912     0670806708191511914476KAVI976         MORIBUND VEXES WHUFF SMILAX   BOLL      00191511914476KAVI976         MORIBUND VEXES S FOMALHAUT,USD_2022-11-18_ACC#00001_66912     0670806708191511914476KAVI976         MORIBUND VEXES WHUFF SMILAX   BOLL      00191511914476KAVI976         MORIBUND VEXES S FOMALHAUT,RULE 1,A=0;B=0,001915119 14476 KAVI976                                                                         UPCLOSER MONOCOQUE GAB -,VOLERY 8582599666FP,-102550.16,-102550.16,0.00,0.00,2022-11-18,2022-11-18,0,"Publisher-labeled 1:1 match; numerical differences are review evidence, not a fraud/loss label."
118425391856,157907017397,245029597887,USD_2022-12-16_ACC#00001_66912     0147701477806388941477AUG0697         OFF TMH SEE FAMES SMILAX   BOLL      00806388941477AUG0697         OFF TMH SEE EMEU S,USD_2022-12-16_ACC#00001_66912     0147701477806388941477AUG0697         OFF TMH SEE FAMES SMILAX   BOLL      00806388941477AUG0697         OFF TMH SEE EMEU S,RULE 1,A=0;B=0,008063889 41477 AUG0697 L9FV0DE                                                                 UPCLOSER MONOCOQUE GAB -,VOLERY 3682481666FP,15907148.40,15907148.40,0.00,0.00,2022-12-16,2022-12-16,0,"Publisher-labeled 1:1 match; numerical differences are review evidence, not a fraud/loss label."
118503412173,357753636574,532192350153,USD_2022-10-30_ACC#00001_66912     0670806708157400014476SHOWD73         MORIBUND ROTENONES S SMILAX   BOLL      00157400014476SHOWD73         MORIBUND ZYGNEMA SK HYRACIFORM,USD_2022-10-30_ACC#00001_66912     0670806708157400014476SHOWD73         MORIBUND ROTENONES S SMILAX   BOLL      00157400014476SHOWD73         MORIBUND ZYGNEMA SK HYRACIFORM,RULE 1,A=0;B=0,001574000 14476 SHOWD73                                                                         UPCLOSER MONOCOQUE GAB -,VOLERY 8262065666FP,16922.20,16922.20,0.00,0.00,2022-10-30,2022-10-30,0,"Publisher-labeled 1:1 match; numerical differences are review evidence, not a fraud/loss label."
118520901609,368323475907,750629139777,USD_2022-10-16_ACC#00001_66912     0156801568121542317661KAVI117         MORIBUND ROTENONES S SMILAX   BOLL      00121542317661KAVI117         MORIBUND ZYGNEMA SK HYRACIFORM,USD_2022-10-16_ACC#00001_66912     0156801568121542317661KAVI117         MORIBUND ROTENONES S SMILAX   BOLL      00121542317661KAVI117         MORIBUND ZYGNEMA SK HYRACIFORM,RULE 1,A=0;B=0,001215423 17661 KAVI117                                                                         UPCLOSER MONOCOQUE GAB -,VOLERY 8404217666FP,3343499.40,3343499.40,0.00,0.00,2022-10-16,2022-10-16,0,"Publisher-labeled 1:1 match; numerical differences are review evidence, not a fraud/loss label."
118544624672,926397238662,266311215064,USD_2022-12-21_ACC#00001_66912     0670806708808529314407BOAS691         MORIBUND VEXES WHUFF SMILAX   BOLL      00808529314407BOAS691         MORIBUND VEXES S FOMALHAUT,USD_2022-12-21_ACC#00001_66912     0670806708808529314407BOAS691         MORIBUND VEXES WHUFF SMILAX   BOLL      00808529314407BOAS691         MORIBUND VEXES S FOMALHAUT,RULE 1,A=0;B=0,008085293 14407 BOAS691                                                                         UPCLOSER MONOCOQUE GAB -,VOLERY 3624958666FP,-63279.76,-63279.76,0.00,0.00,2022-12-21,2022-12-21,0,"Publisher-labeled 1:1 match; numerical differences are review evidence, not a fraud/loss label."
118590156315,113271237025,750959907725,USD_2022-10-28_ACC#00001_66912     0147701477157808141477AUG0672         IF TMH SEE FAMES SMILAX   BOLL      00157808141477AUG0672         IF TMH SEE FAMES,USD_2022-10-28_ACC#00001_66912     0147701477157808141477AUG0672         IF TMH SEE FAMES SMILAX   BOLL      00157808141477AUG0672         IF TMH SEE FAMES,RULE 1,A=0;B=0,001578081 41477 AUG0672 L9Y92CR                                                                 UPCLOSER MONOCOQUE GAB -,VOLERY 8455200666FP,40000000.00,40000000.00,0.00,0.00,2022-10-28,2022-10-28,0,"Publisher-labeled 1:1 match; numerical differences are review evidence, not a fraud/loss label."
118594744280,406508131061,766829654539,USD_2022-11-27_ACC#00001_66912     0702807028866551967463ROMAN71         MORIBUND ROTENONES S SMILAX   BOLL      00866551967463ROMAN71         MORIBUND ZYGNEMA SK HYRACIFORM,USD_2022-11-27_ACC#00001_66912     0702807028866551967463ROMAN71         MORIBUND ROTENONES S SMILAX   BOLL      00866551967463ROMAN71         MORIBUND ZYGNEMA SK HYRACIFORM,RULE 1,A=0;B=0,008665519 67463 ROMAN71                                                                         VOLUPT NAPKIN & RESSAUT,VOLERY 8902596666FP,158644.13,158644.13,0.00,0.00,2022-11-27,2022-11-27,0,"Publisher-labeled 1:1 match; numerical differences are review evidence, not a fraud/loss label."
118629991010,589416131864,262079297950,USD_2022-10-08_ACC#00001_66912     0256602566 SMILAX   FGGKR,USD_2022-10-08_ACC#00001_66912     0256602566 SMILAX   FGGKR,RULE 3,A=0;B=0,40765095 ALME119157JOQG7U                                                                JO TONITE SAUNT 664952723,ALME119157JOQG7U 0696349256,-40000.00,-40000.00,0.00,0.00,2022-10-08,2022-10-08,0,"Publisher-labeled 1:1 match; numerical differences are review evidence, not a fraud/loss label."
118645000410,407731677215,603591850401,USD_2022-11-26_ACC#00001_66912     0617806178195366167387JAUP179         MORIBUND VEXES WHUFF SMILAX   BOLL      00195366167387JAUP179         MORIBUND VEXES S FOMALHAUT,USD_2022-11-26_ACC#00001_66912     0617806178195366167387JAUP179         MORIBUND VEXES WHUFF SMILAX   BOLL      00195366167387JAUP179         MORIBUND VEXES S FOMALHAUT,RULE 1,A=0;B=0,001953661 67387 JAUP179                                                                         RHODIZITE UNSOLACED AGHAN,VOLERY 8906654666FP,-35872.20,-35872.20,0.00,0.00,2022-11-26,2022-11-26,0,"Publisher-labeled 1:1 match; numerical differences are review evidence, not a fraud/loss label."
118655587414,58890943890,469600923957,USD_2022-12-03_ACC#00001_66912     0670806708863840314476TREMA76         MORIBUND ROTENONES S SMILAX   BOLL      00863840314476TREMA76         MORIBUND ZYGNEMA SK HYRACIFORM,USD_2022-12-03_ACC#00001_66912     0670806708863840314476TREMA76         MORIBUND ROTENONES S SMILAX   BOLL      00863840314476TREMA76         MORIBUND ZYGNEMA SK HYRACIFORM,RULE 1,A=0;B=0,008638403 14476 TREMA76                                                                         UPCLOSER MONOCOQUE GAB -,VOLERY 8934788666FP,88962.21,88962.21,0.00,0.00,2022-12-03,2022-12-03,0,"Publisher-labeled 1:1 match; numerical differences are review evidence, not a fraud/loss label."
118658636485,354592045431,354780647479,USD_2022-10-27_ACC#00001_66912     0156801568156161217667KAVI372         MORIBUND ROTENONES S SMILAX   BOLL      00156161217667KAVI372         MORIBUND ZYGNEMA SK HYRACIFORM,USD_2022-10-27_ACC#00001_66912     0156801568156161217667KAVI372         MORIBUND ROTENONES S SMILAX   BOLL      00156161217667KAVI372         MORIBUND ZYGNEMA SK HYRACIFORM,RULE 1,A=0;B=0,001561612 17667 KAVI372                                                                         TAPU ETHERIFIES AUANTIC,VOLERY 8429785666FP,3037096.73,3037096.73,0.00,0.00,2022-10-27,2022-10-27,0,"Publisher-labeled 1:1 match; numerical differences are review evidence, not a fraud/loss label."
118708100157,460852311285,208721668743,USD_2022-10-08_ACC#00001_66912     66325663250 32566AOQ54 088            JOQVY - ELUVIA - SMILAX   GFG       VC0 32566AOQ54 088            JOQVY - ELUVIA -,USD_2022-10-08_ACC#00001_66912     66325663250 32566AOQ54 088            JOQVY - ELUVIA - SMILAX   GFG       VC0 32566AOQ54 088            JOQVY - ELUVIA -,RULE 1,A=0;B=0,32566AOQ54 32566AOQ54                                                                      JOQVY - ELUVIA -,322746AL68174015 9238066045VI,-16874.46,-16874.46,0.00,0.00,2022-10-08,2022-10-08,0,"Publisher-labeled 1:1 match; numerical differences are review evidence, not a fraud/loss label."
118740163124,225882253061,662540222085,USD_2022-09-29_ACC#00001_66912     0603606036140358367888KAVI032         OFF TMH SEE FAMES SMILAX   BOLL      00140358367888KAVI032         OFF TMH SEE EMEU S,USD_2022-09-29_ACC#00001_66912     0603606036140358367888KAVI032         OFF TMH SEE FAMES SMILAX   BOLL      00140358367888KAVI032         OFF TMH SEE EMEU S,RULE 1,A=0;B=0,001403583 67888 KAVI032 L9Y30YD                                                                 JO TONITE ETHERIFIES GAB,VOLERY 8851569666FP,14971389.13,14971389.13,0.00,0.00,2022-09-29,2022-09-29,0,"Publisher-labeled 1:1 match; numerical differences are review evidence, not a fraud/loss label."
118794233917,498900038403,356788777481,USD_2022-11-10_ACC#00001_66912     0670806708159769714476SWEAT50         MORIBUND ROTENONES S SMILAX   BOLL      00159769714476SWEAT50         MORIBUND ZYGNEMA SK HYRACIFORM,USD_2022-11-10_ACC#00001_66912     0670806708159769714476SWEAT50         MORIBUND ROTENONES S SMILAX   BOLL      00159769714476SWEAT50         MORIBUND ZYGNEMA SK HYRACIFORM,RULE 1,A=0;B=0,001597697 14476 SWEAT50                                                                         UPCLOSER MONOCOQUE GAB -,VOLERY 8252866666FP,46715.00,46715.00,0.00,0.00,2022-11-10,2022-11-10,0,"Publisher-labeled 1:1 match; numerical differences are review evidence, not a fraud/loss label."
118794256546,206822596331,185996713509,USD_2022-11-18_ACC#00001_66912     0147701477193873441477EPEE553         OFF TMH TIRO FAMES SMILAX   BOLL      00193873441477EPEE553         OFF TMH TIRO HAU BT,USD_2022-11-18_ACC#00001_66912     0147701477193873441477EPEE553         OFF TMH TIRO FAMES SMILAX   BOLL      00193873441477EPEE553         OFF TMH TIRO HAU BT,RULE 1,A=0;B=0,001938734 41477 EPEE553 L9GT43I                                                                 UPCLOSER MONOCOQUE GAB -,VOLERY 8584939666FP,-15263093.45,-15263093.45,0.00,0.00,2022-11-18,2022-11-18,0,"Publisher-labeled 1:1 match; numerical differences are review evidence, not a fraud/loss label."
118807927874,730479039464,943102916916,USD_2022-12-25_ACC#00001_66912     66325663250 32566TAFVV 088            JOQVY - ELUVIA - SMILAX   GFG       VC0 32566TAFVV 088            JOQVY - ELUVIA -,USD_2022-12-25_ACC#00001_66912     66325663250 32566TAFVV 088            JOQVY - ELUVIA - SMILAX   GFG       VC0 32566TAFVV 088            JOQVY - ELUVIA -,RULE 1,A=0;B=0,32566TAFVV 32566TAFVV                                                                      JOQVY - ELUVIA -,322746AL68131085 1244866784VI,-4087.77,-4087.77,0.00,0.00,2022-12-25,2022-12-25,0,"Publisher-labeled 1:1 match; numerical differences are review evidence, not a fraud/loss label."
118936071104,967782033331,82717890546,USD_2022-09-30_ACC#00001_66912     66325663250 32566AHKBQ 088            JOQVY - BAS - DG SMILAX   GFG       VC0 32566AHKBQ 088            JOQVY - BAS - DG,USD_2022-09-30_ACC#00001_66912     66325663250 32566AHKBQ 088            JOQVY - BAS - DG SMILAX   GFG       VC0 32566AHKBQ 088            JOQVY - BAS - DG,RULE 3,A=0;B=0,32566AHKBQ 32566AHKBQ                                                                      JOQVY - BAS - DG,32566AHKBQ 2973866040VI,399.68,399.68,0.00,0.00,2022-09-30,2022-09-30,0,"Publisher-labeled 1:1 match; numerical differences are review evidence, not a fraud/loss label."
118978931264,884872055961,135433594850,USD_2022-10-27_ACC#00001_66912     02566025660666H3         6666666666 SMILAX   FGGKR     FW0666H3         6666666666,USD_2022-10-27_ACC#00001_66912     02566025660666H3         6666666666 SMILAX   FGGKR     FW0666H3         6666666666,RULE 3,A=0;B=0,93468726 V93468726                                                                       JO TONITE SAUNT 664952723,V934687266212556 1706366055VI,20967806.59,20967806.59,0.00,0.00,2022-10-27,2022-10-27,0,"Publisher-labeled 1:1 match; numerical differences are review evidence, not a fraud/loss label."
118986035840,475602619545,921305899128,USD_2022-10-07_ACC#00001_66912     0670806708148901914476CUCA783         MORIBUND VEXES WHUFF SMILAX   BOLL      00148901914476CUCA783         MORIBUND VEXES S FOMALHAUT,USD_2022-10-07_ACC#00001_66912     0670806708148901914476CUCA783         MORIBUND VEXES WHUFF SMILAX   BOLL      00148901914476CUCA783         MORIBUND VEXES S FOMALHAUT,RULE 1,A=0;B=0,001489019 14476 CUCA783                                                                         UPCLOSER MONOCOQUE GAB -,VOLERY 8383220666FP,-337039.71,-337039.71,0.00,0.00,2022-10-07,2022-10-07,0,"Publisher-labeled 1:1 match; numerical differences are review evidence, not a fraud/loss label."
119037604475,279593925213,17089465274,USD_2022-12-18_ACC#00001_66912     0670806708808960814476SWEAT86         MORIBUND ROTENONES S SMILAX   BOLL      00808960814476SWEAT86         MORIBUND ZYGNEMA SK HYRACIFORM,USD_2022-12-18_ACC#00001_66912     0670806708808960814476SWEAT86         MORIBUND ROTENONES S SMILAX   BOLL      00808960814476SWEAT86         MORIBUND ZYGNEMA SK HYRACIFORM,RULE 1,A=0;B=0,008089608 14476 SWEAT86                                                                         UPCLOSER MONOCOQUE GAB -,VOLERY 3643391666FP,182183.11,182183.11,0.00,0.00,2022-12-18,2022-12-18,0,"Publisher-labeled 1:1 match; numerical differences are review evidence, not a fraud/loss label."
11904117838,327695524415,781133526797,USD_2022-10-05_ACC#00001_66912     6682866828SHAMESICK FROM JAUN UNFED   BHOOSA- DESINENT SMILAX   FGGQQ     PHOTOACTIVE FROM JAUN UNFED   BHOOSA- DESINENT               029666794168888366,USD_2022-10-05_ACC#00001_66912     6682866828SHAMESICK FROM JAUN UNFED   BHOOSA- DESINENT SMILAX   FGGQQ     PHOTOACTIVE FROM JAUN UNFED   BHOOSA- DESINENT               029666794168888366,RULE 3,A=0;B=0,6666666664257171 P642571710312612                                                                BHOOSA- DESINENT,P642571710312612 9119266044VI,3248140984.00,3248140984.00,0.00,0.00,2022-10-05,2022-10-05,0,"Publisher-labeled 1:1 match; numerical differences are review evidence, not a fraud/loss label."
119043321607,749321853984,117808639384,USD_2022-12-30_ACC#00001_66912     0256602566 SMILAX   FGGKR,USD_2022-12-30_ACC#00001_66912     0256602566 SMILAX   FGGKR,RULE 1,A=0;B=0,85242896 JOQG7U6248GLEE7U                                                                SHALE           667933724,VOLERY 1945866737VI,-2091339.86,-2091339.86,0.00,0.00,2022-12-30,2022-12-30,0,"Publisher-labeled 1:1 match; numerical differences are review evidence, not a fraud/loss label."
119056874798,912237920913,543881921260,USD_2022-12-18_ACC#00001_66912     0147701477804831241477EPEE553         IF TMH SEE FAMES SMILAX   BOLL      00804831241477EPEE553         IF TMH SEE FAMES,USD_2022-12-18_ACC#00001_66912     0147701477804831241477EPEE553         IF TMH SEE FAMES SMILAX   BOLL      00804831241477EPEE553         IF TMH SEE FAMES,RULE 1,A=0;B=0,008048312 41477 EPEE553 L9HL31C                                                                 UPCLOSER MONOCOQUE GAB -,VOLERY 3644407666FP,13920700.00,13920700.00,0.00,0.00,2022-12-18,2022-12-18,0,"Publisher-labeled 1:1 match; numerical differences are review evidence, not a fraud/loss label."
119131628678,246781338569,508241955324,USD_2022-11-23_ACC#00001_66912     0256602566 SMILAX   FGGKR,USD_2022-11-23_ACC#00001_66912     0256602566 SMILAX   FGGKR,RULE 1,A=0;B=0,03750116 ALME7U1421JOQG7U                                                                JO TONITE SAUNT 664952723,V037361461640328 3085566703VI,-1046824.33,-1046824.33,0.00,0.00,2022-11-23,2022-11-23,0,"Publisher-labeled 1:1 match; numerical differences are review evidence, not a fraud/loss label."
119189306568,809524470496,813017002366,USD_2022-10-07_ACC#00001_66912     0670806708148901414476CUCA783         MORIBUND ROTENONES S SMILAX   BOLL      00148901414476CUCA783         MORIBUND ZYGNEMA SK HYRACIFORM,USD_2022-10-07_ACC#00001_66912     0670806708148901414476CUCA783         MORIBUND ROTENONES S SMILAX   BOLL      00148901414476CUCA783         MORIBUND ZYGNEMA SK HYRACIFORM,RULE 1,A=0;B=0,001489014 14476 CUCA783                                                                         TONITE ARRIAGE BUT MG LEE,VOLERY 8388023666FP,337039.71,337039.71,0.00,0.00,2022-10-07,2022-10-07,0,"Publisher-labeled 1:1 match; numerical differences are review evidence, not a fraud/loss label."
119190595901,173423676106,843688059047,USD_2022-09-16_ACC#00001_66912     0147701477137786041477HUBBA50         OFF TMH SEE FAMES SMILAX   BOLL      00137786041477HUBBA50         OFF TMH SEE EMEU S,USD_2022-09-16_ACC#00001_66912     0147701477137786041477HUBBA50         OFF TMH SEE FAMES SMILAX   BOLL      00137786041477HUBBA50         OFF TMH SEE EMEU S,RULE 4,A=0;B=0,001377860 41477 HUBBA50 L9Y10WY                                                                 UPCLOSER MONOCOQUE GAB -,VOLERY 8159055666FP,32859895.64,32859895.64,0.00,0.00,2022-09-16,2022-09-16,0,"Publisher-labeled 1:1 match; numerical differences are review evidence, not a fraud/loss label."
11921773852,417429083302,269275081,USD_2022-11-13_ACC#00001_66912     0147701477197811241477OKET656         OFF TMH TIRO FAMES SMILAX   BOLL      00197811241477OKET656         OFF TMH TIRO HAU BT,USD_2022-11-13_ACC#00001_66912     0147701477197811241477OKET656         OFF TMH TIRO FAMES SMILAX   BOLL      00197811241477OKET656         OFF TMH TIRO HAU BT,RULE 1,A=0;B=0,001978112 41477 OKET656 L9GT6F6                                                                 UPCLOSER MONOCOQUE GAB -,VOLERY 8502373666FP,-886643.90,-886643.90,0.00,0.00,2022-11-13,2022-11-13,0,"Publisher-labeled 1:1 match; numerical differences are review evidence, not a fraud/loss label."
119235412144,325349337346,34525192570,USD_2022-09-11_ACC#00001_66912     0147701477183671441477SYNE659         OFF TMH SEE FAMES SMILAX   BOLL      00183671441477SYNE659         OFF TMH SEE EMEU S,USD_2022-09-11_ACC#00001_66912     0147701477183671441477SYNE659         OFF TMH SEE FAMES SMILAX   BOLL      00183671441477SYNE659         OFF TMH SEE EMEU S,RULE 4,A=0;B=0,001836714 41477 SYNE659 L9Y03RE                                                                 UPCLOSER MONOCOQUE GAB -,VOLERY 8145401666FP,8429259.56,8429259.56,0.00,0.00,2022-09-11,2022-09-11,0,"Publisher-labeled 1:1 match; numerical differences are review evidence, not a fraud/loss label."
119247405152,701377128973,149932785157,USD_2022-11-27_ACC#00001_66912     0609306093860239467005CUCA411         MORIBUND ROTENONES S SMILAX   BOLL      00860239467005CUCA411         MORIBUND ZYGNEMA SK HYRACIFORM,USD_2022-11-27_ACC#00001_66912     0609306093860239467005CUCA411         MORIBUND ROTENONES S SMILAX   BOLL      00860239467005CUCA411         MORIBUND ZYGNEMA SK HYRACIFORM,RULE 1,A=0;B=0,008602394 67005 CUCA411                                                                         FEW GIRE ENCL BUNDER QMQF,VOLERY 8902975666FP,2306765.12,2306765.12,0.00,0.00,2022-11-27,2022-11-27,0,"Publisher-labeled 1:1 match; numerical differences are review evidence, not a fraud/loss label."
119292866338,425922188231,575126616894,USD_2022-09-10_ACC#00001_66912     66325663250 32566D5RRN 088            JOQVY - ELUVIA - SMILAX   GFG       VC0 32566D5RRN 088            JOQVY - ELUVIA -,USD_2022-09-10_ACC#00001_66912     66325663250 32566D5RRN 088            JOQVY - ELUVIA - SMILAX   GFG       VC0 32566D5RRN 088            JOQVY - ELUVIA -,RULE 4,A=0;B=0,32566D5RRN 32566D5RRN                                                                      JOQVY - ELUVIA -,322746AL68101253 1271766086VI,-19031.56,-19031.56,0.00,0.00,2022-09-10,2022-09-10,0,"Publisher-labeled 1:1 match; numerical differences are review evidence, not a fraud/loss label."
119312416572,669312154343,21084202196,USD_2022-10-15_ACC#00001_66912     0670806708127040814407AMAL671         MORIBUND ROTENONES S SMILAX   BOLL      00127040814407AMAL671         MORIBUND ZYGNEMA SK HYRACIFORM,USD_2022-10-15_ACC#00001_66912     0670806708127040814407AMAL671         MORIBUND ROTENONES S SMILAX   BOLL      00127040814407AMAL671         MORIBUND ZYGNEMA SK HYRACIFORM,RULE 1,A=0;B=0,001270408 14407 AMAL671                                                                         UPCLOSER MONOCOQUE GAB -,VOLERY 8468580666FP,71720.10,71720.10,0.00,0.00,2022-10-15,2022-10-15,0,"Publisher-labeled 1:1 match; numerical differences are review evidence, not a fraud/loss label."
119316435505,265943268283,870341129122,USD_2022-09-15_ACC#00001_66912     0256602566 SMILAX   FGGKR,USD_2022-09-15_ACC#00001_66912     0256602566 SMILAX   FGGKR,RULE 4,A=0;B=0,32005798 ALME7U0940JOQG7U                                                                JO TONITE SAUNT 664952723,V803872867787535 8082466084VI,-456200.00,-456200.00,0.00,0.00,2022-09-15,2022-09-15,0,"Publisher-labeled 1:1 match; numerical differences are review evidence, not a fraud/loss label."
119429654058,529051961718,391693539214,USD_2022-12-03_ACC#00001_66912     0670806708863840514476TREMA76         MORIBUND ROTENONES S SMILAX   BOLL      00863840514476TREMA76         MORIBUND ZYGNEMA SK HYRACIFORM,USD_2022-12-03_ACC#00001_66912     0670806708863840514476TREMA76         MORIBUND ROTENONES S SMILAX   BOLL      00863840514476TREMA76         MORIBUND ZYGNEMA SK HYRACIFORM,RULE 1,A=0;B=0,008638405 14476 TREMA76                                                                         UPCLOSER MONOCOQUE GAB -,VOLERY 8934783666FP,486974.12,486974.12,0.00,0.00,2022-12-03,2022-12-03,0,"Publisher-labeled 1:1 match; numerical differences are review evidence, not a fraud/loss label."
119507223415,307395291277,353231997402,USD_2022-09-21_ACC#00001_66912     02566025660666H3         6666666666 SMILAX   FGGKR     FW0666H3         6666666666,USD_2022-09-21_ACC#00001_66912     02566025660666H3         6666666666 SMILAX   FGGKR     FW0666H3         6666666666,RULE 4,A=0;B=0,83108036 V83108036                                                                       JO TONITE SAUNT 664952723,V831080366079901 6141766037VI,11714029.60,11714029.60,0.00,0.00,2022-09-21,2022-09-21,0,"Publisher-labeled 1:1 match; numerical differences are review evidence, not a fraud/loss label."
119524332563,761370146657,376953915762,USD_2022-11-05_ACC#00001_66912     0147701477152937641477OKET656         IF TMH SEE FAMES SMILAX   BOLL      00152937641477OKET656         IF TMH SEE FAMES,USD_2022-11-05_ACC#00001_66912     0147701477152937641477OKET656         IF TMH SEE FAMES SMILAX   BOLL      00152937641477OKET656         IF TMH SEE FAMES,RULE 1,A=0;B=0,001529376 41477 OKET656 L9DR952                                                                 UPCLOSER MONOCOQUE GAB -,VOLERY 8235100666FP,20976000.00,20976000.00,0.00,0.00,2022-11-05,2022-11-05,0,"Publisher-labeled 1:1 match; numerical differences are review evidence, not a fraud/loss label."
119543584923,223329095758,108797591324,USD_2022-09-22_ACC#00001_66912     0670806708133071114473ANNET21         MORIBUND ROTENONES S SMILAX   BOLL      00133071114473ANNET21         MORIBUND ZYGNEMA SK HYRACIFORM,USD_2022-09-22_ACC#00001_66912     0670806708133071114473ANNET21         MORIBUND ROTENONES S SMILAX   BOLL      00133071114473ANNET21         MORIBUND ZYGNEMA SK HYRACIFORM,RULE 4,A=0;B=0,001330711 14473 ANNET21                                                                         PREOCCUR CROM KEF LEK (ZH,VOLERY 8810430666FP,799402.39,799402.39,0.00,0.00,2022-09-22,2022-09-22,0,"Publisher-labeled 1:1 match; numerical differences are review evidence, not a fraud/loss label."
119557121745,412230704923,517205838252,USD_2022-11-26_ACC#00001_66912     0670806708866350714476CHARE58         MORIBUND ROTENONES S SMILAX   BOLL      00866350714476CHARE58         MORIBUND ZYGNEMA SK HYRACIFORM,USD_2022-11-26_ACC#00001_66912     0670806708866350714476CHARE58         MORIBUND ROTENONES S SMILAX   BOLL      00866350714476CHARE58         MORIBUND ZYGNEMA SK HYRACIFORM,RULE 1,A=0;B=0,008663507 14476 CHARE58                                                                         UPCLOSER MONOCOQUE GAB -,VOLERY 8965180666FP,637967.50,637967.50,0.00,0.00,2022-11-26,2022-11-26,0,"Publisher-labeled 1:1 match; numerical differences are review evidence, not a fraud/loss label."
119566098536,902762815520,103507377884,USD_2022-10-06_ACC#00001_66912     0670806708143217614476CHARE58         MORIBUND ROTENONES S SMILAX   BOLL      00143217614476CHARE58         MORIBUND ZYGNEMA SK HYRACIFORM,USD_2022-10-06_ACC#00001_66912     0670806708143217614476CHARE58         MORIBUND ROTENONES S SMILAX   BOLL      00143217614476CHARE58         MORIBUND ZYGNEMA SK HYRACIFORM,RULE 1,A=0;B=0,001432176 14476 CHARE58                                                                         UPCLOSER MONOCOQUE GAB -,VOLERY 8318726666FP,103623.00,103623.00,0.00,0.00,2022-10-06,2022-10-06,0,"Publisher-labeled 1:1 match; numerical differences are review evidence, not a fraud/loss label."
119596910566,108920273619,166903638074,USD_2022-10-08_ACC#00001_66912     0122701227142404712607HAUSA08         MORIBUND VEXES WHUFF SMILAX   BOLL      00142404712607HAUSA08         MORIBUND VEXES S FOMALHAUT,USD_2022-10-08_ACC#00001_66912     0122701227142404712607HAUSA08         MORIBUND VEXES WHUFF SMILAX   BOLL      00142404712607HAUSA08         MORIBUND VEXES S FOMALHAUT,RULE 1,A=0;B=0,001424047 12607 HAUSA08                                                                         POPPADOM TYPY AI,VOLERY 8334114666FP,-1000000.00,-1000000.00,0.00,0.00,2022-10-08,2022-10-08,0,"Publisher-labeled 1:1 match; numerical differences are review evidence, not a fraud/loss label."
119614227875,682411763170,976478626444,USD_2022-10-01_ACC#00001_66912     0156801568140960817661FALX071         MORIBUND ROTENONES S SMILAX   BOLL      00140960817661FALX071         MORIBUND ZYGNEMA SK HYRACIFORM,USD_2022-10-01_ACC#00001_66912     0156801568140960817661FALX071         MORIBUND ROTENONES S SMILAX   BOLL      00140960817661FALX071         MORIBUND ZYGNEMA SK HYRACIFORM,RULE 1,A=0;B=0,001409608 17661 FALX071                                                                         ACRASIA GEOMETRINE BUSIER,VOLERY 8361634666FP,487019.00,487019.00,0.00,0.00,2022-10-01,2022-10-01,0,"Publisher-labeled 1:1 match; numerical differences are review evidence, not a fraud/loss label."
119631350870,79953400948,262646774824,USD_2022-12-03_ACC#00001_66912     0670806708868180514407NAPE074         MORIBUND VEXES WHUFF SMILAX   BOLL      00868180514407NAPE074         MORIBUND VEXES S FOMALHAUT,USD_2022-12-03_ACC#00001_66912     0670806708868180514407NAPE074         MORIBUND VEXES WHUFF SMILAX   BOLL      00868180514407NAPE074         MORIBUND VEXES S FOMALHAUT,RULE 1,A=0;B=0,008681805 14407 NAPE074                                                                         UPCLOSER MONOCOQUE GAB -,VOLERY 8935853666FP,-741102.87,-741102.87,0.00,0.00,2022-12-03,2022-12-03,0,"Publisher-labeled 1:1 match; numerical differences are review evidence, not a fraud/loss label."
119638160169,355883957241,794893639026,USD_2022-12-14_ACC#00001_66912     0147701477801603041477OKET078         IF TMH TIRO FAMES SMILAX   BOLL      00801603041477OKET078         IF TMH TIRO EMEU S,USD_2022-12-14_ACC#00001_66912     0147701477801603041477OKET078         IF TMH TIRO FAMES SMILAX   BOLL      00801603041477OKET078         IF TMH TIRO EMEU S,RULE 1,A=0;B=0,008016030 41477 OKET078 L9FV2SD                                                                 JOQVY H.C. ZUCCHINIS TENT,VOLERY 3672299666FP,-31819211.85,-31819211.85,0.00,0.00,2022-12-14,2022-12-14,0,"Publisher-labeled 1:1 match; numerical differences are review evidence, not a fraud/loss label."
11969764693,653468110488,672996702558,USD_2022-09-18_ACC#00001_66912     0122001220131082912660MOZO935         MORIBUND VEXES WHUFF SMILAX   BOLL      00131082912660MOZO935         MORIBUND VEXES S FOMALHAUT,USD_2022-09-18_ACC#00001_66912     0122001220131082912660MOZO935         MORIBUND VEXES WHUFF SMILAX   BOLL      00131082912660MOZO935         MORIBUND VEXES S FOMALHAUT,RULE 4,A=0;B=0,001310829 12660 MOZO935                                                                         UPCLOSER MONOCOQUE GAB -,VOLERY 8806509666FP,-4396545.39,-4396545.39,0.00,0.00,2022-09-18,2022-09-18,0,"Publisher-labeled 1:1 match; numerical differences are review evidence, not a fraud/loss label."
119715123313,147726856416,470364262375,USD_2022-11-24_ACC#00001_66912     0617806178192979567387FALX817         MORIBUND VEXES WHUFF SMILAX   BOLL      00192979567387FALX817         MORIBUND VEXES S FOMALHAUT,USD_2022-11-24_ACC#00001_66912     0617806178192979567387FALX817         MORIBUND VEXES WHUFF SMILAX   BOLL      00192979567387FALX817         MORIBUND VEXES S FOMALHAUT,RULE 1,A=0;B=0,001929795 67387 FALX817                                                                         RHODIZITE UNSOLACED AGHAN,VOLERY 8596588666FP,-1598782.88,-1598782.88,0.00,0.00,2022-11-24,2022-11-24,0,"Publisher-labeled 1:1 match; numerical differences are review evidence, not a fraud/loss label."
119723158768,396487688496,225880560008,USD_2022-11-20_ACC#00001_66912     0617806178193966967387NAPE460         MORIBUND ROTENONES S SMILAX   BOLL      00193966967387NAPE460         MORIBUND ZYGNEMA SK HYRACIFORM,USD_2022-11-20_ACC#00001_66912     0617806178193966967387NAPE460         MORIBUND ROTENONES S SMILAX   BOLL      00193966967387NAPE460         MORIBUND ZYGNEMA SK HYRACIFORM,RULE 1,A=0;B=0,001939669 67387 NAPE460                                                                         RHODIZITE UNSOLACED AGHAN,VOLERY 8542420666FP,2101057.61,2101057.61,0.00,0.00,2022-11-20,2022-11-20,0,"Publisher-labeled 1:1 match; numerical differences are review evidence, not a fraud/loss label."
119739966833,420157064426,366930336851,USD_2022-12-21_ACC#00001_66912     02566025660666H3         6666666666 SMILAX   FGGKR     FW0666H3         6666666666,USD_2022-12-21_ACC#00001_66912     02566025660666H3         6666666666 SMILAX   FGGKR     FW0666H3         6666666666,RULE 3,A=0;B=0,19213326 V19213326                                                                       SHALE           667933724,V192133261016282 9146066781VI,1000000.00,1000000.00,0.00,0.00,2022-12-21,2022-12-21,0,"Publisher-labeled 1:1 match; numerical differences are review evidence, not a fraud/loss label."
119776109604,109526416130,823857341618,USD_2022-11-12_ACC#00001_66912     0147701477190832441477EPEE553         OFF TMH TIRO FAMES SMILAX   BOLL      00190832441477EPEE553         OFF TMH TIRO HAU BT,USD_2022-11-12_ACC#00001_66912     0147701477190832441477EPEE553         OFF TMH TIRO FAMES SMILAX   BOLL      00190832441477EPEE553         OFF TMH TIRO HAU BT,RULE 1,A=0;B=0,001908324 41477 EPEE553 L9MU5EN                                                                 UPCLOSER MONOCOQUE GAB -,VOLERY 8562320666FP,-25189703.77,-25189703.77,0.00,0.00,2022-11-12,2022-11-12,0,"Publisher-labeled 1:1 match; numerical differences are review evidence, not a fraud/loss label."
119793671951,45333109784,325375344906,USD_2022-09-16_ACC#00001_66912     0147701477137780141477EPEE553         OFF TMH TIRO FAMES SMILAX   BOLL      00137780141477EPEE553         OFF TMH TIRO HAU BT,USD_2022-09-16_ACC#00001_66912     0147701477137780141477EPEE553         OFF TMH TIRO FAMES SMILAX   BOLL      00137780141477EPEE553         OFF TMH TIRO HAU BT,RULE 4,A=0;B=0,001377801 41477 EPEE553 L9Y10PW                                                                 UPCLOSER MONOCOQUE GAB -,VOLERY 8155874666FP,-28638700.00,-28638700.00,0.00,0.00,2022-09-16,2022-09-16,0,"Publisher-labeled 1:1 match; numerical differences are review evidence, not a fraud/loss label."
119813010093,37324843401,492045808853,USD_2022-09-24_ACC#00001_66912     0670806708132408514476MEGGY13         MORIBUND ROTENONES S SMILAX   BOLL      00132408514476MEGGY13         MORIBUND ZYGNEMA SK HYRACIFORM,USD_2022-09-24_ACC#00001_66912     0670806708132408514476MEGGY13         MORIBUND ROTENONES S SMILAX   BOLL      00132408514476MEGGY13         MORIBUND ZYGNEMA SK HYRACIFORM,RULE 4,A=0;B=0,001324085 14476 MEGGY13                                                                         UPCLOSER MONOCOQUE GAB -,VOLERY 8830586666FP,169411.23,169411.23,0.00,0.00,2022-09-24,2022-09-24,0,"Publisher-labeled 1:1 match; numerical differences are review evidence, not a fraud/loss label."
119850547000,466980333789,620110275127,USD_2022-12-14_ACC#00001_66912     66325663250 32566TP2J3 088            JOQVY - BAS - DG SMILAX   GFG       VC0 32566TP2J3 088            JOQVY - BAS - DG,USD_2022-12-14_ACC#00001_66912     66325663250 32566TP2J3 088            JOQVY - BAS - DG SMILAX   GFG       VC0 32566TP2J3 088            JOQVY - BAS - DG,RULE 1,A=0;B=0,32566TP2J3 32566TP2J3                                                                      JOQVY - BAS - DG,322756AL61367748 9207166711VI,-560001.17,-560001.17,0.00,0.00,2022-12-14,2022-12-14,0,"Publisher-labeled 1:1 match; numerical differences are review evidence, not a fraud/loss label."
119890090153,971479536118,978037135670,USD_2022-12-07_ACC#00001_66912     0670806708862189414476SHOJI46         MORIBUND ROTENONES S SMILAX   BOLL      00862189414476SHOJI46         MORIBUND ZYGNEMA SK HYRACIFORM,USD_2022-12-07_ACC#00001_66912     0670806708862189414476SHOJI46         MORIBUND ROTENONES S SMILAX   BOLL      00862189414476SHOJI46         MORIBUND ZYGNEMA SK HYRACIFORM,RULE 1,A=0;B=0,008621894 14476 SHOJI46                                                                         UPCLOSER MONOCOQUE GAB -,VOLERY 8924944666FP,53159.72,53159.72,0.00,0.00,2022-12-07,2022-12-07,0,"Publisher-labeled 1:1 match; numerical differences are review evidence, not a fraud/loss label."
119911929006,862659536217,554365308556,USD_2022-12-10_ACC#00001_66912     66325663250 32566TO6IE 088            JOQVY - ELUVIA - SMILAX   GFG       VC0 32566TO6IE 088            JOQVY - ELUVIA -,USD_2022-12-10_ACC#00001_66912     66325663250 32566TO6IE 088            JOQVY - ELUVIA - SMILAX   GFG       VC0 32566TO6IE 088            JOQVY - ELUVIA -,RULE 3,A=0;B=0,32566TO6IE 32566TO6IE                                                                      JOQVY - ELUVIA -,32566TO6IE 7898766710VI,6590.80,6590.80,0.00,0.00,2022-12-10,2022-12-10,0,"Publisher-labeled 1:1 match; numerical differences are review evidence, not a fraud/loss label."
119926488111,303903441137,209046039958,USD_2022-09-17_ACC#00001_66912     0156801568136824817667KELD303         MORIBUND VEXES WHUFF SMILAX   BOLL      00136824817667KELD303         MORIBUND VEXES S FOMALHAUT,USD_2022-09-17_ACC#00001_66912     0156801568136824817667KELD303         MORIBUND VEXES WHUFF SMILAX   BOLL      00136824817667KELD303         MORIBUND VEXES S FOMALHAUT,RULE 4,A=0;B=0,001368248 17667 KELD303                                                                         TYPY HODFUL NAIL BUT GAUR,VOLERY 8866134666FP,-123733.88,-123733.88,0.00,0.00,2022-09-17,2022-09-17,0,"Publisher-labeled 1:1 match; numerical differences are review evidence, not a fraud/loss label."
119959021222,108935547976,121852117673,USD_2022-10-13_ACC#00001_66912     66325663250 37266AGFRM 088            INFL MEZZO SAME SMILAX   GFG       VC0 37266AGFRM 088            INFL MEZZO SAME,USD_2022-10-13_ACC#00001_66912     66325663250 37266AGFRM 088            INFL MEZZO SAME SMILAX   GFG       VC0 37266AGFRM 088            INFL MEZZO SAME,RULE 3,A=0;B=0,37266AGFRM 37266AGFRM                                                                      INFL MEZZO SAME,37266AGFRM 3587866028VI,3857.39,3857.39,0.00,0.00,2022-10-13,2022-10-13,0,"Publisher-labeled 1:1 match; numerical differences are review evidence, not a fraud/loss label."
119989249819,372682247852,29680291808,USD_2022-11-24_ACC#00001_66912     0786007860199795989250NAPE610         MORIBUND VEXES WHUFF SMILAX   BOLL      00199795989250NAPE610         MORIBUND VEXES S FOMALHAUT,USD_2022-11-24_ACC#00001_66912     0786007860199795989250NAPE610         MORIBUND VEXES WHUFF SMILAX   BOLL      00199795989250NAPE610         MORIBUND VEXES S FOMALHAUT,RULE 1,A=0;B=0,001997959 89250 NAPE610                                                                         BURTREE VIVER KINESIOLOGY,VOLERY 8559842666FP,-43721453.67,-43721453.67,0.00,0.00,2022-11-24,2022-11-24,0,"Publisher-labeled 1:1 match; numerical differences are review evidence, not a fraud/loss label."
120008591236,4993429675,283432633837,USD_2022-10-13_ACC#00001_66912     0670806708126802714407BREI801         MORIBUND ROTENONES S SMILAX   BOLL      00126802714407BREI801         MORIBUND ZYGNEMA SK HYRACIFORM,USD_2022-10-13_ACC#00001_66912     0670806708126802714407BREI801         MORIBUND ROTENONES S SMILAX   BOLL      00126802714407BREI801         MORIBUND ZYGNEMA SK HYRACIFORM,RULE 1,A=0;B=0,001268027 14407 BREI801                                                                         UPCLOSER MONOCOQUE GAB -,VOLERY 8358878666FP,25948.60,25948.60,0.00,0.00,2022-10-13,2022-10-13,0,"Publisher-labeled 1:1 match; numerical differences are review evidence, not a fraud/loss label."
120023360816,743573497070,717100663162,USD_2022-10-01_ACC#00001_66912     66325663250 32566AHTQH 088            JOQVY - ELUVIA - SMILAX   GFG       VC0 32566AHTQH 088            JOQVY - ELUVIA -,USD_2022-10-01_ACC#00001_66912     66325663250 32566AHTQH 088            JOQVY - ELUVIA - SMILAX   GFG       VC0 32566AHTQH 088            JOQVY - ELUVIA -,RULE 3,A=0;B=0,32566AHTQH 32566AHTQH                                                                      JOQVY - ELUVIA -,32566AHTQH 9591466040VI,169732.38,169732.38,0.00,0.00,2022-10-01,2022-10-01,0,"Publisher-labeled 1:1 match; numerical differences are review evidence, not a fraud/loss label."
120067207782,372403292559,121721282243,USD_2022-12-18_ACC#00001_66912     0156801568803437610111NAPE090         MORIBUND VEXES WHUFF SMILAX   BOLL      00803437610111NAPE090         MORIBUND VEXES S FOMALHAUT,USD_2022-12-18_ACC#00001_66912     0156801568803437610111NAPE090         MORIBUND VEXES WHUFF SMILAX   BOLL      00803437610111NAPE090         MORIBUND VEXES S FOMALHAUT,RULE 1,A=0;B=0,008034376 10111 NAPE090                                                                         UPCLOSER MONOCOQUE GAB -,VOLERY 3643939666FP,-11979842.80,-11979842.80,0.00,0.00,2022-12-18,2022-12-18,0,"Publisher-labeled 1:1 match; numerical differences are review evidence, not a fraud/loss label."
120067665408,152346166960,986838916142,USD_2022-09-25_ACC#00001_66912     66325663250 32566ALP72 088            JOQGO IW-OQGO FL SMILAX   GFG       VC0 32566ALP72 088            JOQGO IW-OQGO FL,USD_2022-09-25_ACC#00001_66912     66325663250 32566ALP72 088            JOQGO IW-OQGO FL SMILAX   GFG       VC0 32566ALP72 088            JOQGO IW-OQGO FL,RULE 1,A=0;B=0,32566ALP72 32566ALP72                                                                      JOQGO IW-OQGO FL,595756VU61898282 4062266034VI,-43682600.00,-43682600.00,0.00,0.00,2022-09-25,2022-09-25,0,"Publisher-labeled 1:1 match; numerical differences are review evidence, not a fraud/loss label."
12009689067,211329228339,137230861967,USD_2022-11-12_ACC#00001_66912     0670806708196645714476JAUP579         MORIBUND ROTENONES S SMILAX   BOLL      00196645714476JAUP579         MORIBUND ZYGNEMA SK HYRACIFORM,USD_2022-11-12_ACC#00001_66912     0670806708196645714476JAUP579         MORIBUND ROTENONES S SMILAX   BOLL      00196645714476JAUP579         MORIBUND ZYGNEMA SK HYRACIFORM,RULE 1,A=0;B=0,001966457 14476 JAUP579                                                                         ENHAT CROM TYPY AS CARENE,VOLERY 8562016666FP,8733.20,8733.20,0.00,0.00,2022-11-12,2022-11-12,0,"Publisher-labeled 1:1 match; numerical differences are review evidence, not a fraud/loss label."
120146380149,556044965504,291937353465,USD_2022-12-25_ACC#00001_66912     0141601416809258541416GULA414         IF TMH TIRO FAMES SMILAX   BOLL      00809258541416GULA414         IF TMH TIRO EMEU S,USD_2022-12-25_ACC#00001_66912     0141601416809258541416GULA414         IF TMH TIRO FAMES SMILAX   BOLL      00809258541416GULA414         IF TMH TIRO EMEU S,RULE 1,A=0;B=0,008092585 41416 GULA414 L9NR8KI                                                                 UPCLOSER MONOCOQUE GAB -,VOLERY 3003000666FP,-19334000.00,-19334000.00,0.00,0.00,2022-12-25,2022-12-25,0,"Publisher-labeled 1:1 match; numerical differences are review evidence, not a fraud/loss label."
120164723800,663984862816,767612771607,USD_2022-12-25_ACC#00001_66912     66325663250 32566TAF3C 088            JOQVY - ELUVIA - SMILAX   GFG       VC0 32566TAF3C 088            JOQVY - ELUVIA -,USD_2022-12-25_ACC#00001_66912     66325663250 32566TAF3C 088            JOQVY - ELUVIA - SMILAX   GFG       VC0 32566TAF3C 088            JOQVY - ELUVIA -,RULE 3,A=0;B=0,32566TAF3C 32566TAF3C                                                                      JOQVY - ELUVIA -,32566TAF3C 1220866784VI,2466.13,2466.13,0.00,0.00,2022-12-25,2022-12-25,0,"Publisher-labeled 1:1 match; numerical differences are review evidence, not a fraud/loss label."
120195569080,22461112979,657332585523,USD_2022-12-31_ACC#00001_66912     66325663250 32566TRB1E 088            JOQVY - ELUVIA - SMILAX   GFG       VC0 32566TRB1E 088            JOQVY - ELUVIA -,USD_2022-12-31_ACC#00001_66912     66325663250 32566TRB1E 088            JOQVY - ELUVIA - SMILAX   GFG       VC0 32566TRB1E 088            JOQVY - ELUVIA -,RULE 1,A=0;B=0,32566TRB1E 32566TRB1E                                                                      JOQVY - ELUVIA -,322746AL68134951 4302266737VI,-343030.13,-343030.13,0.00,0.00,2022-12-31,2022-12-31,0,"Publisher-labeled 1:1 match; numerical differences are review evidence, not a fraud/loss label."
120199514825,789854047624,644704553986,USD_2022-10-29_ACC#00001_66912     0147701477157808541477KAVI117         OFF TMH TIRO FAMES SMILAX   BOLL      00157808541477KAVI117         OFF TMH TIRO HAU BT,USD_2022-10-29_ACC#00001_66912     0147701477157808541477KAVI117         OFF TMH TIRO FAMES SMILAX   BOLL      00157808541477KAVI117         OFF TMH TIRO HAU BT,RULE 1,A=0;B=0,001578085 41477 KAVI117 L9Y92TN                                                                 UPCLOSER MONOCOQUE GAB -,VOLERY 8492233666FP,-6706786.49,-6706786.49,0.00,0.00,2022-10-29,2022-10-29,0,"Publisher-labeled 1:1 match; numerical differences are review evidence, not a fraud/loss label."
120274347107,195874529732,715003472037,USD_2022-09-10_ACC#00001_66912     6679666796P2268BAS - SINNEN69         LX1650788 SMILAX   GESS      JOQ2268BAS - SINNEN69         LX1650788,USD_2022-09-10_ACC#00001_66912     6679666796P2268BAS - SINNEN69         LX1650788 SMILAX   GESS      JOQ2268BAS - SINNEN69         LX1650788,RULE 4,A=0;B=0,600806 666666660925833,VOLERY 1629266080XD,-210000.00,-210000.00,0.00,0.00,2022-09-10,2022-09-10,0,"Publisher-labeled 1:1 match; numerical differences are review evidence, not a fraud/loss label."
120332152367,671137711938,856406989195,USD_2022-10-29_ACC#00001_66912     0147701477151198241477KAVI117         IF TMH SEE FAMES SMILAX   BOLL      00151198241477KAVI117         IF TMH SEE FAMES,USD_2022-10-29_ACC#00001_66912     0147701477151198241477KAVI117         IF TMH SEE FAMES SMILAX   BOLL      00151198241477KAVI117         IF TMH SEE FAMES,RULE 1,A=0;B=0,001511982 41477 KAVI117 L9Y99JI                                                                 UPCLOSER MONOCOQUE GAB -,VOLERY 8495477666FP,32490000.00,32490000.00,0.00,0.00,2022-10-29,2022-10-29,0,"Publisher-labeled 1:1 match; numerical differences are review evidence, not a fraud/loss label."
120370046500,829909682597,897967411897,USD_2022-11-09_ACC#00001_66912     0256602566 SMILAX   FGGKR,USD_2022-11-09_ACC#00001_66912     0256602566 SMILAX   FGGKR,RULE 1,A=0;B=0,32378623 ALME7U3689JOQG7U                                                                JO TONITE SAUNT 664952723,V685642460434527 4150266760VI,-175016.13,-175016.13,0.00,0.00,2022-11-09,2022-11-09,0,"Publisher-labeled 1:1 match; numerical differences are review evidence, not a fraud/loss label."
12037806537,641748649578,146489374415,USD_2022-11-02_ACC#00001_66912     0719407194 SMILAX   FGGKR                                                                     666666666666666,USD_2022-11-02_ACC#00001_66912     0719407194 SMILAX   FGGKR                                                                     666666666666666,RULE 1,A=0;B=0,12816143 LUNY3E7393JOQG7U                                                                SLATTERN TYPY   706670310,VOLERY 1656966098XD,-559470.36,-559470.36,0.00,0.00,2022-11-02,2022-11-02,0,"Publisher-labeled 1:1 match; numerical differences are review evidence, not a fraud/loss label."
120388335428,279013677464,877395425021,USD_2022-12-07_ACC#00001_66912     66325663250 32566QR7RJ 088            JOQVY - BAS - DG SMILAX   GFG       VC0 32566QR7RJ 088            JOQVY - BAS - DG,USD_2022-12-07_ACC#00001_66912     66325663250 32566QR7RJ 088            JOQVY - BAS - DG SMILAX   GFG       VC0 32566QR7RJ 088            JOQVY - BAS - DG,RULE 1,A=0;B=0,32566QR7RJ 32566QR7RJ                                                                      JOQVY - BAS - DG,322756AL61893890 6440966774VI,-471.25,-471.25,0.00,0.00,2022-12-07,2022-12-07,0,"Publisher-labeled 1:1 match; numerical differences are review evidence, not a fraud/loss label."
120405626954,969270209963,972390938890,USD_2022-12-11_ACC#00001_66912     0670806708800000714476NAPE726         MORIBUND VEXES WHUFF SMILAX   BOLL      00800000714476NAPE726         MORIBUND VEXES S FOMALHAUT,USD_2022-12-11_ACC#00001_66912     0670806708800000714476NAPE726         MORIBUND VEXES WHUFF SMILAX   BOLL      00800000714476NAPE726         MORIBUND VEXES S FOMALHAUT,RULE 1,A=0;B=0,008000007 14476 NAPE726                                                                         SIGHT QUETCH EFI.,VOLERY 3605458666FP,-12428.35,-12428.35,0.00,0.00,2022-12-11,2022-12-11,0,"Publisher-labeled 1:1 match; numerical differences are review evidence, not a fraud/loss label."
120413696490,452503284318,829168652333,USD_2022-10-12_ACC#00001_66912     0670806708145371314476ROMAN92         MORIBUND VEXES WHUFF SMILAX   BOLL      00145371314476ROMAN92         MORIBUND VEXES S FOMALHAUT,USD_2022-10-12_ACC#00001_66912     0670806708145371314476ROMAN92         MORIBUND VEXES WHUFF SMILAX   BOLL      00145371314476ROMAN92         MORIBUND VEXES S FOMALHAUT,RULE 1,A=0;B=0,001453713 14476 ROMAN92                                                                         UPCLOSER MONOCOQUE GAB -,VOLERY 8324088666FP,-469212.09,-469212.09,0.00,0.00,2022-10-12,2022-10-12,0,"Publisher-labeled 1:1 match; numerical differences are review evidence, not a fraud/loss label."
120433447542,360223177035,169656471779,USD_2022-10-30_ACC#00001_66912     0256602566 SMILAX   FGGKR,USD_2022-10-30_ACC#00001_66912     0256602566 SMILAX   FGGKR,RULE 1,A=0;B=0,32824759 ALME7U6514JOQG7U                                                                JO TONITE SAUNT 664952723,V941415666231234 8770366090VI,-612.81,-612.81,0.00,0.00,2022-10-30,2022-10-30,0,"Publisher-labeled 1:1 match; numerical differences are review evidence, not a fraud/loss label."
120468694308,446930988566,28632929212,USD_2022-10-06_ACC#00001_66912     0156801568141252017661OKET685         MORIBUND ROTENONES S SMILAX   BOLL      00141252017661OKET685         MORIBUND ZYGNEMA SK HYRACIFORM,USD_2022-10-06_ACC#00001_66912     0156801568141252017661OKET685         MORIBUND ROTENONES S SMILAX   BOLL      00141252017661OKET685         MORIBUND ZYGNEMA SK HYRACIFORM,RULE 1,A=0;B=0,001412520 17661 OKET685                                                                         JO TONITE STRICKS AUANTIC,VOLERY 8318730666FP,2233750.00,2233750.00,0.00,0.00,2022-10-06,2022-10-06,0,"Publisher-labeled 1:1 match; numerical differences are review evidence, not a fraud/loss label."
120472606920,792383282316,20772782826,USD_2022-11-13_ACC#00001_66912     0976909769197550819262ELEGY26         MORIBUND VEXES WHUFF SMILAX   BOLL      00197550819262ELEGY26         MORIBUND VEXES S FOMALHAUT,USD_2022-11-13_ACC#00001_66912     0976909769197550819262ELEGY26         MORIBUND VEXES WHUFF SMILAX   BOLL      00197550819262ELEGY26         MORIBUND VEXES S FOMALHAUT,RULE 1,A=0;B=0,001975508 19262 ELEGY26                                                                         JO TONITE (GOLACH) NM-SUF,VOLERY 8502318666FP,-2602998.39,-2602998.39,0.00,0.00,2022-11-13,2022-11-13,0,"Publisher-labeled 1:1 match; numerical differences are review evidence, not a fraud/loss label."
12047510805,583113021968,236669859999,USD_2022-11-11_ACC#00001_66912     0670806708159494514407COCT807         MORIBUND ROTENONES S SMILAX   BOLL      00159494514407COCT807         MORIBUND ZYGNEMA SK HYRACIFORM,USD_2022-11-11_ACC#00001_66912     0670806708159494514407COCT807         MORIBUND ROTENONES S SMILAX   BOLL      00159494514407COCT807         MORIBUND ZYGNEMA SK HYRACIFORM,RULE 1,A=0;B=0,001594945 14407 COCT807                                                                         UPCLOSER MONOCOQUE GAB -,VOLERY 8292140666FP,20368.58,20368.58,0.00,0.00,2022-11-11,2022-11-11,0,"Publisher-labeled 1:1 match; numerical differences are review evidence, not a fraud/loss label."
120507953703,352644809631,288964705655,USD_2022-12-17_ACC#00001_66912     0976909769801555819262HEDER42         MORIBUND VEXES WHUFF SMILAX   BOLL      00801555819262HEDER42         MORIBUND VEXES S FOMALHAUT,USD_2022-12-17_ACC#00001_66912     0976909769801555819262HEDER42         MORIBUND VEXES WHUFF SMILAX   BOLL      00801555819262HEDER42         MORIBUND VEXES S FOMALHAUT,RULE 1,A=0;B=0,008015558 19262 HEDER42                                                                         JO TONITE (GOLACH) S.C.-T,VOLERY 3634368666FP,-20364421.62,-20364421.62,0.00,0.00,2022-12-17,2022-12-17,0,"Publisher-labeled 1:1 match; numerical differences are review evidence, not a fraud/loss label."
120585022070,767680029340,73306748076,USD_2022-11-06_ACC#00001_66912     66325663250 32566B4S7R 088            JOQVY DE-BAS - T SMILAX   GFG       VC0 32566B4S7R 088            JOQVY DE-BAS - T,USD_2022-11-06_ACC#00001_66912     66325663250 32566B4S7R 088            JOQVY DE-BAS - T SMILAX   GFG       VC0 32566B4S7R 088            JOQVY DE-BAS - T,RULE 1,A=0;B=0,32566B4S7R 32566B4S7R                                                                      JOQVY DE-BAS - T,322746AL68115445 0193866092VI,-61496.52,-61496.52,0.00,0.00,2022-11-06,2022-11-06,0,"Publisher-labeled 1:1 match; numerical differences are review evidence, not a fraud/loss label."
120639262149,458277130935,815307897565,USD_2022-10-01_ACC#00001_66912     0999909999 SMILAX   FGGKR,USD_2022-10-01_ACC#00001_66912     0999909999 SMILAX   FGGKR,RULE 1,A=0;B=0,12442002 JOQG7U0742ESKIMO                                                                GVKYHE          666610809,ZYRENIAN 7502866047XD,-20617414.08,-20617414.08,0.00,0.00,2022-10-01,2022-10-01,0,"Publisher-labeled 1:1 match; numerical differences are review evidence, not a fraud/loss label."
120649342179,47916810220,386593513923,USD_2022-11-19_ACC#00001_66912     0670806708193344014407CHARE47         MORIBUND ROTENONES S SMILAX   BOLL      00193344014407CHARE47         MORIBUND ZYGNEMA SK HYRACIFORM,USD_2022-11-19_ACC#00001_66912     0670806708193344014407CHARE47         MORIBUND ROTENONES S SMILAX   BOLL      00193344014407CHARE47         MORIBUND ZYGNEMA SK HYRACIFORM,RULE 1,A=0;B=0,001933440 14407 CHARE47                                                                         UPCLOSER MONOCOQUE GAB -,VOLERY 8532753666FP,280938.20,280938.20,0.00,0.00,2022-11-19,2022-11-19,0,"Publisher-labeled 1:1 match; numerical differences are review evidence, not a fraud/loss label."
12068247299,18525664731,679380156590,USD_2022-10-15_ACC#00001_66912     0670806708127850114407ANNET28         MORIBUND ROTENONES S SMILAX   BOLL      00127850114407ANNET28         MORIBUND ZYGNEMA SK HYRACIFORM,USD_2022-10-15_ACC#00001_66912     0670806708127850114407ANNET28         MORIBUND ROTENONES S SMILAX   BOLL      00127850114407ANNET28         MORIBUND ZYGNEMA SK HYRACIFORM,RULE 1,A=0;B=0,001278501 14407 ANNET28                                                                         UPCLOSER MONOCOQUE GAB -,VOLERY 8468553666FP,38557.00,38557.00,0.00,0.00,2022-10-15,2022-10-15,0,"Publisher-labeled 1:1 match; numerical differences are review evidence, not a fraud/loss label."
120694995008,775758194012,719380556767,USD_2022-10-21_ACC#00001_66912     0122701227122368012607OKET656         MORIBUND ROTENONES S SMILAX   BOLL      00122368012607OKET656         MORIBUND ZYGNEMA SK HYRACIFORM,USD_2022-10-21_ACC#00001_66912     0122701227122368012607OKET656         MORIBUND ROTENONES S SMILAX   BOLL      00122368012607OKET656         MORIBUND ZYGNEMA SK HYRACIFORM,RULE 1,A=0;B=0,001223680 12607 OKET656                                                                         DIANITE ANIMI KINESIOLOGY,VOLERY 8485515666FP,2064925.43,2064925.43,0.00,0.00,2022-10-21,2022-10-21,0,"Publisher-labeled 1:1 match; numerical differences are review evidence, not a fraud/loss label."
120695382390,278323227378,273600416911,USD_2022-09-25_ACC#00001_66912     0646006460S                           BURO JADY GAT AUG - SMILAX   RAMON     GFG                           BURO JADY GAT IT X - T         MON - TA                      JOQGE_TA,USD_2022-09-25_ACC#00001_66912     0646006460S                           BURO JADY GAT AUG - SMILAX   RAMON     GFG                           BURO JADY GAT IT X - T         MON - TA                      JOQGE_TA,MANUAL,A=0;B=0,HEY RAMON DISNEY MON - TA,8J63649LV6864126 0069166034XD,-24260.00,-24231.00,29.00,-29.00,2022-09-25,2022-09-25,0,"Publisher-labeled 1:1 match; numerical differences are review evidence, not a fraud/loss label."
12072342787,626036217931,561477218027,USD_2022-11-30_ACC#00001_66912     0147701477861174441477OKET078         OFF TMH TIRO FAMES SMILAX   BOLL      00861174441477OKET078         OFF TMH TIRO HAU BT,USD_2022-11-30_ACC#00001_66912     0147701477861174441477OKET078         OFF TMH TIRO FAMES SMILAX   BOLL      00861174441477OKET078         OFF TMH TIRO HAU BT,RULE 1,A=0;B=0,008611744 41477 OKET078 L9HX8M4                                                                 UPCLOSER MONOCOQUE GAB -,VOLERY 8975652666FP,-21836813.67,-21836813.67,0.00,0.00,2022-11-30,2022-11-30,0,"Publisher-labeled 1:1 match; numerical differences are review evidence, not a fraud/loss label."
120741295854,672182907274,484686880983,USD_2022-10-15_ACC#00001_66912     0122701227149041712667DOYST55         MORIBUND ROTENONES S SMILAX   BOLL      00149041712667DOYST55         MORIBUND ZYGNEMA SK HYRACIFORM,USD_2022-10-15_ACC#00001_66912     0122701227149041712667DOYST55         MORIBUND ROTENONES S SMILAX   BOLL      00149041712667DOYST55         MORIBUND ZYGNEMA SK HYRACIFORM,RULE 1,A=0;B=0,001490417 12667 DOYST55                                                                         DIANITE ANIMI VOWED AGHAN,VOLERY 8464062666FP,2191193.50,2191193.50,0.00,0.00,2022-10-15,2022-10-15,0,"Publisher-labeled 1:1 match; numerical differences are review evidence, not a fraud/loss label."
12074764849,31538511629,669570935952,USD_2022-12-07_ACC#00001_66912     0670806708864758214407BOAS691         MORIBUND VEXES WHUFF SMILAX   BOLL      00864758214407BOAS691         MORIBUND VEXES S FOMALHAUT,USD_2022-12-07_ACC#00001_66912     0670806708864758214407BOAS691         MORIBUND VEXES WHUFF SMILAX   BOLL      00864758214407BOAS691         MORIBUND VEXES S FOMALHAUT,RULE 1,A=0;B=0,008647582 14407 BOAS691                                                                         UPCLOSER MONOCOQUE GAB -,VOLERY 8929838666FP,-22083.70,-22083.70,0.00,0.00,2022-12-07,2022-12-07,0,"Publisher-labeled 1:1 match; numerical differences are review evidence, not a fraud/loss label."
120751498402,233669596513,29696519386,USD_2022-11-20_ACC#00001_66912     02566025660666H3         6666666666 SMILAX   FGGKR     FW0666H3         6666666666,USD_2022-11-20_ACC#00001_66912     02566025660666H3         6666666666 SMILAX   FGGKR     FW0666H3         6666666666,RULE 3,A=0;B=0,03185786 V03185786                                                                       SHALE           667933724,V031857861011782 6610666707VI,4000000.00,4000000.00,0.00,0.00,2022-11-20,2022-11-20,0,"Publisher-labeled 1:1 match; numerical differences are review evidence, not a fraud/loss label."
120753433811,243693201727,461409462152,USD_2022-09-23_ACC#00001_66912     0147701477135850741477SHOWD61         IF TMH SEE FAMES SMILAX   BOLL      00135850741477SHOWD61         IF TMH SEE FAMES,USD_2022-09-23_ACC#00001_66912     0147701477135850741477SHOWD61         IF TMH SEE FAMES SMILAX   BOLL      00135850741477SHOWD61         IF TMH SEE FAMES,RULE 4,A=0;B=0,001358507 41477 SHOWD61 L9Y880C                                                                 UPCLOSER MONOCOQUE GAB -,VOLERY 8881669666FP,4702400.00,4702400.00,0.00,0.00,2022-09-23,2022-09-23,0,"Publisher-labeled 1:1 match; numerical differences are review evidence, not a fraud/loss label."
120824995240,564496366702,470901392871,USD_2022-11-26_ACC#00001_66912     0607606076195125267674JAUP179         MORIBUND VEXES WHUFF SMILAX   BOLL      00195125267674JAUP179         MORIBUND VEXES S FOMALHAUT,USD_2022-11-26_ACC#00001_66912     0607606076195125267674JAUP179         MORIBUND VEXES WHUFF SMILAX   BOLL      00195125267674JAUP179         MORIBUND VEXES S FOMALHAUT,RULE 1,A=0;B=0,001951252 67674 JAUP179                                                                         BULT DUFFED BUT MG,VOLERY 8906622666FP,-36310.77,-36310.77,0.00,0.00,2022-11-26,2022-11-26,0,"Publisher-labeled 1:1 match; numerical differences are review evidence, not a fraud/loss label."
12082888006,600219738542,9151260054,USD_2022-10-19_ACC#00001_66912     0670806708121032114407BREI801         MORIBUND VEXES WHUFF SMILAX   BOLL      00121032114407BREI801         MORIBUND VEXES S FOMALHAUT,USD_2022-10-19_ACC#00001_66912     0670806708121032114407BREI801         MORIBUND VEXES WHUFF SMILAX   BOLL      00121032114407BREI801         MORIBUND VEXES S FOMALHAUT,RULE 1,A=0;B=0,001210321 14407 BREI801                                                                         UPCLOSER MONOCOQUE GAB -,VOLERY 8474239666FP,-5615.33,-5615.33,0.00,0.00,2022-10-19,2022-10-19,0,"Publisher-labeled 1:1 match; numerical differences are review evidence, not a fraud/loss label."
120899620000,66941025041,610290066277,USD_2022-12-30_ACC#00001_66912     0976909769876067419262CUMYL52         MORIBUND ROTENONES S SMILAX   BOLL      00876067419262CUMYL52         MORIBUND ZYGNEMA SK HYRACIFORM,USD_2022-12-30_ACC#00001_66912     0976909769876067419262CUMYL52         MORIBUND ROTENONES S SMILAX   BOLL      00876067419262CUMYL52         MORIBUND ZYGNEMA SK HYRACIFORM,MANUAL,A=0;B=0,008760674 19262 CUMYL52                                                                         UPCLOSER MONOCOQUE GAB -,VOLERY 3018690666FP,1491680.00,1491680.00,0.00,0.00,2022-12-30,2022-12-30,0,"Publisher-labeled 1:1 match; numerical differences are review evidence, not a fraud/loss label."
120900294507,654785713117,957515197958,USD_2022-11-18_ACC#00001_66912     0147701477194809741477DODOS59         IF TMH SEE FAMES SMILAX   BOLL      00194809741477DODOS59         IF TMH SEE FAMES,USD_2022-11-18_ACC#00001_66912     0147701477194809741477DODOS59         IF TMH SEE FAMES SMILAX   BOLL      00194809741477DODOS59         IF TMH SEE FAMES,RULE 1,A=0;B=0,001948097 41477 DODOS59 L9GT9BG                                                                 UPCLOSER MONOCOQUE GAB -,VOLERY 8582311666FP,8192000.00,8192000.00,0.00,0.00,2022-11-18,2022-11-18,0,"Publisher-labeled 1:1 match; numerical differences are review evidence, not a fraud/loss label."
120903845905,862148963693,634413271536,USD_2022-11-03_ACC#00001_66912     0617806178151553667387FALX853         MORIBUND ROTENONES S SMILAX   BOLL      00151553667387FALX853         MORIBUND ZYGNEMA SK HYRACIFORM,USD_2022-11-03_ACC#00001_66912     0617806178151553667387FALX853         MORIBUND ROTENONES S SMILAX   BOLL      00151553667387FALX853         MORIBUND ZYGNEMA SK HYRACIFORM,RULE 1,A=0;B=0,001515536 67387 FALX853                                                                         NONCONFRONTATION GAB,VOLERY 8213383666FP,6746.53,6746.53,0.00,0.00,2022-11-03,2022-11-03,0,"Publisher-labeled 1:1 match; numerical differences are review evidence, not a fraud/loss label."
120930422863,697969661390,50800664043,USD_2022-10-08_ACC#00001_66912     66325663250 32566AOM88 088            JOQVY DE -ELUVIA SMILAX   GFG       VC0 32566AOM88 088            JOQVY DE -ELUVIA,USD_2022-10-08_ACC#00001_66912     66325663250 32566AOM88 088            JOQVY DE -ELUVIA SMILAX   GFG       VC0 32566AOM88 088            JOQVY DE -ELUVIA,RULE 3,A=0;B=0,32566AOM88 32566AOM88                                                                      JOQVY DE -ELUVIA,32566AOM88 9323666045VI,2868.80,2868.80,0.00,0.00,2022-10-08,2022-10-08,0,"Publisher-labeled 1:1 match; numerical differences are review evidence, not a fraud/loss label."
120978438772,107809772027,686809085407,USD_2022-12-10_ACC#00001_66912     66325663250 32566TO2IV 088            JOQVY - BAS - DG SMILAX   GFG       VC0 32566TO2IV 088            JOQVY - BAS - DG,USD_2022-12-10_ACC#00001_66912     66325663250 32566TO2IV 088            JOQVY - BAS - DG SMILAX   GFG       VC0 32566TO2IV 088            JOQVY - BAS - DG,RULE 1,A=0;B=0,32566TO2IV 32566TO2IV                                                                      JOQVY - BAS - DG,322756AL61192470 8174266717VI,-67096.55,-67096.55,0.00,0.00,2022-12-10,2022-12-10,0,"Publisher-labeled 1:1 match; numerical differences are review evidence, not a fraud/loss label."
121013175025,704109112909,807491888736,USD_2022-10-29_ACC#00001_66912     0607606076129076967674HUBBA43         MORIBUND VEXES WHUFF SMILAX   BOLL      00129076967674HUBBA43         MORIBUND VEXES S FOMALHAUT,USD_2022-10-29_ACC#00001_66912     0607606076129076967674HUBBA43         MORIBUND VEXES WHUFF SMILAX   BOLL      00129076967674HUBBA43         MORIBUND VEXES S FOMALHAUT,RULE 1,A=0;B=0,001290769 67674 HUBBA43                                                                         TONITE ARRIAGE WHIP BLITE,VOLERY 8495934666FP,-2083805.70,-2083805.70,0.00,0.00,2022-10-29,2022-10-29,0,"Publisher-labeled 1:1 match; numerical differences are review evidence, not a fraud/loss label."
121027930725,29233666556,274888832288,USD_2022-10-08_ACC#00001_66912     6033960339 SMILAX   GPD,USD_2022-10-08_ACC#00001_66912     6033960339 SMILAX   GPD,RULE 3,A=0;B=0,AHT9126666741145 AHT9126666741145,AHT9126666741145 8875066049XD,-934.00,-934.00,0.00,0.00,2022-10-08,2022-10-08,0,"Publisher-labeled 1:1 match; numerical differences are review evidence, not a fraud/loss label."
121043606735,940685567690,7659487793,USD_2022-10-07_ACC#00001_66912     0147701477145152141477HEDER36         IF TMH SEE FAMES SMILAX   BOLL      00145152141477HEDER36         IF TMH SEE FAMES,USD_2022-10-07_ACC#00001_66912     0147701477145152141477HEDER36         IF TMH SEE FAMES SMILAX   BOLL      00145152141477HEDER36         IF TMH SEE FAMES,RULE 1,A=0;B=0,001451521 41477 HEDER36 L9Y44Q4                                                                 UPCLOSER MONOCOQUE GAB -,VOLERY 8383896666FP,5400000.00,5400000.00,0.00,0.00,2022-10-07,2022-10-07,0,"Publisher-labeled 1:1 match; numerical differences are review evidence, not a fraud/loss label."
12109369620,628906997753,839043466687,USD_2022-11-10_ACC#00001_66912     0147701477196378341477KAVI372         IF TMH SEE FAMES SMILAX   BOLL      00196378341477KAVI372         IF TMH SEE FAMES,USD_2022-11-10_ACC#00001_66912     0147701477196378341477KAVI372         IF TMH SEE FAMES SMILAX   BOLL      00196378341477KAVI372         IF TMH SEE FAMES,RULE 1,A=0;B=0,001963783 41477 KAVI372 L9MU393                                                                 UPCLOSER MONOCOQUE GAB -,VOLERY 8255446666FP,34217004.00,34217004.00,0.00,0.00,2022-11-10,2022-11-10,0,"Publisher-labeled 1:1 match; numerical differences are review evidence, not a fraud/loss label."
121112482836,541708194049,852944122310,USD_2022-12-03_ACC#00001_66912     66325663250 32566FO6SM 088            JOQVY - ELUVIA - SMILAX   GFG       VC0 32566FO6SM 088            JOQVY - ELUVIA -,USD_2022-12-03_ACC#00001_66912     66325663250 32566FO6SM 088            JOQVY - ELUVIA - SMILAX   GFG       VC0 32566FO6SM 088            JOQVY - ELUVIA -,RULE 1,A=0;B=0,32566FO6SM 32566FO6SM                                                                      JOQVY - ELUVIA -,322746AL68182308 1718266778VI,-295771.83,-295771.83,0.00,0.00,2022-12-03,2022-12-03,0,"Publisher-labeled 1:1 match; numerical differences are review evidence, not a fraud/loss label."
121112545046,384707297333,257035802391,USD_2022-12-08_ACC#00001_66912     0646006460S                           BURO JADY GAT AUG - SMILAX   RAMON     GFG                           BURO JADY GAT IT X - T         JOQV DP                       JOQGE_TA,USD_2022-12-08_ACC#00001_66912     0646006460S                           BURO JADY GAT AUG - SMILAX   RAMON     GFG                           BURO JADY GAT IT X - T         JOQV DP                       JOQGE_TA,RULE 1,A=0;B=0,HEY RAMON DISNEY JOQV DP,6245366610785406 4588066716VI,-2100.00,-2100.00,0.00,0.00,2022-12-08,2022-12-08,0,"Publisher-labeled 1:1 match; numerical differences are review evidence, not a fraud/loss label."
121139140226,231792694135,957834392197,USD_2022-11-02_ACC#00001_66912     6652366523KY GAB BUZ GOA 69           WM5577 SMILAX   GESS      ARNI GAB BUZ GOA 69           WM5577,USD_2022-11-02_ACC#00001_66912     6652366523KY GAB BUZ GOA 69           WM5577 SMILAX   GESS      ARNI GAB BUZ GOA 69           WM5577,RULE 1,A=0;B=0,626550 666666667791479,QVF7791479WM 7792066093VI,-3624.00,-3624.00,0.00,0.00,2022-11-02,2022-11-02,0,"Publisher-labeled 1:1 match; numerical differences are review evidence, not a fraud/loss label."
12115122555,147585615272,122993451644,USD_2022-09-29_ACC#00001_66912     0670806708146509414407CHARE43         MORIBUND ROTENONES S SMILAX   BOLL      00146509414407CHARE43         MORIBUND ZYGNEMA SK HYRACIFORM,USD_2022-09-29_ACC#00001_66912     0670806708146509414407CHARE43         MORIBUND ROTENONES S SMILAX   BOLL      00146509414407CHARE43         MORIBUND ZYGNEMA SK HYRACIFORM,RULE 1,A=0;B=0,001465094 14407 CHARE43                                                                         UPCLOSER MONOCOQUE GAB -,VOLERY 8857157666FP,359484.12,359484.12,0.00,0.00,2022-09-29,2022-09-29,0,"Publisher-labeled 1:1 match; numerical differences are review evidence, not a fraud/loss label."
121186219023,752608337898,150832579438,USD_2022-09-24_ACC#00001_66912     0250702507180144 67666                SEMSEM MARACAN WHUFF SMILAX   BOLL      RM180144 67666                SEMSEM MARACAN S FOMALHAUT,USD_2022-09-24_ACC#00001_66912     0250702507180144 67666                SEMSEM MARACAN WHUFF SMILAX   BOLL      RM180144 67666                SEMSEM MARACAN S FOMALHAUT,RULE 4,A=0;B=0,RM180144  67666 TAPMOST & MG. APARTMENTAL,RM180144-767-660 7928066033VI,4574.00,4574.00,0.00,0.00,2022-09-24,2022-09-24,0,"Publisher-labeled 1:1 match; numerical differences are review evidence, not a fraud/loss label."
121192169764,2927735545,418637236376,USD_2022-12-01_ACC#00001_66912     0256602566 SMILAX   FGGKR,USD_2022-12-01_ACC#00001_66912     0256602566 SMILAX   FGGKR,RULE 1,A=0;B=0,73531066 JOQG7U0657GLEE7U                                                                SHALE           667933724,VOLERY 2019566771VI,-3805149.75,-3805149.75,0.00,0.00,2022-12-01,2022-12-01,0,"Publisher-labeled 1:1 match; numerical differences are review evidence, not a fraud/loss label."
121252014642,563047725486,883277448347,USD_2022-11-20_ACC#00001_66912     0676506765192621655570EPEE553         MORIBUND ROTENONES S SMILAX   BOLL      00192621655570EPEE553         MORIBUND ZYGNEMA SK HYRACIFORM,USD_2022-11-20_ACC#00001_66912     0676506765192621655570EPEE553         MORIBUND ROTENONES S SMILAX   BOLL      00192621655570EPEE553         MORIBUND ZYGNEMA SK HYRACIFORM,RULE 1,A=0;B=0,001926216 55570 EPEE553                                                                         UPCLOSER MONOCOQUE GAB -,VOLERY 8549136666FP,231588.80,231588.80,0.00,0.00,2022-11-20,2022-11-20,0,"Publisher-labeled 1:1 match; numerical differences are review evidence, not a fraud/loss label."
121254416647,921628162481,313377078834,USD_2022-10-12_ACC#00001_66912     66325663250 37266GS3IA 088            INKROOT LIKED BY SMILAX   GFG       VC0 37266GS3IA 088            INKROOT LIKED BY,USD_2022-10-12_ACC#00001_66912     66325663250 37266GS3IA 088            INKROOT LIKED BY SMILAX   GFG       VC0 37266GS3IA 088            INKROOT LIKED BY,RULE 3,A=0;B=0,37266GS3IA 37266GS3IA                                                                      INKROOT LIKED BY,37266GS3IA 6513666021VI,2954.83,2954.83,0.00,0.00,2022-10-12,2022-10-12,0,"Publisher-labeled 1:1 match; numerical differences are review evidence, not a fraud/loss label."
12127958147,491517244271,795183757414,USD_2022-11-02_ACC#00001_66912     0147701477158171241477BRAVI49         OFF TMH TIRO FAMES SMILAX   BOLL      00158171241477BRAVI49         OFF TMH TIRO HAU BT,USD_2022-11-02_ACC#00001_66912     0147701477158171241477BRAVI49         OFF TMH TIRO FAMES SMILAX   BOLL      00158171241477BRAVI49         OFF TMH TIRO HAU BT,RULE 1,A=0;B=0,001581712 41477 BRAVI49 L9DR0EM                                                                 UPCLOSER MONOCOQUE GAB -,VOLERY 8274620666FP,-3213299.82,-3213299.82,0.00,0.00,2022-11-02,2022-11-02,0,"Publisher-labeled 1:1 match; numerical differences are review evidence, not a fraud/loss label."
121303976129,35884380869,743487394917,USD_2022-09-28_ACC#00001_66912     0256602566 SMILAX   FGGKR,USD_2022-09-28_ACC#00001_66912     0256602566 SMILAX   FGGKR,RULE 1,A=0;B=0,32137406 ALME7U3083JOQG7U                                                                JO TONITE SAUNT 664952723,V321435566841978 9551866039VI,-170341.70,-170341.70,0.00,0.00,2022-09-28,2022-09-28,0,"Publisher-labeled 1:1 match; numerical differences are review evidence, not a fraud/loss label."
121334110939,354559419631,472957529508,USD_2022-09-11_ACC#00001_66912     0147701477189961441477DOYST55         OFF TMH TIRO FAMES SMILAX   BOLL      00189961441477DOYST55         OFF TMH TIRO HAU BT,USD_2022-09-11_ACC#00001_66912     0147701477189961441477DOYST55         OFF TMH TIRO FAMES SMILAX   BOLL      00189961441477DOYST55         OFF TMH TIRO HAU BT,RULE 4,A=0;B=0,001899614 41477 DOYST55 L9Y732Q                                                                 UPCLOSER MONOCOQUE GAB -,VOLERY 8142978666FP,-47641591.20,-47641591.20,0.00,0.00,2022-09-11,2022-09-11,0,"Publisher-labeled 1:1 match; numerical differences are review evidence, not a fraud/loss label."
121373514628,681628990649,632620248526,USD_2022-09-16_ACC#00001_66912     0150101501136606316038MEGGY59         MORIBUND VEXES WHUFF SMILAX   BOLL      00136606316038MEGGY59         MORIBUND VEXES S FOMALHAUT,USD_2022-09-16_ACC#00001_66912     0150101501136606316038MEGGY59         MORIBUND VEXES WHUFF SMILAX   BOLL      00136606316038MEGGY59         MORIBUND VEXES S FOMALHAUT,RULE 4,A=0;B=0,001366063 16038 MEGGY59                                                                         UPCLOSER MONOCOQUE GAB -,VOLERY 8159323666FP,-128000.00,-128000.00,0.00,0.00,2022-09-16,2022-09-16,0,"Publisher-labeled 1:1 match; numerical differences are review evidence, not a fraud/loss label."
121383054750,932087665792,210913155727,USD_2022-09-21_ACC#00001_66912     0670806708131883814476CHARE42         MORIBUND VEXES WHUFF SMILAX   BOLL      00131883814476CHARE42         MORIBUND VEXES S FOMALHAUT,USD_2022-09-21_ACC#00001_66912     0670806708131883814476CHARE42         MORIBUND VEXES WHUFF SMILAX   BOLL      00131883814476CHARE42         MORIBUND VEXES S FOMALHAUT,RULE 4,A=0;B=0,001318838 14476 CHARE42                                                                         UPCLOSER MONOCOQUE GAB -,VOLERY 8871012666FP,-29469.57,-29469.57,0.00,0.00,2022-09-21,2022-09-21,0,"Publisher-labeled 1:1 match; numerical differences are review evidence, not a fraud/loss label."
1213852716,166027574259,518988803365,USD_2022-09-30_ACC#00001_66912     0607406074146068167614SKITE77         MORIBUND VEXES WHUFF SMILAX   BOLL      00146068167614SKITE77         MORIBUND VEXES S FOMALHAUT,USD_2022-09-30_ACC#00001_66912     0607406074146068167614SKITE77         MORIBUND VEXES WHUFF SMILAX   BOLL      00146068167614SKITE77         MORIBUND VEXES S FOMALHAUT,RULE 1,A=0;B=0,001460681 67614 SKITE77                                                                         MUTUALITY AVIARY DEFENSER,VOLERY 8898438666FP,-5142670.90,-5142670.90,0.00,0.00,2022-09-30,2022-09-30,0,"Publisher-labeled 1:1 match; numerical differences are review evidence, not a fraud/loss label."
12141640574,422933762786,689063962083,USD_2022-09-25_ACC#00001_66912     0779507795 SMILAX   WAP,USD_2022-09-25_ACC#00001_66912     0779507795 SMILAX   WAP,RULE 3,A=0;B=0,6)55656K6P666466 6M55656K6P686362                                                                UPCLOSER QUETCH EFI (WYE-,6)55656K6P66636R 4986466034VI,-5811.07,-5811.07,0.00,0.00,2022-09-25,2022-09-25,0,"Publisher-labeled 1:1 match; numerical differences are review evidence, not a fraud/loss label."
12143049390,415864974961,60618314822,USD_2022-10-08_ACC#00001_66912     0670806708142478014407BRIST85         MORIBUND ROTENONES S SMILAX   BOLL      00142478014407BRIST85         MORIBUND ZYGNEMA SK HYRACIFORM,USD_2022-10-08_ACC#00001_66912     0670806708142478014407BRIST85         MORIBUND ROTENONES S SMILAX   BOLL      00142478014407BRIST85         MORIBUND ZYGNEMA SK HYRACIFORM,RULE 1,A=0;B=0,001424780 14407 BRIST85                                                                         UPCLOSER MONOCOQUE GAB -,VOLERY 8338722666FP,93578.94,93578.94,0.00,0.00,2022-10-08,2022-10-08,0,"Publisher-labeled 1:1 match; numerical differences are review evidence, not a fraud/loss label."
121432005773,68922610170,500150978444,USD_2022-09-10_ACC#00001_66912     02566025660666H3         6666666666 SMILAX   FGGKR     FW0666H3         6666666666,USD_2022-09-10_ACC#00001_66912     02566025660666H3         6666666666 SMILAX   FGGKR     FW0666H3         6666666666,RULE 4,A=0;B=0,32655312 V32655312                                                                       JO TONITE SAUNT 664952723,T313086138506660 0686138506,2553300.00,2553300.00,0.00,0.00,2022-09-10,2022-09-10,0,"Publisher-labeled 1:1 match; numerical differences are review evidence, not a fraud/loss label."
121506571999,507753220294,699681602303,USD_2022-11-26_ACC#00001_66912     66325663250 32566TLU11 088            JOQVY - ELUVIA - SMILAX   GFG       VC0 32566TLU11 088            JOQVY - ELUVIA -,USD_2022-11-26_ACC#00001_66912     66325663250 32566TLU11 088            JOQVY - ELUVIA - SMILAX   GFG       VC0 32566TLU11 088            JOQVY - ELUVIA -,RULE 1,A=0;B=0,32566TLU11 32566TLU11                                                                      JOQVY - ELUVIA -,322746AL68181753 3024366702VI,-40011.52,-40011.52,0.00,0.00,2022-11-26,2022-11-26,0,"Publisher-labeled 1:1 match; numerical differences are review evidence, not a fraud/loss label."
121541754585,345334102543,510641628060,USD_2022-11-27_ACC#00001_66912     66325663250 32566TJ5MD 088            JOQVY - BAS - DG SMILAX   GFG       VC0 32566TJ5MD 088            JOQVY - BAS - DG,USD_2022-11-27_ACC#00001_66912     66325663250 32566TJ5MD 088            JOQVY - BAS - DG SMILAX   GFG       VC0 32566TJ5MD 088            JOQVY - BAS - DG,RULE 1,A=0;B=0,32566TJ5MD 32566TJ5MD                                                                      JOQVY - BAS - DG,322756AL61301599 6839866709VI,-118489.25,-118489.25,0.00,0.00,2022-11-27,2022-11-27,0,"Publisher-labeled 1:1 match; numerical differences are review evidence, not a fraud/loss label."
12155117793,781881188492,428658172000,USD_2022-12-15_ACC#00001_66912     0670806708807313614407AMAL937         MORIBUND ROTENONES S SMILAX   BOLL      00807313614407AMAL937         MORIBUND ZYGNEMA SK HYRACIFORM,USD_2022-12-15_ACC#00001_66912     0670806708807313614407AMAL937         MORIBUND ROTENONES S SMILAX   BOLL      00807313614407AMAL937         MORIBUND ZYGNEMA SK HYRACIFORM,RULE 1,A=0;B=0,008073136 14407 AMAL937                                                                         UPCLOSER MONOCOQUE GAB -,VOLERY 3614546666FP,123486.00,123486.00,0.00,0.00,2022-12-15,2022-12-15,0,"Publisher-labeled 1:1 match; numerical differences are review evidence, not a fraud/loss label."
121577940283,968319560103,676294415193,USD_2022-11-20_ACC#00001_66912     0779507795 SMILAX   WAP,USD_2022-11-20_ACC#00001_66912     0779507795 SMILAX   WAP,RULE 3,A=0;B=0,6D65656H6V696W6W 5563656H6Z6I6I6W                                                                UPCLOSER QUETCH EFI (WYE-,6D65656H6V696W6J 0155266707VI,-1728.38,-1728.38,0.00,0.00,2022-11-20,2022-11-20,0,"Publisher-labeled 1:1 match; numerical differences are review evidence, not a fraud/loss label."
121586124812,586611923539,599988036374,USD_2022-11-03_ACC#00001_66912     09999099990666H3         6666666666 SMILAX   FGGKR     FW0666H3         6666666666,USD_2022-11-03_ACC#00001_66912     09999099990666H3         6666666666 SMILAX   FGGKR     FW0666H3         6666666666,MANUAL,A=0;B=0,12599690 V12599690                                                                       GVKYHE          666610809,V125996900817135 0632066093VI,1583670.93,1583670.93,0.00,0.00,2022-11-03,2022-11-03,0,"Publisher-labeled 1:1 match; numerical differences are review evidence, not a fraud/loss label."
121597740736,360163101762,845602178045,USD_2022-12-24_ACC#00001_66912     66325663250 32566TA5JJ 088            JOQVY DE-BAS - T SMILAX   GFG       VC0 32566TA5JJ 088            JOQVY DE-BAS - T,USD_2022-12-24_ACC#00001_66912     66325663250 32566TA5JJ 088            JOQVY DE-BAS - T SMILAX   GFG       VC0 32566TA5JJ 088            JOQVY DE-BAS - T,RULE 1,A=0;B=0,32566TA5JJ 32566TA5JJ                                                                      JOQVY DE-BAS - T,322746AL68184340 6085866784VI,-49025.02,-49025.02,0.00,0.00,2022-12-24,2022-12-24,0,"Publisher-labeled 1:1 match; numerical differences are review evidence, not a fraud/loss label."
121613151127,161984619694,90556096810,USD_2022-12-02_ACC#00001_66912     0122001220861555612660KELD772         MORIBUND ROTENONES S SMILAX   BOLL      00861555612660KELD772         MORIBUND ZYGNEMA SK HYRACIFORM,USD_2022-12-02_ACC#00001_66912     0122001220861555612660KELD772         MORIBUND ROTENONES S SMILAX   BOLL      00861555612660KELD772         MORIBUND ZYGNEMA SK HYRACIFORM,RULE 1,A=0;B=0,008615556 12660 KELD772                                                                         SKEEZIX ASSUMER KATALYSIS,VOLERY 8984238666FP,115028.00,115028.00,0.00,0.00,2022-12-02,2022-12-02,0,"Publisher-labeled 1:1 match; numerical differences are review evidence, not a fraud/loss label."
121633326564,948771336994,940962333111,USD_2022-10-02_ACC#00001_66912     0607406074139608667614SKITE77         MORIBUND VEXES WHUFF SMILAX   BOLL      00139608667614SKITE77         MORIBUND VEXES S FOMALHAUT,USD_2022-10-02_ACC#00001_66912     0607406074139608667614SKITE77         MORIBUND VEXES WHUFF SMILAX   BOLL      00139608667614SKITE77         MORIBUND VEXES S FOMALHAUT,RULE 1,A=0;B=0,001396086 67614 SKITE77                                                                         ALOSA & TATE VOWED MOGGIO,VOLERY 8303676666FP,-102585.00,-102585.00,0.00,0.00,2022-10-02,2022-10-02,0,"Publisher-labeled 1:1 match; numerical differences are review evidence, not a fraud/loss label."
121656313764,140580905914,101494762160,USD_2022-10-07_ACC#00001_66912     66325663250 32566AUE95 088            JOQVY DE -ELUVIA SMILAX   GFG       VC0 32566AUE95 088            JOQVY DE -ELUVIA,USD_2022-10-07_ACC#00001_66912     66325663250 32566AUE95 088            JOQVY DE -ELUVIA SMILAX   GFG       VC0 32566AUE95 088            JOQVY DE -ELUVIA,RULE 1,A=0;B=0,32566AUE95 32566AUE95                                                                      JOQVY DE -ELUVIA,322746AL68788565 3326566042VI,-399846.20,-399846.20,0.00,0.00,2022-10-07,2022-10-07,0,"Publisher-labeled 1:1 match; numerical differences are review evidence, not a fraud/loss label."
121734437925,407799666110,46058098821,USD_2022-12-14_ACC#00001_66912     0147701477807949141477NAPE610         IF TMH SEE FAMES SMILAX   BOLL      00807949141477NAPE610         IF TMH SEE FAMES,USD_2022-12-14_ACC#00001_66912     0147701477807949141477NAPE610         IF TMH SEE FAMES SMILAX   BOLL      00807949141477NAPE610         IF TMH SEE FAMES,RULE 1,A=0;B=0,008079491 41477 NAPE610 L9FV2F2                                                                 UPCLOSER MONOCOQUE GAB -,VOLERY 3675682666FP,19324300.00,19324300.00,0.00,0.00,2022-12-14,2022-12-14,0,"Publisher-labeled 1:1 match; numerical differences are review evidence, not a fraud/loss label."
121774661217,320161503973,374275154492,USD_2022-11-23_ACC#00001_66912     0670806708194297314476CHARE58         MORIBUND VEXES WHUFF SMILAX   BOLL      00194297314476CHARE58         MORIBUND VEXES S FOMALHAUT,USD_2022-11-23_ACC#00001_66912     0670806708194297314476CHARE58         MORIBUND VEXES WHUFF SMILAX   BOLL      00194297314476CHARE58         MORIBUND VEXES S FOMALHAUT,RULE 1,A=0;B=0,001942973 14476 CHARE58                                                                         UPCLOSER MONOCOQUE GAB -,VOLERY 8550006666FP,-452806.00,-452806.00,0.00,0.00,2022-11-23,2022-11-23,0,"Publisher-labeled 1:1 match; numerical differences are review evidence, not a fraud/loss label."
121775636944,469834742283,910801207077,USD_2022-11-09_ACC#00001_66912     66325663250 32566B2UFS 088            JOQVY DE-ELUVIA SMILAX   GFG       VC0 32566B2UFS 088            JOQVY DE-ELUVIA,USD_2022-11-09_ACC#00001_66912     66325663250 32566B2UFS 088            JOQVY DE-ELUVIA SMILAX   GFG       VC0 32566B2UFS 088            JOQVY DE-ELUVIA,RULE 3,A=0;B=0,32566B2UFS 32566B2UFS                                                                      JOQVY DE-ELUVIA,32566B2UFS 3021466095VI,11455.06,11455.06,0.00,0.00,2022-11-09,2022-11-09,0,"Publisher-labeled 1:1 match; numerical differences are review evidence, not a fraud/loss label."
121776896239,960488983212,863952193634,USD_2022-11-16_ACC#00001_66912     0105801058190225610026AMAL806         MORIBUND VEXES WHUFF SMILAX   BOLL      00190225610026AMAL806         MORIBUND VEXES S FOMALHAUT,USD_2022-11-16_ACC#00001_66912     0105801058190225610026AMAL806         MORIBUND VEXES WHUFF SMILAX   BOLL      00190225610026AMAL806         MORIBUND VEXES S FOMALHAUT,RULE 1,A=0;B=0,001902256 10026 AMAL806                                                                         UPCLOSER MONOCOQUE GAB -,VOLERY 8575351666FP,-151596.81,-151596.81,0.00,0.00,2022-11-16,2022-11-16,0,"Publisher-labeled 1:1 match; numerical differences are review evidence, not a fraud/loss label."
121793263957,119159954834,803503696503,USD_2022-10-16_ACC#00001_66912     02566025660666H3         6666666666 SMILAX   FGGKR     FW0666H3         6666666666,USD_2022-10-16_ACC#00001_66912     02566025660666H3         6666666666 SMILAX   FGGKR     FW0666H3         6666666666,RULE 3,A=0;B=0,58612896 V58612896                                                                       JO TONITE SAUNT 664952723,V586128967479238 3249166022VI,45808000.00,45808000.00,0.00,0.00,2022-10-16,2022-10-16,0,"Publisher-labeled 1:1 match; numerical differences are review evidence, not a fraud/loss label."
121822605139,394945667637,68447518270,USD_2022-09-23_ACC#00001_66912     0256602566 SMILAX   FGGKR,USD_2022-09-23_ACC#00001_66912     0256602566 SMILAX   FGGKR,RULE 4,A=0;B=0,32054567 ALME7U4110JOQG7U                                                                JO TONITE SAUNT 664952723,V337765566141002 9405966038VI,-918057.10,-918057.10,0.00,0.00,2022-09-23,2022-09-23,0,"Publisher-labeled 1:1 match; numerical differences are review evidence, not a fraud/loss label."
121825806827,317443831967,180173881336,USD_2022-09-29_ACC#00001_66912     02566025660666H3         6666666666 SMILAX   FGGKR     FW0666H3         6666666666,USD_2022-09-29_ACC#00001_66912     02566025660666H3         6666666666 SMILAX   FGGKR     FW0666H3         6666666666,RULE 3,A=0;B=0,32783191 V32783191                                                                       JO TONITE SAUNT 664952723,V327831916979227 7985466046VI,64968.73,64968.73,0.00,0.00,2022-09-29,2022-09-29,0,"Publisher-labeled 1:1 match; numerical differences are review evidence, not a fraud/loss label."
121840509751,47488079571,100347293364,USD_2022-11-04_ACC#00001_66912     66325663250 32566B3EKF 088            JOQVY - BAS - DG SMILAX   GFG       VC0 32566B3EKF 088            JOQVY - BAS - DG,USD_2022-11-04_ACC#00001_66912     66325663250 32566B3EKF 088            JOQVY - BAS - DG SMILAX   GFG       VC0 32566B3EKF 088            JOQVY - BAS - DG,RULE 3,A=0;B=0,32566B3EKF 32566B3EKF                                                                      JOQVY - BAS - DG,32566B3EKF 4830566094VI,39982.70,39982.70,0.00,0.00,2022-11-04,2022-11-04,0,"Publisher-labeled 1:1 match; numerical differences are review evidence, not a fraud/loss label."
121874780262,554630033938,674413110212,USD_2022-09-23_ACC#00001_66912     66325663250 32566AMBFU 088            JOQVY DE -ELUVIA SMILAX   GFG       VC0 32566AMBFU 088            JOQVY DE -ELUVIA,USD_2022-09-23_ACC#00001_66912     66325663250 32566AMBFU 088            JOQVY DE -ELUVIA SMILAX   GFG       VC0 32566AMBFU 088            JOQVY DE -ELUVIA,RULE 4,A=0;B=0,32566AMBFU 32566AMBFU                                                                      JOQVY DE -ELUVIA,32566AMBFU 9760466038VI,400.70,400.70,0.00,0.00,2022-09-23,2022-09-23,0,"Publisher-labeled 1:1 match; numerical differences are review evidence, not a fraud/loss label."
121879558103,711915365548,188446477474,USD_2022-12-25_ACC#00001_66912     66325663250 32566TAF8I 088            JOQVY - ELUVIA - SMILAX   GFG       VC0 32566TAF8I 088            JOQVY - ELUVIA -,USD_2022-12-25_ACC#00001_66912     66325663250 32566TAF8I 088            JOQVY - ELUVIA - SMILAX   GFG       VC0 32566TAF8I 088            JOQVY - ELUVIA -,RULE 1,A=0;B=0,32566TAF8I 32566TAF8I                                                                      JOQVY - ELUVIA -,322746AL68131042 1242066784VI,-25080.00,-25080.00,0.00,0.00,2022-12-25,2022-12-25,0,"Publisher-labeled 1:1 match; numerical differences are review evidence, not a fraud/loss label."
121916280858,659151863891,77568804592,USD_2022-12-30_ACC#00001_66912     0147701477871775541477LOCHY42         IF TMH TIRO FAMES SMILAX   BOLL      00871775541477LOCHY42         IF TMH TIRO EMEU S,USD_2022-12-30_ACC#00001_66912     0147701477871775541477LOCHY42         IF TMH TIRO FAMES SMILAX   BOLL      00871775541477LOCHY42         IF TMH TIRO EMEU S,RULE 1,A=0;B=0,008717755 41477 LOCHY42 L9HJ7V8                                                                 UPCLOSER MONOCOQUE GAB -,VOLERY 3018126666FP,-5200000.00,-5200000.00,0.00,0.00,2022-12-30,2022-12-30,0,"Publisher-labeled 1:1 match; numerical differences are review evidence, not a fraud/loss label."
121927475222,851333993733,87483015196,USD_2022-12-14_ACC#00001_66912     0670806708800352214476SKITE52         MORIBUND ROTENONES S SMILAX   BOLL      00800352214476SKITE52         MORIBUND ZYGNEMA SK HYRACIFORM,USD_2022-12-14_ACC#00001_66912     0670806708800352214476SKITE52         MORIBUND ROTENONES S SMILAX   BOLL      00800352214476SKITE52         MORIBUND ZYGNEMA SK HYRACIFORM,RULE 1,A=0;B=0,008003522 14476 SKITE52                                                                         UPCLOSER MONOCOQUE GAB -,VOLERY 3674550666FP,46395.54,46395.54,0.00,0.00,2022-12-14,2022-12-14,0,"Publisher-labeled 1:1 match; numerical differences are review evidence, not a fraud/loss label."
121985900090,718573043825,500097187567,USD_2022-09-28_ACC#00001_66912     0156801568139662817808DOYST68         MORIBUND VEXES WHUFF SMILAX   BOLL      00139662817808DOYST68         MORIBUND VEXES S FOMALHAUT,USD_2022-09-28_ACC#00001_66912     0156801568139662817808DOYST68         MORIBUND VEXES WHUFF SMILAX   BOLL      00139662817808DOYST68         MORIBUND VEXES S FOMALHAUT,RULE 1,A=0;B=0,001396628 17808 DOYST68                                                                         DIANITE ANIMI VOWED AGHAN,VOLERY 8828729666FP,-5519086.00,-5519086.00,0.00,0.00,2022-09-28,2022-09-28,0,"Publisher-labeled 1:1 match; numerical differences are review evidence, not a fraud/loss label."
122000101014,478936515875,451174668583,USD_2022-11-05_ACC#00001_66912     0670806708154307214407TABAC53         MORIBUND ROTENONES S SMILAX   BOLL      00154307214407TABAC53         MORIBUND ZYGNEMA SK HYRACIFORM,USD_2022-11-05_ACC#00001_66912     0670806708154307214407TABAC53         MORIBUND ROTENONES S SMILAX   BOLL      00154307214407TABAC53         MORIBUND ZYGNEMA SK HYRACIFORM,RULE 1,A=0;B=0,001543072 14407 TABAC53                                                                         UPCLOSER MONOCOQUE GAB -,VOLERY 8234459666FP,28596.28,28596.28,0.00,0.00,2022-11-05,2022-11-05,0,"Publisher-labeled 1:1 match; numerical differences are review evidence, not a fraud/loss label."
122010528896,469022403116,596013635070,USD_2022-10-06_ACC#00001_66912     0614606146143846310007OKET685         MORIBUND VEXES WHUFF SMILAX   BOLL      00143846310007OKET685         MORIBUND VEXES S FOMALHAUT,USD_2022-10-06_ACC#00001_66912     0614606146143846310007OKET685         MORIBUND VEXES WHUFF SMILAX   BOLL      00143846310007OKET685         MORIBUND VEXES S FOMALHAUT,RULE 1,A=0;B=0,001438463 10007 OKET685                                                                         OCHLOMANIA OVERPAYMENT,VOLERY 8313542666FP,-101333.29,-101333.29,0.00,0.00,2022-10-06,2022-10-06,0,"Publisher-labeled 1:1 match; numerical differences are review evidence, not a fraud/loss label."
12201344447,857309284877,992637610580,USD_2022-11-30_ACC#00001_66912     0670806708860306114407BREI138         MORIBUND VEXES WHUFF SMILAX   BOLL      00860306114407BREI138         MORIBUND VEXES S FOMALHAUT,USD_2022-11-30_ACC#00001_66912     0670806708860306114407BREI138         MORIBUND VEXES WHUFF SMILAX   BOLL      00860306114407BREI138         MORIBUND VEXES S FOMALHAUT,RULE 1,A=0;B=0,008603061 14407 BREI138                                                                         UPCLOSER MONOCOQUE GAB -,VOLERY 8979155666FP,-272579.58,-272579.58,0.00,0.00,2022-11-30,2022-11-30,0,"Publisher-labeled 1:1 match; numerical differences are review evidence, not a fraud/loss label."
122053323948,460090592220,293389063683,USD_2022-12-23_ACC#00001_66912     0638106381802422688856LOCHY38         MORIBUND ROTENONES S SMILAX   BOLL      00802422688856LOCHY38         MORIBUND ZYGNEMA SK HYRACIFORM,USD_2022-12-23_ACC#00001_66912     0638106381802422688856LOCHY38         MORIBUND ROTENONES S SMILAX   BOLL      00802422688856LOCHY38         MORIBUND ZYGNEMA SK HYRACIFORM,RULE 1,A=0;B=0,008024226 88856 LOCHY38                                                                         EU TI- CURTISE (OVENFUL Q,VOLERY 3694404666FP,28628515.72,28628515.72,0.00,0.00,2022-12-23,2022-12-23,0,"Publisher-labeled 1:1 match; numerical differences are review evidence, not a fraud/loss label."
122054321343,650683616584,252497386088,USD_2022-09-23_ACC#00001_66912     0147701477135857841477EPEE553         IF TMH SEE FAMES SMILAX   BOLL      00135857841477EPEE553         IF TMH SEE FAMES,USD_2022-09-23_ACC#00001_66912     0147701477135857841477EPEE553         IF TMH SEE FAMES SMILAX   BOLL      00135857841477EPEE553         IF TMH SEE FAMES,RULE 4,A=0;B=0,001358578 41477 EPEE553 L9Y880V                                                                 UPCLOSER MONOCOQUE GAB -,VOLERY 8881607666FP,50695000.00,50695000.00,0.00,0.00,2022-09-23,2022-09-23,0,"Publisher-labeled 1:1 match; numerical differences are review evidence, not a fraud/loss label."
122158997154,939824739717,133433801909,USD_2022-11-18_ACC#00001_66912     0676506765198977355570OKET656         MORIBUND VEXES WHUFF SMILAX   BOLL      00198977355570OKET656         MORIBUND VEXES S FOMALHAUT,USD_2022-11-18_ACC#00001_66912     0676506765198977355570OKET656         MORIBUND VEXES WHUFF SMILAX   BOLL      00198977355570OKET656         MORIBUND VEXES S FOMALHAUT,RULE 1,A=0;B=0,001989773 55570 OKET656                                                                         JACKPLANE AVIARY PANTOPOD,VOLERY 8584901666FP,-3028873.34,-3028873.34,0.00,0.00,2022-11-18,2022-11-18,0,"Publisher-labeled 1:1 match; numerical differences are review evidence, not a fraud/loss label."
122165959985,634761726041,595118001126,USD_2022-09-25_ACC#00001_66912     0122001220132322212660ROHOB56         MORIBUND ROTENONES S SMILAX   BOLL      00132322212660ROHOB56         MORIBUND ZYGNEMA SK HYRACIFORM,USD_2022-09-25_ACC#00001_66912     0122001220132322212660ROHOB56         MORIBUND ROTENONES S SMILAX   BOLL      00132322212660ROHOB56         MORIBUND ZYGNEMA SK HYRACIFORM,RULE 1,A=0;B=0,001323222 12660 ROHOB56                                                                         V&C VOWED QMQF OEV(WIM),VOLERY 8847736666FP,321071.77,321071.77,0.00,0.00,2022-09-25,2022-09-25,0,"Publisher-labeled 1:1 match; numerical differences are review evidence, not a fraud/loss label."
122184258877,826220542823,25441328866,USD_2022-09-30_ACC#00001_66912     0607406074135355867614SKITE70         MORIBUND VEXES WHUFF SMILAX   BOLL      00135355867614SKITE70         MORIBUND VEXES S FOMALHAUT,USD_2022-09-30_ACC#00001_66912     0607406074135355867614SKITE70         MORIBUND VEXES WHUFF SMILAX   BOLL      00135355867614SKITE70         MORIBUND VEXES S FOMALHAUT,RULE 1,A=0;B=0,001353558 67614 SKITE70                                                                         DISACCORDANCE UNSOLACED S,VOLERY 8898806666FP,-218545.29,-218545.29,0.00,0.00,2022-09-30,2022-09-30,0,"Publisher-labeled 1:1 match; numerical differences are review evidence, not a fraud/loss label."
122224053317,355553436107,444739596736,USD_2022-12-31_ACC#00001_66912     0607306073809023167613OKET095         MORIBUND VEXES WHUFF SMILAX   BOLL      00809023167613OKET095         MORIBUND VEXES S FOMALHAUT,USD_2022-12-31_ACC#00001_66912     0607306073809023167613OKET095         MORIBUND VEXES WHUFF SMILAX   BOLL      00809023167613OKET095         MORIBUND VEXES S FOMALHAUT,RULE 1,A=0;B=0,008090231 67613 OKET095                                                                         MUTUALITY AVIARY DEFENSER,VOLERY 3083424666FP,-700000.00,-700000.00,0.00,0.00,2022-12-31,2022-12-31,0,"Publisher-labeled 1:1 match; numerical differences are review evidence, not a fraud/loss label."
122262166280,369399281673,505322395083,USD_2022-10-19_ACC#00001_66912     0670806708128779014407LEUD536         MORIBUND ROTENONES S SMILAX   BOLL      00128779014407LEUD536         MORIBUND ZYGNEMA SK HYRACIFORM,USD_2022-10-19_ACC#00001_66912     0670806708128779014407LEUD536         MORIBUND ROTENONES S SMILAX   BOLL      00128779014407LEUD536         MORIBUND ZYGNEMA SK HYRACIFORM,RULE 1,A=0;B=0,001287790 14407 LEUD536                                                                         UPCLOSER MONOCOQUE GAB -,VOLERY 8473705666FP,99715.22,99715.22,0.00,0.00,2022-10-19,2022-10-19,0,"Publisher-labeled 1:1 match; numerical differences are review evidence, not a fraud/loss label."
122263295536,563888951586,816251248123,USD_2022-12-01_ACC#00001_66912     0147701477863656541477MEGGY88         IF TMH SEE FAMES SMILAX   BOLL      00863656541477MEGGY88         IF TMH SEE FAMES,USD_2022-12-01_ACC#00001_66912     0147701477863656541477MEGGY88         IF TMH SEE FAMES SMILAX   BOLL      00863656541477MEGGY88         IF TMH SEE FAMES,RULE 1,A=0;B=0,008636565 41477 MEGGY88 L9HX5UG                                                                 UPCLOSER MONOCOQUE GAB -,VOLERY 8915143666FP,38985570.00,38985570.00,0.00,0.00,2022-12-01,2022-12-01,0,"Publisher-labeled 1:1 match; numerical differences are review evidence, not a fraud/loss label."
122302748135,165621647869,56400847586,USD_2022-10-21_ACC#00001_66912     0600306003123178067609EPOXY80         MORIBUND ROTENONES S SMILAX   BOLL      00123178067609EPOXY80         MORIBUND ZYGNEMA SK HYRACIFORM,USD_2022-10-21_ACC#00001_66912     0600306003123178067609EPOXY80         MORIBUND ROTENONES S SMILAX   BOLL      00123178067609EPOXY80         MORIBUND ZYGNEMA SK HYRACIFORM,RULE 1,A=0;B=0,001231780 67609 EPOXY80                                                                         DISACCORDANCE UNSOLACED S,VOLERY 8482849666FP,151502.77,151502.77,0.00,0.00,2022-10-21,2022-10-21,0,"Publisher-labeled 1:1 match; numerical differences are review evidence, not a fraud/loss label."
122357579920,844536883091,573587863913,USD_2022-11-04_ACC#00001_66912     0147701477154012741477EPEE553         OFF TMH SEE FAMES SMILAX   BOLL      00154012741477EPEE553         OFF TMH SEE EMEU S,USD_2022-11-04_ACC#00001_66912     0147701477154012741477EPEE553         OFF TMH SEE FAMES SMILAX   BOLL      00154012741477EPEE553         OFF TMH SEE EMEU S,RULE 1,A=0;B=0,001540127 41477 EPEE553 L9DR31T                                                                 JOQVY H.C. ZUCCHINIS TENT,VOLERY 8282132666FP,17386217.33,17386217.33,0.00,0.00,2022-11-04,2022-11-04,0,"Publisher-labeled 1:1 match; numerical differences are review evidence, not a fraud/loss label."
122362712784,616888517647,962414604974,USD_2022-09-29_ACC#00001_66912     0670806708140437614484KAVI032         MORIBUND VEXES WHUFF SMILAX   BOLL      00140437614484KAVI032         MORIBUND VEXES S FOMALHAUT,USD_2022-09-29_ACC#00001_66912     0670806708140437614484KAVI032         MORIBUND VEXES WHUFF SMILAX   BOLL      00140437614484KAVI032         MORIBUND VEXES S FOMALHAUT,RULE 1,A=0;B=0,001404376 14484 KAVI032                                                                         UPCLOSER MONOCOQUE GAB -,VOLERY 8857989666FP,-779217.22,-779217.22,0.00,0.00,2022-09-29,2022-09-29,0,"Publisher-labeled 1:1 match; numerical differences are review evidence, not a fraud/loss label."
122372272356,713856496865,365238622701,USD_2022-10-06_ACC#00001_66912     0147601476142122541476                IF TMH DIP WOLD SMILAX   BOLL      00142122541476                IF TMH DIP WOLD,USD_2022-10-06_ACC#00001_66912     0147601476142122541476                IF TMH DIP WOLD SMILAX   BOLL      00142122541476                IF TMH DIP WOLD,RULE 1,A=0;B=0,001421225 41476 L9Y414D                                                                 NONIC WILLI MIZE PAR QUEM,URBD-2I1HX5 8801566042VI,1694000.00,1694000.00,0.00,0.00,2022-10-06,2022-10-06,0,"Publisher-labeled 1:1 match; numerical differences are review evidence, not a fraud/loss label."
122375484753,530791192104,920684388504,USD_2022-10-26_ACC#00001_66912     66325663250 32566B0RF7 088            JOQVY - BAS - DG SMILAX   GFG       VC0 32566B0RF7 088            JOQVY - BAS - DG,USD_2022-10-26_ACC#00001_66912     66325663250 32566B0RF7 088            JOQVY - BAS - DG SMILAX   GFG       VC0 32566B0RF7 088            JOQVY - BAS - DG,RULE 1,A=0;B=0,32566B0RF7 32566B0RF7                                                                      JOQVY - BAS - DG,322756AL61886546 6425466052VI,-2859.50,-2859.50,0.00,0.00,2022-10-26,2022-10-26,0,"Publisher-labeled 1:1 match; numerical differences are review evidence, not a fraud/loss label."
122402180037,388649529854,114922601194,USD_2022-10-12_ACC#00001_66912     66325663250 32566AAYPN 088            JOQVY DE -ELUVIA SMILAX   GFG       VC0 32566AAYPN 088            JOQVY DE -ELUVIA,USD_2022-10-12_ACC#00001_66912     66325663250 32566AAYPN 088            JOQVY DE -ELUVIA SMILAX   GFG       VC0 32566AAYPN 088            JOQVY DE -ELUVIA,RULE 3,A=0;B=0,32566AAYPN 32566AAYPN                                                                      JOQVY DE -ELUVIA,32566AAYPN 0651166021VI,49058.70,49058.70,0.00,0.00,2022-10-12,2022-10-12,0,"Publisher-labeled 1:1 match; numerical differences are review evidence, not a fraud/loss label."
122423929377,427465585766,287462304267,USD_2022-12-30_ACC#00001_66912     0147701477877787841477MEGGY88         OFF TMH TIRO FAMES SMILAX   BOLL      00877787841477MEGGY88         OFF TMH TIRO HAU BT,USD_2022-12-30_ACC#00001_66912     0147701477877787841477MEGGY88         OFF TMH TIRO FAMES SMILAX   BOLL      00877787841477MEGGY88         OFF TMH TIRO HAU BT,RULE 1,A=0;B=0,008777878 41477 MEGGY88 L9HJ6SF                                                                 UPCLOSER MONOCOQUE GAB -,VOLERY 3018729666FP,-54462432.45,-54462432.45,0.00,0.00,2022-12-30,2022-12-30,0,"Publisher-labeled 1:1 match; numerical differences are review evidence, not a fraud/loss label."
122451629133,524853037322,83633797641,USD_2022-09-16_ACC#00001_66912     0670806708189940614476CHARE83         MORIBUND ROTENONES S SMILAX   BOLL      00189940614476CHARE83         MORIBUND ZYGNEMA SK HYRACIFORM,USD_2022-09-16_ACC#00001_66912     0670806708189940614476CHARE83         MORIBUND ROTENONES S SMILAX   BOLL      00189940614476CHARE83         MORIBUND ZYGNEMA SK HYRACIFORM,RULE 4,A=0;B=0,001899406 14476 CHARE83                                                                         UPCLOSER MONOCOQUE GAB -,VOLERY 8152914666FP,2031305.60,2031305.60,0.00,0.00,2022-09-16,2022-09-16,0,"Publisher-labeled 1:1 match; numerical differences are review evidence, not a fraud/loss label."
122485234220,545543380977,904827504187,USD_2022-10-01_ACC#00001_66912     66325663250 32566AHAH0 088               DE VIZIR LATA SMILAX   GFG       VC0 32566AHAH0 088               DE VIZIR LATA,USD_2022-10-01_ACC#00001_66912     66325663250 32566AHAH0 088               DE VIZIR LATA SMILAX   GFG       VC0 32566AHAH0 088               DE VIZIR LATA,RULE 3,A=0;B=0,32566AHAH0 32566AHAH0                                                                         DE VIZIR LATA,32566AHAH0 9520966040VI,179677.85,179677.85,0.00,0.00,2022-10-01,2022-10-01,0,"Publisher-labeled 1:1 match; numerical differences are review evidence, not a fraud/loss label."
122494180618,683083613241,318987305606,USD_2022-10-20_ACC#00001_66912     0779507795 SMILAX   WAP,USD_2022-10-20_ACC#00001_66912     0779507795 SMILAX   WAP,RULE 1,A=0;B=0,6522656U6G6K6S6E 686I656U6B656K6U                                                                EUPNOEIC TYPY CRYOCHORIC,DD69647966143588 8788566050XD,-15907.08,-15907.08,0.00,0.00,2022-10-20,2022-10-20,0,"Publisher-labeled 1:1 match; numerical differences are review evidence, not a fraud/loss label."
122510758980,333163629458,240762600825,USD_2022-09-23_ACC#00001_66912     66325663250 32566AMPEM 088            JOQVY - BAS - DG SMILAX   GFG       VC0 32566AMPEM 088            JOQVY - BAS - DG,USD_2022-09-23_ACC#00001_66912     66325663250 32566AMPEM 088            JOQVY - BAS - DG SMILAX   GFG       VC0 32566AMPEM 088            JOQVY - BAS - DG,RULE 4,A=0;B=0,32566AMPEM 32566AMPEM                                                                      JOQVY - BAS - DG,32566AMPEM 5060166038VI,4294122.60,4294122.60,0.00,0.00,2022-09-23,2022-09-23,0,"Publisher-labeled 1:1 match; numerical differences are review evidence, not a fraud/loss label."
122532112607,583358158382,466887745633,USD_2022-11-17_ACC#00001_66912     0156801568198034217667KAVI372         MORIBUND ROTENONES S SMILAX   BOLL      00198034217667KAVI372         MORIBUND ZYGNEMA SK HYRACIFORM,USD_2022-11-17_ACC#00001_66912     0156801568198034217667KAVI372         MORIBUND ROTENONES S SMILAX   BOLL      00198034217667KAVI372         MORIBUND ZYGNEMA SK HYRACIFORM,RULE 1,A=0;B=0,001980342 17667 KAVI372                                                                         UPCLOSER MONOCOQUE GAB -,VOLERY 8512507666FP,45778875.12,45778875.12,0.00,0.00,2022-11-17,2022-11-17,0,"Publisher-labeled 1:1 match; numerical differences are review evidence, not a fraud/loss label."
122545745507,846219840902,714090575053,USD_2022-12-04_ACC#00001_66912     0179001790868573514282OKET036         MORIBUND ROTENONES S SMILAX   BOLL      00868573514282OKET036         MORIBUND ZYGNEMA SK HYRACIFORM,USD_2022-12-04_ACC#00001_66912     0179001790868573514282OKET036         MORIBUND ROTENONES S SMILAX   BOLL      00868573514282OKET036         MORIBUND ZYGNEMA SK HYRACIFORM,RULE 1,A=0;B=0,008685735 14282 OKET036                                                                         DESILT TYPY OEV,VOLERY 8944055666FP,4010700.00,4010700.00,0.00,0.00,2022-12-04,2022-12-04,0,"Publisher-labeled 1:1 match; numerical differences are review evidence, not a fraud/loss label."
122557800249,603384476168,132140069150,USD_2022-09-15_ACC#00001_66912     0105801058130040910026NINA872         MORIBUND ROTENONES S SMILAX   BOLL      00130040910026NINA872         MORIBUND ZYGNEMA SK HYRACIFORM,USD_2022-09-15_ACC#00001_66912     0105801058130040910026NINA872         MORIBUND ROTENONES S SMILAX   BOLL      00130040910026NINA872         MORIBUND ZYGNEMA SK HYRACIFORM,RULE 4,A=0;B=0,001300409 10026 NINA872                                                                         UPCLOSER MONOCOQUE GAB -,VOLERY 8122920666FP,5022422.82,5022422.82,0.00,0.00,2022-09-15,2022-09-15,0,"Publisher-labeled 1:1 match; numerical differences are review evidence, not a fraud/loss label."
122602818478,208497985072,746721037872,USD_2022-11-09_ACC#00001_66912     0147701477155533441477EPEE553         OFF TMH TIRO FAMES SMILAX   BOLL      00155533441477EPEE553         OFF TMH TIRO HAU BT,USD_2022-11-09_ACC#00001_66912     0147701477155533441477EPEE553         OFF TMH TIRO FAMES SMILAX   BOLL      00155533441477EPEE553         OFF TMH TIRO HAU BT,RULE 1,A=0;B=0,001555334 41477 EPEE553 L9MU7VL                                                                 UPCLOSER MONOCOQUE GAB -,VOLERY 8222964666FP,-50812602.21,-50812602.21,0.00,0.00,2022-11-09,2022-11-09,0,"Publisher-labeled 1:1 match; numerical differences are review evidence, not a fraud/loss label."
122605314457,38903212873,229515684093,USD_2022-11-02_ACC#00001_66912     66325663250 32566B84RD 088            JOQVY DE -ELUVIA SMILAX   GFG       VC0 32566B84RD 088            JOQVY DE -ELUVIA,USD_2022-11-02_ACC#00001_66912     66325663250 32566B84RD 088            JOQVY DE -ELUVIA SMILAX   GFG       VC0 32566B84RD 088            JOQVY DE -ELUVIA,RULE 1,A=0;B=0,32566B84RD 32566B84RD                                                                      JOQVY DE -ELUVIA,322746AL68777988 4704566090VI,-13946858.03,-13946858.03,0.00,0.00,2022-11-02,2022-11-02,0,"Publisher-labeled 1:1 match; numerical differences are review evidence, not a fraud/loss label."
12261266879,853046327361,995354285363,USD_2022-11-04_ACC#00001_66912     0600306003154709767609EPEE553         MORIBUND ROTENONES S SMILAX   BOLL      00154709767609EPEE553         MORIBUND ZYGNEMA SK HYRACIFORM,USD_2022-11-04_ACC#00001_66912     0600306003154709767609EPEE553         MORIBUND ROTENONES S SMILAX   BOLL      00154709767609EPEE553         MORIBUND ZYGNEMA SK HYRACIFORM,RULE 1,A=0;B=0,001547097 67609 EPEE553                                                                         CARK AS STRETCH HUDSONIAN,VOLERY 8282732666FP,853033.61,853033.61,0.00,0.00,2022-11-04,2022-11-04,0,"Publisher-labeled 1:1 match; numerical differences are review evidence, not a fraud/loss label."
122653976898,717406471709,548194188686,USD_2022-11-23_ACC#00001_66912     0141601416199799341416JAUP127         IF TMH SEE FAMES SMILAX   BOLL      00199799341416JAUP127         IF TMH SEE FAMES,USD_2022-11-23_ACC#00001_66912     0141601416199799341416JAUP127         IF TMH SEE FAMES SMILAX   BOLL      00199799341416JAUP127         IF TMH SEE FAMES,RULE 1,A=0;B=0,001997993 41416 JAUP127 L9HI3B5                                                                 UPCLOSER MONOCOQUE GAB -,VOLERY 8556264666FP,30719000.00,30719000.00,0.00,0.00,2022-11-23,2022-11-23,0,"Publisher-labeled 1:1 match; numerical differences are review evidence, not a fraud/loss label."
122673727618,292093352963,266611001814,USD_2022-11-19_ACC#00001_66912     0676506765194785655570OKET656         MORIBUND VEXES WHUFF SMILAX   BOLL      00194785655570OKET656         MORIBUND VEXES S FOMALHAUT,USD_2022-11-19_ACC#00001_66912     0676506765194785655570OKET656         MORIBUND VEXES WHUFF SMILAX   BOLL      00194785655570OKET656         MORIBUND VEXES S FOMALHAUT,RULE 1,A=0;B=0,001947856 55570 OKET656                                                                         UPCLOSER MONOCOQUE GAB -,VOLERY 8532201666FP,-1179760.31,-1179760.31,0.00,0.00,2022-11-19,2022-11-19,0,"Publisher-labeled 1:1 match; numerical differences are review evidence, not a fraud/loss label."
122697807910,25709189066,371529976477,USD_2022-10-30_ACC#00001_66912     0676506765151548255570OKET656         MORIBUND ROTENONES S SMILAX   BOLL      00151548255570OKET656         MORIBUND ZYGNEMA SK HYRACIFORM,USD_2022-10-30_ACC#00001_66912     0676506765151548255570OKET656         MORIBUND ROTENONES S SMILAX   BOLL      00151548255570OKET656         MORIBUND ZYGNEMA SK HYRACIFORM,MANUAL,A=0;B=0,001515482 55570 OKET656                                                                         SLATTERN TYPY OEV,VOLERY 8265705666FP,296339.22,296339.21,-0.01,-0.01,2022-10-30,2022-10-30,0,"Publisher-labeled 1:1 match; numerical differences are review evidence, not a fraud/loss label."
122704722035,56402711514,766642843771,USD_2022-11-27_ACC#00001_66912     0256602566 SMILAX   FGGKR,USD_2022-11-27_ACC#00001_66912     0256602566 SMILAX   FGGKR,RULE 1,A=0;B=0,78677886 JOQG7U6204GLEE7U                                                                SHALE           667933724,VOLERY 6011266709VI,-4644697.43,-4644697.43,0.00,0.00,2022-11-27,2022-11-27,0,"Publisher-labeled 1:1 match; numerical differences are review evidence, not a fraud/loss label."
122724575453,876586585848,799879344776,USD_2022-11-18_ACC#00001_66912     0122001220191265612660SWEAT21         MORIBUND ROTENONES S SMILAX   BOLL      00191265612660SWEAT21         MORIBUND ZYGNEMA SK HYRACIFORM,USD_2022-11-18_ACC#00001_66912     0122001220191265612660SWEAT21         MORIBUND ROTENONES S SMILAX   BOLL      00191265612660SWEAT21         MORIBUND ZYGNEMA SK HYRACIFORM,RULE 1,A=0;B=0,001912656 12660 SWEAT21                                                                         UPCLOSER MONOCOQUE GAB -,VOLERY 8584017666FP,10895900.00,10895900.00,0.00,0.00,2022-11-18,2022-11-18,0,"Publisher-labeled 1:1 match; numerical differences are review evidence, not a fraud/loss label."
122745294328,510958225902,378115116598,USD_2022-11-23_ACC#00001_66912     0646006460S                           BURO JADY GAT AUG - SMILAX   RAMON     GFG                           BURO JADY GAT IT X - T         LINCHET_TA                    JOQGE_TA,USD_2022-11-23_ACC#00001_66912     0646006460S                           BURO JADY GAT AUG - SMILAX   RAMON     GFG                           BURO JADY GAT IT X - T         LINCHET_TA                    JOQGE_TA,RULE 1,A=0;B=0,HEY RAMON DISNEY LINCHET_TA,VOLERY L-6590266704HQ,-439600.00,-439600.00,0.00,0.00,2022-11-23,2022-11-23,0,"Publisher-labeled 1:1 match; numerical differences are review evidence, not a fraud/loss label."
12279748774,448622677960,971825853094,USD_2022-12-11_ACC#00001_66912     0603606036807763567888SHOWD61         IF TMH SEE FAMES SMILAX   BOLL      00807763567888SHOWD61         IF TMH SEE FAMES,USD_2022-12-11_ACC#00001_66912     0603606036807763567888SHOWD61         IF TMH SEE FAMES SMILAX   BOLL      00807763567888SHOWD61         IF TMH SEE FAMES,RULE 1,A=0;B=0,008077635 67888 SHOWD61 L9FV3ZN                                                                 JO TONITE ETHERIFIES GAB,VOLERY 3605127666FP,4285620.00,4285620.00,0.00,0.00,2022-12-11,2022-12-11,0,"Publisher-labeled 1:1 match; numerical differences are review evidence, not a fraud/loss label."
122797979977,415251585027,825326330158,USD_2022-09-22_ACC#00001_66912     0676506765134094255570KAVI032         MORIBUND VEXES WHUFF SMILAX   BOLL      00134094255570KAVI032         MORIBUND VEXES S FOMALHAUT,USD_2022-09-22_ACC#00001_66912     0676506765134094255570KAVI032         MORIBUND VEXES WHUFF SMILAX   BOLL      00134094255570KAVI032         MORIBUND VEXES S FOMALHAUT,RULE 4,A=0;B=0,001340942 55570 KAVI032                                                                         UPCLOSER MONOCOQUE GAB -,VOLERY 8817627666FP,-7458772.65,-7458772.65,0.00,0.00,2022-09-22,2022-09-22,0,"Publisher-labeled 1:1 match; numerical differences are review evidence, not a fraud/loss label."
122841308659,237939356639,662691769759,USD_2022-12-31_ACC#00001_66912     0600606006870601467608CLICH58         MORIBUND ROTENONES S SMILAX   BOLL      00870601467608CLICH58         MORIBUND ZYGNEMA SK HYRACIFORM,USD_2022-12-31_ACC#00001_66912     0600606006870601467608CLICH58         MORIBUND ROTENONES S SMILAX   BOLL      00870601467608CLICH58         MORIBUND ZYGNEMA SK HYRACIFORM,MANUAL,A=0;B=0,008706014 67608 CLICH58                                                                         NIGROUS VOWED AVIARY BETA,VOLERY 3081473666FP,152244.70,152244.70,0.00,0.00,2022-12-31,2022-12-31,0,"Publisher-labeled 1:1 match; numerical differences are review evidence, not a fraud/loss label."
122921782138,913662091403,890107435666,USD_2022-12-14_ACC#00001_66912     0670806708806280314407BOAS313         MORIBUND VEXES WHUFF SMILAX   BOLL      00806280314407BOAS313         MORIBUND VEXES S FOMALHAUT,USD_2022-12-14_ACC#00001_66912     0670806708806280314407BOAS313         MORIBUND VEXES WHUFF SMILAX   BOLL      00806280314407BOAS313         MORIBUND VEXES S FOMALHAUT,RULE 1,A=0;B=0,008062803 14407 BOAS313                                                                         UPCLOSER MONOCOQUE GAB -,VOLERY 3675198666FP,-53227.78,-53227.78,0.00,0.00,2022-12-14,2022-12-14,0,"Publisher-labeled 1:1 match; numerical differences are review evidence, not a fraud/loss label."
122941644688,214261918889,148915300126,USD_2022-11-27_ACC#00001_66912     0603606036861180367888CHOIL61         IF TMH TIRO FAMES SMILAX   BOLL      00861180367888CHOIL61         IF TMH TIRO EMEU S,USD_2022-11-27_ACC#00001_66912     0603606036861180367888CHOIL61         IF TMH TIRO FAMES SMILAX   BOLL      00861180367888CHOIL61         IF TMH TIRO EMEU S,RULE 1,A=0;B=0,008611803 67888 CHOIL61 L9HX8DS                                                                 JO TONITE ETHERIFIES GAB,VOLERY 8905810666FP,-123300.00,-123300.00,0.00,0.00,2022-11-27,2022-11-27,0,"Publisher-labeled 1:1 match; numerical differences are review evidence, not a fraud/loss label."
122984259139,952294728560,226763788640,USD_2022-11-16_ACC#00001_66912     02566025660666H3         6666666666 SMILAX   FGGKR     FW0666H3         6666666666,USD_2022-11-16_ACC#00001_66912     02566025660666H3         6666666666 SMILAX   FGGKR     FW0666H3         6666666666,RULE 1,A=0;B=0,5688346 V65688346                                                                       JO TONITE SAUNT 664952723,V656883467216286 8548066765VI,2570702.92,2570702.92,0.00,0.00,2022-11-16,2022-11-16,0,"Publisher-labeled 1:1 match; numerical differences are review evidence, not a fraud/loss label."
123043847731,958534215889,726335443029,USD_2022-09-30_ACC#00001_66912     09999099990666H3         6666666666 SMILAX   FGGKR     FW0666H3         6666666666,USD_2022-09-30_ACC#00001_66912     09999099990666H3         6666666666 SMILAX   FGGKR     FW0666H3         6666666666,RULE 3,A=0;B=0,12434999 V12434999                                                                       GVKYHE          666610809,V124349990616062 2676566040VI,6589886.05,6589886.05,0.00,0.00,2022-09-30,2022-09-30,0,"Publisher-labeled 1:1 match; numerical differences are review evidence, not a fraud/loss label."
123059578648,179000761610,275760533037,USD_2022-10-07_ACC#00001_66912     0676506765142597415574KAVI032         MORIBUND VEXES WHUFF SMILAX   BOLL      00142597415574KAVI032         MORIBUND VEXES S FOMALHAUT,USD_2022-10-07_ACC#00001_66912     0676506765142597415574KAVI032         MORIBUND VEXES WHUFF SMILAX   BOLL      00142597415574KAVI032         MORIBUND VEXES S FOMALHAUT,RULE 1,A=0;B=0,001425974 15574 KAVI032                                                                         SLATTERN TYPY OEV,VOLERY 8388273666FP,-949489.94,-949489.94,0.00,0.00,2022-10-07,2022-10-07,0,"Publisher-labeled 1:1 match; numerical differences are review evidence, not a fraud/loss label."
123096432562,193445188802,32450517943,USD_2022-11-17_ACC#00001_66912     0122701227190342612667OKET062         MORIBUND VEXES WHUFF SMILAX   BOLL      00190342612667OKET062         MORIBUND VEXES S FOMALHAUT,USD_2022-11-17_ACC#00001_66912     0122701227190342612667OKET062         MORIBUND VEXES WHUFF SMILAX   BOLL      00190342612667OKET062         MORIBUND VEXES S FOMALHAUT,RULE 1,A=0;B=0,001903426 12667 OKET062                                                                         PAROCHIALISM VOWED MOGGIO,VOLERY 8515092666FP,-2446063.00,-2446063.00,0.00,0.00,2022-11-17,2022-11-17,0,"Publisher-labeled 1:1 match; numerical differences are review evidence, not a fraud/loss label."
12311777698,250695956364,489937962478,USD_2022-10-29_ACC#00001_66912     0676506765150919015574OKET656         MORIBUND ROTENONES S SMILAX   BOLL      00150919015574OKET656         MORIBUND ZYGNEMA SK HYRACIFORM,USD_2022-10-29_ACC#00001_66912     0676506765150919015574OKET656         MORIBUND ROTENONES S SMILAX   BOLL      00150919015574OKET656         MORIBUND ZYGNEMA SK HYRACIFORM,RULE 1,A=0;B=0,001509190 15574 OKET656                                                                         YMV NONREGULATIVE,VOLERY 8495397666FP,3174730.60,3174730.60,0.00,0.00,2022-10-29,2022-10-29,0,"Publisher-labeled 1:1 match; numerical differences are review evidence, not a fraud/loss label."
123122870513,929012288805,671340294550,USD_2022-09-10_ACC#00001_66912     0147601476189426241476                IF TMH DIP WOLD SMILAX   BOLL      00189426241476                IF TMH DIP WOLD,USD_2022-09-10_ACC#00001_66912     0147601476189426241476                IF TMH DIP WOLD SMILAX   BOLL      00189426241476                IF TMH DIP WOLD,RULE 4,A=0;B=0,001894262 41476 L9Y73ZO                                                                 APPLICANT BAA CROM WUZZLE,URBD-2S9VU1 3920266080VI,471000.00,471000.00,0.00,0.00,2022-09-10,2022-09-10,0,"Publisher-labeled 1:1 match; numerical differences are review evidence, not a fraud/loss label."
123144161369,237140244417,890982629946,USD_2022-12-21_ACC#00001_66912     02566025660666H3         6666666666 SMILAX   FGGKR     FW0666H3         6666666666,USD_2022-12-21_ACC#00001_66912     02566025660666H3         6666666666 SMILAX   FGGKR     FW0666H3         6666666666,RULE 3,A=0;B=0,19256116 V19256116                                                                       SHALE           667933724,V192561161016282 9146766781VI,4000000.00,4000000.00,0.00,0.00,2022-12-21,2022-12-21,0,"Publisher-labeled 1:1 match; numerical differences are review evidence, not a fraud/loss label."
123154064882,892429087508,379140113182,USD_2022-09-15_ACC#00001_66912     66325663250 32566CP367 088            JOQVY DE -ELUVIA SMILAX   GFG       VC0 32566CP367 088            JOQVY DE -ELUVIA,USD_2022-09-15_ACC#00001_66912     66325663250 32566CP367 088            JOQVY DE -ELUVIA SMILAX   GFG       VC0 32566CP367 088            JOQVY DE -ELUVIA,RULE 4,A=0;B=0,32566CP367 32566CP367                                                                      JOQVY DE -ELUVIA,322746AL68791303 6218366087VI,-67.75,-67.75,0.00,0.00,2022-09-15,2022-09-15,0,"Publisher-labeled 1:1 match; numerical differences are review evidence, not a fraud/loss label."
12317161537,102535996896,325778969288,USD_2022-10-15_ACC#00001_66912     6692666926 SMILAX   GPD,USD_2022-10-15_ACC#00001_66912     6692666926 SMILAX   GPD,RULE 3,A=0;B=0,IYO9126666743531 IYO9126666743531,IYO9126666743531 1965266024VI,107956139.00,107956139.00,0.00,0.00,2022-10-15,2022-10-15,0,"Publisher-labeled 1:1 match; numerical differences are review evidence, not a fraud/loss label."
123196392080,772004017495,866294147600,USD_2022-09-15_ACC#00001_66912     0250702507115929167666                ANDI SEMSEM DIP WOLD SMILAX   BOLL      00115929167666                ANDI SEMSEM DIP  WOLD,USD_2022-09-15_ACC#00001_66912     0250702507115929167666                ANDI SEMSEM DIP WOLD SMILAX   BOLL      00115929167666                ANDI SEMSEM DIP  WOLD,RULE 4,A=0;B=0,001159291 67666 BREI369 L9MM7RO                                                                 UPCLOSER SAUNT TYPY DE -,001159291-767-0 8917066084VI,35720.00,35720.00,0.00,0.00,2022-09-15,2022-09-15,0,"Publisher-labeled 1:1 match; numerical differences are review evidence, not a fraud/loss label."
123219711060,955349628606,224362014558,USD_2022-09-30_ACC#00001_66912     0638106381140840588856EPEE970         MORIBUND ROTENONES S SMILAX   BOLL      00140840588856EPEE970         MORIBUND ZYGNEMA SK HYRACIFORM,USD_2022-09-30_ACC#00001_66912     0638106381140840588856EPEE970         MORIBUND ROTENONES S SMILAX   BOLL      00140840588856EPEE970         MORIBUND ZYGNEMA SK HYRACIFORM,RULE 1,A=0;B=0,001408405 88856 EPEE970                                                                         UPCLOSER MONOCOQUE GAB -,VOLERY 8891915666FP,2624019.70,2624019.70,0.00,0.00,2022-09-30,2022-09-30,0,"Publisher-labeled 1:1 match; numerical differences are review evidence, not a fraud/loss label."
123228445384,811170050041,803358374960,USD_2022-09-16_ACC#00001_66912     6602466024MOY MIGS JOQV GYNICS SAGER  YN6053 SB SMILAX   GESS      JOQGE MIGS JOQV GYNICS SAGER  YN6053 SB,USD_2022-09-16_ACC#00001_66912     6602466024MOY MIGS JOQV GYNICS SAGER  YN6053 SB SMILAX   GESS      JOQGE MIGS JOQV GYNICS SAGER  YN6053 SB,RULE 4,A=0;B=0,726369 666666667662241,912DIP237246 5560466082VI,63707.73,63707.73,0.00,0.00,2022-09-16,2022-09-16,0,"Publisher-labeled 1:1 match; numerical differences are review evidence, not a fraud/loss label."
123304621766,22760563082,898525548378,USD_2022-12-31_ACC#00001_66912     66325663250 32566TRONR 088            JOQVY - ELUVIA - SMILAX   GFG       VC0 32566TRONR 088            JOQVY - ELUVIA -,USD_2022-12-31_ACC#00001_66912     66325663250 32566TRONR 088            JOQVY - ELUVIA - SMILAX   GFG       VC0 32566TRONR 088            JOQVY - ELUVIA -,RULE 3,A=0;B=0,32566TRONR 32566TRONR                                                                      JOQVY - ELUVIA -,32566TRONR 4307166737VI,853.55,853.55,0.00,0.00,2022-12-31,2022-12-31,0,"Publisher-labeled 1:1 match; numerical differences are review evidence, not a fraud/loss label."
123331242346,279229558186,672130674539,USD_2022-12-10_ACC#00001_66912     66325663250 32566TO2JG 088            JOQVY - BAS - DG SMILAX   GFG       VC0 32566TO2JG 088            JOQVY - BAS - DG,USD_2022-12-10_ACC#00001_66912     66325663250 32566TO2JG 088            JOQVY - BAS - DG SMILAX   GFG       VC0 32566TO2JG 088            JOQVY - BAS - DG,RULE 3,A=0;B=0,32566TO2JG 32566TO2JG                                                                      JOQVY - BAS - DG,32566TO2JG 8174866717VI,8922.34,8922.34,0.00,0.00,2022-12-10,2022-12-10,0,"Publisher-labeled 1:1 match; numerical differences are review evidence, not a fraud/loss label."
123373582659,865739001935,101541213682,USD_2022-10-13_ACC#00001_66912     6682866828SHAMESICK FROM JAUN UNFED   JOQOEV HUMP FGDK SMILAX   FGGQQ     PHOTOACTIVE FROM JAUN UNFED   JOQOEV HUMP FGDK               029666081066666666,USD_2022-10-13_ACC#00001_66912     6682866828SHAMESICK FROM JAUN UNFED   JOQOEV HUMP FGDK SMILAX   FGGQQ     PHOTOACTIVE FROM JAUN UNFED   JOQOEV HUMP FGDK               029666081066666666,RULE 1,A=0;B=0,6666666662932544 JOQOEV HUMP FGDK,VOLERY 6668766028XY,-1448000000.00,-1448000000.00,0.00,0.00,2022-10-13,2022-10-13,0,"Publisher-labeled 1:1 match; numerical differences are review evidence, not a fraud/loss label."
123395933240,843998085568,426981785847,USD_2022-11-10_ACC#00001_66912     66325663250 32566B5MNA 088            JOQVY DE -ELUVIA SMILAX   GFG       VC0 32566B5MNA 088            JOQVY DE -ELUVIA,USD_2022-11-10_ACC#00001_66912     66325663250 32566B5MNA 088            JOQVY DE -ELUVIA SMILAX   GFG       VC0 32566B5MNA 088            JOQVY DE -ELUVIA,RULE 3,A=0;B=0,32566B5MNA 32566B5MNA                                                                      JOQVY DE -ELUVIA,32566B5MNA 6345366767VI,1876.08,1876.08,0.00,0.00,2022-11-10,2022-11-10,0,"Publisher-labeled 1:1 match; numerical differences are review evidence, not a fraud/loss label."
123429467632,683972564887,786466257311,USD_2022-09-22_ACC#00001_66912     0156801568133491117808DOYST68         MORIBUND ROTENONES S SMILAX   BOLL      00133491117808DOYST68         MORIBUND ZYGNEMA SK HYRACIFORM,USD_2022-09-22_ACC#00001_66912     0156801568133491117808DOYST68         MORIBUND ROTENONES S SMILAX   BOLL      00133491117808DOYST68         MORIBUND ZYGNEMA SK HYRACIFORM,RULE 4,A=0;B=0,001334911 17808 DOYST68                                                                         DIANITE ANIMI VOWED AGHAN,VOLERY 8810307666FP,3216560.00,3216560.00,0.00,0.00,2022-09-22,2022-09-22,0,"Publisher-labeled 1:1 match; numerical differences are review evidence, not a fraud/loss label."
123444565393,98211046518,480476417024,USD_2022-09-22_ACC#00001_66912     0256602566 SMILAX   FGGKR,USD_2022-09-22_ACC#00001_66912     0256602566 SMILAX   FGGKR,RULE 4,A=0;B=0,32020763 ALME7U0294JOQG7U                                                                JO TONITE SAUNT 664952723,V846856567240675 8007766031VI,-128369.91,-128369.91,0.00,0.00,2022-09-22,2022-09-22,0,"Publisher-labeled 1:1 match; numerical differences are review evidence, not a fraud/loss label."
123480705961,201524542508,261973672166,USD_2022-11-02_ACC#00001_66912     6692666926 SMILAX   GPD,USD_2022-11-02_ACC#00001_66912     6692666926 SMILAX   GPD,RULE 3,A=0;B=0,IYO9126666726919 IYO9126666726919,IYO9126666726919 5950766098VI,1509222.00,1509222.00,0.00,0.00,2022-11-02,2022-11-02,0,"Publisher-labeled 1:1 match; numerical differences are review evidence, not a fraud/loss label."
123484321022,124893552581,920336279056,USD_2022-10-13_ACC#00001_66912     0670806708149894314407JADE660         MORIBUND ROTENONES S SMILAX   BOLL      00149894314407JADE660         MORIBUND ZYGNEMA SK HYRACIFORM,USD_2022-10-13_ACC#00001_66912     0670806708149894314407JADE660         MORIBUND ROTENONES S SMILAX   BOLL      00149894314407JADE660         MORIBUND ZYGNEMA SK HYRACIFORM,RULE 1,A=0;B=0,001498943 14407 JADE660                                                                         LIXIVIA NYCTERIDAE NA HIN,VOLERY 8358865666FP,21520.02,21520.02,0.00,0.00,2022-10-13,2022-10-13,0,"Publisher-labeled 1:1 match; numerical differences are review evidence, not a fraud/loss label."
123484394508,680741371574,325735288343,USD_2022-09-29_ACC#00001_66912     0976909769139928319262CHARE58         MORIBUND VEXES WHUFF SMILAX   BOLL      00139928319262CHARE58         MORIBUND VEXES S FOMALHAUT,USD_2022-09-29_ACC#00001_66912     0976909769139928319262CHARE58         MORIBUND VEXES WHUFF SMILAX   BOLL      00139928319262CHARE58         MORIBUND VEXES S FOMALHAUT,RULE 1,A=0;B=0,001399283 19262 CHARE58                                                                         FWD ETHERIFIES PREREALIZE,VOLERY 8858710666FP,-918900.00,-918900.00,0.00,0.00,2022-09-29,2022-09-29,0,"Publisher-labeled 1:1 match; numerical differences are review evidence, not a fraud/loss label."
123502832405,163168524850,680138053163,USD_2022-10-15_ACC#00001_66912     0670806708127049114407JAUP422         MORIBUND ROTENONES S SMILAX   BOLL      00127049114407JAUP422         MORIBUND ZYGNEMA SK HYRACIFORM,USD_2022-10-15_ACC#00001_66912     0670806708127049114407JAUP422         MORIBUND ROTENONES S SMILAX   BOLL      00127049114407JAUP422         MORIBUND ZYGNEMA SK HYRACIFORM,RULE 1,A=0;B=0,001270491 14407 JAUP422                                                                         UPCLOSER MONOCOQUE GAB -,VOLERY 8468539666FP,93812.26,93812.26,0.00,0.00,2022-10-15,2022-10-15,0,"Publisher-labeled 1:1 match; numerical differences are review evidence, not a fraud/loss label."
123573369831,388417891362,34040761909,USD_2022-12-25_ACC#00001_66912     0600606006809094067040SENSU28         MORIBUND ROTENONES S SMILAX   BOLL      00809094067040SENSU28         MORIBUND ZYGNEMA SK HYRACIFORM,USD_2022-12-25_ACC#00001_66912     0600606006809094067040SENSU28         MORIBUND ROTENONES S SMILAX   BOLL      00809094067040SENSU28         MORIBUND ZYGNEMA SK HYRACIFORM,RULE 1,A=0;B=0,008090940 67040 SENSU28                                                                         NIGROUS VOWED FUTHERMORE,VOLERY 3008353666FP,312811.00,312811.00,0.00,0.00,2022-12-25,2022-12-25,0,"Publisher-labeled 1:1 match; numerical differences are review evidence, not a fraud/loss label."
123602066693,470524296004,254190772794,USD_2022-12-09_ACC#00001_66912     66325663250 32566TUMKP 088            JOQVY - BAS - DG SMILAX   GFG       VC0 32566TUMKP 088            JOQVY - BAS - DG,USD_2022-12-09_ACC#00001_66912     66325663250 32566TUMKP 088            JOQVY - BAS - DG SMILAX   GFG       VC0 32566TUMKP 088            JOQVY - BAS - DG,RULE 1,A=0;B=0,32566TUMKP 32566TUMKP                                                                      JOQVY - BAS - DG,322756AL61156675 6029066710VI,-890212.43,-890212.43,0.00,0.00,2022-12-09,2022-12-09,0,"Publisher-labeled 1:1 match; numerical differences are review evidence, not a fraud/loss label."
123677619671,705231463347,38934033393,USD_2022-11-17_ACC#00001_66912     6033960339 SMILAX   GPD,USD_2022-11-17_ACC#00001_66912     6033960339 SMILAX   GPD,RULE 3,A=0;B=0,AHT9126666723049 AHT9126666723049,AHT9126666723049 9264566769VI,36190617.00,36190617.00,0.00,0.00,2022-11-17,2022-11-17,0,"Publisher-labeled 1:1 match; numerical differences are review evidence, not a fraud/loss label."
12369272068,699294542133,430176366544,USD_2022-10-27_ACC#00001_66912     0156801568150315317667REOWN81         MORIBUND VEXES WHUFF SMILAX   BOLL      00150315317667REOWN81         MORIBUND VEXES S FOMALHAUT,USD_2022-10-27_ACC#00001_66912     0156801568150315317667REOWN81         MORIBUND VEXES WHUFF SMILAX   BOLL      00150315317667REOWN81         MORIBUND VEXES S FOMALHAUT,RULE 1,A=0;B=0,001503153 17667 REOWN81                                                                         GHERAOED ASSUMER PETIOLAR,VOLERY 8425464666FP,-3029594.99,-3029594.99,0.00,0.00,2022-10-27,2022-10-27,0,"Publisher-labeled 1:1 match; numerical differences are review evidence, not a fraud/loss label."
123708612740,244053015163,582181262832,USD_2022-12-30_ACC#00001_66912     0122001220877974812660CANGY47         MORIBUND ROTENONES S SMILAX   BOLL      00877974812660CANGY47         MORIBUND ZYGNEMA SK HYRACIFORM,USD_2022-12-30_ACC#00001_66912     0122001220877974812660CANGY47         MORIBUND ROTENONES S SMILAX   BOLL      00877974812660CANGY47         MORIBUND ZYGNEMA SK HYRACIFORM,RULE 1,A=0;B=0,008779748 12660 CANGY47                                                                         PREOCCUR CROM MESSER VAMP,VOLERY 3018652666FP,230374.05,230374.05,0.00,0.00,2022-12-30,2022-12-30,0,"Publisher-labeled 1:1 match; numerical differences are review evidence, not a fraud/loss label."
12373548297,410146241661,787390846396,USD_2022-10-29_ACC#00001_66912     66325663250 32566B13R0 088             SLATTERN EU OEV SMILAX   GFG       VC0 32566B13R0 088             SLATTERN EU OEV,USD_2022-10-29_ACC#00001_66912     66325663250 32566B13R0 088             SLATTERN EU OEV SMILAX   GFG       VC0 32566B13R0 088             SLATTERN EU OEV,RULE 1,A=0;B=0,32566B13R0 32566B13R0                                                                       SLATTERN EU OEV,LUNY3E6666JOQG7U 7596666096XD,-63580.00,-63580.00,0.00,0.00,2022-10-29,2022-10-29,0,"Publisher-labeled 1:1 match; numerical differences are review evidence, not a fraud/loss label."
123743261187,778061789451,967795414845,USD_2022-10-09_ACC#00001_66912     0147701477149144441477KAVI027         OFF TMH TIRO FAMES SMILAX   BOLL      00149144441477KAVI027         OFF TMH TIRO HAU BT,USD_2022-10-09_ACC#00001_66912     0147701477149144441477KAVI027         OFF TMH TIRO FAMES SMILAX   BOLL      00149144441477KAVI027         OFF TMH TIRO HAU BT,RULE 1,A=0;B=0,001491444 41477 KAVI027 L9Y45NT                                                                 UPCLOSER MONOCOQUE GAB -,VOLERY 8343665666FP,-25869108.61,-25869108.61,0.00,0.00,2022-10-09,2022-10-09,0,"Publisher-labeled 1:1 match; numerical differences are review evidence, not a fraud/loss label."
123751346349,326452564347,246823595249,USD_2022-11-18_ACC#00001_66912     0147701477193873141477MEGGY88         OFF TMH TIRO FAMES SMILAX   BOLL      00193873141477MEGGY88         OFF TMH TIRO HAU BT,USD_2022-11-18_ACC#00001_66912     0147701477193873141477MEGGY88         OFF TMH TIRO FAMES SMILAX   BOLL      00193873141477MEGGY88         OFF TMH TIRO HAU BT,RULE 1,A=0;B=0,001938731 41477 MEGGY88 L9GT43S                                                                 UPCLOSER MONOCOQUE GAB -,VOLERY 8584984666FP,-50657134.66,-50657134.66,0.00,0.00,2022-11-18,2022-11-18,0,"Publisher-labeled 1:1 match; numerical differences are review evidence, not a fraud/loss label."
123802652398,368473101879,846531154864,USD_2022-10-29_ACC#00001_66912     0250702507130768 67666                SEMSEM ODONTOLOGY AZ SMILAX   BOLL      RM130768 67666                SEMSEM STOPHOUND T HYRACIFORM,USD_2022-10-29_ACC#00001_66912     0250702507130768 67666                SEMSEM ODONTOLOGY AZ SMILAX   BOLL      RM130768 67666                SEMSEM STOPHOUND T HYRACIFORM,RULE 1,A=0;B=0,RM130768  67666 DIANITE ANIMI KINESIOLOGY,VOLERY 3325466096XD,-93450.00,-93450.00,0.00,0.00,2022-10-29,2022-10-29,0,"Publisher-labeled 1:1 match; numerical differences are review evidence, not a fraud/loss label."
123833054448,696997148192,814098360650,USD_2022-12-22_ACC#00001_66912     0141601416631213141416                IPL ODONTOLOGY WHUFF SMILAX   BOLL      VU631213141416                IPL ODONTOLOGY S FOMALHAUT,USD_2022-12-22_ACC#00001_66912     0141601416631213141416                IPL ODONTOLOGY WHUFF SMILAX   BOLL      VU631213141416                IPL ODONTOLOGY S FOMALHAUT,RULE 1,A=0;B=0,VU6312131 41416 DUPPY YO TRIFOLY MAECENAS,VOLERY 1293866788CQ,-2188345.50,-2188345.50,0.00,0.00,2022-12-22,2022-12-22,0,"Publisher-labeled 1:1 match; numerical differences are review evidence, not a fraud/loss label."
123840552135,596555678710,664009622897,USD_2022-12-25_ACC#00001_66912     66325663250 32566TAGAM 088            JO TONITE AGGEST SMILAX   GFG       VC0 32566TAGAM 088            JO TONITE AGGEST,USD_2022-12-25_ACC#00001_66912     66325663250 32566TAGAM 088            JO TONITE AGGEST SMILAX   GFG       VC0 32566TAGAM 088            JO TONITE AGGEST,RULE 1,A=0;B=0,32566TAGAM 32566TAGAM                                                                      JO TONITE AGGEST,779756BW61899051 L-1201766784VI,-161596.72,-161596.72,0.00,0.00,2022-12-25,2022-12-25,0,"Publisher-labeled 1:1 match; numerical differences are review evidence, not a fraud/loss label."
123858267091,551844915564,650548695451,USD_2022-12-17_ACC#00001_66912     0670806708808680914407SNORK73         MORIBUND ROTENONES S SMILAX   BOLL      00808680914407SNORK73         MORIBUND ZYGNEMA SK HYRACIFORM,USD_2022-12-17_ACC#00001_66912     0670806708808680914407SNORK73         MORIBUND ROTENONES S SMILAX   BOLL      00808680914407SNORK73         MORIBUND ZYGNEMA SK HYRACIFORM,RULE 1,A=0;B=0,008086809 14407 SNORK73                                                                         UPCLOSER MONOCOQUE GAB -,VOLERY 3633988666FP,549490.88,549490.88,0.00,0.00,2022-12-17,2022-12-17,0,"Publisher-labeled 1:1 match; numerical differences are review evidence, not a fraud/loss label."
123860937004,464876540122,323971430716,USD_2022-10-15_ACC#00001_66912     0122701227149047812667DOYST55         MORIBUND ROTENONES S SMILAX   BOLL      00149047812667DOYST55         MORIBUND ZYGNEMA SK HYRACIFORM,USD_2022-10-15_ACC#00001_66912     0122701227149047812667DOYST55         MORIBUND ROTENONES S SMILAX   BOLL      00149047812667DOYST55         MORIBUND ZYGNEMA SK HYRACIFORM,RULE 1,A=0;B=0,001490478 12667 DOYST55                                                                         DIANITE ANIMI VOWED AGHAN,VOLERY 8464000666FP,2240910.90,2240910.90,0.00,0.00,2022-10-15,2022-10-15,0,"Publisher-labeled 1:1 match; numerical differences are review evidence, not a fraud/loss label."
123882285022,870117511989,378767412867,USD_2022-10-16_ACC#00001_66912     0603606036128956367888EPEE553         IF TMH SEE FAMES SMILAX   BOLL      00128956367888EPEE553         IF TMH SEE FAMES,USD_2022-10-16_ACC#00001_66912     0603606036128956367888EPEE553         IF TMH SEE FAMES SMILAX   BOLL      00128956367888EPEE553         IF TMH SEE FAMES,RULE 1,A=0;B=0,001289563 67888 EPEE553 L9Y56NL                                                                 JO TONITE ETHERIFIES GAB,VOLERY 8404286666FP,20240200.00,20240200.00,0.00,0.00,2022-10-16,2022-10-16,0,"Publisher-labeled 1:1 match; numerical differences are review evidence, not a fraud/loss label."
12391428408,104701183953,693293342193,USD_2022-12-15_ACC#00001_66912     0256602566 SMILAX   FGGKR,USD_2022-12-15_ACC#00001_66912     0256602566 SMILAX   FGGKR,RULE 1,A=0;B=0,32280070 ALME7U4242JOQG7U                                                                JO TONITE SAUNT 664952723,V139516767034418 8497666712VI,-8179607.70,-8179607.70,0.00,0.00,2022-12-15,2022-12-15,0,"Publisher-labeled 1:1 match; numerical differences are review evidence, not a fraud/loss label."
123921104427,761674758617,128873350450,USD_2022-12-01_ACC#00001_66912     0670806708867579714407AMAL671         MORIBUND VEXES WHUFF SMILAX   BOLL      00867579714407AMAL671         MORIBUND VEXES S FOMALHAUT,USD_2022-12-01_ACC#00001_66912     0670806708867579714407AMAL671         MORIBUND VEXES WHUFF SMILAX   BOLL      00867579714407AMAL671         MORIBUND VEXES S FOMALHAUT,RULE 1,A=0;B=0,008675797 14407 AMAL671                                                                         UPCLOSER MONOCOQUE GAB -,VOLERY 8915511666FP,-58783.00,-58783.00,0.00,0.00,2022-12-01,2022-12-01,0,"Publisher-labeled 1:1 match; numerical differences are review evidence, not a fraud/loss label."
123955934629,121152445814,187893737332,USD_2022-10-13_ACC#00001_66912     66325663250 32566AAPMF 088            JOQVY - BAS - AK SMILAX   GFG       VC0 32566AAPMF 088            JOQVY - BAS - AK,USD_2022-10-13_ACC#00001_66912     66325663250 32566AAPMF 088            JOQVY - BAS - AK SMILAX   GFG       VC0 32566AAPMF 088            JOQVY - BAS - AK,RULE 1,A=0;B=0,32566AAPMF 32566AAPMF                                                                      JOQVY - BAS - AK,2924566602808251 1230066021VI,-9745164.73,-9745164.73,0.00,0.00,2022-10-13,2022-10-13,0,"Publisher-labeled 1:1 match; numerical differences are review evidence, not a fraud/loss label."
123973810888,60725509811,968165828672,USD_2022-11-12_ACC#00001_66912     0670806708159505314407ATMA858         MORIBUND VEXES WHUFF SMILAX   BOLL      00159505314407ATMA858         MORIBUND VEXES S FOMALHAUT,USD_2022-11-12_ACC#00001_66912     0670806708159505314407ATMA858         MORIBUND VEXES WHUFF SMILAX   BOLL      00159505314407ATMA858         MORIBUND VEXES S FOMALHAUT,RULE 1,A=0;B=0,001595053 14407 ATMA858                                                                         UPCLOSER MONOCOQUE GAB -,VOLERY 8565239666FP,-44223.44,-44223.44,0.00,0.00,2022-11-12,2022-11-12,0,"Publisher-labeled 1:1 match; numerical differences are review evidence, not a fraud/loss label."
124007726654,575732326179,330402068477,USD_2022-12-17_ACC#00001_66912     66325663250 32566TBPV9 088            JOQVY DE -ELUVIA SMILAX   GFG       VC0 32566TBPV9 088            JOQVY DE -ELUVIA,USD_2022-12-17_ACC#00001_66912     66325663250 32566TBPV9 088            JOQVY DE -ELUVIA SMILAX   GFG       VC0 32566TBPV9 088            JOQVY DE -ELUVIA,RULE 1,A=0;B=0,32566TBPV9 32566TBPV9                                                                      JOQVY DE -ELUVIA,322746AL68774959 6395966715VI,-3348263.05,-3348263.05,0.00,0.00,2022-12-17,2022-12-17,0,"Publisher-labeled 1:1 match; numerical differences are review evidence, not a fraud/loss label."
124013450386,506604098882,765175234901,USD_2022-10-23_ACC#00001_66912     666606666093675                       JJ44931482 SMILAX   GESS      0493675                       JJ44931482,USD_2022-10-23_ACC#00001_66912     666606666093675                       JJ44931482 SMILAX   GESS      0493675                       JJ44931482,RULE 1,A=0;B=0,604936 666666661661919,VOLERY 0032866058CQ,-2689.56,-2689.56,0.00,0.00,2022-10-23,2022-10-23,0,"Publisher-labeled 1:1 match; numerical differences are review evidence, not a fraud/loss label."
124086257239,95192560949,193767370250,USD_2022-11-11_ACC#00001_66912     0603606036190318967888POSSE29         IF TMH SEE FAMES SMILAX   BOLL      00190318967888POSSE29         IF TMH SEE FAMES,USD_2022-11-11_ACC#00001_66912     0603606036190318967888POSSE29         IF TMH SEE FAMES SMILAX   BOLL      00190318967888POSSE29         IF TMH SEE FAMES,RULE 1,A=0;B=0,001903189 67888 POSSE29 L9MU5OG                                                                 JO TONITE ETHERIFIES GAB,VOLERY 8295313666FP,5653100.00,5653100.00,0.00,0.00,2022-11-11,2022-11-11,0,"Publisher-labeled 1:1 match; numerical differences are review evidence, not a fraud/loss label."
124097707865,882055745365,918744408332,USD_2022-10-09_ACC#00001_66912     0670806708145371214476HUBBA47         MORIBUND ROTENONES S SMILAX   BOLL      00145371214476HUBBA47         MORIBUND ZYGNEMA SK HYRACIFORM,USD_2022-10-09_ACC#00001_66912     0670806708145371214476HUBBA47         MORIBUND ROTENONES S SMILAX   BOLL      00145371214476HUBBA47         MORIBUND ZYGNEMA SK HYRACIFORM,RULE 1,A=0;B=0,001453712 14476 HUBBA47                                                                         UPCLOSER MONOCOQUE GAB -,VOLERY 8348429666FP,40601.24,40601.24,0.00,0.00,2022-10-09,2022-10-09,0,"Publisher-labeled 1:1 match; numerical differences are review evidence, not a fraud/loss label."
124111967200,161796532977,825748603495,USD_2022-10-22_ACC#00001_66912     66325663250 32566B6KJ0 088            JOQVY - ELUVIA - SMILAX   GFG       VC0 32566B6KJ0 088            JOQVY - ELUVIA -,USD_2022-10-22_ACC#00001_66912     66325663250 32566B6KJ0 088            JOQVY - ELUVIA - SMILAX   GFG       VC0 32566B6KJ0 088            JOQVY - ELUVIA -,RULE 1,A=0;B=0,32566B6KJ0 32566B6KJ0                                                                      JOQVY - ELUVIA -,322746AL68118214 0300266057VI,-526708.82,-526708.82,0.00,0.00,2022-10-22,2022-10-22,0,"Publisher-labeled 1:1 match; numerical differences are review evidence, not a fraud/loss label."
124199425412,287023903818,166539627992,USD_2022-10-26_ACC#00001_66912     0670806708125126714476HUBBA77         MORIBUND ROTENONES S SMILAX   BOLL      00125126714476HUBBA77         MORIBUND ZYGNEMA SK HYRACIFORM,USD_2022-10-26_ACC#00001_66912     0670806708125126714476HUBBA77         MORIBUND ROTENONES S SMILAX   BOLL      00125126714476HUBBA77         MORIBUND ZYGNEMA SK HYRACIFORM,RULE 1,A=0;B=0,001251267 14476 HUBBA77                                                                         UPCLOSER MONOCOQUE GAB -,VOLERY 8445193666FP,22609.98,22609.98,0.00,0.00,2022-10-26,2022-10-26,0,"Publisher-labeled 1:1 match; numerical differences are review evidence, not a fraud/loss label."
124202623792,430161129862,490534855668,USD_2022-11-17_ACC#00001_66912     0617006170193648812101OKET656         MORIBUND VEXES WHUFF SMILAX   BOLL      00193648812101OKET656         MORIBUND VEXES S FOMALHAUT,USD_2022-11-17_ACC#00001_66912     0617006170193648812101OKET656         MORIBUND VEXES WHUFF SMILAX   BOLL      00193648812101OKET656         MORIBUND VEXES S FOMALHAUT,RULE 1,A=0;B=0,001936488 12101 OKET656                                                                         BURTREE VIVER KINESIOLOGY,VOLERY 8512703666FP,-3070135.24,-3070135.24,0.00,0.00,2022-11-17,2022-11-17,0,"Publisher-labeled 1:1 match; numerical differences are review evidence, not a fraud/loss label."
124236367438,713402322588,941490198934,USD_2022-11-27_ACC#00001_66912     0670806708867802014484OKET078         MORIBUND VEXES WHUFF SMILAX   BOLL      00867802014484OKET078         MORIBUND VEXES S FOMALHAUT,USD_2022-11-27_ACC#00001_66912     0670806708867802014484OKET078         MORIBUND VEXES WHUFF SMILAX   BOLL      00867802014484OKET078         MORIBUND VEXES S FOMALHAUT,RULE 1,A=0;B=0,008678020 14484 OKET078                                                                         UPCLOSER MONOCOQUE GAB -,VOLERY 8905861666FP,-2226684.35,-2226684.35,0.00,0.00,2022-11-27,2022-11-27,0,"Publisher-labeled 1:1 match; numerical differences are review evidence, not a fraud/loss label."
124272466119,629580564633,317804899493,USD_2022-11-04_ACC#00001_66912     6033960339 SMILAX   GPD,USD_2022-11-04_ACC#00001_66912     6033960339 SMILAX   GPD,RULE 1,A=0;B=0,AHT9126666720541 AHT9126666720541,VOLERY 7817266094MT,-359000.00,-359000.00,0.00,0.00,2022-11-04,2022-11-04,0,"Publisher-labeled 1:1 match; numerical differences are review evidence, not a fraud/loss label."
124296790605,757503114197,882056355779,USD_2022-09-10_ACC#00001_66912     66325663250 32566D5J3U 088            JOQVY - ELUVIA - SMILAX   GFG       VC0 32566D5J3U 088            JOQVY - ELUVIA -,USD_2022-09-10_ACC#00001_66912     66325663250 32566D5J3U 088            JOQVY - ELUVIA - SMILAX   GFG       VC0 32566D5J3U 088            JOQVY - ELUVIA -,RULE 4,A=0;B=0,32566D5J3U 32566D5J3U                                                                      JOQVY - ELUVIA -,32566D5J3U 1219266086VI,32154.95,32154.95,0.00,0.00,2022-09-10,2022-09-10,0,"Publisher-labeled 1:1 match; numerical differences are review evidence, not a fraud/loss label."
124320365103,482517286182,788427784974,USD_2022-09-29_ACC#00001_66912     0141601416140902441416EPEE553         OFF TMH TIRO FAMES SMILAX   BOLL      00140902441416EPEE553         OFF TMH TIRO HAU BT,USD_2022-09-29_ACC#00001_66912     0141601416140902441416EPEE553         OFF TMH TIRO FAMES SMILAX   BOLL      00140902441416EPEE553         OFF TMH TIRO HAU BT,RULE 1,A=0;B=0,001409024 41416 EPEE553 L9Y15RH                                                                 UPCLOSER MONOCOQUE GAB -,VOLERY 8857590666FP,-163205.71,-163205.71,0.00,0.00,2022-09-29,2022-09-29,0,"Publisher-labeled 1:1 match; numerical differences are review evidence, not a fraud/loss label."
124331639440,84069207999,453108259314,USD_2022-10-16_ACC#00001_66912     0608206082127859567399HAUSA16         MORIBUND ROTENONES S SMILAX   BOLL      00127859567399HAUSA16         MORIBUND ZYGNEMA SK HYRACIFORM,USD_2022-10-16_ACC#00001_66912     0608206082127859567399HAUSA16         MORIBUND ROTENONES S SMILAX   BOLL      00127859567399HAUSA16         MORIBUND ZYGNEMA SK HYRACIFORM,RULE 1,A=0;B=0,001278595 67399 HAUSA16                                                                         FVT VOWED FUTHERMORE GAUR,VOLERY 8403347666FP,118296.27,118296.27,0.00,0.00,2022-10-16,2022-10-16,0,"Publisher-labeled 1:1 match; numerical differences are review evidence, not a fraud/loss label."
124348008863,269619547733,373331803141,USD_2022-10-07_ACC#00001_66912     66325663250 32566CH61X 088            ESNE - OL OGPU L SMILAX   GFG       VC0 32566CH61X 088            ESNE - OL OGPU L,USD_2022-10-07_ACC#00001_66912     66325663250 32566CH61X 088            ESNE - OL OGPU L SMILAX   GFG       VC0 32566CH61X 088            ESNE - OL OGPU L,RULE 1,A=0;B=0,32566CH61X 32566CH61X                                                                      ESNE - OL OGPU L,183746AL68107816 5711566045VI,-32.74,-32.74,0.00,0.00,2022-10-07,2022-10-07,0,"Publisher-labeled 1:1 match; numerical differences are review evidence, not a fraud/loss label."
124351258691,375842858334,338511017940,USD_2022-12-17_ACC#00001_66912     0608706087801448115601NAPE186         MORIBUND ROTENONES S SMILAX   BOLL      00801448115601NAPE186         MORIBUND ZYGNEMA SK HYRACIFORM,USD_2022-12-17_ACC#00001_66912     0608706087801448115601NAPE186         MORIBUND ROTENONES S SMILAX   BOLL      00801448115601NAPE186         MORIBUND ZYGNEMA SK HYRACIFORM,RULE 1,A=0;B=0,008014481 15601 NAPE186                                                                         EXIT NONREGULATIVE TYPY,VOLERY 3633913666FP,224650.06,224650.06,0.00,0.00,2022-12-17,2022-12-17,0,"Publisher-labeled 1:1 match; numerical differences are review evidence, not a fraud/loss label."
12436101672,165198985705,732932892771,USD_2022-10-27_ACC#00001_66912     09999099990666H3         6666666666 SMILAX   FGGKR     FW0666H3         6666666666,USD_2022-10-27_ACC#00001_66912     09999099990666H3         6666666666 SMILAX   FGGKR     FW0666H3         6666666666,RULE 3,A=0;B=0,12535431 V12535431                                                                       GVKYHE          666610809,V125354316218113 7501166055VI,592586.99,592586.99,0.00,0.00,2022-10-27,2022-10-27,0,"Publisher-labeled 1:1 match; numerical differences are review evidence, not a fraud/loss label."
124367407152,512065211607,726225163618,USD_2022-09-23_ACC#00001_66912     02566025660666H3         6666666666 SMILAX   FGGKR     FW0666H3         6666666666,USD_2022-09-23_ACC#00001_66912     02566025660666H3         6666666666 SMILAX   FGGKR     FW0666H3         6666666666,RULE 4,A=0;B=0,32768360 V32768360                                                                       JO TONITE SAUNT 664952723,T313055622586660 0655622586,800000.00,800000.00,0.00,0.00,2022-09-23,2022-09-23,0,"Publisher-labeled 1:1 match; numerical differences are review evidence, not a fraud/loss label."
124417378667,722270505085,482251250809,USD_2022-11-05_ACC#00001_66912     0646406464153726461008MOVE684         MORIBUND ROTENONES S SMILAX   BOLL      00153726461008MOVE684         MORIBUND ZYGNEMA SK HYRACIFORM,USD_2022-11-05_ACC#00001_66912     0646406464153726461008MOVE684         MORIBUND ROTENONES S SMILAX   BOLL      00153726461008MOVE684         MORIBUND ZYGNEMA SK HYRACIFORM,RULE 1,A=0;B=0,001537264 61008 MOVE684                                                                         PREOCCUR FUTHERMORE YARAY,VOLERY 8234478666FP,284686.26,284686.26,0.00,0.00,2022-11-05,2022-11-05,0,"Publisher-labeled 1:1 match; numerical differences are review evidence, not a fraud/loss label."
124446940714,736957124214,696431990410,USD_2022-10-29_ACC#00001_66912     6682866828SHAMESICK FROM JAUN UNFED   JOQOEV HUMP FGDK SMILAX   FGGQQ     PHOTOACTIVE FROM JAUN UNFED   JOQOEV HUMP FGDK               029666085366666666,USD_2022-10-29_ACC#00001_66912     6682866828SHAMESICK FROM JAUN UNFED   JOQOEV HUMP FGDK SMILAX   FGGQQ     PHOTOACTIVE FROM JAUN UNFED   JOQOEV HUMP FGDK               029666085366666666,RULE 1,A=0;B=0,6666666669521765 JOQOEV HUMP FGDK,VOLERY 6665266096XY,-1586000000.00,-1586000000.00,0.00,0.00,2022-10-29,2022-10-29,0,"Publisher-labeled 1:1 match; numerical differences are review evidence, not a fraud/loss label."
124505157592,85654962455,5876295227,USD_2022-09-30_ACC#00001_66912     0150101501140632116038FALX368         MORIBUND ROTENONES S SMILAX   BOLL      00140632116038FALX368         MORIBUND ZYGNEMA SK HYRACIFORM,USD_2022-09-30_ACC#00001_66912     0150101501140632116038FALX368         MORIBUND ROTENONES S SMILAX   BOLL      00140632116038FALX368         MORIBUND ZYGNEMA SK HYRACIFORM,MANUAL,A=0;B=0,001406321 16038 FALX368                                                                         UPCLOSER MONOCOQUE GAB -,VOLERY 8897804666FP,3919738.40,3919738.38,-0.02,-0.02,2022-09-30,2022-09-30,0,"Publisher-labeled 1:1 match; numerical differences are review evidence, not a fraud/loss label."
124519896733,489781357047,316598171537,USD_2022-10-20_ACC#00001_66912     0603606036122646367888ROMAN42         IF TMH SEE FAMES SMILAX   BOLL      00122646367888ROMAN42         IF TMH SEE FAMES,USD_2022-10-20_ACC#00001_66912     0603606036122646367888ROMAN42         IF TMH SEE FAMES SMILAX   BOLL      00122646367888ROMAN42         IF TMH SEE FAMES,RULE 1,A=0;B=0,001226463 67888 ROMAN42 L9Y53HO                                                                 JO TONITE ETHERIFIES GAB,VOLERY 8414943666FP,4638277.90,4638277.90,0.00,0.00,2022-10-20,2022-10-20,0,"Publisher-labeled 1:1 match; numerical differences are review evidence, not a fraud/loss label."
124562486015,755126287443,841435295554,USD_2022-11-30_ACC#00001_66912     0638106381867637688856OKET656         MORIBUND ROTENONES S SMILAX   BOLL      00867637688856OKET656         MORIBUND ZYGNEMA SK HYRACIFORM,USD_2022-11-30_ACC#00001_66912     0638106381867637688856OKET656         MORIBUND ROTENONES S SMILAX   BOLL      00867637688856OKET656         MORIBUND ZYGNEMA SK HYRACIFORM,RULE 1,A=0;B=0,008676376 88856 OKET656                                                                         DIANITE ANIMI VOWED AGHAN,VOLERY 8975906666FP,1045817.79,1045817.79,0.00,0.00,2022-11-30,2022-11-30,0,"Publisher-labeled 1:1 match; numerical differences are review evidence, not a fraud/loss label."
124611522095,160356675725,762647650933,USD_2022-10-26_ACC#00001_66912     0670806708125122514476AUG6258         MORIBUND ROTENONES S SMILAX   BOLL      00125122514476AUG6258         MORIBUND ZYGNEMA SK HYRACIFORM,USD_2022-10-26_ACC#00001_66912     0670806708125122514476AUG6258         MORIBUND ROTENONES S SMILAX   BOLL      00125122514476AUG6258         MORIBUND ZYGNEMA SK HYRACIFORM,RULE 1,A=0;B=0,001251225 14476 AUG6258                                                                         UPCLOSER MONOCOQUE GAB -,VOLERY 8445868666FP,48822.42,48822.42,0.00,0.00,2022-10-26,2022-10-26,0,"Publisher-labeled 1:1 match; numerical differences are review evidence, not a fraud/loss label."
124616913120,503856704137,561509434639,USD_2022-09-30_ACC#00001_66912     66325663250 32566AH94Z 088            JOQVY - ELUVIA - SMILAX   GFG       VC0 32566AH94Z 088            JOQVY - ELUVIA -,USD_2022-09-30_ACC#00001_66912     66325663250 32566AH94Z 088            JOQVY - ELUVIA - SMILAX   GFG       VC0 32566AH94Z 088            JOQVY - ELUVIA -,RULE 1,A=0;B=0,32566AH94Z 32566AH94Z                                                                      JOQVY - ELUVIA -,322746AL68106938 4210966040VI,-544243.91,-544243.91,0.00,0.00,2022-09-30,2022-09-30,0,"Publisher-labeled 1:1 match; numerical differences are review evidence, not a fraud/loss label."
124635045498,143580970905,576095009405,USD_2022-12-10_ACC#00001_66912     66325663250 32566TO6MY 088            JOQVY - ELUVIA - SMILAX   GFG       VC0 32566TO6MY 088            JOQVY - ELUVIA -,USD_2022-12-10_ACC#00001_66912     66325663250 32566TO6MY 088            JOQVY - ELUVIA - SMILAX   GFG       VC0 32566TO6MY 088            JOQVY - ELUVIA -,RULE 1,A=0;B=0,32566TO6MY 32566TO6MY                                                                      JOQVY - ELUVIA -,322746AL68185579 7368166710VI,-124250.65,-124250.65,0.00,0.00,2022-12-10,2022-12-10,0,"Publisher-labeled 1:1 match; numerical differences are review evidence, not a fraud/loss label."
124662181025,608168136155,912042854916,USD_2022-10-28_ACC#00001_66912     66325663250 37266B7QBM 088            JOQ TREPIDATORY SMILAX   GFG       VC0 37266B7QBM 088            JOQ TREPIDATORY,USD_2022-10-28_ACC#00001_66912     66325663250 37266B7QBM 088            JOQ TREPIDATORY SMILAX   GFG       VC0 37266B7QBM 088            JOQ TREPIDATORY,RULE 3,A=0;B=0,37266B7QBM 37266B7QBM                                                                      JOQ TREPIDATORY,37266B7QBM 3879166055VI,18298.74,18298.74,0.00,0.00,2022-10-28,2022-10-28,0,"Publisher-labeled 1:1 match; numerical differences are review evidence, not a fraud/loss label."
12467292346,199233366498,603076861267,USD_2022-09-30_ACC#00001_66912     0670806708140206914476CHARE83         MORIBUND ROTENONES S SMILAX   BOLL      00140206914476CHARE83         MORIBUND ZYGNEMA SK HYRACIFORM,USD_2022-09-30_ACC#00001_66912     0670806708140206914476CHARE83         MORIBUND ROTENONES S SMILAX   BOLL      00140206914476CHARE83         MORIBUND ZYGNEMA SK HYRACIFORM,RULE 1,A=0;B=0,001402069 14476 CHARE83                                                                         UPCLOSER MONOCOQUE GAB -,VOLERY 8897841666FP,93502.00,93502.00,0.00,0.00,2022-09-30,2022-09-30,0,"Publisher-labeled 1:1 match; numerical differences are review evidence, not a fraud/loss label."
124807951190,747905441672,567746412636,USD_2022-09-24_ACC#00001_66912     6670866708P 7084266589 602            OARS PISTRIX -V&F TO SMILAX   OARS      IGN 7084266589 602            OARS PISTRIX -V& F SHY         F SHY,USD_2022-09-24_ACC#00001_66912     6670866708P 7084266589 602            OARS PISTRIX -V&F TO SMILAX   OARS      IGN 7084266589 602            OARS PISTRIX -V& F SHY         F SHY,RULE 4,A=0;B=0,7084266589 7084266589                                                                      OARS PISTRIX -V&F SHY,7084266589 1268066033VI,-396443251.00,-396443251.00,0.00,0.00,2022-09-24,2022-09-24,0,"Publisher-labeled 1:1 match; numerical differences are review evidence, not a fraud/loss label."
124813109118,194908338487,979937758765,USD_2022-10-07_ACC#00001_66912     0147701477145152041477JAUP182         IF TMH SEE FAMES SMILAX   BOLL      00145152041477JAUP182         IF TMH SEE FAMES,USD_2022-10-07_ACC#00001_66912     0147701477145152041477JAUP182         IF TMH SEE FAMES SMILAX   BOLL      00145152041477JAUP182         IF TMH SEE FAMES,RULE 1,A=0;B=0,001451520 41477 JAUP182 L9Y44Q3                                                                 UPCLOSER MONOCOQUE GAB -,VOLERY 8383855666FP,8120000.00,8120000.00,0.00,0.00,2022-10-07,2022-10-07,0,"Publisher-labeled 1:1 match; numerical differences are review evidence, not a fraud/loss label."
124827544807,190688422291,736765159425,USD_2022-10-12_ACC#00001_66912     66325663250 32566GS8HP 088            JOQVY - BAS - DG SMILAX   GFG       VC0 32566GS8HP 088            JOQVY - BAS - DG,USD_2022-10-12_ACC#00001_66912     66325663250 32566GS8HP 088            JOQVY - BAS - DG SMILAX   GFG       VC0 32566GS8HP 088            JOQVY - BAS - DG,RULE 1,A=0;B=0,32566GS8HP 32566GS8HP                                                                      JOQVY - BAS - DG,322756AL61367026 6961566021VI,-4570.66,-4570.66,0.00,0.00,2022-10-12,2022-10-12,0,"Publisher-labeled 1:1 match; numerical differences are review evidence, not a fraud/loss label."
124830673804,825048615974,663313622793,USD_2022-09-29_ACC#00001_66912     0156801568140172219475AUG0672         MORIBUND VEXES WHUFF SMILAX   BOLL      00140172219475AUG0672         MORIBUND VEXES S FOMALHAUT,USD_2022-09-29_ACC#00001_66912     0156801568140172219475AUG0672         MORIBUND VEXES WHUFF SMILAX   BOLL      00140172219475AUG0672         MORIBUND VEXES S FOMALHAUT,RULE 1,A=0;B=0,001401722 19475 AUG0672                                                                         UPCLOSER MONOCOQUE GAB -,VOLERY 8857961666FP,-44828355.22,-44828355.22,0.00,0.00,2022-09-29,2022-09-29,0,"Publisher-labeled 1:1 match; numerical differences are review evidence, not a fraud/loss label."
124872074805,238763128592,676493533138,USD_2022-10-27_ACC#00001_66912     0670806708124043114407FALX374         MORIBUND VEXES WHUFF SMILAX   BOLL      00124043114407FALX374         MORIBUND VEXES S FOMALHAUT,USD_2022-10-27_ACC#00001_66912     0670806708124043114407FALX374         MORIBUND VEXES WHUFF SMILAX   BOLL      00124043114407FALX374         MORIBUND VEXES S FOMALHAUT,RULE 1,A=0;B=0,001240431 14407 FALX374                                                                         UPCLOSER MONOCOQUE GAB -,VOLERY 8429475666FP,-44815.01,-44815.01,0.00,0.00,2022-10-27,2022-10-27,0,"Publisher-labeled 1:1 match; numerical differences are review evidence, not a fraud/loss label."
12489378850,740235688576,984355534772,USD_2022-12-11_ACC#00001_66912     0670806708869506614407JADE660         MORIBUND VEXES WHUFF SMILAX   BOLL      00869506614407JADE660         MORIBUND VEXES S FOMALHAUT,USD_2022-12-11_ACC#00001_66912     0670806708869506614407JADE660         MORIBUND VEXES WHUFF SMILAX   BOLL      00869506614407JADE660         MORIBUND VEXES S FOMALHAUT,RULE 1,A=0;B=0,008695066 14407 JADE660                                                                         UPCLOSER MONOCOQUE GAB -,VOLERY 3605261666FP,-84260.09,-84260.09,0.00,0.00,2022-12-11,2022-12-11,0,"Publisher-labeled 1:1 match; numerical differences are review evidence, not a fraud/loss label."
125026782729,796768748342,49273807094,USD_2022-11-03_ACC#00001_66912     0250702507124188867666                ANDI SEMSEM DIP WOLD SMILAX   BOLL      00124188867666                ANDI SEMSEM DIP  WOLD,USD_2022-11-03_ACC#00001_66912     0250702507124188867666                ANDI SEMSEM DIP WOLD SMILAX   BOLL      00124188867666                ANDI SEMSEM DIP  WOLD,RULE 3,A=0;B=0,001241888 67666 MOVE054 L9JP1XA                                                                 UPCLOSER SAUNT TYPY DE -,001241888-767-0 0925266093VI,32690.77,32690.77,0.00,0.00,2022-11-03,2022-11-03,0,"Publisher-labeled 1:1 match; numerical differences are review evidence, not a fraud/loss label."
125063581984,550480202725,657810507539,USD_2022-11-19_ACC#00001_66912     66325663250 32566TIQVE 088            JOQVY - ELUVIA - SMILAX   GFG       VC0 32566TIQVE 088            JOQVY - ELUVIA -,USD_2022-11-19_ACC#00001_66912     66325663250 32566TIQVE 088            JOQVY - ELUVIA - SMILAX   GFG       VC0 32566TIQVE 088            JOQVY - ELUVIA -,RULE 1,A=0;B=0,32566TIQVE 32566TIQVE                                                                      JOQVY - ELUVIA -,322746AL68180360 8549966706VI,-107713.02,-107713.02,0.00,0.00,2022-11-19,2022-11-19,0,"Publisher-labeled 1:1 match; numerical differences are review evidence, not a fraud/loss label."
125070418653,271191334869,782908052604,USD_2022-12-10_ACC#00001_66912     0670806708865510314473RAKEE00         MORIBUND ROTENONES S SMILAX   BOLL      00865510314473RAKEE00         MORIBUND ZYGNEMA SK HYRACIFORM,USD_2022-12-10_ACC#00001_66912     0670806708865510314473RAKEE00         MORIBUND ROTENONES S SMILAX   BOLL      00865510314473RAKEE00         MORIBUND ZYGNEMA SK HYRACIFORM,RULE 1,A=0;B=0,008655103 14473 RAKEE00                                                                         UPCLOSER MONOCOQUE GAB -,VOLERY 3662781666FP,1624284.43,1624284.43,0.00,0.00,2022-12-10,2022-12-10,0,"Publisher-labeled 1:1 match; numerical differences are review evidence, not a fraud/loss label."
125176012367,863087995163,7916763951,USD_2022-09-21_ACC#00001_66912     0603606036133443767888SHOWD61         OFF TMH TIRO FAMES SMILAX   BOLL      00133443767888SHOWD61         OFF TMH TIRO HAU BT,USD_2022-09-21_ACC#00001_66912     0603606036133443767888SHOWD61         OFF TMH TIRO FAMES SMILAX   BOLL      00133443767888SHOWD61         OFF TMH TIRO HAU BT,RULE 4,A=0;B=0,001334437 67888 SHOWD61 L9Y15UP                                                                 JO TONITE ETHERIFIES GAB,VOLERY 8876581666FP,-2856462.57,-2856462.57,0.00,0.00,2022-09-21,2022-09-21,0,"Publisher-labeled 1:1 match; numerical differences are review evidence, not a fraud/loss label."
125190943299,963164132257,512499147593,USD_2022-12-16_ACC#00001_66912     0670806708807371614470SWEAT85         MORIBUND ROTENONES S SMILAX   BOLL      00807371614470SWEAT85         MORIBUND ZYGNEMA SK HYRACIFORM,USD_2022-12-16_ACC#00001_66912     0670806708807371614470SWEAT85         MORIBUND ROTENONES S SMILAX   BOLL      00807371614470SWEAT85         MORIBUND ZYGNEMA SK HYRACIFORM,RULE 1,A=0;B=0,008073716 14470 SWEAT85                                                                         UPCLOSER MONOCOQUE GAB -,VOLERY 3684360666FP,4612469.37,4612469.37,0.00,0.00,2022-12-16,2022-12-16,0,"Publisher-labeled 1:1 match; numerical differences are review evidence, not a fraud/loss label."
125209107399,7481075138,984418546939,USD_2022-09-16_ACC#00001_66912     0638106381131132988856EPEE553         MORIBUND ROTENONES S SMILAX   BOLL      00131132988856EPEE553         MORIBUND ZYGNEMA SK HYRACIFORM,USD_2022-09-16_ACC#00001_66912     0638106381131132988856EPEE553         MORIBUND ROTENONES S SMILAX   BOLL      00131132988856EPEE553         MORIBUND ZYGNEMA SK HYRACIFORM,RULE 4,A=0;B=0,001311329 88856 EPEE553                                                                         UPCLOSER MONOCOQUE GAB -,VOLERY 8159788666FP,23157292.67,23157292.67,0.00,0.00,2022-09-16,2022-09-16,0,"Publisher-labeled 1:1 match; numerical differences are review evidence, not a fraud/loss label."
125216463749,181905958766,107896783859,USD_2022-12-31_ACC#00001_66912     0156801568809262517661NAPE159         MORIBUND ROTENONES S SMILAX   BOLL      00809262517661NAPE159         MORIBUND ZYGNEMA SK HYRACIFORM,USD_2022-12-31_ACC#00001_66912     0156801568809262517661NAPE159         MORIBUND ROTENONES S SMILAX   BOLL      00809262517661NAPE159         MORIBUND ZYGNEMA SK HYRACIFORM,RULE 1,A=0;B=0,008092625 17661 NAPE159                                                                         FAIN GEOMETRINE CUBICLES,VOLERY 3083640666FP,118132.15,118132.15,0.00,0.00,2022-12-31,2022-12-31,0,"Publisher-labeled 1:1 match; numerical differences are review evidence, not a fraud/loss label."
125222441732,926695275871,534339378381,USD_2022-10-05_ACC#00001_66912     0976909769148704519262EPEE553         MORIBUND VEXES WHUFF SMILAX   BOLL      00148704519262EPEE553         MORIBUND VEXES S FOMALHAUT,USD_2022-10-05_ACC#00001_66912     0976909769148704519262EPEE553         MORIBUND VEXES WHUFF SMILAX   BOLL      00148704519262EPEE553         MORIBUND VEXES S FOMALHAUT,RULE 1,A=0;B=0,001487045 19262 EPEE553                                                                         JOQ CROM TYPY - EXPUNGES,VOLERY 8371978666FP,-3520072.70,-3520072.70,0.00,0.00,2022-10-05,2022-10-05,0,"Publisher-labeled 1:1 match; numerical differences are review evidence, not a fraud/loss label."
125243137834,274154948843,623986118572,USD_2022-10-07_ACC#00001_66912     66325663250 32566CH3UI 088            JOQVY DE -ELUVIA SMILAX   GFG       VC0 32566CH3UI 088            JOQVY DE -ELUVIA,USD_2022-10-07_ACC#00001_66912     66325663250 32566CH3UI 088            JOQVY DE -ELUVIA SMILAX   GFG       VC0 32566CH3UI 088            JOQVY DE -ELUVIA,RULE 1,A=0;B=0,32566CH3UI 32566CH3UI                                                                      JOQVY DE -ELUVIA,322746AL68173369 5476566045VI,-211.01,-211.01,0.00,0.00,2022-10-07,2022-10-07,0,"Publisher-labeled 1:1 match; numerical differences are review evidence, not a fraud/loss label."
125259470900,992601412267,5590663039,USD_2022-10-12_ACC#00001_66912     66325663250 32566AAV49 088            JOQVY DE -ELUVIA SMILAX   GFG       VC0 32566AAV49 088            JOQVY DE -ELUVIA,USD_2022-10-12_ACC#00001_66912     66325663250 32566AAV49 088            JOQVY DE -ELUVIA SMILAX   GFG       VC0 32566AAV49 088            JOQVY DE -ELUVIA,RULE 3,A=0;B=0,32566AAV49 32566AAV49                                                                      JOQVY DE -ELUVIA,32566AAV49 0625866021VI,460664.18,460664.18,0.00,0.00,2022-10-12,2022-10-12,0,"Publisher-labeled 1:1 match; numerical differences are review evidence, not a fraud/loss label."
125309827951,460231005745,133158427051,USD_2022-11-20_ACC#00001_66912     6666266662N                           F656358 SMILAX   GESS      ZEE                           F656358,USD_2022-11-20_ACC#00001_66912     6666266662N                           F656358 SMILAX   GESS      ZEE                           F656358,RULE 1,A=0;B=0,646525 666666667839313,SPEC782445 6905566707VI,378.92,378.92,0.00,0.00,2022-11-20,2022-11-20,0,"Publisher-labeled 1:1 match; numerical differences are review evidence, not a fraud/loss label."
125310530603,530748472062,202981313700,USD_2022-12-10_ACC#00001_66912     0147701477800165441477EPEE553         IF TMH SEE FAMES SMILAX   BOLL      00800165441477EPEE553         IF TMH SEE FAMES,USD_2022-12-10_ACC#00001_66912     0147701477800165441477EPEE553         IF TMH SEE FAMES SMILAX   BOLL      00800165441477EPEE553         IF TMH SEE FAMES,RULE 1,A=0;B=0,008001654 41477 EPEE553 L9FV1JO                                                                 UPCLOSER MONOCOQUE GAB -,VOLERY 3665560666FP,50590400.00,50590400.00,0.00,0.00,2022-12-10,2022-12-10,0,"Publisher-labeled 1:1 match; numerical differences are review evidence, not a fraud/loss label."
12533016097,229461634087,806603777693,USD_2022-10-27_ACC#00001_66912     0603606036156408467888ROMAN42         OFF TMH TIRO FAMES SMILAX   BOLL      00156408467888ROMAN42         OFF TMH TIRO HAU BT,USD_2022-10-27_ACC#00001_66912     0603606036156408467888ROMAN42         OFF TMH TIRO FAMES SMILAX   BOLL      00156408467888ROMAN42         OFF TMH TIRO HAU BT,RULE 1,A=0;B=0,001564084 67888 ROMAN42 L9Y91BT                                                                 JO TONITE ETHERIFIES GAB,VOLERY 8425488666FP,-4689930.30,-4689930.30,0.00,0.00,2022-10-27,2022-10-27,0,"Publisher-labeled 1:1 match; numerical differences are review evidence, not a fraud/loss label."
12537018249,6750194432,798685920199,USD_2022-09-17_ACC#00001_66912     0617806178130731067387GULA447         MORIBUND ROTENONES S SMILAX   BOLL      00130731067387GULA447         MORIBUND ZYGNEMA SK HYRACIFORM,USD_2022-09-17_ACC#00001_66912     0617806178130731067387GULA447         MORIBUND ROTENONES S SMILAX   BOLL      00130731067387GULA447         MORIBUND ZYGNEMA SK HYRACIFORM,RULE 4,A=0;B=0,001307310 67387 GULA447                                                                         SIGHT QUETCH EFI,VOLERY 8195022666FP,85009.00,85009.00,0.00,0.00,2022-09-17,2022-09-17,0,"Publisher-labeled 1:1 match; numerical differences are review evidence, not a fraud/loss label."
12537475525,901150681972,992768243876,USD_2022-09-28_ACC#00001_66912     0670806708139504114407MINER91         MORIBUND ROTENONES S SMILAX   BOLL      00139504114407MINER91         MORIBUND ZYGNEMA SK HYRACIFORM,USD_2022-09-28_ACC#00001_66912     0670806708139504114407MINER91         MORIBUND ROTENONES S SMILAX   BOLL      00139504114407MINER91         MORIBUND ZYGNEMA SK HYRACIFORM,RULE 1,A=0;B=0,001395041 14407 MINER91                                                                         UPCLOSER MONOCOQUE GAB -,VOLERY 8827790666FP,10329.54,10329.54,0.00,0.00,2022-09-28,2022-09-28,0,"Publisher-labeled 1:1 match; numerical differences are review evidence, not a fraud/loss label."
125466549968,853826479094,351602136480,USD_2022-10-20_ACC#00001_66912     0676506765123850755570KAVI032         MORIBUND ROTENONES S SMILAX   BOLL      00123850755570KAVI032         MORIBUND ZYGNEMA SK HYRACIFORM,USD_2022-10-20_ACC#00001_66912     0676506765123850755570KAVI032         MORIBUND ROTENONES S SMILAX   BOLL      00123850755570KAVI032         MORIBUND ZYGNEMA SK HYRACIFORM,RULE 1,A=0;B=0,001238507 55570 KAVI032                                                                         JO TONITE ETHERIFIES GAB,VOLERY 8414953666FP,23629425.90,23629425.90,0.00,0.00,2022-10-20,2022-10-20,0,"Publisher-labeled 1:1 match; numerical differences are review evidence, not a fraud/loss label."
125467918660,932031473536,294276175667,USD_2022-10-01_ACC#00001_66912     0670806708146218314407CHARE55         MORIBUND VEXES WHUFF SMILAX   BOLL      00146218314407CHARE55         MORIBUND VEXES S FOMALHAUT,USD_2022-10-01_ACC#00001_66912     0670806708146218314407CHARE55         MORIBUND VEXES WHUFF SMILAX   BOLL      00146218314407CHARE55         MORIBUND VEXES S FOMALHAUT,RULE 1,A=0;B=0,001462183 14407 CHARE55                                                                         TYPY HODFUL NAIL BUT GAUR,VOLERY 8368958666FP,-215428.48,-215428.48,0.00,0.00,2022-10-01,2022-10-01,0,"Publisher-labeled 1:1 match; numerical differences are review evidence, not a fraud/loss label."
125471495566,543519176616,473660765409,USD_2022-10-14_ACC#00001_66912     0256602566 SMILAX   FGGKR,USD_2022-10-14_ACC#00001_66912     0256602566 SMILAX   FGGKR,RULE 1,A=0;B=0,32156230 ALME7U0353JOQG7U                                                                JO TONITE SAUNT 664952723,V297532667183216 5422966023VI,-810000.00,-810000.00,0.00,0.00,2022-10-14,2022-10-14,0,"Publisher-labeled 1:1 match; numerical differences are review evidence, not a fraud/loss label."
125477649208,9021319480,857701214650,USD_2022-12-18_ACC#00001_66912     6682866828SHAMESICK FROM JAUN UNFED   JEE - DESINENT SMILAX   FGGQQ     PHOTOACTIVE FROM JAUN UNFED   JEE - DESINENT                 029666649466796666,USD_2022-12-18_ACC#00001_66912     6682866828SHAMESICK FROM JAUN UNFED   JEE - DESINENT SMILAX   FGGQQ     PHOTOACTIVE FROM JAUN UNFED   JEE - DESINENT                 029666649466796666,RULE 3,A=0;B=0,6666666668673819 P686738197513096                                                                JEE - DESINENT,P686738197513096 4677866786VI,572366900.00,572366900.00,0.00,0.00,2022-12-18,2022-12-18,0,"Publisher-labeled 1:1 match; numerical differences are review evidence, not a fraud/loss label."
125551263793,409697927990,381772386905,USD_2022-11-04_ACC#00001_66912     0122001220158235012660CUMYL52         MORIBUND ROTENONES S SMILAX   BOLL      00158235012660CUMYL52         MORIBUND ZYGNEMA SK HYRACIFORM,USD_2022-11-04_ACC#00001_66912     0122001220158235012660CUMYL52         MORIBUND ROTENONES S SMILAX   BOLL      00158235012660CUMYL52         MORIBUND ZYGNEMA SK HYRACIFORM,RULE 1,A=0;B=0,001582350 12660 CUMYL52                                                                         JOQ CROM TYPY - EXPUNGES,VOLERY 8283512666FP,259900.00,259900.00,0.00,0.00,2022-11-04,2022-11-04,0,"Publisher-labeled 1:1 match; numerical differences are review evidence, not a fraud/loss label."
125554035657,348699551010,644699179381,USD_2022-11-24_ACC#00001_VOYAGE 66912     0670806708192541814476SOUTH86         MORIBUND ROTENONES S,USD_2022-11-24_ACC#00001_VOYAGE 66912     0670806708192541814476SOUTH86         MORIBUND ROTENONES S,RULE 1,A=0;B=0,001925418 14476 SOUTH86                                                                         FWD AI,VOLERY 8555987666FP,24123.80,24123.80,0.00,0.00,2022-11-24,2022-11-24,0,"Publisher-labeled 1:1 match; numerical differences are review evidence, not a fraud/loss label."
125559436630,534534907968,536003355844,USD_2022-10-22_ACC#00001_66912     0609306093124170367005COCT796         MORIBUND VEXES WHUFF SMILAX   BOLL      00124170367005COCT796         MORIBUND VEXES S FOMALHAUT,USD_2022-10-22_ACC#00001_66912     0609306093124170367005COCT796         MORIBUND VEXES WHUFF SMILAX   BOLL      00124170367005COCT796         MORIBUND VEXES S FOMALHAUT,RULE 1,A=0;B=0,001241703 67005 COCT796                                                                         REPAGANIZER FUTHERMORE MG,VOLERY 8439216666FP,-1951836.95,-1951836.95,0.00,0.00,2022-10-22,2022-10-22,0,"Publisher-labeled 1:1 match; numerical differences are review evidence, not a fraud/loss label."
125562816961,934018053587,167782076661,USD_2022-10-27_ACC#00001_66912     6682866828SHAMESICK FROM JAUN UNFED   JOQ VOX EFI SMILAX   FGGQQ     PHOTOACTIVE FROM JAUN UNFED   JOQ VOX EFI                    029666675666666666,USD_2022-10-27_ACC#00001_66912     6682866828SHAMESICK FROM JAUN UNFED   JOQ VOX EFI SMILAX   FGGQQ     PHOTOACTIVE FROM JAUN UNFED   JOQ VOX EFI                    029666675666666666,RULE 1,A=0;B=0,6666666669875915 JOQ VOX EFI,61856333 7195566055VI,-310000000.00,-310000000.00,0.00,0.00,2022-10-27,2022-10-27,0,"Publisher-labeled 1:1 match; numerical differences are review evidence, not a fraud/loss label."
125587594242,934564214599,833452334840,USD_2022-11-05_ACC#00001_66912     0976909769152074319262KAVI156         MORIBUND ROTENONES S SMILAX   BOLL      00152074319262KAVI156         MORIBUND ZYGNEMA SK HYRACIFORM,USD_2022-11-05_ACC#00001_66912     0976909769152074319262KAVI156         MORIBUND ROTENONES S SMILAX   BOLL      00152074319262KAVI156         MORIBUND ZYGNEMA SK HYRACIFORM,MANUAL,A=0;B=0,001520743 19262 KAVI156                                                                         SLATTERN BAA YEAN EFI,VOLERY 8235794666FP,5054756.52,5054756.51,-0.01,-0.01,2022-11-05,2022-11-05,0,"Publisher-labeled 1:1 match; numerical differences are review evidence, not a fraud/loss label."
125590561701,444153573192,769811027711,USD_2022-12-15_ACC#00001_66912     0670806708800208314407AUG6298         MORIBUND VEXES WHUFF SMILAX   BOLL      00800208314407AUG6298         MORIBUND VEXES S FOMALHAUT,USD_2022-12-15_ACC#00001_66912     0670806708800208314407AUG6298         MORIBUND VEXES WHUFF SMILAX   BOLL      00800208314407AUG6298         MORIBUND VEXES S FOMALHAUT,RULE 1,A=0;B=0,008002083 14407 AUG6298                                                                         UPCLOSER MONOCOQUE GAB -,VOLERY 3615345666FP,-1712.04,-1712.04,0.00,0.00,2022-12-15,2022-12-15,0,"Publisher-labeled 1:1 match; numerical differences are review evidence, not a fraud/loss label."
125590684211,373377907394,499395501074,USD_2022-12-07_ACC#00001_66912     0147701477865248141477OKET078         IF TMH SEE FAMES SMILAX   BOLL      00865248141477OKET078         IF TMH SEE FAMES,USD_2022-12-07_ACC#00001_66912     0147701477865248141477OKET078         IF TMH SEE FAMES SMILAX   BOLL      00865248141477OKET078         IF TMH SEE FAMES,RULE 1,A=0;B=0,008652481 41477 OKET078 L9HK493                                                                 UPCLOSER MONOCOQUE GAB -,VOLERY 8925229666FP,36000000.00,36000000.00,0.00,0.00,2022-12-07,2022-12-07,0,"Publisher-labeled 1:1 match; numerical differences are review evidence, not a fraud/loss label."
125643492939,2748459659,452465385067,USD_2022-09-30_ACC#00001_66912     66325663250 37266AHQRH 088            JOQ TREPIDATORY SMILAX   GFG       VC0 37266AHQRH 088            JOQ TREPIDATORY,USD_2022-09-30_ACC#00001_66912     66325663250 37266AHQRH 088            JOQ TREPIDATORY SMILAX   GFG       VC0 37266AHQRH 088            JOQ TREPIDATORY,MANUAL,A=0;B=0,37266AHQRH 37266AHQRH                                                                      JOQ TREPIDATORY,784506BW65261003 5198266040VI,-147047.00,-147047.00,0.00,0.00,2022-09-30,2022-09-30,0,"Publisher-labeled 1:1 match; numerical differences are review evidence, not a fraud/loss label."
125647507057,924083417361,877574121629,USD_2022-09-10_ACC#00001_66912     0670806708184945214476CHARE91         MORIBUND ROTENONES S SMILAX   BOLL      00184945214476CHARE91         MORIBUND ZYGNEMA SK HYRACIFORM,USD_2022-09-10_ACC#00001_66912     0670806708184945214476CHARE91         MORIBUND ROTENONES S SMILAX   BOLL      00184945214476CHARE91         MORIBUND ZYGNEMA SK HYRACIFORM,RULE 4,A=0;B=0,001849452 14476 CHARE91                                                                         UPCLOSER MONOCOQUE GAB -,VOLERY 8132180666FP,58131.00,58131.00,0.00,0.00,2022-09-10,2022-09-10,0,"Publisher-labeled 1:1 match; numerical differences are review evidence, not a fraud/loss label."
12565961242,280126942489,933615856166,USD_2022-11-20_ACC#00001_66912     0676506765192096815574NAPE610         MORIBUND ROTENONES S SMILAX   BOLL      00192096815574NAPE610         MORIBUND ZYGNEMA SK HYRACIFORM,USD_2022-11-20_ACC#00001_66912     0676506765192096815574NAPE610         MORIBUND ROTENONES S SMILAX   BOLL      00192096815574NAPE610         MORIBUND ZYGNEMA SK HYRACIFORM,RULE 1,A=0;B=0,001920968 15574 NAPE610                                                                         JACKPLANE AVIARY PANTOPOD,VOLERY 8549131666FP,924883.17,924883.17,0.00,0.00,2022-11-20,2022-11-20,0,"Publisher-labeled 1:1 match; numerical differences are review evidence, not a fraud/loss label."
125752848171,82248534330,424330416636,USD_2022-12-18_ACC#00001_66912     0250702507140265 67666                SEMSEM MARACAN WHUFF SMILAX   BOLL      RM140265 67666                SEMSEM MARACAN S FOMALHAUT,USD_2022-12-18_ACC#00001_66912     0250702507140265 67666                SEMSEM MARACAN WHUFF SMILAX   BOLL      RM140265 67666                SEMSEM MARACAN S FOMALHAUT,RULE 3,A=0;B=0,RM140265  67666 YUO WATERER TITUS,RM140265-767-660 4453466786VI,2300.50,2300.50,0.00,0.00,2022-12-18,2022-12-18,0,"Publisher-labeled 1:1 match; numerical differences are review evidence, not a fraud/loss label."
125817406975,799162420592,986114842931,USD_2022-12-10_ACC#00001_66912     02566025660666H3         6666666666 SMILAX   FGGKR     FW0666H3         6666666666,USD_2022-12-10_ACC#00001_66912     02566025660666H3         6666666666 SMILAX   FGGKR     FW0666H3         6666666666,RULE 3,A=0;B=0,32204250 V32204250                                                                       JO TONITE SAUNT 664952723,V322042507610930 1371066717VI,48611.88,48611.88,0.00,0.00,2022-12-10,2022-12-10,0,"Publisher-labeled 1:1 match; numerical differences are review evidence, not a fraud/loss label."
125831165777,590417481840,751060880196,USD_2022-10-07_ACC#00001_66912     0147701477145197041477SHOWD61         IF TMH SEE FAMES SMILAX   BOLL      00145197041477SHOWD61         IF TMH SEE FAMES,USD_2022-10-07_ACC#00001_66912     0147701477145197041477SHOWD61         IF TMH SEE FAMES SMILAX   BOLL      00145197041477SHOWD61         IF TMH SEE FAMES,RULE 1,A=0;B=0,001451970 41477 SHOWD61 L9Y44BL                                                                 UPCLOSER MONOCOQUE GAB -,VOLERY 8383333666FP,5516820.00,5516820.00,0.00,0.00,2022-10-07,2022-10-07,0,"Publisher-labeled 1:1 match; numerical differences are review evidence, not a fraud/loss label."
125885854580,26414807328,529143875406,USD_2022-10-14_ACC#00001_66912     0670806708120767314476CROWL16         MORIBUND ROTENONES S SMILAX   BOLL      00120767314476CROWL16         MORIBUND ZYGNEMA SK HYRACIFORM,USD_2022-10-14_ACC#00001_66912     0670806708120767314476CROWL16         MORIBUND ROTENONES S SMILAX   BOLL      00120767314476CROWL16         MORIBUND ZYGNEMA SK HYRACIFORM,RULE 1,A=0;B=0,001207673 14476 CROWL16                                                                         UPCLOSER MONOCOQUE GAB -,VOLERY 8398813666FP,636219.69,636219.69,0.00,0.00,2022-10-14,2022-10-14,0,"Publisher-labeled 1:1 match; numerical differences are review evidence, not a fraud/loss label."
125917192169,596990788669,47852912534,USD_2022-09-29_ACC#00001_66912     0670806708146227714476MEGGY13         MORIBUND ROTENONES S SMILAX   BOLL      00146227714476MEGGY13         MORIBUND ZYGNEMA SK HYRACIFORM,USD_2022-09-29_ACC#00001_66912     0670806708146227714476MEGGY13         MORIBUND ROTENONES S SMILAX   BOLL      00146227714476MEGGY13         MORIBUND ZYGNEMA SK HYRACIFORM,RULE 1,A=0;B=0,001462277 14476 MEGGY13                                                                         UPCLOSER MONOCOQUE GAB -,VOLERY 8857120666FP,175031.00,175031.00,0.00,0.00,2022-09-29,2022-09-29,0,"Publisher-labeled 1:1 match; numerical differences are review evidence, not a fraud/loss label."
125929620772,675327770009,588101657607,USD_2022-09-29_ACC#00001_66912     0976909769140960919262BRAVI29         MORIBUND VEXES WHUFF SMILAX   BOLL      00140960919262BRAVI29         MORIBUND VEXES S FOMALHAUT,USD_2022-09-29_ACC#00001_66912     0976909769140960919262BRAVI29         MORIBUND VEXES WHUFF SMILAX   BOLL      00140960919262BRAVI29         MORIBUND VEXES S FOMALHAUT,RULE 1,A=0;B=0,001409609 19262 BRAVI29                                                                         JO TONITE (GOLACH) NM-SUF,VOLERY 8857596666FP,-7310609.00,-7310609.00,0.00,0.00,2022-09-29,2022-09-29,0,"Publisher-labeled 1:1 match; numerical differences are review evidence, not a fraud/loss label."
125986980847,949461828447,807077051375,USD_2022-12-04_ACC#00001_66912     0603606036862955867888EPEE553         IF TMH SEE FAMES SMILAX   BOLL      00862955867888EPEE553         IF TMH SEE FAMES,USD_2022-12-04_ACC#00001_66912     0603606036862955867888EPEE553         IF TMH SEE FAMES SMILAX   BOLL      00862955867888EPEE553         IF TMH SEE FAMES,RULE 1,A=0;B=0,008629558 67888 EPEE553 L9HK3PL                                                                 JO TONITE ETHERIFIES GAB,VOLERY 8945619666FP,15170355.79,15170355.79,0.00,0.00,2022-12-04,2022-12-04,0,"Publisher-labeled 1:1 match; numerical differences are review evidence, not a fraud/loss label."
126020146508,845810347104,190734271718,USD_2022-09-17_ACC#00001_66912     66325663250 32566AILBM 088            JOQVY DE -ELUVIA SMILAX   GFG       VC0 32566AILBM 088            JOQVY DE -ELUVIA,USD_2022-09-17_ACC#00001_66912     66325663250 32566AILBM 088            JOQVY DE -ELUVIA SMILAX   GFG       VC0 32566AILBM 088            JOQVY DE -ELUVIA,RULE 4,A=0;B=0,32566AILBM 32566AILBM                                                                      JOQVY DE -ELUVIA,32566AILBM 1091766085VI,776156.80,776156.80,0.00,0.00,2022-09-17,2022-09-17,0,"Publisher-labeled 1:1 match; numerical differences are review evidence, not a fraud/loss label."
126064665916,917407602485,904947937236,USD_2022-10-28_ACC#00001_66912     0976909769150902019262HUBBA14         MORIBUND ROTENONES S SMILAX   BOLL      00150902019262HUBBA14         MORIBUND ZYGNEMA SK HYRACIFORM,USD_2022-10-28_ACC#00001_66912     0976909769150902019262HUBBA14         MORIBUND ROTENONES S SMILAX   BOLL      00150902019262HUBBA14         MORIBUND ZYGNEMA SK HYRACIFORM,RULE 1,A=0;B=0,001509020 19262 HUBBA14                                                                         JO TONITE (GOLACH) S.C.-T,VOLERY 8455493666FP,104734.46,104734.46,0.00,0.00,2022-10-28,2022-10-28,0,"Publisher-labeled 1:1 match; numerical differences are review evidence, not a fraud/loss label."
126069350189,429548747073,20521449784,USD_2022-10-06_ACC#00001_66912     0147701477144321441477AUG0672         OFF TMH SEE FAMES SMILAX   BOLL      00144321441477AUG0672         OFF TMH SEE EMEU S,USD_2022-10-06_ACC#00001_66912     0147701477144321441477AUG0672         OFF TMH SEE FAMES SMILAX   BOLL      00144321441477AUG0672         OFF TMH SEE EMEU S,RULE 1,A=0;B=0,001443214 41477 AUG0672 L9Y4095                                                                 JOQVY H.C. ZUCCHINIS TENT,VOLERY 8313468666FP,4069158.58,4069158.58,0.00,0.00,2022-10-06,2022-10-06,0,"Publisher-labeled 1:1 match; numerical differences are review evidence, not a fraud/loss label."
126122913495,196947831199,914873557921,USD_2022-11-23_ACC#00001_66912     66325663250 32566TKFN2 088            JO TONITE AGGEST SMILAX   GFG       VC0 32566TKFN2 088            JO TONITE AGGEST,USD_2022-11-23_ACC#00001_66912     66325663250 32566TKFN2 088            JO TONITE AGGEST SMILAX   GFG       VC0 32566TKFN2 088            JO TONITE AGGEST,RULE 3,A=0;B=0,32566TKFN2 32566TKFN2                                                                      JO TONITE AGGEST,32566TKFN2 7920766707VI,2592.68,2592.68,0.00,0.00,2022-11-23,2022-11-23,0,"Publisher-labeled 1:1 match; numerical differences are review evidence, not a fraud/loss label."
126194667620,822527576198,168708163946,USD_2022-11-16_ACC#00001_66912     6033960339 SMILAX   GPD,USD_2022-11-16_ACC#00001_66912     6033960339 SMILAX   GPD,RULE 3,A=0;B=0,VIP9126666728550 VIP9126666728550,VIP9126666728550 7964566765FW,-560155370.00,-560155370.00,0.00,0.00,2022-11-16,2022-11-16,0,"Publisher-labeled 1:1 match; numerical differences are review evidence, not a fraud/loss label."
126197743196,691339624785,467686456986,USD_2022-12-31_ACC#00001_66912     0147701477878731041477NAPE195         IF TMH SEE FAMES SMILAX   BOLL      00878731041477NAPE195         IF TMH SEE FAMES,USD_2022-12-31_ACC#00001_66912     0147701477878731041477NAPE195         IF TMH SEE FAMES SMILAX   BOLL      00878731041477NAPE195         IF TMH SEE FAMES,RULE 1,A=0;B=0,008787310 41477 NAPE195 L9HJ8BR                                                                 UPCLOSER MONOCOQUE GAB -,VOLERY 3083681666FP,5261160.00,5261160.00,0.00,0.00,2022-12-31,2022-12-31,0,"Publisher-labeled 1:1 match; numerical differences are review evidence, not a fraud/loss label."
126203258480,108770823118,77288902285,USD_2022-11-25_ACC#00001_66912     0147701477866157241477KAVI372         OFF TMH TIRO FAMES SMILAX   BOLL      00866157241477KAVI372         OFF TMH TIRO HAU BT,USD_2022-11-25_ACC#00001_66912     0147701477866157241477KAVI372         OFF TMH TIRO FAMES SMILAX   BOLL      00866157241477KAVI372         OFF TMH TIRO HAU BT,RULE 1,A=0;B=0,008661572 41477 KAVI372 L9HI5C5                                                                 UPCLOSER MONOCOQUE GAB -,VOLERY 8595915666FP,-437261.86,-437261.86,0.00,0.00,2022-11-25,2022-11-25,0,"Publisher-labeled 1:1 match; numerical differences are review evidence, not a fraud/loss label."
126212391018,698683633456,717708694747,USD_2022-12-15_ACC#00001_66912     6682866828SHAMESICK FROM JAUN UNFED   JOQOEV HUMP FGDK SMILAX   FGGQQ     PHOTOACTIVE FROM JAUN UNFED   JOQOEV HUMP FGDK               029666038966666666,USD_2022-12-15_ACC#00001_66912     6682866828SHAMESICK FROM JAUN UNFED   JOQOEV HUMP FGDK SMILAX   FGGQQ     PHOTOACTIVE FROM JAUN UNFED   JOQOEV HUMP FGDK               029666038966666666,RULE 1,A=0;B=0,6666666661252258 JOQOEV HUMP FGDK,VOLERY 6667366712XY,-1704000000.00,-1704000000.00,0.00,0.00,2022-12-15,2022-12-15,0,"Publisher-labeled 1:1 match; numerical differences are review evidence, not a fraud/loss label."
126265995152,201331542881,761560709519,USD_2022-10-12_ACC#00001_66912     09999099990666H3         6666666666 SMILAX   FGGKR     FW0666H3         6666666666,USD_2022-10-12_ACC#00001_66912     09999099990666H3         6666666666 SMILAX   FGGKR     FW0666H3         6666666666,RULE 3,A=0;B=0,40705450 V40705450                                                                       GVKYHE          666610809,V407054507710157 6955866021VI,516510.80,516510.80,0.00,0.00,2022-10-12,2022-10-12,0,"Publisher-labeled 1:1 match; numerical differences are review evidence, not a fraud/loss label."
126267998675,323557812355,197885463287,USD_2022-12-14_ACC#00001_66912     0670806708806250714407BOAS474         MORIBUND VEXES WHUFF SMILAX   BOLL      00806250714407BOAS474         MORIBUND VEXES S FOMALHAUT,USD_2022-12-14_ACC#00001_66912     0670806708806250714407BOAS474         MORIBUND VEXES WHUFF SMILAX   BOLL      00806250714407BOAS474         MORIBUND VEXES S FOMALHAUT,RULE 1,A=0;B=0,008062507 14407 BOAS474                                                                         TYPY HODFUL NAIL BUT GAUR,VOLERY 3675862666FP,-17074.88,-17074.88,0.00,0.00,2022-12-14,2022-12-14,0,"Publisher-labeled 1:1 match; numerical differences are review evidence, not a fraud/loss label."
126288275886,277049167485,743204679459,USD_2022-12-10_ACC#00001_66912     66325663250 32566TO018 088            JOQVY - ELUVIA - SMILAX   GFG       VC0 32566TO018 088            JOQVY - ELUVIA -,USD_2022-12-10_ACC#00001_66912     66325663250 32566TO018 088            JOQVY - ELUVIA - SMILAX   GFG       VC0 32566TO018 088            JOQVY - ELUVIA -,RULE 1,A=0;B=0,32566TO018 32566TO018                                                                      JOQVY - ELUVIA -,322746AL68189639 7368666710VI,-240452.34,-240452.34,0.00,0.00,2022-12-10,2022-12-10,0,"Publisher-labeled 1:1 match; numerical differences are review evidence, not a fraud/loss label."
126292218157,289645516318,268301041031,USD_2022-09-17_ACC#00001_66912     0147701477131160241477SWEAT71         OFF TMH TIRO FAMES SMILAX   BOLL      00131160241477SWEAT71         OFF TMH TIRO HAU BT,USD_2022-09-17_ACC#00001_66912     0147701477131160241477SWEAT71         OFF TMH TIRO FAMES SMILAX   BOLL      00131160241477SWEAT71         OFF TMH TIRO HAU BT,RULE 4,A=0;B=0,001311602 41477 SWEAT71 L9Y11J1                                                                 UPCLOSER MONOCOQUE GAB -,VOLERY 8195239666FP,-30775726.51,-30775726.51,0.00,0.00,2022-09-17,2022-09-17,0,"Publisher-labeled 1:1 match; numerical differences are review evidence, not a fraud/loss label."
126385815818,437994353183,139909713300,USD_2022-12-04_ACC#00001_66912     0147701477864941141477OKET078         OFF TMH TIRO FAMES SMILAX   BOLL      00864941141477OKET078         OFF TMH TIRO HAU BT,USD_2022-12-04_ACC#00001_66912     0147701477864941141477OKET078         OFF TMH TIRO FAMES SMILAX   BOLL      00864941141477OKET078         OFF TMH TIRO HAU BT,RULE 1,A=0;B=0,008649411 41477 OKET078 L9HK7AN                                                                 UPCLOSER MONOCOQUE GAB -,VOLERY 8942626666FP,-24452750.86,-24452750.86,0.00,0.00,2022-12-04,2022-12-04,0,"Publisher-labeled 1:1 match; numerical differences are review evidence, not a fraud/loss label."
126448405269,527200656079,645044282519,USD_2022-11-13_ACC#00001_66912     0670806708190420914407LEUD269         MORIBUND ROTENONES S SMILAX   BOLL      00190420914407LEUD269         MORIBUND ZYGNEMA SK HYRACIFORM,USD_2022-11-13_ACC#00001_66912     0670806708190420914407LEUD269         MORIBUND ROTENONES S SMILAX   BOLL      00190420914407LEUD269         MORIBUND ZYGNEMA SK HYRACIFORM,RULE 1,A=0;B=0,001904209 14407 LEUD269                                                                         UPCLOSER MONOCOQUE GAB -,VOLERY 8504912666FP,15827.80,15827.80,0.00,0.00,2022-11-13,2022-11-13,0,"Publisher-labeled 1:1 match; numerical differences are review evidence, not a fraud/loss label."
126455906663,353775374105,796338101474,USD_2022-09-24_ACC#00001_66912     66325663250 32566AL82D 088            JOQVY - ELUVIA - SMILAX   GFG       VC0 32566AL82D 088            JOQVY - ELUVIA -,USD_2022-09-24_ACC#00001_66912     66325663250 32566AL82D 088            JOQVY - ELUVIA - SMILAX   GFG       VC0 32566AL82D 088            JOQVY - ELUVIA -,RULE 4,A=0;B=0,32566AL82D 32566AL82D                                                                      JOQVY - ELUVIA -,32566AL82D 0676866038VI,505730.80,505730.80,0.00,0.00,2022-09-24,2022-09-24,0,"Publisher-labeled 1:1 match; numerical differences are review evidence, not a fraud/loss label."
126554269232,587020953519,553351930161,USD_2022-12-09_ACC#00001_66912     0670806708862589414470DODOS98         MORIBUND ROTENONES S SMILAX   BOLL      00862589414470DODOS98         MORIBUND ZYGNEMA SK HYRACIFORM,USD_2022-12-09_ACC#00001_66912     0670806708862589414470DODOS98         MORIBUND ROTENONES S SMILAX   BOLL      00862589414470DODOS98         MORIBUND ZYGNEMA SK HYRACIFORM,RULE 1,A=0;B=0,008625894 14470 DODOS98                                                                         RAGGETY VOWED FUTHERMORE,VOLERY 8992094666FP,669497.40,669497.40,0.00,0.00,2022-12-09,2022-12-09,0,"Publisher-labeled 1:1 match; numerical differences are review evidence, not a fraud/loss label."
126566454254,141232157423,505938138305,USD_2022-12-03_ACC#00001_66912     66325663250 32566THNUM 088            JOQVY - ELUVIA - SMILAX   GFG       VC0 32566THNUM 088            JOQVY - ELUVIA -,USD_2022-12-03_ACC#00001_66912     66325663250 32566THNUM 088            JOQVY - ELUVIA - SMILAX   GFG       VC0 32566THNUM 088            JOQVY - ELUVIA -,RULE 1,A=0;B=0,32566THNUM 32566THNUM                                                                      JOQVY - ELUVIA -,322746AL68790424 1707166778VI,-12832.00,-12832.00,0.00,0.00,2022-12-03,2022-12-03,0,"Publisher-labeled 1:1 match; numerical differences are review evidence, not a fraud/loss label."
126584356713,411093024515,957393431760,USD_2022-10-02_ACC#00001_66912     0670806708141230914407BOAS780         MORIBUND ROTENONES S SMILAX   BOLL      00141230914407BOAS780         MORIBUND ZYGNEMA SK HYRACIFORM,USD_2022-10-02_ACC#00001_66912     0670806708141230914407BOAS780         MORIBUND ROTENONES S SMILAX   BOLL      00141230914407BOAS780         MORIBUND ZYGNEMA SK HYRACIFORM,RULE 1,A=0;B=0,001412309 14407 BOAS780                                                                         UPCLOSER MONOCOQUE GAB -,VOLERY 8301796666FP,91914.46,91914.46,0.00,0.00,2022-10-02,2022-10-02,0,"Publisher-labeled 1:1 match; numerical differences are review evidence, not a fraud/loss label."
12659203132,742027438437,391207867673,USD_2022-12-10_ACC#00001_66912     0607406074865531114726NAPE053         MORIBUND VEXES WHUFF SMILAX   BOLL      00865531114726NAPE053         MORIBUND VEXES S FOMALHAUT,USD_2022-12-10_ACC#00001_66912     0607406074865531114726NAPE053         MORIBUND VEXES WHUFF SMILAX   BOLL      00865531114726NAPE053         MORIBUND VEXES S FOMALHAUT,RULE 1,A=0;B=0,008655311 14726 NAPE053                                                                         ING GEOMETRINE FUTHERMORE,VOLERY 3669746666FP,-221236.08,-221236.08,0.00,0.00,2022-12-10,2022-12-10,0,"Publisher-labeled 1:1 match; numerical differences are review evidence, not a fraud/loss label."
126606452797,466812960576,351065263507,USD_2022-09-15_ACC#00001_66912     0147701477137786641477HUBBA50         IF TMH TIRO FAMES SMILAX   BOLL      00137786641477HUBBA50         IF TMH TIRO EMEU S,USD_2022-09-15_ACC#00001_66912     0147701477137786641477HUBBA50         IF TMH TIRO FAMES SMILAX   BOLL      00137786641477HUBBA50         IF TMH TIRO EMEU S,RULE 4,A=0;B=0,001377866 41477 HUBBA50 L9Y10WY                                                                 UPCLOSER MONOCOQUE GAB -,VOLERY 8125336666FP,-32859710.00,-32859710.00,0.00,0.00,2022-09-15,2022-09-15,0,"Publisher-labeled 1:1 match; numerical differences are review evidence, not a fraud/loss label."
126631484614,52495999314,476656342246,USD_2022-10-29_ACC#00001_66912     0670806708156436114476HUBBA32         MORIBUND VEXES WHUFF SMILAX   BOLL      00156436114476HUBBA32         MORIBUND VEXES S FOMALHAUT,USD_2022-10-29_ACC#00001_66912     0670806708156436114476HUBBA32         MORIBUND VEXES WHUFF SMILAX   BOLL      00156436114476HUBBA32         MORIBUND VEXES S FOMALHAUT,RULE 1,A=0;B=0,001564361 14476 HUBBA32                                                                         TYPY HODFUL NAIL BUT GAUR,VOLERY 8499667666FP,-285910.86,-285910.86,0.00,0.00,2022-10-29,2022-10-29,0,"Publisher-labeled 1:1 match; numerical differences are review evidence, not a fraud/loss label."
126696184654,506656483873,300680169560,USD_2022-09-28_ACC#00001_66912     0670806708135488414476CUCA199         MORIBUND VEXES WHUFF SMILAX   BOLL      00135488414476CUCA199         MORIBUND VEXES S FOMALHAUT,USD_2022-09-28_ACC#00001_66912     0670806708135488414476CUCA199         MORIBUND VEXES WHUFF SMILAX   BOLL      00135488414476CUCA199         MORIBUND VEXES S FOMALHAUT,RULE 1,A=0;B=0,001354884 14476 CUCA199                                                                         UPCLOSER MONOCOQUE GAB -,VOLERY 8828737666FP,-114881.03,-114881.03,0.00,0.00,2022-09-28,2022-09-28,0,"Publisher-labeled 1:1 match; numerical differences are review evidence, not a fraud/loss label."
126749370298,715006140225,118275920564,USD_2022-10-15_ACC#00001_66912     0670806708127045914407GULA668         MORIBUND ROTENONES S SMILAX   BOLL      00127045914407GULA668         MORIBUND ZYGNEMA SK HYRACIFORM,USD_2022-10-15_ACC#00001_66912     0670806708127045914407GULA668         MORIBUND ROTENONES S SMILAX   BOLL      00127045914407GULA668         MORIBUND ZYGNEMA SK HYRACIFORM,RULE 1,A=0;B=0,001270459 14407 GULA668                                                                         UPCLOSER MONOCOQUE GAB -,VOLERY 8468535666FP,58764.41,58764.41,0.00,0.00,2022-10-15,2022-10-15,0,"Publisher-labeled 1:1 match; numerical differences are review evidence, not a fraud/loss label."
126753036256,904717938847,197667646633,USD_2022-11-17_ACC#00001_66912     0617806178191895967387CUCA655         MORIBUND ROTENONES S SMILAX   BOLL      00191895967387CUCA655         MORIBUND ZYGNEMA SK HYRACIFORM,USD_2022-11-17_ACC#00001_66912     0617806178191895967387CUCA655         MORIBUND ROTENONES S SMILAX   BOLL      00191895967387CUCA655         MORIBUND ZYGNEMA SK HYRACIFORM,RULE 1,A=0;B=0,001918959 67387 CUCA655                                                                         VOLUPT NAPKIN & RESSAUT,VOLERY 8514279666FP,28479.05,28479.05,0.00,0.00,2022-11-17,2022-11-17,0,"Publisher-labeled 1:1 match; numerical differences are review evidence, not a fraud/loss label."
126761565350,743913673658,490687386377,USD_2022-10-22_ACC#00001_66912     66325663250 32566B6OZ4 088            JOQVY - ELUVIA - SMILAX   GFG       VC0 32566B6OZ4 088            JOQVY - ELUVIA -,USD_2022-10-22_ACC#00001_66912     66325663250 32566B6OZ4 088            JOQVY - ELUVIA - SMILAX   GFG       VC0 32566B6OZ4 088            JOQVY - ELUVIA -,RULE 1,A=0;B=0,32566B6OZ4 32566B6OZ4                                                                      JOQVY - ELUVIA -,322746AL68110984 0362266057VI,-147806.71,-147806.71,0.00,0.00,2022-10-22,2022-10-22,0,"Publisher-labeled 1:1 match; numerical differences are review evidence, not a fraud/loss label."
126769099137,609425365064,307893715588,USD_2022-11-13_ACC#00001_66912     02566025660666H3         6666666666 SMILAX   FGGKR     FW0666H3         6666666666,USD_2022-11-13_ACC#00001_66912     02566025660666H3         6666666666 SMILAX   FGGKR     FW0666H3         6666666666,RULE 1,A=0;B=0,5027726 V65027726                                                                       JO TONITE SAUNT 664952723,V650277267817814 6907966763VI,2813390.00,2813390.00,0.00,0.00,2022-11-13,2022-11-13,0,"Publisher-labeled 1:1 match; numerical differences are review evidence, not a fraud/loss label."
126792650213,712065531146,301722871413,USD_2022-09-23_ACC#00001_66912     66325663250 32566AMEMH 088            JO TONITE AGGEST SMILAX   GFG       VC0 32566AMEMH 088            JO TONITE AGGEST,USD_2022-09-23_ACC#00001_66912     66325663250 32566AMEMH 088            JO TONITE AGGEST SMILAX   GFG       VC0 32566AMEMH 088            JO TONITE AGGEST,RULE 4,A=0;B=0,32566AMEMH 32566AMEMH                                                                      JO TONITE AGGEST,32566AMEMH 4215766031VI,2506.28,2506.28,0.00,0.00,2022-09-23,2022-09-23,0,"Publisher-labeled 1:1 match; numerical differences are review evidence, not a fraud/loss label."
12682945775,256172368897,93055866466,USD_2022-12-29_ACC#00001_66912     0638106381805514788856COCT580         MORIBUND ROTENONES S SMILAX   BOLL      00805514788856COCT580         MORIBUND ZYGNEMA SK HYRACIFORM,USD_2022-12-29_ACC#00001_66912     0638106381805514788856COCT580         MORIBUND ROTENONES S SMILAX   BOLL      00805514788856COCT580         MORIBUND ZYGNEMA SK HYRACIFORM,RULE 1,A=0;B=0,008055147 88856 COCT580                                                                         DIANITE ANIMI VOWED QMQF,VOLERY 3073856666FP,1598638.77,1598638.77,0.00,0.00,2022-12-29,2022-12-29,0,"Publisher-labeled 1:1 match; numerical differences are review evidence, not a fraud/loss label."
126842267778,688193726902,269359266861,USD_2022-11-17_ACC#00001_66912     66325663250 32566AL9VA 088            JOQVY - BAS - DG SMILAX   GFG       VC0 32566AL9VA 088            JOQVY - BAS - DG,USD_2022-11-17_ACC#00001_66912     66325663250 32566AL9VA 088            JOQVY - BAS - DG SMILAX   GFG       VC0 32566AL9VA 088            JOQVY - BAS - DG,RULE 1,A=0;B=0,32566AL9VA 32566AL9VA                                                                      JOQVY - BAS - DG,322756AL61891773 2119966765VI,-1752717.37,-1752717.37,0.00,0.00,2022-11-17,2022-11-17,0,"Publisher-labeled 1:1 match; numerical differences are review evidence, not a fraud/loss label."
12685018706,455120280630,739424640574,USD_2022-10-20_ACC#00001_66912     0600606006122123567040SENSU28         MORIBUND ROTENONES S SMILAX   BOLL      00122123567040SENSU28         MORIBUND ZYGNEMA SK HYRACIFORM,USD_2022-10-20_ACC#00001_66912     0600606006122123567040SENSU28         MORIBUND ROTENONES S SMILAX   BOLL      00122123567040SENSU28         MORIBUND ZYGNEMA SK HYRACIFORM,MANUAL,A=0;B=0,001221235 67040 SENSU28                                                                         ELOGY 0331-JAWP WUZZLE CG,VOLERY 8413702666FP,602080.60,602080.90,0.30,0.30,2022-10-20,2022-10-20,0,"Publisher-labeled 1:1 match; numerical differences are review evidence, not a fraud/loss label."
126896695363,613059336446,93860001800,USD_2022-10-07_ACC#00001_66912     0147701477145196041477VINYL32         IF TMH SEE FAMES SMILAX   BOLL      00145196041477VINYL32         IF TMH SEE FAMES,USD_2022-10-07_ACC#00001_66912     0147701477145196041477VINYL32         IF TMH SEE FAMES SMILAX   BOLL      00145196041477VINYL32         IF TMH SEE FAMES,RULE 1,A=0;B=0,001451960 41477 VINYL32 L9Y44VJ                                                                 UPCLOSER MONOCOQUE GAB -,VOLERY 8383386666FP,3276642.00,3276642.00,0.00,0.00,2022-10-07,2022-10-07,0,"Publisher-labeled 1:1 match; numerical differences are review evidence, not a fraud/loss label."
126910526119,977802323601,469991320076,USD_2022-10-12_ACC#00001_66912     66325663250 32566AGNNG 088            JOQVY - BAS - DG SMILAX   GFG       VC0 32566AGNNG 088            JOQVY - BAS - DG,USD_2022-10-12_ACC#00001_66912     66325663250 32566AGNNG 088            JOQVY - BAS - DG SMILAX   GFG       VC0 32566AGNNG 088            JOQVY - BAS - DG,RULE 1,A=0;B=0,32566AGNNG 32566AGNNG                                                                      JOQVY - BAS - DG,322756AL61897355 5975466027VI,-16929463.50,-16929463.50,0.00,0.00,2022-10-12,2022-10-12,0,"Publisher-labeled 1:1 match; numerical differences are review evidence, not a fraud/loss label."
126935315915,403468182829,839852411129,USD_2022-11-25_ACC#00001_66912     0250702507146834 67666                SEMSEM ODONTOLOGY AZ,USD_2022-11-25_ACC#00001_66912     0250702507146834 67666                SEMSEM ODONTOLOGY AZ,MANUAL,A=0;B=0,RM146834  67666 UPCLOSER SAUNT TYPY H.C.,VOLERY 8599968666FP,-70447.26,-70447.29,-0.03,0.03,2022-11-25,2022-11-25,0,"Publisher-labeled 1:1 match; numerical differences are review evidence, not a fraud/loss label."
126958603071,612464617276,836552691169,USD_2022-10-14_ACC#00001_PUKA 66912     0670806708149851814407CRIB034         MORIBUND VEXES WHUFF,USD_2022-10-14_ACC#00001_PUKA 66912     0670806708149851814407CRIB034         MORIBUND VEXES WHUFF,RULE 1,A=0;B=0,001498518 14407 CRIB034                                                                         EWE STERNAL TYPY NM,VOLERY 8394692666FP,-19684.17,-19684.17,0.00,0.00,2022-10-14,2022-10-14,0,"Publisher-labeled 1:1 match; numerical differences are review evidence, not a fraud/loss label."
12695969936,875805910377,737100521069,USD_2022-10-23_ACC#00001_66912     66325663250 32566B072L 088            JOQVY - BAS - AK SMILAX   GFG       VC0 32566B072L 088            JOQVY - BAS - AK,USD_2022-10-23_ACC#00001_66912     66325663250 32566B072L 088            JOQVY - BAS - AK SMILAX   GFG       VC0 32566B072L 088            JOQVY - BAS - AK,RULE 1,A=0;B=0,32566B072L 32566B072L                                                                      JOQVY - BAS - AK,2924566632957741 3130366051VI,-242168.99,-242168.99,0.00,0.00,2022-10-23,2022-10-23,0,"Publisher-labeled 1:1 match; numerical differences are review evidence, not a fraud/loss label."
127095128418,377615987728,252037402806,USD_2022-09-16_ACC#00001_66912     0670806708136273414407MOIST97         MORIBUND VEXES WHUFF SMILAX   BOLL      00136273414407MOIST97         MORIBUND VEXES S FOMALHAUT,USD_2022-09-16_ACC#00001_66912     0670806708136273414407MOIST97         MORIBUND VEXES WHUFF SMILAX   BOLL      00136273414407MOIST97         MORIBUND VEXES S FOMALHAUT,RULE 4,A=0;B=0,001362734 14407 MOIST97                                                                         UPCLOSER MONOCOQUE GAB -,VOLERY 8159355666FP,-2553414.67,-2553414.67,0.00,0.00,2022-09-16,2022-09-16,0,"Publisher-labeled 1:1 match; numerical differences are review evidence, not a fraud/loss label."
127098952186,997289191113,672544197545,USD_2022-11-04_ACC#00001_66912     0670806708153793714476SYNE643         MORIBUND ROTENONES S SMILAX   BOLL      00153793714476SYNE643         MORIBUND ZYGNEMA SK HYRACIFORM,USD_2022-11-04_ACC#00001_66912     0670806708153793714476SYNE643         MORIBUND ROTENONES S SMILAX   BOLL      00153793714476SYNE643         MORIBUND ZYGNEMA SK HYRACIFORM,RULE 1,A=0;B=0,001537937 14476 SYNE643                                                                         UPCLOSER MONOCOQUE GAB -,VOLERY 8283538666FP,44806.60,44806.60,0.00,0.00,2022-11-04,2022-11-04,0,"Publisher-labeled 1:1 match; numerical differences are review evidence, not a fraud/loss label."
127214706970,863590599108,231151703323,USD_2022-09-30_ACC#00001_66912     0607406074135355467614SKITE70         MORIBUND VEXES WHUFF SMILAX   BOLL      00135355467614SKITE70         MORIBUND VEXES S FOMALHAUT,USD_2022-09-30_ACC#00001_66912     0607406074135355467614SKITE70         MORIBUND VEXES WHUFF SMILAX   BOLL      00135355467614SKITE70         MORIBUND VEXES S FOMALHAUT,RULE 1,A=0;B=0,001353554 67614 SKITE70                                                                         DISACCORDANCE UNSOLACED S,VOLERY 8898807666FP,-524293.61,-524293.61,0.00,0.00,2022-09-30,2022-09-30,0,"Publisher-labeled 1:1 match; numerical differences are review evidence, not a fraud/loss label."
127217915010,199604238899,529317532631,USD_2022-10-05_ACC#00001_66912     66325663250 32566AQE7Y 088            JOQVY - BAS - DG SMILAX   GFG       VC0 32566AQE7Y 088            JOQVY - BAS - DG,USD_2022-10-05_ACC#00001_66912     66325663250 32566AQE7Y 088            JOQVY - BAS - DG SMILAX   GFG       VC0 32566AQE7Y 088            JOQVY - BAS - DG,RULE 1,A=0;B=0,32566AQE7Y 32566AQE7Y                                                                      JOQVY - BAS - DG,322756AL61880098 9908966044VI,-1194239.36,-1194239.36,0.00,0.00,2022-10-05,2022-10-05,0,"Publisher-labeled 1:1 match; numerical differences are review evidence, not a fraud/loss label."
127263130655,283394624569,250283108055,USD_2022-09-25_ACC#00001_66912     0122001220132322712660ROHOB56         MORIBUND ROTENONES S SMILAX   BOLL      00132322712660ROHOB56         MORIBUND ZYGNEMA SK HYRACIFORM,USD_2022-09-25_ACC#00001_66912     0122001220132322712660ROHOB56         MORIBUND ROTENONES S SMILAX   BOLL      00132322712660ROHOB56         MORIBUND ZYGNEMA SK HYRACIFORM,RULE 1,A=0;B=0,001323227 12660 ROHOB56                                                                         V&C VOWED QMQF OEV(WIM),VOLERY 8847783666FP,27191.90,27191.90,0.00,0.00,2022-09-25,2022-09-25,0,"Publisher-labeled 1:1 match; numerical differences are review evidence, not a fraud/loss label."
127317518375,812060959499,866710836958,USD_2022-10-08_ACC#00001_66912     0122001220144822212660BAIS303         MORIBUND ROTENONES S SMILAX   BOLL      00144822212660BAIS303         MORIBUND ZYGNEMA SK HYRACIFORM,USD_2022-10-08_ACC#00001_66912     0122001220144822212660BAIS303         MORIBUND ROTENONES S SMILAX   BOLL      00144822212660BAIS303         MORIBUND ZYGNEMA SK HYRACIFORM,RULE 1,A=0;B=0,001448222 12660 BAIS303                                                                         UPCLOSER MONOCOQUE GAB -,VOLERY 8338711666FP,151650.62,151650.62,0.00,0.00,2022-10-08,2022-10-08,0,"Publisher-labeled 1:1 match; numerical differences are review evidence, not a fraud/loss label."
127363988369,141084061689,131495408950,USD_2022-09-25_ACC#00001_66912     0156801568134474819475SYNE531         MORIBUND VEXES WHUFF SMILAX   BOLL      00134474819475SYNE531         MORIBUND VEXES S FOMALHAUT,USD_2022-09-25_ACC#00001_66912     0156801568134474819475SYNE531         MORIBUND VEXES WHUFF SMILAX   BOLL      00134474819475SYNE531         MORIBUND VEXES S FOMALHAUT,RULE 1,A=0;B=0,001344748 19475 SYNE531                                                                         AVIARY BIKRAM KIG EFI,VOLERY 8841957666FP,-921726.77,-921726.77,0.00,0.00,2022-09-25,2022-09-25,0,"Publisher-labeled 1:1 match; numerical differences are review evidence, not a fraud/loss label."
127373729467,469628540853,945905722556,USD_2022-10-08_ACC#00001_66912     0638106381149066788856CHOIL97         MORIBUND VEXES WHUFF SMILAX   BOLL      00149066788856CHOIL97         MORIBUND VEXES S FOMALHAUT,USD_2022-10-08_ACC#00001_66912     0638106381149066788856CHOIL97         MORIBUND VEXES WHUFF SMILAX   BOLL      00149066788856CHOIL97         MORIBUND VEXES S FOMALHAUT,RULE 1,A=0;B=0,001490667 88856 CHOIL97                                                                         UPCLOSER MONOCOQUE GAB -,VOLERY 8338369666FP,-1454645.02,-1454645.02,0.00,0.00,2022-10-08,2022-10-08,0,"Publisher-labeled 1:1 match; numerical differences are review evidence, not a fraud/loss label."
127396172717,644381428922,555045256114,USD_2022-09-15_ACC#00001_66912     66325663250 32566CP10M 088            JOQVY - ELUVIA - SMILAX   GFG       VC0 32566CP10M 088            JOQVY - ELUVIA -,USD_2022-09-15_ACC#00001_66912     66325663250 32566CP10M 088            JOQVY - ELUVIA - SMILAX   GFG       VC0 32566CP10M 088            JOQVY - ELUVIA -,RULE 4,A=0;B=0,32566CP10M 32566CP10M                                                                      JOQVY - ELUVIA -,32566CP10M 6447866087VI,3133876.14,3133876.14,0.00,0.00,2022-09-15,2022-09-15,0,"Publisher-labeled 1:1 match; numerical differences are review evidence, not a fraud/loss label."
12739627745,189349437240,90523067275,USD_2022-12-22_ACC#00001_66912     0670806708804294114476SHOWD73         MORIBUND VEXES WHUFF SMILAX   BOLL      00804294114476SHOWD73         MORIBUND VEXES S FOMALHAUT,USD_2022-12-22_ACC#00001_66912     0670806708804294114476SHOWD73         MORIBUND VEXES WHUFF SMILAX   BOLL      00804294114476SHOWD73         MORIBUND VEXES S FOMALHAUT,RULE 1,A=0;B=0,008042941 14476 SHOWD73                                                                         UPCLOSER MONOCOQUE GAB -,VOLERY 3652373666FP,-43250.83,-43250.83,0.00,0.00,2022-12-22,2022-12-22,0,"Publisher-labeled 1:1 match; numerical differences are review evidence, not a fraud/loss label."
12740334063,729343441786,487106951096,USD_2022-11-27_ACC#00001_66912     0646006460S                           BURO JADY GAT AUG - SMILAX   RAMON     GFG                           BURO JADY GAT IT X - T         ENCUMBERER - TA               JOQGE_TA,USD_2022-11-27_ACC#00001_66912     0646006460S                           BURO JADY GAT AUG - SMILAX   RAMON     GFG                           BURO JADY GAT IT X - T         ENCUMBERER - TA               JOQGE_TA,RULE 1,A=0;B=0,HEY RAMON DISNEY ENCUMBERER - TA,VOLERY 7850666709FW,-5011293.00,-5011293.00,0.00,0.00,2022-11-27,2022-11-27,0,"Publisher-labeled 1:1 match; numerical differences are review evidence, not a fraud/loss label."
127443673796,521004381839,68571105698,USD_2022-12-08_ACC#00001_66912     0256602566 SMILAX   FGGKR,USD_2022-12-08_ACC#00001_66912     0256602566 SMILAX   FGGKR,RULE 1,A=0;B=0,16734536 JOQG7U4388GLEE7U                                                                SHALE           667933724,VOLERY 4025566716VI,-1853800.00,-1853800.00,0.00,0.00,2022-12-08,2022-12-08,0,"Publisher-labeled 1:1 match; numerical differences are review evidence, not a fraud/loss label."
127484486602,118105119801,314514779201,USD_2022-10-26_ACC#00001_66912     0147701477125973541477AUG0672         OFF TMH TIRO FAMES SMILAX   BOLL      00125973541477AUG0672         OFF TMH TIRO HAU BT,USD_2022-10-26_ACC#00001_66912     0147701477125973541477AUG0672         OFF TMH TIRO FAMES SMILAX   BOLL      00125973541477AUG0672         OFF TMH TIRO HAU BT,RULE 1,A=0;B=0,001259735 41477 AUG0672 L9Y59LN                                                                 UPCLOSER MONOCOQUE GAB -,VOLERY 8445528666FP,-11593523.12,-11593523.12,0.00,0.00,2022-10-26,2022-10-26,0,"Publisher-labeled 1:1 match; numerical differences are review evidence, not a fraud/loss label."
127520424682,399929280189,391197407224,USD_2022-11-02_ACC#00001_66912     0670806708151447814407TABAC12         MORIBUND ROTENONES S SMILAX   BOLL      00151447814407TABAC12         MORIBUND ZYGNEMA SK HYRACIFORM,USD_2022-11-02_ACC#00001_66912     0670806708151447814407TABAC12         MORIBUND ROTENONES S SMILAX   BOLL      00151447814407TABAC12         MORIBUND ZYGNEMA SK HYRACIFORM,RULE 1,A=0;B=0,001514478 14407 TABAC12                                                                         UPCLOSER MONOCOQUE GAB -,VOLERY 8273527666FP,93528.00,93528.00,0.00,0.00,2022-11-02,2022-11-02,0,"Publisher-labeled 1:1 match; numerical differences are review evidence, not a fraud/loss label."
127522160209,68580805010,66203083387,USD_2022-10-22_ACC#00001_66912     0156801568124161717661HAUSA42         MORIBUND VEXES WHUFF SMILAX   BOLL      00124161717661HAUSA42         MORIBUND VEXES S FOMALHAUT,USD_2022-10-22_ACC#00001_66912     0156801568124161717661HAUSA42         MORIBUND VEXES WHUFF SMILAX   BOLL      00124161717661HAUSA42         MORIBUND VEXES S FOMALHAUT,RULE 1,A=0;B=0,001241617 17661 HAUSA42                                                                         PREOCCUR FUTHERMORE YARAY,VOLERY 8439271666FP,-828924.66,-828924.66,0.00,0.00,2022-10-22,2022-10-22,0,"Publisher-labeled 1:1 match; numerical differences are review evidence, not a fraud/loss label."
127525428453,770346089951,678444177324,USD_2022-12-08_ACC#00001_66912     0670806708865085314476DOYST63         MORIBUND ROTENONES S SMILAX   BOLL      00865085314476DOYST63         MORIBUND ZYGNEMA SK HYRACIFORM,USD_2022-12-08_ACC#00001_66912     0670806708865085314476DOYST63         MORIBUND ROTENONES S SMILAX   BOLL      00865085314476DOYST63         MORIBUND ZYGNEMA SK HYRACIFORM,RULE 1,A=0;B=0,008650853 14476 DOYST63                                                                         UPCLOSER MONOCOQUE GAB -,VOLERY 8952378666FP,242686.91,242686.91,0.00,0.00,2022-12-08,2022-12-08,0,"Publisher-labeled 1:1 match; numerical differences are review evidence, not a fraud/loss label."
127544435808,649552301717,717354670317,USD_2022-10-01_ACC#00001_66912     66071660710 07166OD7BP 088            JO TONITE CG MG SMILAX   GFG       VC0 07166OD7BP 088            JO TONITE CG MG,USD_2022-10-01_ACC#00001_66912     66071660710 07166OD7BP 088            JO TONITE CG MG SMILAX   GFG       VC0 07166OD7BP 088            JO TONITE CG MG,MANUAL,A=0;B=0,07166OD7BP 07166OD7BP                                                                      JO TONITE CG MG,VOLERY 1922066046CQ,-14375243.43,-14375243.43,0.00,0.00,2022-10-01,2022-09-29,2,"Publisher-labeled 1:1 match; numerical differences are review evidence, not a fraud/loss label."
127621995049,226706602180,323745946270,USD_2022-09-10_ACC#00001_66912     66325663250 32566D5RIA 088            JOQVY DE-BAS - T SMILAX   GFG       VC0 32566D5RIA 088            JOQVY DE-BAS - T,USD_2022-09-10_ACC#00001_66912     66325663250 32566D5RIA 088            JOQVY DE-BAS - T SMILAX   GFG       VC0 32566D5RIA 088            JOQVY DE-BAS - T,RULE 4,A=0;B=0,32566D5RIA 32566D5RIA                                                                      JOQVY DE-BAS - T,322746AL68104330 1286466086VI,-25205.97,-25205.97,0.00,0.00,2022-09-10,2022-09-10,0,"Publisher-labeled 1:1 match; numerical differences are review evidence, not a fraud/loss label."
127645075624,921297565110,583100042701,USD_2022-09-17_ACC#00001_66912     0670806708136939614407CHARE83         MORIBUND VEXES WHUFF SMILAX   BOLL      00136939614407CHARE83         MORIBUND VEXES S FOMALHAUT,USD_2022-09-17_ACC#00001_66912     0670806708136939614407CHARE83         MORIBUND VEXES WHUFF SMILAX   BOLL      00136939614407CHARE83         MORIBUND VEXES S FOMALHAUT,RULE 4,A=0;B=0,001369396 14407 CHARE83                                                                         LIXIVIA JACTANCE STERNAL,VOLERY 8866150666FP,-53648.82,-53648.82,0.00,0.00,2022-09-17,2022-09-17,0,"Publisher-labeled 1:1 match; numerical differences are review evidence, not a fraud/loss label."
12766193139,148938979156,656663730904,USD_2022-12-17_ACC#00001_66912     6692666926 SMILAX   GPD,USD_2022-12-17_ACC#00001_66912     6692666926 SMILAX   GPD,RULE 3,A=0;B=0,IYO9126666758877 IYO9126666758877,IYO9126666758877 1243066719VI,48536781.00,48536781.00,0.00,0.00,2022-12-17,2022-12-17,0,"Publisher-labeled 1:1 match; numerical differences are review evidence, not a fraud/loss label."
127675789620,58054820213,122636573158,USD_2022-11-05_ACC#00001_66912     66325663250 32566B4MOO 088            JOQVY - BAS - DG SMILAX   GFG       VC0 32566B4MOO 088            JOQVY - BAS - DG,USD_2022-11-05_ACC#00001_66912     66325663250 32566B4MOO 088            JOQVY - BAS - DG SMILAX   GFG       VC0 32566B4MOO 088            JOQVY - BAS - DG,RULE 3,A=0;B=0,32566B4MOO 32566B4MOO                                                                      JOQVY - BAS - DG,32566B4MOO 9474166092VI,55592.92,55592.92,0.00,0.00,2022-11-05,2022-11-05,0,"Publisher-labeled 1:1 match; numerical differences are review evidence, not a fraud/loss label."
127737368593,990803527712,703644660965,USD_2022-12-09_ACC#00001_66912     0675406754869086767323VINYL26         MORIBUND VEXES WHUFF SMILAX   BOLL      00869086767323VINYL26         MORIBUND VEXES S FOMALHAUT,USD_2022-12-09_ACC#00001_66912     0675406754869086767323VINYL26         MORIBUND VEXES WHUFF SMILAX   BOLL      00869086767323VINYL26         MORIBUND VEXES S FOMALHAUT,RULE 1,A=0;B=0,008690867 67323 VINYL26                                                                         GAMESOME ENCL ALS MG,VOLERY 8995570666FP,-56823.26,-56823.26,0.00,0.00,2022-12-09,2022-12-09,0,"Publisher-labeled 1:1 match; numerical differences are review evidence, not a fraud/loss label."
127764653106,596980610084,707554595029,USD_2022-12-04_ACC#00001_66912     0156801568864486917661NAPE610         MORIBUND ROTENONES S SMILAX   BOLL      00864486917661NAPE610         MORIBUND ZYGNEMA SK HYRACIFORM,USD_2022-12-04_ACC#00001_66912     0156801568864486917661NAPE610         MORIBUND ROTENONES S SMILAX   BOLL      00864486917661NAPE610         MORIBUND ZYGNEMA SK HYRACIFORM,RULE 1,A=0;B=0,008644869 17661 NAPE610                                                                         YMV NONREGULATIVE,VOLERY 8945630666FP,6308977.57,6308977.57,0.00,0.00,2022-12-04,2022-12-04,0,"Publisher-labeled 1:1 match; numerical differences are review evidence, not a fraud/loss label."
127765472852,489683484310,941519955116,USD_2022-12-01_ACC#00001_66912     02566025660666H3         6666666666 SMILAX   FGGKR     FW0666H3         6666666666,USD_2022-12-01_ACC#00001_66912     02566025660666H3         6666666666 SMILAX   FGGKR     FW0666H3         6666666666,RULE 3,A=0;B=0,73934846 V73934846                                                                       JO TONITE SAUNT 664952723,V739348460017106 4950866771VI,3809022.14,3809022.14,0.00,0.00,2022-12-01,2022-12-01,0,"Publisher-labeled 1:1 match; numerical differences are review evidence, not a fraud/loss label."
127840379796,953861274293,209458911186,USD_2022-11-20_ACC#00001_66912     0207602076193971313737KAVI150         MORIBUND VEXES WHUFF SMILAX   BOLL      00193971313737KAVI150         MORIBUND VEXES S FOMALHAUT,USD_2022-11-20_ACC#00001_66912     0207602076193971313737KAVI150         MORIBUND VEXES WHUFF SMILAX   BOLL      00193971313737KAVI150         MORIBUND VEXES S FOMALHAUT,RULE 1,A=0;B=0,001939713 13737 KAVI150                                                                         PREOCCUR FUTHERMORE BUT L,VOLERY 8549534666FP,-17890.00,-17890.00,0.00,0.00,2022-11-20,2022-11-20,0,"Publisher-labeled 1:1 match; numerical differences are review evidence, not a fraud/loss label."
127841836724,601941657031,239527238427,USD_2022-10-15_ACC#00001_66912     0122701227149024212667KAVI032         MORIBUND ROTENONES S SMILAX   BOLL      00149024212667KAVI032         MORIBUND ZYGNEMA SK HYRACIFORM,USD_2022-10-15_ACC#00001_66912     0122701227149024212667KAVI032         MORIBUND ROTENONES S SMILAX   BOLL      00149024212667KAVI032         MORIBUND ZYGNEMA SK HYRACIFORM,RULE 1,A=0;B=0,001490242 12667 KAVI032                                                                         DIANITE ANIMI VOWED AGHAN,VOLERY 8464625666FP,5565123.91,5565123.91,0.00,0.00,2022-10-15,2022-10-15,0,"Publisher-labeled 1:1 match; numerical differences are review evidence, not a fraud/loss label."
127929074045,612500517631,699732786051,USD_2022-11-06_ACC#00001_66912     02566025660666H3         6666666666 SMILAX   FGGKR     FW0666H3         6666666666,USD_2022-11-06_ACC#00001_66912     02566025660666H3         6666666666 SMILAX   FGGKR     FW0666H3         6666666666,RULE 3,A=0;B=0,32894207 V32894207                                                                       JO TONITE GOX   664952723,V328942070217645 7387366095VI,935022.37,935022.37,0.00,0.00,2022-11-06,2022-11-06,0,"Publisher-labeled 1:1 match; numerical differences are review evidence, not a fraud/loss label."
127991052210,488231303109,107077717783,USD_2022-09-21_ACC#00001_66912     0609306093131420967005CUTIN88         MORIBUND ROTENONES S SMILAX   BOLL      00131420967005CUTIN88         MORIBUND ZYGNEMA SK HYRACIFORM,USD_2022-09-21_ACC#00001_66912     0609306093131420967005CUTIN88         MORIBUND ROTENONES S SMILAX   BOLL      00131420967005CUTIN88         MORIBUND ZYGNEMA SK HYRACIFORM,RULE 4,A=0;B=0,001314209 67005 CUTIN88                                                                         DISACCORDANCE UNSOLACED S,VOLERY 8876264666FP,133092.04,133092.04,0.00,0.00,2022-09-21,2022-09-21,0,"Publisher-labeled 1:1 match; numerical differences are review evidence, not a fraud/loss label."
128020669972,529554118011,446906871886,USD_2022-12-29_ACC#00001_66912     6682866828SHAMESICK FROM JAUN UNFED   JOQOEV HUMP FGDK SMILAX   FGGQQ     PHOTOACTIVE FROM JAUN UNFED   JOQOEV HUMP FGDK               029666038666666666,USD_2022-12-29_ACC#00001_66912     6682866828SHAMESICK FROM JAUN UNFED   JOQOEV HUMP FGDK SMILAX   FGGQQ     PHOTOACTIVE FROM JAUN UNFED   JOQOEV HUMP FGDK               029666038666666666,RULE 1,A=0;B=0,6666666668532585 JOQOEV HUMP FGDK,VOLERY 6660666730XY,-1690000000.00,-1690000000.00,0.00,0.00,2022-12-29,2022-12-29,0,"Publisher-labeled 1:1 match; numerical differences are review evidence, not a fraud/loss label."
128023382701,87964363896,578273110607,USD_2022-11-09_ACC#00001_66912     66325663250 37266B587M 088            SRI KAMIAN COOTH SMILAX   GFG       VC0 37266B587M 088            SRI KAMIAN COOTH,USD_2022-11-09_ACC#00001_66912     66325663250 37266B587M 088            SRI KAMIAN COOTH SMILAX   GFG       VC0 37266B587M 088            SRI KAMIAN COOTH,RULE 3,A=0;B=0,37266B587M 37266B587M                                                                      SRI KAMIAN COOTH,37266B587M 9459166768VI,36544.00,36544.00,0.00,0.00,2022-11-09,2022-11-09,0,"Publisher-labeled 1:1 match; numerical differences are review evidence, not a fraud/loss label."
128028764154,365075412275,655143977098,USD_2022-10-15_ACC#00001_66912     66325663250 32566ATT6M 088            JOQVY DE -ELUVIA SMILAX   GFG       VC0 32566ATT6M 088            JOQVY DE -ELUVIA,USD_2022-10-15_ACC#00001_66912     66325663250 32566ATT6M 088            JOQVY DE -ELUVIA SMILAX   GFG       VC0 32566ATT6M 088            JOQVY DE -ELUVIA,RULE 3,A=0;B=0,32566ATT6M 32566ATT6M                                                                      JOQVY DE -ELUVIA,32566ATT6M 6490966023VI,188.22,188.22,0.00,0.00,2022-10-15,2022-10-15,0,"Publisher-labeled 1:1 match; numerical differences are review evidence, not a fraud/loss label."
128113842424,572933157617,291231858965,USD_2022-12-10_ACC#00001_66912     02566025660666H3         6666666666 SMILAX   FGGKR     FW0666H3         6666666666,USD_2022-12-10_ACC#00001_66912     02566025660666H3         6666666666 SMILAX   FGGKR     FW0666H3         6666666666,RULE 3,A=0;B=0,17365536 V17365536                                                                       SHALE           667933724,V173655367610937 1373466717VI,3029200.00,3029200.00,0.00,0.00,2022-12-10,2022-12-10,0,"Publisher-labeled 1:1 match; numerical differences are review evidence, not a fraud/loss label."
128214125691,871845951998,213329989657,USD_2022-12-31_ACC#00001_66912     0156801568877052917661CHARE90         MORIBUND ROTENONES S SMILAX   BOLL      00877052917661CHARE90         MORIBUND ZYGNEMA SK HYRACIFORM,USD_2022-12-31_ACC#00001_66912     0156801568877052917661CHARE90         MORIBUND ROTENONES S SMILAX   BOLL      00877052917661CHARE90         MORIBUND ZYGNEMA SK HYRACIFORM,RULE 1,A=0;B=0,008770529 17661 CHARE90                                                                         DIANITE ANIMI VOWED AGHAN,VOLERY 3083691666FP,2213518.45,2213518.45,0.00,0.00,2022-12-31,2022-12-31,0,"Publisher-labeled 1:1 match; numerical differences are review evidence, not a fraud/loss label."
128273753059,601643211778,135102801100,USD_2022-10-19_ACC#00001_66912     0256602566 SMILAX   FGGKR,USD_2022-10-19_ACC#00001_66912     0256602566 SMILAX   FGGKR,RULE 6,A=0;B=0,40790887 ALME115594JOQG7U                                                                JO TONITE SAUNT 664952723,ALME114734JOQG7U 0620302326,-169700.00,-169700.00,0.00,0.00,2022-10-19,2022-10-19,0,"Publisher-labeled 1:1 match; numerical differences are review evidence, not a fraud/loss label."
128274890152,260715116697,712103931401,USD_2022-09-18_ACC#00001_66912     0670806708131838114476JAUP228         MORIBUND ROTENONES S SMILAX   BOLL      00131838114476JAUP228         MORIBUND ZYGNEMA SK HYRACIFORM,USD_2022-09-18_ACC#00001_66912     0670806708131838114476JAUP228         MORIBUND ROTENONES S SMILAX   BOLL      00131838114476JAUP228         MORIBUND ZYGNEMA SK HYRACIFORM,RULE 4,A=0;B=0,001318381 14476 JAUP228                                                                         UPCLOSER MONOCOQUE GAB -,VOLERY 8865930666FP,37960.49,37960.49,0.00,0.00,2022-09-18,2022-09-18,0,"Publisher-labeled 1:1 match; numerical differences are review evidence, not a fraud/loss label."
128291351175,7378918623,106805116506,USD_2022-09-24_ACC#00001_66912     66325663250 32566AL8TB 088            JOQVY - ELUVIA - SMILAX   GFG       VC0 32566AL8TB 088            JOQVY - ELUVIA -,USD_2022-09-24_ACC#00001_66912     66325663250 32566AL8TB 088            JOQVY - ELUVIA - SMILAX   GFG       VC0 32566AL8TB 088            JOQVY - ELUVIA -,RULE 4,A=0;B=0,32566AL8TB 32566AL8TB                                                                      JOQVY - ELUVIA -,32566AL8TB 0604266038VI,52700.00,52700.00,0.00,0.00,2022-09-24,2022-09-24,0,"Publisher-labeled 1:1 match; numerical differences are review evidence, not a fraud/loss label."
12829434833,571792346198,220808029186,USD_2022-10-05_ACC#00001_66912     0017500175148405213671RIPED78         MORIBUND VEXES WHUFF SMILAX   BOLL      00148405213671RIPED78         MORIBUND VEXES S FOMALHAUT,USD_2022-10-05_ACC#00001_66912     0017500175148405213671RIPED78         MORIBUND VEXES WHUFF SMILAX   BOLL      00148405213671RIPED78         MORIBUND VEXES S FOMALHAUT,RULE 1,A=0;B=0,001484052 13671 RIPED78                                                                         INTEMPERANCE GEOMETRINE S,VOLERY 8373228666FP,-69821.80,-69821.80,0.00,0.00,2022-10-05,2022-10-05,0,"Publisher-labeled 1:1 match; numerical differences are review evidence, not a fraud/loss label."
128296848896,486557500961,212707923491,USD_2022-11-24_ACC#00001_66912     66325663250 37266TMOAP 088            JOQ TREPIDATORY SMILAX   GFG       VC0 37266TMOAP 088            JOQ TREPIDATORY,USD_2022-11-24_ACC#00001_66912     66325663250 37266TMOAP 088            JOQ TREPIDATORY SMILAX   GFG       VC0 37266TMOAP 088            JOQ TREPIDATORY,RULE 1,A=0;B=0,37266TMOAP 37266TMOAP                                                                      JOQ TREPIDATORY,784506BW65811147 9736766704VI,-357387.00,-357387.00,0.00,0.00,2022-11-24,2022-11-24,0,"Publisher-labeled 1:1 match; numerical differences are review evidence, not a fraud/loss label."
128300899358,454614945151,74764217688,USD_2022-12-11_ACC#00001_66912     0670806708869503414407CUCA226         MORIBUND ROTENONES S SMILAX   BOLL      00869503414407CUCA226         MORIBUND ZYGNEMA SK HYRACIFORM,USD_2022-12-11_ACC#00001_66912     0670806708869503414407CUCA226         MORIBUND ROTENONES S SMILAX   BOLL      00869503414407CUCA226         MORIBUND ZYGNEMA SK HYRACIFORM,RULE 1,A=0;B=0,008695034 14407 CUCA226                                                                         ANAPSIDAN ATHLOTHETE NA Q,VOLERY 3602748666FP,176701.93,176701.93,0.00,0.00,2022-12-11,2022-12-11,0,"Publisher-labeled 1:1 match; numerical differences are review evidence, not a fraud/loss label."
128429198185,834649621522,114924984933,USD_2022-11-20_ACC#00001_66912     0617806178193963167387CUCA655         MORIBUND ROTENONES S SMILAX   BOLL      00193963167387CUCA655         MORIBUND ZYGNEMA SK HYRACIFORM,USD_2022-11-20_ACC#00001_66912     0617806178193963167387CUCA655         MORIBUND ROTENONES S SMILAX   BOLL      00193963167387CUCA655         MORIBUND ZYGNEMA SK HYRACIFORM,RULE 1,A=0;B=0,001939631 67387 CUCA655                                                                         VOLUPT NAPKIN BUT RESSAUT,VOLERY 8542395666FP,321311.51,321311.51,0.00,0.00,2022-11-20,2022-11-20,0,"Publisher-labeled 1:1 match; numerical differences are review evidence, not a fraud/loss label."
128449379911,840628489698,613814335725,USD_2022-11-23_ACC#00001_66912     0147701477195151241477OKET650         OFF TMH TIRO FAMES SMILAX   BOLL      00195151241477OKET650         OFF TMH TIRO HAU BT,USD_2022-11-23_ACC#00001_66912     0147701477195151241477OKET650         OFF TMH TIRO FAMES SMILAX   BOLL      00195151241477OKET650         OFF TMH TIRO HAU BT,RULE 1,A=0;B=0,001951512 41477 OKET650 L9HI1ZK                                                                 UPCLOSER MONOCOQUE GAB -,VOLERY 8529974666FP,-37448344.43,-37448344.43,0.00,0.00,2022-11-23,2022-11-23,0,"Publisher-labeled 1:1 match; numerical differences are review evidence, not a fraud/loss label."
128534024099,667053109554,13685924332,USD_2022-10-28_ACC#00001_66912     0702807028129359967463SKITE77         MORIBUND ROTENONES S SMILAX   BOLL      00129359967463SKITE77         MORIBUND ZYGNEMA SK HYRACIFORM,USD_2022-10-28_ACC#00001_66912     0702807028129359967463SKITE77         MORIBUND ROTENONES S SMILAX   BOLL      00129359967463SKITE77         MORIBUND ZYGNEMA SK HYRACIFORM,RULE 1,A=0;B=0,001293599 67463 SKITE77                                                                         MUTUALITY AVIARY DEFENSER,VOLERY 8452420666FP,969400.00,969400.00,0.00,0.00,2022-10-28,2022-10-28,0,"Publisher-labeled 1:1 match; numerical differences are review evidence, not a fraud/loss label."
12857237771,219824168684,765153892882,USD_2022-11-27_ACC#00001_66912     6682866828SHAMESICK FROM JAUN UNFED   BHOOSA- DESINENT SMILAX   FGGQQ     PHOTOACTIVE FROM JAUN UNFED   BHOOSA- DESINENT               029666113060357802,USD_2022-11-27_ACC#00001_66912     6682866828SHAMESICK FROM JAUN UNFED   BHOOSA- DESINENT SMILAX   FGGQQ     PHOTOACTIVE FROM JAUN UNFED   BHOOSA- DESINENT               029666113060357802,RULE 3,A=0;B=0,6666666667876106 P678761066273149                                                                BHOOSA- DESINENT,P678761066273149 9208466709VI,2797210422.00,2797210422.00,0.00,0.00,2022-11-27,2022-11-27,0,"Publisher-labeled 1:1 match; numerical differences are review evidence, not a fraud/loss label."
1286119704,254384638894,12745732222,USD_2022-12-01_ACC#00001_66912     0608206082867550267399CHOIL73         MORIBUND ROTENONES S SMILAX   BOLL      00867550267399CHOIL73         MORIBUND ZYGNEMA SK HYRACIFORM,USD_2022-12-01_ACC#00001_66912     0608206082867550267399CHOIL73         MORIBUND ROTENONES S SMILAX   BOLL      00867550267399CHOIL73         MORIBUND ZYGNEMA SK HYRACIFORM,RULE 1,A=0;B=0,008675502 67399 CHOIL73                                                                         PREOCCUR FUTHERMORE BUT L,VOLERY 8912046666FP,1675390.00,1675390.00,0.00,0.00,2022-12-01,2022-12-01,0,"Publisher-labeled 1:1 match; numerical differences are review evidence, not a fraud/loss label."
128671034245,13049940215,685811745478,USD_2022-11-03_ACC#00001_66912     0150101501123601316038FALX314         MORIBUND ROTENONES S SMILAX   BOLL      00123601316038FALX314         MORIBUND ZYGNEMA SK HYRACIFORM,USD_2022-11-03_ACC#00001_66912     0150101501123601316038FALX314         MORIBUND ROTENONES S SMILAX   BOLL      00123601316038FALX314         MORIBUND ZYGNEMA SK HYRACIFORM,MANUAL,A=0;B=0,001236013 16038 FALX314                                                                         UPCLOSER MONOCOQUE GAB -,VOLERY 8213322666FP,810000.00,810000.00,0.00,0.00,2022-11-03,2022-11-03,0,"Publisher-labeled 1:1 match; numerical differences are review evidence, not a fraud/loss label."
128683736296,108838644937,630393354668,USD_2022-10-16_ACC#00001_66912     09999099990666H3         6666666666 SMILAX   FGGKR     FW0666H3         6666666666,USD_2022-10-16_ACC#00001_66912     09999099990666H3         6666666666 SMILAX   FGGKR     FW0666H3         6666666666,RULE 3,A=0;B=0,40748710 V40748710                                                                       GVKYHE          666610809,V407487107410619 3561666022VI,27308755.14,27308755.14,0.00,0.00,2022-10-16,2022-10-16,0,"Publisher-labeled 1:1 match; numerical differences are review evidence, not a fraud/loss label."
128695704918,320134689626,119715638048,USD_2022-11-05_ACC#00001_66912     0147601476152542841476                IF TMH ENQUIRE WOLD SMILAX   BOLL      00152542841476                IF TMH ENQUIRE C TCK,USD_2022-11-05_ACC#00001_66912     0147601476152542841476                IF TMH ENQUIRE WOLD SMILAX   BOLL      00152542841476                IF TMH ENQUIRE C TCK,RULE 1,A=0;B=0,001525428 41476 L9DR93N                                                                 AFTONIAN TYPY AS RODENT C,NO 0038269092WT,-570000.00,-570000.00,0.00,0.00,2022-11-05,2022-11-05,0,"Publisher-labeled 1:1 match; numerical differences are review evidence, not a fraud/loss label."
128698493980,528137679966,520419720143,USD_2022-12-21_ACC#00001_66912     0676506765804012715574NAPE150         MORIBUND ROTENONES S SMILAX   BOLL      00804012715574NAPE150         MORIBUND ZYGNEMA SK HYRACIFORM,USD_2022-12-21_ACC#00001_66912     0676506765804012715574NAPE150         MORIBUND ROTENONES S SMILAX   BOLL      00804012715574NAPE150         MORIBUND ZYGNEMA SK HYRACIFORM,RULE 1,A=0;B=0,008040127 15574 NAPE150                                                                         UPCLOSER MONOCOQUE GAB -,VOLERY 3624417666FP,5055001.97,5055001.97,0.00,0.00,2022-12-21,2022-12-21,0,"Publisher-labeled 1:1 match; numerical differences are review evidence, not a fraud/loss label."
128750877000,495047712689,243725725213,USD_2022-11-25_ACC#00001_66912     0147701477860866941477OKET078         IF TMH SEE FAMES SMILAX   BOLL      00860866941477OKET078         IF TMH SEE FAMES,USD_2022-11-25_ACC#00001_66912     0147701477860866941477OKET078         IF TMH SEE FAMES SMILAX   BOLL      00860866941477OKET078         IF TMH SEE FAMES,RULE 1,A=0;B=0,008608669 41477 OKET078 L9HX6P3                                                                 JOQVY H.C. ZUCCHINIS TENT,VOLERY 8966671666FP,3138120.96,3138120.96,0.00,0.00,2022-11-25,2022-11-25,0,"Publisher-labeled 1:1 match; numerical differences are review evidence, not a fraud/loss label."
128755934843,966951235802,412006931697,USD_2022-12-04_ACC#00001_66912     66325663250 32566TEEBH 088            JOQVY - BAS - DG SMILAX   GFG       VC0 32566TEEBH 088            JOQVY - BAS - DG,USD_2022-12-04_ACC#00001_66912     66325663250 32566TEEBH 088            JOQVY - BAS - DG SMILAX   GFG       VC0 32566TEEBH 088            JOQVY - BAS - DG,RULE 3,A=0;B=0,32566TEEBH 32566TEEBH                                                                      JOQVY - BAS - DG,32566TEEBH 9641866774VI,1217.63,1217.63,0.00,0.00,2022-12-04,2022-12-04,0,"Publisher-labeled 1:1 match; numerical differences are review evidence, not a fraud/loss label."
128826527942,858165379304,865353307196,USD_2022-10-05_ACC#00001_66912     02566025667313           6666666666 SMILAX   FGGKR     KR7313           6666666666                                     666666666666666,USD_2022-10-05_ACC#00001_66912     02566025667313           6666666666 SMILAX   FGGKR     KR7313           6666666666                                     666666666666666,RULE 3,A=0;B=0,12836140 V12836140                                                                       JOQVY TOWNY     664952723,MG12836140M600MK 9753866044VI,259647.78,259647.78,0.00,0.00,2022-10-05,2022-10-05,0,"Publisher-labeled 1:1 match; numerical differences are review evidence, not a fraud/loss label."
128860763011,445923126014,543557732425,USD_2022-10-07_ACC#00001_66912     0670806708146234514476CHARE58         MORIBUND VEXES WHUFF SMILAX   BOLL      00146234514476CHARE58         MORIBUND VEXES S FOMALHAUT,USD_2022-10-07_ACC#00001_66912     0670806708146234514476CHARE58         MORIBUND VEXES WHUFF SMILAX   BOLL      00146234514476CHARE58         MORIBUND VEXES S FOMALHAUT,RULE 1,A=0;B=0,001462345 14476 CHARE58                                                                         UPCLOSER MONOCOQUE GAB -,VOLERY 8383502666FP,-38939.00,-38939.00,0.00,0.00,2022-10-07,2022-10-07,0,"Publisher-labeled 1:1 match; numerical differences are review evidence, not a fraud/loss label."
128890797339,948731270055,457051290464,USD_2022-11-10_ACC#00001_66912     0608206082155196167399CHOIL78         MORIBUND VEXES WHUFF SMILAX   BOLL      00155196167399CHOIL78         MORIBUND VEXES S FOMALHAUT,USD_2022-11-10_ACC#00001_66912     0608206082155196167399CHOIL78         MORIBUND VEXES WHUFF SMILAX   BOLL      00155196167399CHOIL78         MORIBUND VEXES S FOMALHAUT,RULE 1,A=0;B=0,001551961 67399 CHOIL78                                                                         JOQ JOS HURA - UPCLOSER D,VOLERY 8255996666FP,-1331000.00,-1331000.00,0.00,0.00,2022-11-10,2022-11-10,0,"Publisher-labeled 1:1 match; numerical differences are review evidence, not a fraud/loss label."
128969157513,658964502492,321576109794,USD_2022-10-23_ACC#00001_66912     02566025660666H3         6666666666 SMILAX   FGGKR     FW0666H3         6666666666,USD_2022-10-23_ACC#00001_66912     02566025660666H3         6666666666 SMILAX   FGGKR     FW0666H3         6666666666,RULE 3,A=0;B=0,32889331 V32889331                                                                       JO TONITE SAUNT 664952723,V328893316117698 4898666058VI,235695.70,235695.70,0.00,0.00,2022-10-23,2022-10-23,0,"Publisher-labeled 1:1 match; numerical differences are review evidence, not a fraud/loss label."
12902074761,469037226705,906527856583,USD_2022-10-14_ACC#00001_66912     0147701477121603941477GULA163         IF TMH TIRO FAMES SMILAX   BOLL      00121603941477GULA163         IF TMH TIRO EMEU S,USD_2022-10-14_ACC#00001_66912     0147701477121603941477GULA163         IF TMH TIRO FAMES SMILAX   BOLL      00121603941477GULA163         IF TMH TIRO EMEU S,RULE 1,A=0;B=0,001216039 41477 GULA163 L9Y24U1                                                                 UPCLOSER MONOCOQUE GAB -,VOLERY 8398928666FP,-2030600.00,-2030600.00,0.00,0.00,2022-10-14,2022-10-14,0,"Publisher-labeled 1:1 match; numerical differences are review evidence, not a fraud/loss label."
129108546718,520205445383,86746387002,USD_2022-10-16_ACC#00001_66912     0147701477128973541477AUG0672         IF TMH TIRO FAMES SMILAX   BOLL      00128973541477AUG0672         IF TMH TIRO EMEU S,USD_2022-10-16_ACC#00001_66912     0147701477128973541477AUG0672         IF TMH TIRO FAMES SMILAX   BOLL      00128973541477AUG0672         IF TMH TIRO EMEU S,RULE 1,A=0;B=0,001289735 41477 AUG0672 L9Y56AX                                                                 JOQVY H.C. ZUCCHINIS TENT,VOLERY 8404450666FP,-54220861.53,-54220861.53,0.00,0.00,2022-10-16,2022-10-16,0,"Publisher-labeled 1:1 match; numerical differences are review evidence, not a fraud/loss label."
129127019419,62892562495,924882314847,USD_2022-10-29_ACC#00001_66912     0779507795 SMILAX   WAP,USD_2022-10-29_ACC#00001_66912     0779507795 SMILAX   WAP,RULE 1,A=0;B=0,6P64656P6C6D6M6R 6G6L656P6C6B6Z6T                                                                VERANDAH TYPY AI,616X5PT131 1206866096XD,-5329.77,-5329.77,0.00,0.00,2022-10-29,2022-10-29,0,"Publisher-labeled 1:1 match; numerical differences are review evidence, not a fraud/loss label."
129141295246,688912880273,571401371278,USD_2022-10-22_ACC#00001_66912     0719407194 SMILAX   FGGKR                                                                     666666666666666,USD_2022-10-22_ACC#00001_66912     0719407194 SMILAX   FGGKR                                                                     666666666666666,RULE 1,A=0;B=0,12378719 LUNY3E8238JOQG7U                                                                SLATTERN TYPY   706670310,VOLERY 3480366051XD,-53954.34,-53954.34,0.00,0.00,2022-10-22,2022-10-22,0,"Publisher-labeled 1:1 match; numerical differences are review evidence, not a fraud/loss label."
129182964883,598907338299,264710481231,USD_2022-11-03_ACC#00001_66912     0670806708151422514407LEUD852         MORIBUND VEXES WHUFF SMILAX   BOLL      00151422514407LEUD852         MORIBUND VEXES S FOMALHAUT,USD_2022-11-03_ACC#00001_66912     0670806708151422514407LEUD852         MORIBUND VEXES WHUFF SMILAX   BOLL      00151422514407LEUD852         MORIBUND VEXES S FOMALHAUT,RULE 1,A=0;B=0,001514225 14407 LEUD852                                                                         UPCLOSER MONOCOQUE GAB -,VOLERY 8214988666FP,-44580.91,-44580.91,0.00,0.00,2022-11-03,2022-11-03,0,"Publisher-labeled 1:1 match; numerical differences are review evidence, not a fraud/loss label."
129201775898,98619198684,637794891135,USD_2022-10-06_ACC#00001_66912     0670806708143286714407MINER91         MORIBUND ROTENONES S SMILAX   BOLL      00143286714407MINER91         MORIBUND ZYGNEMA SK HYRACIFORM,USD_2022-10-06_ACC#00001_66912     0670806708143286714407MINER91         MORIBUND ROTENONES S SMILAX   BOLL      00143286714407MINER91         MORIBUND ZYGNEMA SK HYRACIFORM,RULE 1,A=0;B=0,001432867 14407 MINER91                                                                         UPCLOSER MONOCOQUE GAB -,VOLERY 8318754666FP,21147.73,21147.73,0.00,0.00,2022-10-06,2022-10-06,0,"Publisher-labeled 1:1 match; numerical differences are review evidence, not a fraud/loss label."
12921360422,294603948799,750967587661,USD_2022-10-07_ACC#00001_66912     02566025660666H3         6666666666 SMILAX   FGGKR     FW0666H3         6666666666,USD_2022-10-07_ACC#00001_66912     02566025660666H3         6666666666 SMILAX   FGGKR     FW0666H3         6666666666,RULE 3,A=0;B=0,32751168 V32751168                                                                       JO TONITE GOX   664952723,V327511680216681 4991966045VI,169552.94,169552.94,0.00,0.00,2022-10-07,2022-10-07,0,"Publisher-labeled 1:1 match; numerical differences are review evidence, not a fraud/loss label."
129215141948,948077327062,338806065622,USD_2022-10-12_ACC#00001_66912     0250702507131642 67666                SEMSEM ODONTOLOGY AZ SMILAX   BOLL      RM131642 67666                SEMSEM STOPHOUND T HYRACIFORM,USD_2022-10-12_ACC#00001_66912     0250702507131642 67666                SEMSEM ODONTOLOGY AZ SMILAX   BOLL      RM131642 67666                SEMSEM STOPHOUND T HYRACIFORM,RULE 1,A=0;B=0,RM131642  67666 Y.M. TONITE QUETCH CHUHRA,VQY666675763 3834366021XD,-727774.33,-727774.33,0.00,0.00,2022-10-12,2022-10-12,0,"Publisher-labeled 1:1 match; numerical differences are review evidence, not a fraud/loss label."
12923872987,765674805922,622270530822,USD_2022-11-27_ACC#00001_66912     0646006460S                           BURO JADY GAT AUG - SMILAX   RAMON     GFG                           BURO JADY GAT IT X - T         JOQ ELUVIA KR - TA            JOQGE_TA,USD_2022-11-27_ACC#00001_66912     0646006460S                           BURO JADY GAT AUG - SMILAX   RAMON     GFG                           BURO JADY GAT IT X - T         JOQ ELUVIA KR - TA            JOQGE_TA,RULE 1,A=0;B=0,HEY RAMON DISNEY JOQ ELUVIA KR - TA,GYNOMONOECISM 6972366709VI,-6741650.60,-6741650.60,0.00,0.00,2022-11-27,2022-11-27,0,"Publisher-labeled 1:1 match; numerical differences are review evidence, not a fraud/loss label."
129258254675,70478557053,677203870217,USD_2022-11-16_ACC#00001_66912     0147701477198819841477OKET656         IF TMH SEE FAMES SMILAX   BOLL      00198819841477OKET656         IF TMH SEE FAMES,USD_2022-11-16_ACC#00001_66912     0147701477198819841477OKET656         IF TMH SEE FAMES SMILAX   BOLL      00198819841477OKET656         IF TMH SEE FAMES,RULE 1,A=0;B=0,001988198 41477 OKET656 L9GT86Y                                                                 UPCLOSER MONOCOQUE GAB -,VOLERY 8575731666FP,3193630.00,3193630.00,0.00,0.00,2022-11-16,2022-11-16,0,"Publisher-labeled 1:1 match; numerical differences are review evidence, not a fraud/loss label."
129312272598,201774237953,179434493023,USD_2022-09-30_ACC#00001_66912     0147701477141470441477CANGY22         IF TMH SEE FAMES SMILAX   BOLL      00141470441477CANGY22         IF TMH SEE FAMES,USD_2022-09-30_ACC#00001_66912     0147701477141470441477CANGY22         IF TMH SEE FAMES SMILAX   BOLL      00141470441477CANGY22         IF TMH SEE FAMES,RULE 1,A=0;B=0,001414704 41477 CANGY22 L9Y33D9                                                                 UPCLOSER MONOCOQUE GAB -,VOLERY 8891920666FP,4688410.00,4688410.00,0.00,0.00,2022-09-30,2022-09-30,0,"Publisher-labeled 1:1 match; numerical differences are review evidence, not a fraud/loss label."
129332078284,321898188268,402580259637,USD_2022-10-27_ACC#00001_66912     0147701477188403541477MOVE008         OFF TMH SEE FAMES SMILAX   BOLL      00188403541477MOVE008         OFF TMH SEE EMEU S,USD_2022-10-27_ACC#00001_66912     0147701477188403541477MOVE008         OFF TMH SEE FAMES SMILAX   BOLL      00188403541477MOVE008         OFF TMH SEE EMEU S,MANUAL,A=0;B=0,001884035 41477 MOVE008 L9Y089H                                                                 UPCLOSER MONOCOQUE GAB -,VOLERY 8429757666FP,30073386.36,30073386.37,0.01,0.01,2022-10-27,2022-10-27,0,"Publisher-labeled 1:1 match; numerical differences are review evidence, not a fraud/loss label."
129336225879,998411362567,621300432429,USD_2022-12-07_ACC#00001_66912     0676506765862379355570EPEE553         MORIBUND ROTENONES S SMILAX   BOLL      00862379355570EPEE553         MORIBUND ZYGNEMA SK HYRACIFORM,USD_2022-12-07_ACC#00001_66912     0676506765862379355570EPEE553         MORIBUND ROTENONES S SMILAX   BOLL      00862379355570EPEE553         MORIBUND ZYGNEMA SK HYRACIFORM,MANUAL,A=0;B=0,008623793 55570 EPEE553                                                                         UPCLOSER MONOCOQUE GAB -,VOLERY 8925237666FP,5054404.60,5054404.64,0.04,0.04,2022-12-07,2022-12-07,0,"Publisher-labeled 1:1 match; numerical differences are review evidence, not a fraud/loss label."
129365922422,642100986550,530051098718,USD_2022-12-02_ACC#00001_66912     0603606036864684467888VELIC90         IF TMH SEE FAMES SMILAX   BOLL      00864684467888VELIC90         IF TMH SEE FAMES,USD_2022-12-02_ACC#00001_66912     0603606036864684467888VELIC90         IF TMH SEE FAMES SMILAX   BOLL      00864684467888VELIC90         IF TMH SEE FAMES,RULE 1,A=0;B=0,008646844 67888 VELIC90 L9HK6KB                                                                 JO TONITE ETHERIFIES GAB,VOLERY 8985077666FP,820400.00,820400.00,0.00,0.00,2022-12-02,2022-12-02,0,"Publisher-labeled 1:1 match; numerical differences are review evidence, not a fraud/loss label."
129378721981,88783739935,363087069892,USD_2022-11-16_ACC#00001_66912     0670806708637534214476                IPL MARACAN COMPRISE SMILAX   BOLL      VU637534214476                IPL MARACAN SACS RUMMLE,USD_2022-11-16_ACC#00001_66912     0670806708637534214476                IPL MARACAN COMPRISE SMILAX   BOLL      VU637534214476                IPL MARACAN SACS RUMMLE,RULE 1,A=0;B=0,VU6375342 14476 UPCLOSER MONOCOQUE GAB -,VOLERY 8572060666FP,104.00,104.00,0.00,0.00,2022-11-16,2022-11-16,0,"Publisher-labeled 1:1 match; numerical differences are review evidence, not a fraud/loss label."
129406310483,381857277560,632181769596,USD_2022-09-16_ACC#00001_66912     0147701477131167541477UNDOG51         IF TMH TIRO FAMES SMILAX   BOLL      00131167541477UNDOG51         IF TMH TIRO EMEU S,USD_2022-09-16_ACC#00001_66912     0147701477131167541477UNDOG51         IF TMH TIRO FAMES SMILAX   BOLL      00131167541477UNDOG51         IF TMH TIRO EMEU S,RULE 4,A=0;B=0,001311675 41477 UNDOG51 L9Y11J5                                                                 UPCLOSER MONOCOQUE GAB -,VOLERY 8155837666FP,-34877500.00,-34877500.00,0.00,0.00,2022-09-16,2022-09-16,0,"Publisher-labeled 1:1 match; numerical differences are review evidence, not a fraud/loss label."
129415965972,64942410464,367712886353,USD_2022-10-09_ACC#00001_66912     6033960339 SMILAX   GPD,USD_2022-10-09_ACC#00001_66912     6033960339 SMILAX   GPD,RULE 3,A=0;B=0,AHT9126666741471 AHT9126666741471,AHT9126666741471 7335566049VI,7502175.82,7502175.82,0.00,0.00,2022-10-09,2022-10-09,0,"Publisher-labeled 1:1 match; numerical differences are review evidence, not a fraud/loss label."
129448174395,966137928362,519151356367,USD_2022-09-15_ACC#00001_66912     66325663250 32566AYAKY 088            JOQVY - BAS - DG SMILAX   GFG       VC0 32566AYAKY 088            JOQVY - BAS - DG,USD_2022-09-15_ACC#00001_66912     66325663250 32566AYAKY 088            JOQVY - BAS - DG SMILAX   GFG       VC0 32566AYAKY 088            JOQVY - BAS - DG,RULE 4,A=0;B=0,32566AYAKY 32566AYAKY                                                                      JOQVY - BAS - DG,32566AYAKY 1127266084VI,1000.00,1000.00,0.00,0.00,2022-09-15,2022-09-15,0,"Publisher-labeled 1:1 match; numerical differences are review evidence, not a fraud/loss label."
129487605925,553289084601,713155359443,USD_2022-10-06_ACC#00001_66912     0156801568144383217667AUG0672         MORIBUND ROTENONES S SMILAX   BOLL      00144383217667AUG0672         MORIBUND ZYGNEMA SK HYRACIFORM,USD_2022-10-06_ACC#00001_66912     0156801568144383217667AUG0672         MORIBUND ROTENONES S SMILAX   BOLL      00144383217667AUG0672         MORIBUND ZYGNEMA SK HYRACIFORM,RULE 1,A=0;B=0,001443832 17667 AUG0672                                                                         TAPU ETHERIFIES AUANTIC,VOLERY 8313895666FP,28559490.50,28559490.50,0.00,0.00,2022-10-06,2022-10-06,0,"Publisher-labeled 1:1 match; numerical differences are review evidence, not a fraud/loss label."
129526258479,356858140765,13603162441,USD_2022-11-11_ACC#00001_66912     0147701477190832341477EPEE553         IF TMH SEE FAMES SMILAX   BOLL      00190832341477EPEE553         IF TMH SEE FAMES,USD_2022-11-11_ACC#00001_66912     0147701477190832341477EPEE553         IF TMH SEE FAMES SMILAX   BOLL      00190832341477EPEE553         IF TMH SEE FAMES,RULE 1,A=0;B=0,001908323 41477 EPEE553 L9MU5EN                                                                 UPCLOSER MONOCOQUE GAB -,VOLERY 8295357666FP,25189810.00,25189810.00,0.00,0.00,2022-11-11,2022-11-11,0,"Publisher-labeled 1:1 match; numerical differences are review evidence, not a fraud/loss label."
129537536309,453191572507,706563278079,USD_2022-10-02_ACC#00001_66912     0147601476143407141476                IF TMH DIP WOLD SMILAX   BOLL      00143407141476                IF TMH DIP WOLD,USD_2022-10-02_ACC#00001_66912     0147601476143407141476                IF TMH DIP WOLD SMILAX   BOLL      00143407141476                IF TMH DIP WOLD,RULE 1,A=0;B=0,001434071 41476 L9Y3997                                                                 KAZATSKI VITI MIB DIASENE,URBD-2GREYB 4678266041VI,3600000.00,3600000.00,0.00,0.00,2022-10-02,2022-10-02,0,"Publisher-labeled 1:1 match; numerical differences are review evidence, not a fraud/loss label."
129542112669,541217825916,720125591005,USD_2022-10-08_ACC#00001_66912     6670866708P 7084200729 602            OARS PISTRIX -V&F TO SMILAX   OARS      IGN 7084200729 602            OARS PISTRIX -V& F SHY         F SHY,USD_2022-10-08_ACC#00001_66912     6670866708P 7084200729 602            OARS PISTRIX -V&F TO SMILAX   OARS      IGN 7084200729 602            OARS PISTRIX -V& F SHY         F SHY,RULE 3,A=0;B=0,7084200729 7084200729                                                                      OARS PISTRIX -V&F SHY,7084200729 1740366049VI,-240535258.50,-240535258.50,0.00,0.00,2022-10-08,2022-10-08,0,"Publisher-labeled 1:1 match; numerical differences are review evidence, not a fraud/loss label."
129549922098,103141104977,122092738748,USD_2022-12-09_ACC#00001_66912     0147701477806889241477PRODD82         IF TMH SEE FAMES SMILAX   BOLL      00806889241477PRODD82         IF TMH SEE FAMES,USD_2022-12-09_ACC#00001_66912     0147701477806889241477PRODD82         IF TMH SEE FAMES SMILAX   BOLL      00806889241477PRODD82         IF TMH SEE FAMES,RULE 1,A=0;B=0,008068892 41477 PRODD82 L9FV0AF                                                                 UPCLOSER MONOCOQUE GAB -,VOLERY 8995889666FP,8890000.00,8890000.00,0.00,0.00,2022-12-09,2022-12-09,0,"Publisher-labeled 1:1 match; numerical differences are review evidence, not a fraud/loss label."
12957720040,860812253659,665559921325,USD_2022-10-15_ACC#00001_66912     0614606146127944110007KAVI032         MORIBUND VEXES WHUFF SMILAX   BOLL      00127944110007KAVI032         MORIBUND VEXES S FOMALHAUT,USD_2022-10-15_ACC#00001_66912     0614606146127944110007KAVI032         MORIBUND VEXES WHUFF SMILAX   BOLL      00127944110007KAVI032         MORIBUND VEXES S FOMALHAUT,RULE 1,A=0;B=0,001279441 10007 KAVI032                                                                         DIANITE ANIMI KINESIOLOGY,VOLERY 8463045666FP,-9823859.85,-9823859.85,0.00,0.00,2022-10-15,2022-10-15,0,"Publisher-labeled 1:1 match; numerical differences are review evidence, not a fraud/loss label."
129766303250,372729284834,685614749459,USD_2022-09-16_ACC#00001_66912     09999099990666H3         6666666666 SMILAX   FGGKR     FW0666H3         6666666666,USD_2022-09-16_ACC#00001_66912     09999099990666H3         6666666666 SMILAX   FGGKR     FW0666H3         6666666666,RULE 4,A=0;B=0,12383696 V12383696                                                                       GVKYHE          666610809,V123836967216525 2403066082VI,3623597.90,3623597.90,0.00,0.00,2022-09-16,2022-09-16,0,"Publisher-labeled 1:1 match; numerical differences are review evidence, not a fraud/loss label."
129771053082,502759937895,950163145703,USD_2022-11-20_ACC#00001_66912     0670806708193342314407KAVI883         MORIBUND VEXES WHUFF SMILAX   BOLL      00193342314407KAVI883         MORIBUND VEXES S FOMALHAUT,USD_2022-11-20_ACC#00001_66912     0670806708193342314407KAVI883         MORIBUND VEXES WHUFF SMILAX   BOLL      00193342314407KAVI883         MORIBUND VEXES S FOMALHAUT,RULE 1,A=0;B=0,001933423 14407 KAVI883                                                                         TYPY IMBER TA CARENE (RHD,VOLERY 8549529666FP,-221643.00,-221643.00,0.00,0.00,2022-11-20,2022-11-20,0,"Publisher-labeled 1:1 match; numerical differences are review evidence, not a fraud/loss label."
129871672179,14084203488,132807989009,USD_2022-11-10_ACC#00001_66912     66325663250 32566B5BU8 088            JOQVY - BAS - DG SMILAX   GFG       VC0 32566B5BU8 088            JOQVY - BAS - DG,USD_2022-11-10_ACC#00001_66912     66325663250 32566B5BU8 088            JOQVY - BAS - DG SMILAX   GFG       VC0 32566B5BU8 088            JOQVY - BAS - DG,RULE 3,A=0;B=0,32566B5BU8 32566B5BU8                                                                      JOQVY - BAS - DG,32566B5BU8 6733366767VI,64386.19,64386.19,0.00,0.00,2022-11-10,2022-11-10,0,"Publisher-labeled 1:1 match; numerical differences are review evidence, not a fraud/loss label."
12992033,79003976738,694878880570,USD_2022-10-06_ACC#00001_66912     0147601476142029341476                IF TMH DIP WOLD SMILAX   BOLL      00142029341476                IF TMH DIP WOLD,USD_2022-10-06_ACC#00001_66912     0147601476142029341476                IF TMH DIP WOLD SMILAX   BOLL      00142029341476                IF TMH DIP WOLD,RULE 1,A=0;B=0,001420293 41476 L9Y41SO                                                                 ENHAT HAJJ TYPY,URBD-2I1GT9 8804966042VI,572000.00,572000.00,0.00,0.00,2022-10-06,2022-10-06,0,"Publisher-labeled 1:1 match; numerical differences are review evidence, not a fraud/loss label."
12996185569,838263641009,326664699724,USD_2022-10-12_ACC#00001_66912     0147701477126734041477MEGGY88         OFF TMH TIRO FAMES SMILAX   BOLL      00126734041477MEGGY88         OFF TMH TIRO HAU BT,USD_2022-10-12_ACC#00001_66912     0147701477126734041477MEGGY88         OFF TMH TIRO FAMES SMILAX   BOLL      00126734041477MEGGY88         OFF TMH TIRO HAU BT,RULE 1,A=0;B=0,001267340 41477 MEGGY88 L9Y26BS                                                                 UPCLOSER MONOCOQUE GAB -,VOLERY 8323005666FP,-49082510.71,-49082510.71,0.00,0.00,2022-10-12,2022-10-12,0,"Publisher-labeled 1:1 match; numerical differences are review evidence, not a fraud/loss label."
