match_id,ledger_source_id,bank_source_id,ledger_allocation,bank_target_allocation,publisher_match_rule,previously_mismatched,ledger_source_reference,bank_source_reference,ledger_signed_amount,bank_signed_amount,signed_amount_difference,absolute_amount_difference,ledger_value_date,bank_value_date,date_difference_days,meaning
100009994261,42619182605,544953568724,USD_2023-01-05_ACC#00001_66912     66325663257 29266TNJNL 088            MESOPEAK PIMENTA SMILAX   GFG       VC7 29266TNJNL 088            MESOPEAK PIMENTA,USD_2023-01-05_ACC#00001_66912     66325663257 29266TNJNL 088            MESOPEAK PIMENTA SMILAX   GFG       VC7 29266TNJNL 088            MESOPEAK PIMENTA,RULE 3,A=0;B=0,29266TNJNL 29266TNJNL                                                                      MESOPEAK PIMENTA,29266TNJNL 0161366735VI,55104.52,55104.52,0.00,0.00,2023-01-05,2023-01-05,0,"Publisher-labeled 1:1 match; numerical differences are review evidence, not a fraud/loss label."
100326931587,534835014589,456094506894,USD_2023-02-18_ACC#00001_66912     66325663250 32566RUGG3 088            JOQVY - BAS - DG SMILAX   GFG       VC0 32566RUGG3 088            JOQVY - BAS - DG,USD_2023-02-18_ACC#00001_66912     66325663250 32566RUGG3 088            JOQVY - BAS - DG SMILAX   GFG       VC0 32566RUGG3 088            JOQVY - BAS - DG,RULE 1,A=0;B=0,32566RUGG3 32566RUGG3                                                                      JOQVY - BAS - DG,322756AL61886533 9416866167VI,-3152.60,-3152.60,0.00,0.00,2023-02-18,2023-02-18,0,"Publisher-labeled 1:1 match; numerical differences are review evidence, not a fraud/loss label."
10049460130,892629737278,198810217260,USD_2023-01-21_ACC#00001_66912     02566025660666H3         6666666666 SMILAX   FGGKR     FW0666H3         6666666666,USD_2023-01-21_ACC#00001_66912     02566025660666H3         6666666666 SMILAX   FGGKR     FW0666H3         6666666666,RULE 3,A=0;B=0,48307166 V48307166                                                                       SHALE           667933724,V483071666017178 6264066728VI,1676900.00,1676900.00,0.00,0.00,2023-01-21,2023-01-21,0,"Publisher-labeled 1:1 match; numerical differences are review evidence, not a fraud/loss label."
100571888695,49499599497,699293472320,USD_2023-01-22_ACC#00001_66912     0670806708815359314407DODOS98         MORIBUND ROTENONES S SMILAX   BOLL      00815359314407DODOS98         MORIBUND ZYGNEMA SK HYRACIFORM,USD_2023-01-22_ACC#00001_66912     0670806708815359314407DODOS98         MORIBUND ROTENONES S SMILAX   BOLL      00815359314407DODOS98         MORIBUND ZYGNEMA SK HYRACIFORM,RULE 1,A=0;B=0,008153593 14407 DODOS98                                                                         UPCLOSER MONOCOQUE GAB -,VOLERY 3169202666FP,8529.75,8529.75,0.00,0.00,2023-01-22,2023-01-22,0,"Publisher-labeled 1:1 match; numerical differences are review evidence, not a fraud/loss label."
100601808812,43796693544,983834297419,USD_2023-01-07_ACC#00001_66912     0179001790875737914289AUG0770         MORIBUND VEXES WHUFF SMILAX   BOLL      00875737914289AUG0770         MORIBUND VEXES S FOMALHAUT,USD_2023-01-07_ACC#00001_66912     0179001790875737914289AUG0770         MORIBUND VEXES WHUFF SMILAX   BOLL      00875737914289AUG0770         MORIBUND VEXES S FOMALHAUT,RULE 1,A=0;B=0,008757379 14289 AUG0770                                                                         UPCLOSER MONOCOQUE GAB -,VOLERY 3092196666FP,-2966280.94,-2966280.94,0.00,0.00,2023-01-07,2023-01-07,0,"Publisher-labeled 1:1 match; numerical differences are review evidence, not a fraud/loss label."
100623357684,783802423383,71896999996,USD_2023-02-08_ACC#00001_66912     66325663250 32566RJ48S 088            JOQVY DE-BAS - T SMILAX   GFG       VC0 32566RJ48S 088            JOQVY DE-BAS - T,USD_2023-02-08_ACC#00001_66912     66325663250 32566RJ48S 088            JOQVY DE-BAS - T SMILAX   GFG       VC0 32566RJ48S 088            JOQVY DE-BAS - T,RULE 1,A=0;B=0,32566RJ48S 32566RJ48S                                                                      JOQVY DE-BAS - T,322746AL68170449 3852666759VI,-1000000.00,-1000000.00,0.00,0.00,2023-02-08,2023-02-08,0,"Publisher-labeled 1:1 match; numerical differences are review evidence, not a fraud/loss label."
100745806496,670088004404,39517036668,USD_2023-02-15_ACC#00001_66912     0703607036 SMILAX   FGGKR                                                                     666666666666666,USD_2023-02-15_ACC#00001_66912     0703607036 SMILAX   FGGKR                                                                     666666666666666,MANUAL,A=0;B=0,31892466 YGLMQQ8665JOQG7U                                                                SC FORET DOL QM 660078879,ICHTHYIZATION 8047666799XD,-1600000.00,-1696324.00,-96324.00,96324.00,2023-02-15,2023-02-15,0,"Publisher-labeled 1:1 match; numerical differences are review evidence, not a fraud/loss label."
100750790975,662479542526,966703080462,USD_2023-01-19_ACC#00001_66912     0646406464818412661008SCOTE58         MORIBUND VEXES WHUFF SMILAX   BOLL      00818412661008SCOTE58         MORIBUND VEXES S FOMALHAUT,USD_2023-01-19_ACC#00001_66912     0646406464818412661008SCOTE58         MORIBUND VEXES WHUFF SMILAX   BOLL      00818412661008SCOTE58         MORIBUND VEXES S FOMALHAUT,RULE 1,A=0;B=0,008184126 61008 SCOTE58                                                                         MUTUALITY AVIARY DEFENSER,VOLERY 3722446666FP,-117904.10,-117904.10,0.00,0.00,2023-01-19,2023-01-19,0,"Publisher-labeled 1:1 match; numerical differences are review evidence, not a fraud/loss label."
100804505350,831172566251,622207812051,USD_2023-01-26_ACC#00001_66912     6682866828SHAMESICK FROM JAUN UNFED   JOQOEV HUMP FGDK SMILAX   FGGQQ     PHOTOACTIVE FROM JAUN UNFED   JOQOEV HUMP FGDK               029666655366666666,USD_2023-01-26_ACC#00001_66912     6682866828SHAMESICK FROM JAUN UNFED   JOQOEV HUMP FGDK SMILAX   FGGQQ     PHOTOACTIVE FROM JAUN UNFED   JOQOEV HUMP FGDK               029666655366666666,RULE 1,A=0;B=0,6666666662683496 JOQOEV HUMP FGDK,VOLERY 6661366729XY,-883000000.00,-883000000.00,0.00,0.00,2023-01-26,2023-01-26,0,"Publisher-labeled 1:1 match; numerical differences are review evidence, not a fraud/loss label."
10087549109,812296772832,412229337297,USD_2023-02-03_ACC#00001_66912     6692666926U GULE BYP CUR 69           BT40057 SMILAX   GESS      JGE GULE BYP CUR 69           BT40057,USD_2023-02-03_ACC#00001_66912     6692666926U GULE BYP CUR 69           BT40057 SMILAX   GESS      JGE GULE BYP CUR 69           BT40057,RULE 1,A=0;B=0,666071 666666667923026,VOLERY 3155927666FP,3100.00,3100.00,0.00,0.00,2023-02-03,2023-02-03,0,"Publisher-labeled 1:1 match; numerical differences are review evidence, not a fraud/loss label."
100887297107,127913785320,341543074477,USD_2023-02-18_ACC#00001_66912     66325663250 32566RUQ9V 088            JOQVY - ELUVIA - SMILAX   GFG       VC0 32566RUQ9V 088            JOQVY - ELUVIA -,USD_2023-02-18_ACC#00001_66912     66325663250 32566RUQ9V 088            JOQVY - ELUVIA - SMILAX   GFG       VC0 32566RUQ9V 088            JOQVY - ELUVIA -,RULE 1,A=0;B=0,32566RUQ9V 32566RUQ9V                                                                      JOQVY - ELUVIA -,322746AL68123607 2303066160VI,-52682.00,-52682.00,0.00,0.00,2023-02-18,2023-02-18,0,"Publisher-labeled 1:1 match; numerical differences are review evidence, not a fraud/loss label."
10095688471,715097649037,608911495294,USD_2023-01-11_ACC#00001_66912     66325663250 37266J1D91 088            TOURNOIS GDUFL C SMILAX   GFG       VC0 37266J1D91 088            TOURNOIS GDUFL C,USD_2023-01-11_ACC#00001_66912     66325663250 37266J1D91 088            TOURNOIS GDUFL C SMILAX   GFG       VC0 37266J1D91 088            TOURNOIS GDUFL C,RULE 3,A=0;B=0,37266J1D91 37266J1D91                                                                      TOURNOIS GDUFL C,37266J1D91 5772266741VI,4638.85,4638.85,0.00,0.00,2023-01-11,2023-01-11,0,"Publisher-labeled 1:1 match; numerical differences are review evidence, not a fraud/loss label."
100987744861,615755634098,352391882448,USD_2023-02-23_ACC#00001_66912     0676506765840482455570OKET481         MORIBUND VEXES WHUFF SMILAX   BOLL      00840482455570OKET481         MORIBUND VEXES S FOMALHAUT,USD_2023-02-23_ACC#00001_66912     0676506765840482455570OKET481         MORIBUND VEXES WHUFF SMILAX   BOLL      00840482455570OKET481         MORIBUND VEXES S FOMALHAUT,RULE 1,A=0;B=0,008404824 55570 OKET481                                                                         JACKPLANE AVIARY PANTOPOD,VOLERY 3310385666FP,-1192924.64,-1192924.64,0.00,0.00,2023-02-23,2023-02-23,0,"Publisher-labeled 1:1 match; numerical differences are review evidence, not a fraud/loss label."
101043618410,526360657063,722660589874,USD_2023-03-05_ACC#00001_66912     0670806708842437614407ATMA690         MORIBUND ROTENONES S SMILAX   BOLL      00842437614407ATMA690         MORIBUND ZYGNEMA SK HYRACIFORM,USD_2023-03-05_ACC#00001_66912     0670806708842437614407ATMA690         MORIBUND ROTENONES S SMILAX   BOLL      00842437614407ATMA690         MORIBUND ZYGNEMA SK HYRACIFORM,RULE 1,A=0;B=0,008424376 14407 ATMA690                                                                         BYV GEOMETRINE QMQF ZH AH,VOLERY 3395061666FP,46408.19,46408.19,0.00,0.00,2023-03-05,2023-03-05,0,"Publisher-labeled 1:1 match; numerical differences are review evidence, not a fraud/loss label."
101210519009,346852812346,16631631928,USD_2023-01-13_ACC#00001_66912     0779507795 SMILAX   WAP,USD_2023-01-13_ACC#00001_66912     0779507795 SMILAX   WAP,RULE 3,A=0;B=0,6B6F656G6Q6V6160 6P6W656G6C696660                                                                UPCLOSER QUETCH AUANTIC (,6B6F656G6Q6V6166 5868966744VI,-11.83,-11.83,0.00,0.00,2023-01-13,2023-01-13,0,"Publisher-labeled 1:1 match; numerical differences are review evidence, not a fraud/loss label."
101280631237,575058886945,323873142418,USD_2023-02-19_ACC#00001_66912     66325663250 32566RO279 088            JOQVY-DP-NO AM S SMILAX   GFG       VC0 32566RO279 088            JOQVY-DP-NO AM S,USD_2023-02-19_ACC#00001_66912     66325663250 32566RO279 088            JOQVY-DP-NO AM S SMILAX   GFG       VC0 32566RO279 088            JOQVY-DP-NO AM S,RULE 3,A=0;B=0,32566RO279 32566RO279                                                                      JOQVY-DP-NO AM S,32566RO279 0346266167VI,239389.14,239389.14,0.00,0.00,2023-02-19,2023-02-19,0,"Publisher-labeled 1:1 match; numerical differences are review evidence, not a fraud/loss label."
10158789411,915799803136,722526953288,USD_2023-01-01_ACC#00001_66912     0614606146878481210007NAPE703         MORIBUND VEXES WHUFF SMILAX   BOLL      00878481210007NAPE703         MORIBUND VEXES S FOMALHAUT,USD_2023-01-01_ACC#00001_66912     0614606146878481210007NAPE703         MORIBUND VEXES WHUFF SMILAX   BOLL      00878481210007NAPE703         MORIBUND VEXES S FOMALHAUT,RULE 1,A=0;B=0,008784812 10007 NAPE703                                                                         TABID TYPY AS AKAZGA -MOD,VOLERY 3038132666FP,-11057577.81,-11057577.81,0.00,0.00,2023-01-01,2023-01-01,0,"Publisher-labeled 1:1 match; numerical differences are review evidence, not a fraud/loss label."
101666251890,546398799947,118194960406,USD_2023-02-16_ACC#00001_66912     66325663250 32566RQF4R 088            JOQVY - ELUVIA - SMILAX   GFG       VC0 32566RQF4R 088            JOQVY - ELUVIA -,USD_2023-02-16_ACC#00001_66912     66325663250 32566RQF4R 088            JOQVY - ELUVIA - SMILAX   GFG       VC0 32566RQF4R 088            JOQVY - ELUVIA -,RULE 3,A=0;B=0,32566RQF4R 32566RQF4R                                                                      JOQVY - ELUVIA -,32566RQF4R 7702366166VI,1293403.93,1293403.93,0.00,0.00,2023-02-16,2023-02-16,0,"Publisher-labeled 1:1 match; numerical differences are review evidence, not a fraud/loss label."
101687136264,396794612620,442036785852,USD_2023-02-15_ACC#00001_66912     6033960339 SMILAX   GPD,USD_2023-02-15_ACC#00001_66912     6033960339 SMILAX   GPD,RULE 1,A=0;B=0,AHT9126666167636 AHT9126666167636,OL07726 8075066794VI,1688179.64,1688179.64,0.00,0.00,2023-02-15,2023-02-15,0,"Publisher-labeled 1:1 match; numerical differences are review evidence, not a fraud/loss label."
101730918742,930537670205,307646883277,USD_2023-01-15_ACC#00001_66912     0147701477818789041477NAPE159         OFF TMH SEE FAMES SMILAX   BOLL      00818789041477NAPE159         OFF TMH SEE EMEU S,USD_2023-01-15_ACC#00001_66912     0147701477818789041477NAPE159         OFF TMH SEE FAMES SMILAX   BOLL      00818789041477NAPE159         OFF TMH SEE EMEU S,RULE 1,A=0;B=0,008187890 41477 NAPE159 L9FR46K                                                                 JOQVY H.C. ZUCCHINIS TENT,VOLERY 3732906666FP,49132.70,49132.70,0.00,0.00,2023-01-15,2023-01-15,0,"Publisher-labeled 1:1 match; numerical differences are review evidence, not a fraud/loss label."
101772913396,276410542818,867799040202,USD_2023-01-13_ACC#00001_66912     0779507795 SMILAX   WAP,USD_2023-01-13_ACC#00001_66912     0779507795 SMILAX   WAP,RULE 3,A=0;B=0,6B6F656G6Q6V676R 6P6W656G6C656R6B                                                                UPCLOSER QUETCH AUANTIC (,6B6F656G6Q6V676W 5868566744VI,-1597.56,-1597.56,0.00,0.00,2023-01-13,2023-01-13,0,"Publisher-labeled 1:1 match; numerical differences are review evidence, not a fraud/loss label."
101861066221,514468918181,854237964263,USD_2023-02-22_ACC#00001_66912     6692666926 SMILAX   GPD,USD_2023-02-22_ACC#00001_66912     6692666926 SMILAX   GPD,RULE 3,A=0;B=0,IYO9126666168210 IYO9126666168210,IYO9126666168210 6090266164VI,-286860.00,-286860.00,0.00,0.00,2023-02-22,2023-02-22,0,"Publisher-labeled 1:1 match; numerical differences are review evidence, not a fraud/loss label."
101868853654,853417146027,355022102220,USD_2023-01-13_ACC#00001_66912     0256602566 SMILAX   FGGKR,USD_2023-01-13_ACC#00001_66912     0256602566 SMILAX   FGGKR,RULE 1,A=0;B=0,32146316 ALME7U0823JOQG7U                                                                JO TONITE SAUNT 664952723,V321891667115015 4439766744VI,-3233091.67,-3233091.67,0.00,0.00,2023-01-13,2023-01-13,0,"Publisher-labeled 1:1 match; numerical differences are review evidence, not a fraud/loss label."
101905735743,442739205348,536937557611,USD_2023-01-26_ACC#00001_66912     0147701477880884841477EPEE553         OFF TMH TIRO FAMES SMILAX   BOLL      00880884841477EPEE553         OFF TMH TIRO HAU BT,USD_2023-01-26_ACC#00001_66912     0147701477880884841477EPEE553         OFF TMH TIRO FAMES SMILAX   BOLL      00880884841477EPEE553         OFF TMH TIRO HAU BT,RULE 1,A=0;B=0,008808848 41477 EPEE553 L9HY032                                                                 UPCLOSER MONOCOQUE GAB -,VOLERY 3116699666FP,-39880659.16,-39880659.16,0.00,0.00,2023-01-26,2023-01-26,0,"Publisher-labeled 1:1 match; numerical differences are review evidence, not a fraud/loss label."
101973465645,758728113425,11240373261,USD_2023-02-17_ACC#00001_66912     0646406464833966561008FUGIT75         MORIBUND VEXES WHUFF SMILAX   BOLL      00833966561008FUGIT75         MORIBUND VEXES S FOMALHAUT,USD_2023-02-17_ACC#00001_66912     0646406464833966561008FUGIT75         MORIBUND VEXES WHUFF SMILAX   BOLL      00833966561008FUGIT75         MORIBUND VEXES S FOMALHAUT,RULE 1,A=0;B=0,008339665 61008 FUGIT75                                                                         PREOCCUR FUTHERMORE YARAY,VOLERY 3890367666FP,-345249.17,-345249.17,0.00,0.00,2023-02-17,2023-02-17,0,"Publisher-labeled 1:1 match; numerical differences are review evidence, not a fraud/loss label."
102275693944,495843956417,571454511260,USD_2023-01-29_ACC#00001_66912     0609306093887350667005WASN038         MORIBUND VEXES WHUFF SMILAX   BOLL      00887350667005WASN038         MORIBUND VEXES S FOMALHAUT,USD_2023-01-29_ACC#00001_66912     0609306093887350667005WASN038         MORIBUND VEXES WHUFF SMILAX   BOLL      00887350667005WASN038         MORIBUND VEXES S FOMALHAUT,RULE 1,A=0;B=0,008873506 67005 WASN038                                                                         CHINOL BUT STIVY,VOLERY 3140040666FP,-268963.86,-268963.86,0.00,0.00,2023-01-29,2023-01-29,0,"Publisher-labeled 1:1 match; numerical differences are review evidence, not a fraud/loss label."
102343216141,159398088776,43365193577,USD_2023-01-06_ACC#00001_66912     0147701477872050941477OKET078         OFF TMH SEE FAMES SMILAX   BOLL      00872050941477OKET078         OFF TMH SEE EMEU S,USD_2023-01-06_ACC#00001_66912     0147701477872050941477OKET078         OFF TMH SEE FAMES SMILAX   BOLL      00872050941477OKET078         OFF TMH SEE EMEU S,RULE 1,A=0;B=0,008720509 41477 OKET078 L9HH62Q                                                                 JOQVY H.C. ZUCCHINIS TENT,VOLERY 3054246666FP,1454878.83,1454878.83,0.00,0.00,2023-01-06,2023-01-06,0,"Publisher-labeled 1:1 match; numerical differences are review evidence, not a fraud/loss label."
102466996924,920240743972,543158391339,USD_2023-01-29_ACC#00001_66912     6653566535RECD IVQ JANT BRUCINA       LX30700 SMILAX   GESS      CASTER IVQ JANT BRUCINA       LX30700,USD_2023-01-29_ACC#00001_66912     6653566535RECD IVQ JANT BRUCINA       LX30700 SMILAX   GESS      CASTER IVQ JANT BRUCINA       LX30700,RULE 1,A=0;B=0,666071 666666661686187,I79VVBB704522 1097966750FS,-556105.00,-556105.00,0.00,0.00,2023-01-29,2023-01-29,0,"Publisher-labeled 1:1 match; numerical differences are review evidence, not a fraud/loss label."
102555731174,585422937658,92572168701,USD_2023-01-20_ACC#00001_66912     02566025660666H3         6666666666 SMILAX   FGGKR     FW0666H3         6666666666,USD_2023-01-20_ACC#00001_66912     02566025660666H3         6666666666 SMILAX   FGGKR     FW0666H3         6666666666,RULE 3,A=0;B=0,41868356 V41868356                                                                       SHALE           667933724,V418683561617140 4839066721VI,2000000.00,2000000.00,0.00,0.00,2023-01-20,2023-01-20,0,"Publisher-labeled 1:1 match; numerical differences are review evidence, not a fraud/loss label."
102582792779,959471921017,499485020971,USD_2023-01-28_ACC#00001_66912     66325663250 32566RITUR 088            JOQVY DE -ELUVIA SMILAX   GFG       VC0 32566RITUR 088            JOQVY DE -ELUVIA,USD_2023-01-28_ACC#00001_66912     66325663250 32566RITUR 088            JOQVY DE -ELUVIA SMILAX   GFG       VC0 32566RITUR 088            JOQVY DE -ELUVIA,RULE 1,A=0;B=0,32566RITUR 32566RITUR                                                                      JOQVY DE -ELUVIA,322746AL68187508 0175766750VI,-71.92,-71.92,0.00,0.00,2023-01-28,2023-01-28,0,"Publisher-labeled 1:1 match; numerical differences are review evidence, not a fraud/loss label."
102616683014,283871585919,852666314193,USD_2023-01-06_ACC#00001_66912     66071660710 07166J62MN 088            ARACHNIDA AVIARY SMILAX   GFG       VC0 07166J62MN 088            ARACHNIDA AVIARY,USD_2023-01-06_ACC#00001_66912     66071660710 07166J62MN 088            ARACHNIDA AVIARY SMILAX   GFG       VC0 07166J62MN 088            ARACHNIDA AVIARY,MANUAL,A=0;B=0,07166J62MN 07166J62MN                                                                      ARACHNIDA AVIARY,VOLERY 7726269756WT,-4686700.00,-4686700.00,0.00,0.00,2023-01-06,2023-01-27,21,"Publisher-labeled 1:1 match; numerical differences are review evidence, not a fraud/loss label."
102647559229,705093656493,8886897451,USD_2023-01-25_ACC#00001_66912     0207602076815744013737NAPE506         MORIBUND VEXES WHUFF SMILAX   BOLL      00815744013737NAPE506         MORIBUND VEXES S FOMALHAUT,USD_2023-01-25_ACC#00001_66912     0207602076815744013737NAPE506         MORIBUND VEXES WHUFF SMILAX   BOLL      00815744013737NAPE506         MORIBUND VEXES S FOMALHAUT,RULE 1,A=0;B=0,008157440 13737 NAPE506                                                                         ASCIDIA GEOMETRINE QMQF C,VOLERY 3170437666FP,-2092386.00,-2092386.00,0.00,0.00,2023-01-25,2023-01-25,0,"Publisher-labeled 1:1 match; numerical differences are review evidence, not a fraud/loss label."
102754584317,752425415496,965151526681,USD_2023-02-08_ACC#00001_66912     0999909999 SMILAX   FGGKR                                                                     666666666666666,USD_2023-02-08_ACC#00001_66912     0999909999 SMILAX   FGGKR                                                                     666666666666666,RULE 1,A=0;B=0,169156 1863JOQG7U                                                                WUR AI-WHINNY   669267817,6026766837233797 5732866797FW,-84110000.00,-84110000.00,0.00,0.00,2023-02-08,2023-02-08,0,"Publisher-labeled 1:1 match; numerical differences are review evidence, not a fraud/loss label."
102811225228,705396222737,333059122753,USD_2023-01-11_ACC#00001_66912     66325663250 37266J88MD 088            INKROOT LIKED BY SMILAX   GFG       VC0 37266J88MD 088            INKROOT LIKED BY,USD_2023-01-11_ACC#00001_66912     66325663250 37266J88MD 088            INKROOT LIKED BY SMILAX   GFG       VC0 37266J88MD 088            INKROOT LIKED BY,RULE 3,A=0;B=0,37266J88MD 37266J88MD                                                                      INKROOT LIKED BY,37266J88MD 9945066748VI,14354.97,14354.97,0.00,0.00,2023-01-11,2023-01-11,0,"Publisher-labeled 1:1 match; numerical differences are review evidence, not a fraud/loss label."
102932736362,279479023891,664844862908,USD_2023-01-18_ACC#00001_66912     0250702507878457267666                ANDI SEMSEM DIP WOLD SMILAX   BOLL      00878457267666                ANDI SEMSEM DIP  WOLD,USD_2023-01-18_ACC#00001_66912     0250702507878457267666                ANDI SEMSEM DIP WOLD SMILAX   BOLL      00878457267666                ANDI SEMSEM DIP  WOLD,RULE 3,A=0;B=0,008784572 67666 GULA082 L9HX9YN                                                                 UPCLOSER SAUNT TYPY DE -,008784572-767-0 9569266720VI,18184.00,18184.00,0.00,0.00,2023-01-18,2023-01-18,0,"Publisher-labeled 1:1 match; numerical differences are review evidence, not a fraud/loss label."
102949498463,784389086532,775278548168,USD_2023-02-11_ACC#00001_66912     66325663250 32566RHA07 088            JOQVY - ELUVIA - SMILAX   GFG       VC0 32566RHA07 088            JOQVY - ELUVIA -,USD_2023-02-11_ACC#00001_66912     66325663250 32566RHA07 088            JOQVY - ELUVIA - SMILAX   GFG       VC0 32566RHA07 088            JOQVY - ELUVIA -,RULE 1,A=0;B=0,32566RHA07 32566RHA07                                                                      JOQVY - ELUVIA -,322746AL68121090 2552466798VI,-612840.39,-612840.39,0.00,0.00,2023-02-11,2023-02-11,0,"Publisher-labeled 1:1 match; numerical differences are review evidence, not a fraud/loss label."
103079080646,12901014446,562202493074,USD_2023-01-19_ACC#00001_66912     66325663250 32566J5MD6 088            JOQVY - BAS - DG SMILAX   GFG       VC0 32566J5MD6 088            JOQVY - BAS - DG,USD_2023-01-19_ACC#00001_66912     66325663250 32566J5MD6 088            JOQVY - BAS - DG SMILAX   GFG       VC0 32566J5MD6 088            JOQVY - BAS - DG,RULE 3,A=0;B=0,32566J5MD6 32566J5MD6                                                                      JOQVY - BAS - DG,32566J5MD6 0637866720VI,1767.20,1767.20,0.00,0.00,2023-01-19,2023-01-19,0,"Publisher-labeled 1:1 match; numerical differences are review evidence, not a fraud/loss label."
103141569075,464126980621,541988856887,USD_2023-02-22_ACC#00001_66912     0676506765840842915574NAPE580         MORIBUND ROTENONES S SMILAX   BOLL      00840842915574NAPE580         MORIBUND ZYGNEMA SK HYRACIFORM,USD_2023-02-22_ACC#00001_66912     0676506765840842915574NAPE580         MORIBUND ROTENONES S SMILAX   BOLL      00840842915574NAPE580         MORIBUND ZYGNEMA SK HYRACIFORM,RULE 1,A=0;B=0,008408429 15574 NAPE580                                                                         SLATTERN TYPY OEV,VOLERY 3377660666FP,1455187.65,1455187.65,0.00,0.00,2023-02-22,2023-02-22,0,"Publisher-labeled 1:1 match; numerical differences are review evidence, not a fraud/loss label."
103226730884,84319685397,797348045828,USD_2023-02-18_ACC#00001_66912     66325663250 32566RUG7E 088            JOQVY - BAS - DG SMILAX   GFG       VC0 32566RUG7E 088            JOQVY - BAS - DG,USD_2023-02-18_ACC#00001_66912     66325663250 32566RUG7E 088            JOQVY - BAS - DG SMILAX   GFG       VC0 32566RUG7E 088            JOQVY - BAS - DG,RULE 1,A=0;B=0,32566RUG7E 32566RUG7E                                                                      JOQVY - BAS - DG,322756AL61831939 9812366167VI,-490.37,-490.37,0.00,0.00,2023-02-18,2023-02-18,0,"Publisher-labeled 1:1 match; numerical differences are review evidence, not a fraud/loss label."
10326629953,465964279668,755117410968,USD_2023-02-11_ACC#00001_66912     0147701477831234741477GULA414         OFF TMH TIRO FAMES SMILAX   BOLL      00831234741477GULA414         OFF TMH TIRO HAU BT,USD_2023-02-11_ACC#00001_66912     0147701477831234741477GULA414         OFF TMH TIRO FAMES SMILAX   BOLL      00831234741477GULA414         OFF TMH TIRO HAU BT,RULE 1,A=0;B=0,008312347 41477 GULA414 L9HO9AS                                                                 JOQVY H.C. ZUCCHINIS TENT,VOLERY 3830888666FP,-1133329.34,-1133329.34,0.00,0.00,2023-02-11,2023-02-11,0,"Publisher-labeled 1:1 match; numerical differences are review evidence, not a fraud/loss label."
103297487237,845374398269,602696971761,USD_2023-02-17_ACC#00001_66912     0156801568833278717661GULA633         MORIBUND ROTENONES S SMILAX   BOLL      00833278717661GULA633         MORIBUND ZYGNEMA SK HYRACIFORM,USD_2023-02-17_ACC#00001_66912     0156801568833278717661GULA633         MORIBUND ROTENONES S SMILAX   BOLL      00833278717661GULA633         MORIBUND ZYGNEMA SK HYRACIFORM,RULE 1,A=0;B=0,008332787 17661 GULA633                                                                         UPCLOSER MONOCOQUE GAB -,VOLERY 3890024666FP,26807746.00,26807746.00,0.00,0.00,2023-02-17,2023-02-17,0,"Publisher-labeled 1:1 match; numerical differences are review evidence, not a fraud/loss label."
103472827586,339455587907,678246347753,USD_2023-02-15_ACC#00001_66912     0147701477833233141477NAPE576         OFF TMH TIRO FAMES SMILAX   BOLL      00833233141477NAPE576         OFF TMH TIRO HAU BT,USD_2023-02-15_ACC#00001_66912     0147701477833233141477NAPE576         OFF TMH TIRO FAMES SMILAX   BOLL      00833233141477NAPE576         OFF TMH TIRO HAU BT,RULE 1,A=0;B=0,008332331 41477 NAPE576 L9HP17Z                                                                 UPCLOSER MONOCOQUE GAB -,VOLERY 3826268666FP,-20539195.20,-20539195.20,0.00,0.00,2023-02-15,2023-02-15,0,"Publisher-labeled 1:1 match; numerical differences are review evidence, not a fraud/loss label."
103545402133,988367359012,654882066277,USD_2023-01-01_ACC#00001_66912     0207602076877266213737COCT971         MORIBUND VEXES WHUFF SMILAX   BOLL      00877266213737COCT971         MORIBUND VEXES S FOMALHAUT,USD_2023-01-01_ACC#00001_66912     0207602076877266213737COCT971         MORIBUND VEXES WHUFF SMILAX   BOLL      00877266213737COCT971         MORIBUND VEXES S FOMALHAUT,RULE 1,A=0;B=0,008772662 13737 COCT971                                                                         CHINOL BUT STIVY,VOLERY 3033417666FP,-119834.09,-119834.09,0.00,0.00,2023-01-01,2023-01-01,0,"Publisher-labeled 1:1 match; numerical differences are review evidence, not a fraud/loss label."
103552169352,164290768847,552870369153,USD_2023-01-19_ACC#00001_66912     0147701477814196541477GULA414         OFF TMH TIRO FAMES SMILAX   BOLL      00814196541477GULA414         OFF TMH TIRO HAU BT,USD_2023-01-19_ACC#00001_66912     0147701477814196541477GULA414         OFF TMH TIRO FAMES SMILAX   BOLL      00814196541477GULA414         OFF TMH TIRO HAU BT,RULE 1,A=0;B=0,008141965 41477 GULA414 L9XU0E8                                                                 JOQVY H.C. ZUCCHINIS TENT,VOLERY 3722647666FP,-1134959.82,-1134959.82,0.00,0.00,2023-01-19,2023-01-19,0,"Publisher-labeled 1:1 match; numerical differences are review evidence, not a fraud/loss label."
103560345047,440737743010,957076902087,USD_2023-02-04_ACC#00001_66912     66325663250 32566RL0VI 088            JOQ TREPIDATORY SMILAX   GFG       VC0 32566RL0VI 088            JOQ TREPIDATORY,USD_2023-02-04_ACC#00001_66912     66325663250 32566RL0VI 088            JOQ TREPIDATORY SMILAX   GFG       VC0 32566RL0VI 088            JOQ TREPIDATORY,RULE 1,A=0;B=0,32566RL0VI 32566RL0VI                                                                      JOQ TREPIDATORY,779756BW61853462 L-2792866752VI,-6740.79,-6740.79,0.00,0.00,2023-02-04,2023-02-04,0,"Publisher-labeled 1:1 match; numerical differences are review evidence, not a fraud/loss label."
103645747557,978724731571,862252416125,USD_2023-01-11_ACC#00001_66912     66325663250 37266J1GEJ 088            TOURNOIS GDUFL C SMILAX   GFG       VC0 37266J1GEJ 088            TOURNOIS GDUFL C,USD_2023-01-11_ACC#00001_66912     66325663250 37266J1GEJ 088            TOURNOIS GDUFL C SMILAX   GFG       VC0 37266J1GEJ 088            TOURNOIS GDUFL C,RULE 3,A=0;B=0,37266J1GEJ 37266J1GEJ                                                                      TOURNOIS GDUFL C,37266J1GEJ 5775166741VI,5167.43,5167.43,0.00,0.00,2023-01-11,2023-01-11,0,"Publisher-labeled 1:1 match; numerical differences are review evidence, not a fraud/loss label."
103673322492,236751526643,184793777344,USD_2023-01-15_ACC#00001_66912     09999099997313           6666666666 SMILAX   FGGKR     KR7313           6666666666                                     666666666666666,USD_2023-01-15_ACC#00001_66912     09999099997313           6666666666 SMILAX   FGGKR     KR7313           6666666666                                     666666666666666,RULE 3,A=0;B=0,15865993 V15865993                                                                       GVKYHE          666610809,MG15865993M600MK 4853966745VI,709041.95,709041.95,0.00,0.00,2023-01-15,2023-01-15,0,"Publisher-labeled 1:1 match; numerical differences are review evidence, not a fraud/loss label."
103705288808,166928699508,937588161757,USD_2023-02-04_ACC#00001_66912     0156801568882230716768OKET746         MORIBUND ROTENONES S SMILAX   BOLL      00882230716768OKET746         MORIBUND ZYGNEMA SK HYRACIFORM,USD_2023-02-04_ACC#00001_66912     0156801568882230716768OKET746         MORIBUND ROTENONES S SMILAX   BOLL      00882230716768OKET746         MORIBUND ZYGNEMA SK HYRACIFORM,RULE 1,A=0;B=0,008822307 16768 OKET746                                                                         UPCLOSER MONOCOQUE GAB -,VOLERY 3860637666FP,22314982.00,22314982.00,0.00,0.00,2023-02-04,2023-02-04,0,"Publisher-labeled 1:1 match; numerical differences are review evidence, not a fraud/loss label."
103737133896,321101374328,319809524923,USD_2023-01-15_ACC#00001_66912     0607606076810160167674VINYL26         MORIBUND ROTENONES S SMILAX   BOLL      00810160167674VINYL26         MORIBUND ZYGNEMA SK HYRACIFORM,USD_2023-01-15_ACC#00001_66912     0607606076810160167674VINYL26         MORIBUND ROTENONES S SMILAX   BOLL      00810160167674VINYL26         MORIBUND ZYGNEMA SK HYRACIFORM,RULE 1,A=0;B=0,008101601 67674 VINYL26                                                                         JO TONITE ETHERIFIES GAB,VOLERY 3734431666FP,49683319.16,49683319.16,0.00,0.00,2023-01-15,2023-01-15,0,"Publisher-labeled 1:1 match; numerical differences are review evidence, not a fraud/loss label."
103861687541,982149210270,877531692033,USD_2023-03-04_ACC#00001_66912     0603606036826103867888EPEE553         IF TMH SEE FAMES SMILAX   BOLL      00826103867888EPEE553         IF TMH SEE FAMES,USD_2023-03-04_ACC#00001_66912     0603606036826103867888EPEE553         IF TMH SEE FAMES SMILAX   BOLL      00826103867888EPEE553         IF TMH SEE FAMES,RULE 1,A=0;B=0,008261038 67888 EPEE553 L9IE3FN                                                                 JO TONITE ETHERIFIES GAB,VOLERY 3359437666FP,5060300.00,5060300.00,0.00,0.00,2023-03-04,2023-03-04,0,"Publisher-labeled 1:1 match; numerical differences are review evidence, not a fraud/loss label."
103862402522,999999971244,847060414303,USD_2023-02-15_ACC#00001_66912     0976909769833581119262KAVI532         MORIBUND ROTENONES S SMILAX   BOLL      00833581119262KAVI532         MORIBUND ZYGNEMA SK HYRACIFORM,USD_2023-02-15_ACC#00001_66912     0976909769833581119262KAVI532         MORIBUND ROTENONES S SMILAX   BOLL      00833581119262KAVI532         MORIBUND ZYGNEMA SK HYRACIFORM,MANUAL,A=0;B=0,008335811 19262 KAVI532                                                                         UPCLOSER MONOCOQUE GAB -,VOLERY 3820194666FP,2235043.10,2235043.11,0.01,0.01,2023-02-15,2023-02-15,0,"Publisher-labeled 1:1 match; numerical differences are review evidence, not a fraud/loss label."
103966261581,318792975876,483022526780,USD_2023-02-15_ACC#00001_66912     0603606036834200467888SHOWD61         IF TMH SEE FAMES SMILAX   BOLL      00834200467888SHOWD61         IF TMH SEE FAMES,USD_2023-02-15_ACC#00001_66912     0603606036834200467888SHOWD61         IF TMH SEE FAMES SMILAX   BOLL      00834200467888SHOWD61         IF TMH SEE FAMES,RULE 1,A=0;B=0,008342004 67888 SHOWD61 L9HP341                                                                 JO TONITE ETHERIFIES GAB,VOLERY 3820882666FP,4065211.60,4065211.60,0.00,0.00,2023-02-15,2023-02-15,0,"Publisher-labeled 1:1 match; numerical differences are review evidence, not a fraud/loss label."
104000921326,186862472819,318331103191,USD_2023-02-03_ACC#00001_66912     02566025660666H3         6666666666 SMILAX   FGGKR     FW0666H3         6666666666,USD_2023-02-03_ACC#00001_66912     02566025660666H3         6666666666 SMILAX   FGGKR     FW0666H3         6666666666,RULE 3,A=0;B=0,28490476 V28490476                                                                       SHALE           667933724,V284904760817866 8135966752VI,3567040.00,3567040.00,0.00,0.00,2023-02-03,2023-02-03,0,"Publisher-labeled 1:1 match; numerical differences are review evidence, not a fraud/loss label."
10404568734,586890563370,461813868937,USD_2023-02-02_ACC#00001_66912     66325663250 32566RKU0X 088            JOQVY - BAS - DG SMILAX   GFG       VC0 32566RKU0X 088            JOQVY - BAS - DG,USD_2023-02-02_ACC#00001_66912     66325663250 32566RKU0X 088            JOQVY - BAS - DG SMILAX   GFG       VC0 32566RKU0X 088            JOQVY - BAS - DG,RULE 1,A=0;B=0,32566RKU0X 32566RKU0X                                                                      JOQVY - BAS - DG,322756AL61310102 4433266757VI,-5896.82,-5896.82,0.00,0.00,2023-02-02,2023-02-02,0,"Publisher-labeled 1:1 match; numerical differences are review evidence, not a fraud/loss label."
104075645175,446242260050,700171669101,USD_2023-02-25_ACC#00001_66912     0250702507125286 67666                SEMSEM MARACAN WHUFF SMILAX   BOLL      RM125286 67666                SEMSEM MARACAN S FOMALHAUT,USD_2023-02-25_ACC#00001_66912     0250702507125286 67666                SEMSEM MARACAN WHUFF SMILAX   BOLL      RM125286 67666                SEMSEM MARACAN S FOMALHAUT,RULE 3,A=0;B=0,RM125286  67666 COPIABLE PLATINA TYPY OWD,RM125286-767-660 6539066169VI,6750.00,6750.00,0.00,0.00,2023-02-25,2023-02-25,0,"Publisher-labeled 1:1 match; numerical differences are review evidence, not a fraud/loss label."
10408734892,506304382113,459050468127,USD_2023-02-18_ACC#00001_66912     66325663250 32566RUQOI 088            JOQVY - ELUVIA - SMILAX   GFG       VC0 32566RUQOI 088            JOQVY - ELUVIA -,USD_2023-02-18_ACC#00001_66912     66325663250 32566RUQOI 088            JOQVY - ELUVIA - SMILAX   GFG       VC0 32566RUQOI 088            JOQVY - ELUVIA -,RULE 3,A=0;B=0,32566RUQOI 32566RUQOI                                                                      JOQVY - ELUVIA -,32566RUQOI 2378666160VI,52682.00,52682.00,0.00,0.00,2023-02-18,2023-02-18,0,"Publisher-labeled 1:1 match; numerical differences are review evidence, not a fraud/loss label."
104123571559,176615149347,781377358087,USD_2023-02-10_ACC#00001_66912     0608206082831517267399COCT519         MORIBUND VEXES WHUFF SMILAX   BOLL      00831517267399COCT519         MORIBUND VEXES S FOMALHAUT,USD_2023-02-10_ACC#00001_66912     0608206082831517267399COCT519         MORIBUND VEXES WHUFF SMILAX   BOLL      00831517267399COCT519         MORIBUND VEXES S FOMALHAUT,RULE 1,A=0;B=0,008315172 67399 COCT519                                                                         SAUNT MAZA MICRODONTY,VOLERY 3887693666FP,-36150.33,-36150.33,0.00,0.00,2023-02-10,2023-02-10,0,"Publisher-labeled 1:1 match; numerical differences are review evidence, not a fraud/loss label."
10419703005,710539856164,801208849530,USD_2023-01-29_ACC#00001_66912     0156801568888809016792AUG0762         MORIBUND ROTENONES S SMILAX   BOLL      00888809016792AUG0762         MORIBUND ZYGNEMA SK HYRACIFORM,USD_2023-01-29_ACC#00001_66912     0156801568888809016792AUG0762         MORIBUND ROTENONES S SMILAX   BOLL      00888809016792AUG0762         MORIBUND ZYGNEMA SK HYRACIFORM,RULE 1,A=0;B=0,008888090 16792 AUG0762                                                                         UPCLOSER MONOCOQUE GAB -,VOLERY 3146215666FP,4579448.10,4579448.10,0.00,0.00,2023-01-29,2023-01-29,0,"Publisher-labeled 1:1 match; numerical differences are review evidence, not a fraud/loss label."
10422110972,954099381854,900653398122,USD_2023-01-18_ACC#00001_66912     0207602076818160113737SYNE060         MORIBUND ROTENONES S SMILAX   BOLL      00818160113737SYNE060         MORIBUND ZYGNEMA SK HYRACIFORM,USD_2023-01-18_ACC#00001_66912     0207602076818160113737SYNE060         MORIBUND ROTENONES S SMILAX   BOLL      00818160113737SYNE060         MORIBUND ZYGNEMA SK HYRACIFORM,RULE 1,A=0;B=0,008181601 13737 SYNE060                                                                         BULT DUFFED,VOLERY 3744418666FP,13152.00,13152.00,0.00,0.00,2023-01-18,2023-01-18,0,"Publisher-labeled 1:1 match; numerical differences are review evidence, not a fraud/loss label."
104300143403,261751387521,866608015647,USD_2023-01-01_ACC#00001_66912     0603606036878117967888CHOIL61         OFF TMH SEE FAMES SMILAX   BOLL      00878117967888CHOIL61         OFF TMH SEE EMEU S,USD_2023-01-01_ACC#00001_66912     0603606036878117967888CHOIL61         OFF TMH SEE FAMES SMILAX   BOLL      00878117967888CHOIL61         OFF TMH SEE EMEU S,RULE 1,A=0;B=0,008781179 67888 CHOIL61 L9HJ8GD                                                                 JO TONITE ETHERIFIES GAB,VOLERY 3033084666FP,124322.43,124322.43,0.00,0.00,2023-01-01,2023-01-01,0,"Publisher-labeled 1:1 match; numerical differences are review evidence, not a fraud/loss label."
104304586451,308410015583,935854160146,USD_2023-02-11_ACC#00001_66912     0670806708837709514409KELD353         MORIBUND ROTENONES S SMILAX   BOLL      00837709514409KELD353         MORIBUND ZYGNEMA SK HYRACIFORM,USD_2023-02-11_ACC#00001_66912     0670806708837709514409KELD353         MORIBUND ROTENONES S SMILAX   BOLL      00837709514409KELD353         MORIBUND ZYGNEMA SK HYRACIFORM,RULE 1,A=0;B=0,008377095 14409 KELD353                                                                         SLATTERN TYPY OEV,VOLERY 3836136666FP,53165.94,53165.94,0.00,0.00,2023-02-11,2023-02-11,0,"Publisher-labeled 1:1 match; numerical differences are review evidence, not a fraud/loss label."
104433536283,126529228031,152191599394,USD_2023-01-21_ACC#00001_66912     0156801568814222917661NAPE825         MORIBUND ROTENONES S SMILAX   BOLL      00814222917661NAPE825         MORIBUND ZYGNEMA SK HYRACIFORM,USD_2023-01-21_ACC#00001_66912     0156801568814222917661NAPE825         MORIBUND ROTENONES S SMILAX   BOLL      00814222917661NAPE825         MORIBUND ZYGNEMA SK HYRACIFORM,RULE 1,A=0;B=0,008142229 17661 NAPE825                                                                         DIANITE ANIMI VOWED AGHAN,VOLERY 3799088666FP,3274833.77,3274833.77,0.00,0.00,2023-01-21,2023-01-21,0,"Publisher-labeled 1:1 match; numerical differences are review evidence, not a fraud/loss label."
104489222284,219183868385,796936856950,USD_2023-01-13_ACC#00001_66912     66325663250 32566J41MU 088            JOQVY - BAS - DG SMILAX   GFG       VC0 32566J41MU 088            JOQVY - BAS - DG,USD_2023-01-13_ACC#00001_66912     66325663250 32566J41MU 088            JOQVY - BAS - DG SMILAX   GFG       VC0 32566J41MU 088            JOQVY - BAS - DG,RULE 1,A=0;B=0,32566J41MU 32566J41MU                                                                      JOQVY - BAS - DG,322756AL61844921 2364566744VI,-121.90,-121.90,0.00,0.00,2023-01-13,2023-01-13,0,"Publisher-labeled 1:1 match; numerical differences are review evidence, not a fraud/loss label."
104863341757,358329635432,681665188428,USD_2023-01-01_ACC#00001_66912     0670806708877474314476SYNE665         MORIBUND VEXES WHUFF SMILAX   BOLL      00877474314476SYNE665         MORIBUND VEXES S FOMALHAUT,USD_2023-01-01_ACC#00001_66912     0670806708877474314476SYNE665         MORIBUND VEXES WHUFF SMILAX   BOLL      00877474314476SYNE665         MORIBUND VEXES S FOMALHAUT,RULE 1,A=0;B=0,008774743 14476 SYNE665                                                                         UPCLOSER MONOCOQUE GAB -,VOLERY 3033475666FP,-75052.84,-75052.84,0.00,0.00,2023-01-01,2023-01-01,0,"Publisher-labeled 1:1 match; numerical differences are review evidence, not a fraud/loss label."
104877504337,255895374943,456297787278,USD_2023-01-28_ACC#00001_66912     0603606036881366467888EPEE553         OFF TMH TIRO FAMES SMILAX   BOLL      00881366467888EPEE553         OFF TMH TIRO HAU BT,USD_2023-01-28_ACC#00001_66912     0603606036881366467888EPEE553         OFF TMH TIRO FAMES SMILAX   BOLL      00881366467888EPEE553         OFF TMH TIRO HAU BT,RULE 1,A=0;B=0,008813664 67888 EPEE553 L9HY4SV                                                                 JO TONITE ETHERIFIES GAB,VOLERY 3189928666FP,-4372610.00,-4372610.00,0.00,0.00,2023-01-28,2023-01-28,0,"Publisher-labeled 1:1 match; numerical differences are review evidence, not a fraud/loss label."
104896037271,989021341942,982734741500,USD_2023-01-18_ACC#00001_66912     0607606076810160167674VINYL26         MORIBUND ROTENONES S SMILAX   BOLL      00810160167674VINYL26         MORIBUND ZYGNEMA SK HYRACIFORM,USD_2023-01-18_ACC#00001_66912     0607606076810160167674VINYL26         MORIBUND ROTENONES S SMILAX   BOLL      00810160167674VINYL26         MORIBUND ZYGNEMA SK HYRACIFORM,RULE 1,A=0;B=0,008101601 67674 VINYL26                                                                         JO TONITE ETHERIFIES GAB,VOLERY 3744393666FP,657020.66,657020.66,0.00,0.00,2023-01-18,2023-01-18,0,"Publisher-labeled 1:1 match; numerical differences are review evidence, not a fraud/loss label."
104949637725,877140019485,692946560609,USD_2023-02-19_ACC#00001_66912     0608206082835749367399BAIS127         MORIBUND VEXES WHUFF SMILAX   BOLL      00835749367399BAIS127         MORIBUND VEXES S FOMALHAUT,USD_2023-02-19_ACC#00001_66912     0608206082835749367399BAIS127         MORIBUND VEXES WHUFF SMILAX   BOLL      00835749367399BAIS127         MORIBUND VEXES S FOMALHAUT,RULE 1,A=0;B=0,008357493 67399 BAIS127                                                                         CHINOL BUT STIVY,VOLERY 3300106666FP,-586632.60,-586632.60,0.00,0.00,2023-02-19,2023-02-19,0,"Publisher-labeled 1:1 match; numerical differences are review evidence, not a fraud/loss label."
104968945404,224683366208,169813416698,USD_2023-01-18_ACC#00001_66912     6692666926 SMILAX   GPD,USD_2023-01-18_ACC#00001_66912     6692666926 SMILAX   GPD,RULE 3,A=0;B=0,IYO9126666791892 IYO9126666791892,IYO9126666791892 6170566720VI,87413380.00,87413380.00,0.00,0.00,2023-01-18,2023-01-18,0,"Publisher-labeled 1:1 match; numerical differences are review evidence, not a fraud/loss label."
105043368469,723816686848,949328729660,USD_2023-02-02_ACC#00001_66912     66325663250 32566RKQQ8 088            JOQVY - BAS - DG SMILAX   GFG       VC0 32566RKQQ8 088            JOQVY - BAS - DG,USD_2023-02-02_ACC#00001_66912     66325663250 32566RKQQ8 088            JOQVY - BAS - DG SMILAX   GFG       VC0 32566RKQQ8 088            JOQVY - BAS - DG,RULE 1,A=0;B=0,32566RKQQ8 32566RKQQ8                                                                      JOQVY - BAS - DG,322756AL61319654 4434866757VI,-22198.08,-22198.08,0.00,0.00,2023-02-02,2023-02-02,0,"Publisher-labeled 1:1 match; numerical differences are review evidence, not a fraud/loss label."
105145759108,596503698663,998322119801,USD_2023-02-23_ACC#00001_66912     0256602566 SMILAX   FGGKR,USD_2023-02-23_ACC#00001_66912     0256602566 SMILAX   FGGKR,RULE 1,A=0;B=0,2205386 JOQG7U0431GLEE7U                                                                SHALE           667933724,VOLERY 7736166162VI,-1916000.00,-1916000.00,0.00,0.00,2023-02-23,2023-02-23,0,"Publisher-labeled 1:1 match; numerical differences are review evidence, not a fraud/loss label."
105205404092,255806451669,400886058656,USD_2023-01-27_ACC#00001_66912     66325663250 32566WI2IK 088            JOQVY - BAS - DG SMILAX   GFG       VC0 32566WI2IK 088            JOQVY - BAS - DG,USD_2023-01-27_ACC#00001_66912     66325663250 32566WI2IK 088            JOQVY - BAS - DG SMILAX   GFG       VC0 32566WI2IK 088            JOQVY - BAS - DG,RULE 3,A=0;B=0,32566WI2IK 32566WI2IK                                                                      JOQVY - BAS - DG,32566WI2IK 2113966756VI,4865.17,4865.17,0.00,0.00,2023-01-27,2023-01-27,0,"Publisher-labeled 1:1 match; numerical differences are review evidence, not a fraud/loss label."
105210240628,689662543173,614902610700,USD_2023-01-25_ACC#00001_66912     0250702507812222067666                ANDI SEMSEM DIP WOLD SMILAX   BOLL      00812222067666                ANDI SEMSEM DIP  WOLD,USD_2023-01-25_ACC#00001_66912     0250702507812222067666                ANDI SEMSEM DIP WOLD SMILAX   BOLL      00812222067666                ANDI SEMSEM DIP  WOLD,RULE 3,A=0;B=0,008122220 67666 CRIB327 L9Y50MF                                                                 UPCLOSER SAUNT TYPY DE -,008122220-767-0 9702166725VI,49029.00,49029.00,0.00,0.00,2023-01-25,2023-01-25,0,"Publisher-labeled 1:1 match; numerical differences are review evidence, not a fraud/loss label."
105249378650,549704754184,599715490779,USD_2023-01-20_ACC#00001_66912     0147701477812141241477EPEE242         OFF TMH TIRO FAMES SMILAX   BOLL      00812141241477EPEE242         OFF TMH TIRO HAU BT,USD_2023-01-20_ACC#00001_66912     0147701477812141241477EPEE242         OFF TMH TIRO FAMES SMILAX   BOLL      00812141241477EPEE242         OFF TMH TIRO HAU BT,RULE 1,A=0;B=0,008121412 41477 EPEE242 L9XU1AC                                                                 UPCLOSER MONOCOQUE GAB -,VOLERY 3752375666FP,-58983383.13,-58983383.13,0.00,0.00,2023-01-20,2023-01-20,0,"Publisher-labeled 1:1 match; numerical differences are review evidence, not a fraud/loss label."
105257544966,433169805174,400319936882,USD_2023-02-10_ACC#00001_66912     0147701477633015941477                IPL MARACAN COMPRISE SMILAX   BOLL      VU633015941477                IPL MARACAN SACS RUMMLE,USD_2023-02-10_ACC#00001_66912     0147701477633015941477                IPL MARACAN COMPRISE SMILAX   BOLL      VU633015941477                IPL MARACAN SACS RUMMLE,RULE 1,A=0;B=0,VU6330159 41477 JOQVY H.C. ZUCCHINIS TENT,6178466798RN 6178466798RN,1198159.90,1198159.90,0.00,0.00,2023-02-10,2023-02-10,0,"Publisher-labeled 1:1 match; numerical differences are review evidence, not a fraud/loss label."
105303818888,802984264307,570844932112,USD_2023-02-08_ACC#00001_66912     66325663250 32566RJ238 088            JO TONITE CROM X SMILAX   GFG       VC0 32566RJ238 088            JO TONITE CROM X,USD_2023-02-08_ACC#00001_66912     66325663250 32566RJ238 088            JO TONITE CROM X SMILAX   GFG       VC0 32566RJ238 088            JO TONITE CROM X,RULE 3,A=0;B=0,32566RJ238 32566RJ238                                                                      JO TONITE CROM X,32566RJ238 2288066797VI,4385.39,4385.39,0.00,0.00,2023-02-08,2023-02-08,0,"Publisher-labeled 1:1 match; numerical differences are review evidence, not a fraud/loss label."
105395951527,312304937755,12634848849,USD_2023-01-12_ACC#00001_66912     0646406464875715061008KAVI296         MORIBUND VEXES WHUFF SMILAX   BOLL      00875715061008KAVI296         MORIBUND VEXES S FOMALHAUT,USD_2023-01-12_ACC#00001_66912     0646406464875715061008KAVI296         MORIBUND VEXES WHUFF SMILAX   BOLL      00875715061008KAVI296         MORIBUND VEXES S FOMALHAUT,RULE 1,A=0;B=0,008757150 61008 KAVI296                                                                         PREOCCUR QMQF BUT PIGHTEL,VOLERY 3772360666FP,-382970.04,-382970.04,0.00,0.00,2023-01-12,2023-01-12,0,"Publisher-labeled 1:1 match; numerical differences are review evidence, not a fraud/loss label."
105544940304,679579496968,518470705695,USD_2023-02-19_ACC#00001_66912     0779507795 SMILAX   WAP,USD_2023-02-19_ACC#00001_66912     0779507795 SMILAX   WAP,RULE 3,A=0;B=0,6E6V656S676D646C 9999656S646E6M6D                                                                UPCLOSER QUETCH EFI (WYE-,6E6V656S676D6469 8692266161VI,-18259.59,-18259.59,0.00,0.00,2023-02-19,2023-02-19,0,"Publisher-labeled 1:1 match; numerical differences are review evidence, not a fraud/loss label."
105577578959,790583245965,942808425318,USD_2023-01-26_ACC#00001_66912     0250702507811409367666                ANDI SEMSEM DIP WOLD SMILAX   BOLL      00811409367666                ANDI SEMSEM DIP  WOLD,USD_2023-01-26_ACC#00001_66912     0250702507811409367666                ANDI SEMSEM DIP WOLD SMILAX   BOLL      00811409367666                ANDI SEMSEM DIP  WOLD,RULE 3,A=0;B=0,008114093 67666 AUG2147 L9HK8Z2                                                                 ALL TYPY AS FEW GIRE PAAR,008114093-767-0 1859066729VI,9232.96,9232.96,0.00,0.00,2023-01-26,2023-01-26,0,"Publisher-labeled 1:1 match; numerical differences are review evidence, not a fraud/loss label."
105589992880,586297994156,273376396865,USD_2023-01-27_ACC#00001_66912     0670806708886206314407JAUP693         MORIBUND VEXES WHUFF SMILAX   BOLL      00886206314407JAUP693         MORIBUND VEXES S FOMALHAUT,USD_2023-01-27_ACC#00001_66912     0670806708886206314407JAUP693         MORIBUND VEXES WHUFF SMILAX   BOLL      00886206314407JAUP693         MORIBUND VEXES S FOMALHAUT,RULE 1,A=0;B=0,008862063 14407 JAUP693                                                                         UPCLOSER MONOCOQUE GAB -,VOLERY 3180148666FP,-1036925.30,-1036925.30,0.00,0.00,2023-01-27,2023-01-27,0,"Publisher-labeled 1:1 match; numerical differences are review evidence, not a fraud/loss label."
1056391164,677734864091,760707567014,USD_2023-02-08_ACC#00001_66912     0147701477830456341477OKET746         IF TMH SEE FAMES SMILAX   BOLL      00830456341477OKET746         IF TMH SEE FAMES,USD_2023-02-08_ACC#00001_66912     0147701477830456341477OKET746         IF TMH SEE FAMES SMILAX   BOLL      00830456341477OKET746         IF TMH SEE FAMES,RULE 1,A=0;B=0,008304563 41477 OKET746 L9HO8DK                                                                 UPCLOSER MONOCOQUE GAB -,VOLERY 3870527666FP,34092600.00,34092600.00,0.00,0.00,2023-02-08,2023-02-08,0,"Publisher-labeled 1:1 match; numerical differences are review evidence, not a fraud/loss label."
105650282916,230557107683,901873257777,USD_2023-02-18_ACC#00001_66912     0607406074834416914726OKET335         MORIBUND VEXES WHUFF SMILAX   BOLL      00834416914726OKET335         MORIBUND VEXES S FOMALHAUT,USD_2023-02-18_ACC#00001_66912     0607406074834416914726OKET335         MORIBUND VEXES WHUFF SMILAX   BOLL      00834416914726OKET335         MORIBUND VEXES S FOMALHAUT,RULE 1,A=0;B=0,008344169 14726 OKET335                                                                         ITG GEOMETRINE MQYL,VOLERY 3360709666FP,-657507.70,-657507.70,0.00,0.00,2023-02-18,2023-02-18,0,"Publisher-labeled 1:1 match; numerical differences are review evidence, not a fraud/loss label."
105659130184,691710933274,266526114387,USD_2023-03-04_ACC#00001_66912     66071660710 07166RFM54 088            JOQVY-ELUVIA - I SMILAX   GFG       VC0 07166RFM54 088            JOQVY-ELUVIA - I,USD_2023-03-04_ACC#00001_66912     66071660710 07166RFM54 088            JOQVY-ELUVIA - I SMILAX   GFG       VC0 07166RFM54 088            JOQVY-ELUVIA - I,RULE 3,A=0;B=0,07166RFM54 07166RFM54                                                                      JOQVY-ELUVIA - I,07166RFM54 3051266103VI,209097.54,209097.54,0.00,0.00,2023-03-04,2023-03-04,0,"Publisher-labeled 1:1 match; numerical differences are review evidence, not a fraud/loss label."
105675887769,72033153071,786778805287,USD_2023-03-05_ACC#00001_66912     02566025660666H3         6666666666 SMILAX   FGGKR     FW0666H3         6666666666,USD_2023-03-05_ACC#00001_66912     02566025660666H3         6666666666 SMILAX   FGGKR     FW0666H3         6666666666,RULE 3,A=0;B=0,35789926 V35789926                                                                       JO TONITE SAUNT 664952723,V357899260112893 7813466102VI,2386264.93,2386264.93,0.00,0.00,2023-03-05,2023-03-05,0,"Publisher-labeled 1:1 match; numerical differences are review evidence, not a fraud/loss label."
105701268161,964282343101,308019839469,USD_2023-02-25_ACC#00001_66912     0603606036848724967888VELIC90         OFF TMH TIRO FAMES SMILAX   BOLL      00848724967888VELIC90         OFF TMH TIRO HAU BT,USD_2023-02-25_ACC#00001_66912     0603606036848724967888VELIC90         OFF TMH TIRO FAMES SMILAX   BOLL      00848724967888VELIC90         OFF TMH TIRO HAU BT,RULE 1,A=0;B=0,008487249 67888 VELIC90 L9HG7UL                                                                 JO TONITE ETHERIFIES GAB,VOLERY 3336226666FP,-892667.67,-892667.67,0.00,0.00,2023-02-25,2023-02-25,0,"Publisher-labeled 1:1 match; numerical differences are review evidence, not a fraud/loss label."
105709134487,996545400692,702165716547,USD_2023-01-18_ACC#00001_66912     02566025660666H3         6666666666 SMILAX   FGGKR     FW0666H3         6666666666,USD_2023-01-18_ACC#00001_66912     02566025660666H3         6666666666 SMILAX   FGGKR     FW0666H3         6666666666,RULE 3,A=0;B=0,32944932 V32944932                                                                       JO TONITE SAUNT 664952723,V329449327517755 5808366720VI,3600000.00,3600000.00,0.00,0.00,2023-01-18,2023-01-18,0,"Publisher-labeled 1:1 match; numerical differences are review evidence, not a fraud/loss label."
105811671708,943293965412,10325988245,USD_2023-02-11_ACC#00001_66912     0147601476838540341476                IF TMH ENQUIRE WOLD SMILAX   BOLL      00838540341476                IF TMH ENQUIRE C TCK,USD_2023-02-11_ACC#00001_66912     0147601476838540341476                IF TMH ENQUIRE WOLD SMILAX   BOLL      00838540341476                IF TMH ENQUIRE C TCK,RULE 1,A=0;B=0,008385403 41476 L9HP00V                                                                 BAHUT ASSUMER FUTHERMORE,VOLERY 1210866793CQ,-2030000.00,-2030000.00,0.00,0.00,2023-02-11,2023-02-11,0,"Publisher-labeled 1:1 match; numerical differences are review evidence, not a fraud/loss label."
105840799381,16404795170,263075999574,USD_2023-01-01_ACC#00001_66912     0603606036873749767888SHOWD61         IF TMH SEE FAMES SMILAX   BOLL      00873749767888SHOWD61         IF TMH SEE FAMES,USD_2023-01-01_ACC#00001_66912     0603606036873749767888SHOWD61         IF TMH SEE FAMES SMILAX   BOLL      00873749767888SHOWD61         IF TMH SEE FAMES,RULE 1,A=0;B=0,008737497 67888 SHOWD61 L9HJ4FD                                                                 JO TONITE ETHERIFIES GAB,VOLERY 3033776666FP,3866586.50,3866586.50,0.00,0.00,2023-01-01,2023-01-01,0,"Publisher-labeled 1:1 match; numerical differences are review evidence, not a fraud/loss label."
105844222903,322021143749,997214756178,USD_2023-01-05_ACC#00001_66912     02566025660666H3         6666666666 SMILAX   FGGKR     FW0666H3         6666666666,USD_2023-01-05_ACC#00001_66912     02566025660666H3         6666666666 SMILAX   FGGKR     FW0666H3         6666666666,RULE 3,A=0;B=0,30457446 V30457446                                                                       SHALE           667933724,V304574460310149 6089766735VI,2000000.00,2000000.00,0.00,0.00,2023-01-05,2023-01-05,0,"Publisher-labeled 1:1 match; numerical differences are review evidence, not a fraud/loss label."
105986561291,851442214136,298612987916,USD_2023-01-21_ACC#00001_66912     66325663250 32566J9NY0 088            JOQVY - ELUVIA - SMILAX   GFG       VC0 32566J9NY0 088            JOQVY - ELUVIA -,USD_2023-01-21_ACC#00001_66912     66325663250 32566J9NY0 088            JOQVY - ELUVIA - SMILAX   GFG       VC0 32566J9NY0 088            JOQVY - ELUVIA -,RULE 3,A=0;B=0,32566J9NY0 32566J9NY0                                                                      JOQVY - ELUVIA -,32566J9NY0 9181366721VI,51368.30,51368.30,0.00,0.00,2023-01-21,2023-01-21,0,"Publisher-labeled 1:1 match; numerical differences are review evidence, not a fraud/loss label."
106038688689,547855746373,130524027586,USD_2023-03-01_ACC#00001_66912     0003100031843227567542JADE784         MORIBUND VEXES WHUFF SMILAX   BOLL      00843227567542JADE784         MORIBUND VEXES S FOMALHAUT,USD_2023-03-01_ACC#00001_66912     0003100031843227567542JADE784         MORIBUND VEXES WHUFF SMILAX   BOLL      00843227567542JADE784         MORIBUND VEXES S FOMALHAUT,MANUAL,A=0;B=0,008432275 67542 JADE784                                                                         URARI NA SMIRKLY IYO YUKI,VOLERY 8603366101MT,-1633911.12,-1633911.11,0.01,-0.01,2023-03-01,2023-03-01,0,"Publisher-labeled 1:1 match; numerical differences are review evidence, not a fraud/loss label."
106113790880,109107530517,579425705974,USD_2023-01-05_ACC#00001_66912     0670806708871263814473NAPE736         MORIBUND VEXES WHUFF SMILAX   BOLL      00871263814473NAPE736         MORIBUND VEXES S FOMALHAUT,USD_2023-01-05_ACC#00001_66912     0670806708871263814473NAPE736         MORIBUND VEXES WHUFF SMILAX   BOLL      00871263814473NAPE736         MORIBUND VEXES S FOMALHAUT,RULE 1,A=0;B=0,008712638 14473 NAPE736                                                                         UPCLOSER MONOCOQUE GAB -,VOLERY 3024524666FP,-1700653.56,-1700653.56,0.00,0.00,2023-01-05,2023-01-05,0,"Publisher-labeled 1:1 match; numerical differences are review evidence, not a fraud/loss label."
106147693041,497306248825,645583626411,USD_2023-02-25_ACC#00001_66912     0670806708841137414476SHOJI46         MORIBUND ROTENONES S SMILAX   BOLL      00841137414476SHOJI46         MORIBUND ZYGNEMA SK HYRACIFORM,USD_2023-02-25_ACC#00001_66912     0670806708841137414476SHOJI46         MORIBUND ROTENONES S SMILAX   BOLL      00841137414476SHOJI46         MORIBUND ZYGNEMA SK HYRACIFORM,RULE 1,A=0;B=0,008411374 14476 SHOJI46                                                                         UPCLOSER MONOCOQUE GAB -,VOLERY 3336659666FP,61776.76,61776.76,0.00,0.00,2023-02-25,2023-02-25,0,"Publisher-labeled 1:1 match; numerical differences are review evidence, not a fraud/loss label."
106173545280,822065500338,479806844604,USD_2023-01-13_ACC#00001_66912     0676506765875553415574NAPE159         MORIBUND ROTENONES S SMILAX   BOLL      00875553415574NAPE159         MORIBUND ZYGNEMA SK HYRACIFORM,USD_2023-01-13_ACC#00001_66912     0676506765875553415574NAPE159         MORIBUND ROTENONES S SMILAX   BOLL      00875553415574NAPE159         MORIBUND ZYGNEMA SK HYRACIFORM,RULE 1,A=0;B=0,008755534 15574 NAPE159                                                                         JACKPLANE AVIARY PANTOPOD,VOLERY 3714922666FP,1073582.88,1073582.88,0.00,0.00,2023-01-13,2023-01-13,0,"Publisher-labeled 1:1 match; numerical differences are review evidence, not a fraud/loss label."
106252131718,789966198891,805193076939,USD_2023-02-19_ACC#00001_66912     0256602566 SMILAX   FGGKR,USD_2023-02-19_ACC#00001_66912     0256602566 SMILAX   FGGKR,RULE 1,A=0;B=0,2250626 ALME7U0565JOQG7U                                                                JO TONITE SAUNT 664952723,V622625161681740 8014066161VI,-21124085.01,-21124085.01,0.00,0.00,2023-02-19,2023-02-19,0,"Publisher-labeled 1:1 match; numerical differences are review evidence, not a fraud/loss label."
106283209504,305994066525,299444014379,USD_2023-02-24_ACC#00001_66912     0147701477835548141477KAVI032         OFF TMH TIRO FAMES SMILAX   BOLL      00835548141477KAVI032         OFF TMH TIRO HAU BT,USD_2023-02-24_ACC#00001_66912     0147701477835548141477KAVI032         OFF TMH TIRO FAMES SMILAX   BOLL      00835548141477KAVI032         OFF TMH TIRO HAU BT,RULE 1,A=0;B=0,008355481 41477 KAVI032 L9WA6WG                                                                 UPCLOSER MONOCOQUE GAB -,VOLERY 3380609666FP,-162064.47,-162064.47,0.00,0.00,2023-02-24,2023-02-24,0,"Publisher-labeled 1:1 match; numerical differences are review evidence, not a fraud/loss label."
106291103926,410988399006,836359974050,USD_2023-03-01_ACC#00001_66912     0122001220844212112660KAVI764         MORIBUND VEXES WHUFF SMILAX   BOLL      00844212112660KAVI764         MORIBUND VEXES S FOMALHAUT,USD_2023-03-01_ACC#00001_66912     0122001220844212112660KAVI764         MORIBUND VEXES WHUFF SMILAX   BOLL      00844212112660KAVI764         MORIBUND VEXES S FOMALHAUT,RULE 1,A=0;B=0,008442121 12660 KAVI764                                                                         UPCLOSER MONOCOQUE GAB -,VOLERY 3320068666FP,-1442084.86,-1442084.86,0.00,0.00,2023-03-01,2023-03-01,0,"Publisher-labeled 1:1 match; numerical differences are review evidence, not a fraud/loss label."
10638507663,194776306557,903394078601,USD_2023-01-13_ACC#00001_66912     0250702507142543 67666                SEMSEM MARACAN WHUFF SMILAX   BOLL      RM142543 67666                SEMSEM MARACAN S FOMALHAUT,USD_2023-01-13_ACC#00001_66912     0250702507142543 67666                SEMSEM MARACAN WHUFF SMILAX   BOLL      RM142543 67666                SEMSEM MARACAN S FOMALHAUT,RULE 3,A=0;B=0,RM142543  67666 FWD AUANTIC ELUVIA,RM142543-767-660 2863366744VI,20000.00,20000.00,0.00,0.00,2023-01-13,2023-01-13,0,"Publisher-labeled 1:1 match; numerical differences are review evidence, not a fraud/loss label."
10643921952,571725559914,781757072453,USD_2023-01-04_ACC#00001_66912     66325663250 32566TDRDG 088            BOSCH ASPECTABLE SMILAX   GFG       VC0 32566TDRDG 088            BOSCH ASPECTABLE,USD_2023-01-04_ACC#00001_66912     66325663250 32566TDRDG 088            BOSCH ASPECTABLE SMILAX   GFG       VC0 32566TDRDG 088            BOSCH ASPECTABLE,RULE 3,A=0;B=0,32566TDRDG 32566TDRDG                                                                      BOSCH ASPECTABLE,32566TDRDG 4442766732VI,2851866.34,2851866.34,0.00,0.00,2023-01-04,2023-01-04,0,"Publisher-labeled 1:1 match; numerical differences are review evidence, not a fraud/loss label."
106502823627,550034956786,193962264606,USD_2023-02-25_ACC#00001_66912     66325663250 32566RBL1Y 088            JOQVY - ELUVIA - SMILAX   GFG       VC0 32566RBL1Y 088            JOQVY - ELUVIA -,USD_2023-02-25_ACC#00001_66912     66325663250 32566RBL1Y 088            JOQVY - ELUVIA - SMILAX   GFG       VC0 32566RBL1Y 088            JOQVY - ELUVIA -,RULE 3,A=0;B=0,32566RBL1Y 32566RBL1Y                                                                      JOQVY - ELUVIA -,32566RBL1Y 5245066165VI,115330.90,115330.90,0.00,0.00,2023-02-25,2023-02-25,0,"Publisher-labeled 1:1 match; numerical differences are review evidence, not a fraud/loss label."
106503304902,173060828082,649596785174,USD_2023-02-24_ACC#00001_66912     0670806708840766814476CHARE58         MORIBUND VEXES WHUFF SMILAX   BOLL      00840766814476CHARE58         MORIBUND VEXES S FOMALHAUT,USD_2023-02-24_ACC#00001_66912     0670806708840766814476CHARE58         MORIBUND VEXES WHUFF SMILAX   BOLL      00840766814476CHARE58         MORIBUND VEXES S FOMALHAUT,RULE 1,A=0;B=0,008407668 14476 CHARE58                                                                         UPCLOSER MONOCOQUE GAB -,VOLERY 3387170666FP,-30286.86,-30286.86,0.00,0.00,2023-02-24,2023-02-24,0,"Publisher-labeled 1:1 match; numerical differences are review evidence, not a fraud/loss label."
106523281914,311833158126,797232144924,USD_2023-02-19_ACC#00001_66912     0670806708840084414407SYNE974         MORIBUND ROTENONES S SMILAX   BOLL      00840084414407SYNE974         MORIBUND ZYGNEMA SK HYRACIFORM,USD_2023-02-19_ACC#00001_66912     0670806708840084414407SYNE974         MORIBUND ROTENONES S SMILAX   BOLL      00840084414407SYNE974         MORIBUND ZYGNEMA SK HYRACIFORM,RULE 1,A=0;B=0,008400844 14407 SYNE974                                                                         UPCLOSER MONOCOQUE GAB -,VOLERY 3369326666FP,240057.23,240057.23,0.00,0.00,2023-02-19,2023-02-19,0,"Publisher-labeled 1:1 match; numerical differences are review evidence, not a fraud/loss label."
106591940845,881595886809,566564232840,USD_2023-01-15_ACC#00001_66912     0147601476813716341476                IF TMH DIP WOLD SMILAX   BOLL      00813716341476                IF TMH DIP WOLD,USD_2023-01-15_ACC#00001_66912     0147601476813716341476                IF TMH DIP WOLD SMILAX   BOLL      00813716341476                IF TMH DIP WOLD,RULE 1,A=0;B=0,008137163 41476 L9FR57J                                                                 BAHUT ASSUMER FUTHERMORE,URBD-2B5JHT 3273766745VI,7400000.00,7400000.00,0.00,0.00,2023-01-15,2023-01-15,0,"Publisher-labeled 1:1 match; numerical differences are review evidence, not a fraud/loss label."
106593767249,298623490828,717440949037,USD_2023-01-04_ACC#00001_66912     0730607306 SMILAX   FGGKR                                                                     666666666666666,USD_2023-01-04_ACC#00001_66912     0730607306 SMILAX   FGGKR                                                                     666666666666666,RULE 8,A=0;B=0,12566810 REFINE0751JOQG7U                                                                YUO WATERER     156546904,REFINE0751JOQG7U 0510066732XD,-4504787.10,-4504787.14,-0.04,0.04,2023-01-04,2023-01-04,0,"Publisher-labeled 1:1 match; numerical differences are review evidence, not a fraud/loss label."
106639214851,677105235521,596804807535,USD_2023-02-18_ACC#00001_66912     0607306073833592367613OKET347         MORIBUND VEXES WHUFF SMILAX   BOLL      00833592367613OKET347         MORIBUND VEXES S FOMALHAUT,USD_2023-02-18_ACC#00001_66912     0607306073833592367613OKET347         MORIBUND VEXES WHUFF SMILAX   BOLL      00833592367613OKET347         MORIBUND VEXES S FOMALHAUT,RULE 1,A=0;B=0,008335923 67613 OKET347                                                                         ROOTIEST ASSUMER PETIOLAR,VOLERY 3360107666FP,-2348243.57,-2348243.57,0.00,0.00,2023-02-18,2023-02-18,0,"Publisher-labeled 1:1 match; numerical differences are review evidence, not a fraud/loss label."
106661610475,660929022719,624305088711,USD_2023-01-21_ACC#00001_66912     0256602566 SMILAX   FGGKR,USD_2023-01-21_ACC#00001_66912     0256602566 SMILAX   FGGKR,RULE 1,A=0;B=0,48321776 ALME7U3982JOQG7U                                                                JO TONITE SAUNT 664952723,V483210367987606 6294166728VI,-823270.00,-823270.00,0.00,0.00,2023-01-21,2023-01-21,0,"Publisher-labeled 1:1 match; numerical differences are review evidence, not a fraud/loss label."
106814679993,678784544960,641599116257,USD_2023-01-29_ACC#00001_66912     0147701477883397641477NAPE580         IF TMH SEE FAMES SMILAX   BOLL      00883397641477NAPE580         IF TMH SEE FAMES,USD_2023-01-29_ACC#00001_66912     0147701477883397641477NAPE580         IF TMH SEE FAMES SMILAX   BOLL      00883397641477NAPE580         IF TMH SEE FAMES,RULE 1,A=0;B=0,008833976 41477 NAPE580 L9CY0AQ                                                                 UPCLOSER MONOCOQUE GAB -,VOLERY 3146298666FP,29643000.00,29643000.00,0.00,0.00,2023-01-29,2023-01-29,0,"Publisher-labeled 1:1 match; numerical differences are review evidence, not a fraud/loss label."
106818396518,720990427772,362999349943,USD_2023-01-12_ACC#00001_66912     66325663250 32566J3P7M 088            JO TONITE AGGEST SMILAX   GFG       VC0 32566J3P7M 088            JO TONITE AGGEST,USD_2023-01-12_ACC#00001_66912     66325663250 32566J3P7M 088            JO TONITE AGGEST SMILAX   GFG       VC0 32566J3P7M 088            JO TONITE AGGEST,RULE 1,A=0;B=0,32566J3P7M 32566J3P7M                                                                      JO TONITE AGGEST,325746BW68131621 8697466743VI,-217783.64,-217783.64,0.00,0.00,2023-01-12,2023-01-12,0,"Publisher-labeled 1:1 match; numerical differences are review evidence, not a fraud/loss label."
106879759980,847735114303,82114575055,USD_2023-01-13_ACC#00001_66912     66325663250 32566J41EP 088            JOQVY - BAS - DG SMILAX   GFG       VC0 32566J41EP 088            JOQVY - BAS - DG,USD_2023-01-13_ACC#00001_66912     66325663250 32566J41EP 088            JOQVY - BAS - DG SMILAX   GFG       VC0 32566J41EP 088            JOQVY - BAS - DG,RULE 3,A=0;B=0,32566J41EP 32566J41EP                                                                      JOQVY - BAS - DG,32566J41EP 2339566744VI,5438.82,5438.82,0.00,0.00,2023-01-13,2023-01-13,0,"Publisher-labeled 1:1 match; numerical differences are review evidence, not a fraud/loss label."
106986530870,578476386100,47809207049,USD_2023-01-01_ACC#00001_66912     0156801568871062817661NAPE825         MORIBUND ROTENONES S SMILAX   BOLL      00871062817661NAPE825         MORIBUND ZYGNEMA SK HYRACIFORM,USD_2023-01-01_ACC#00001_66912     0156801568871062817661NAPE825         MORIBUND ROTENONES S SMILAX   BOLL      00871062817661NAPE825         MORIBUND ZYGNEMA SK HYRACIFORM,MANUAL,A=0;B=0,008710628 17661 NAPE825                                                                         DIANITE ANIMI VOWED AGHAN,VOLERY 3031426666FP,4394485.19,4394469.83,-15.36,-15.36,2023-01-01,2023-01-01,0,"Publisher-labeled 1:1 match; numerical differences are review evidence, not a fraud/loss label."
107022381678,187149814476,766680977895,USD_2023-02-24_ACC#00001_66912     0670806708847722714476UNDOG29         MORIBUND ROTENONES S SMILAX   BOLL      00847722714476UNDOG29         MORIBUND ZYGNEMA SK HYRACIFORM,USD_2023-02-24_ACC#00001_66912     0670806708847722714476UNDOG29         MORIBUND ROTENONES S SMILAX   BOLL      00847722714476UNDOG29         MORIBUND ZYGNEMA SK HYRACIFORM,RULE 1,A=0;B=0,008477227 14476 UNDOG29                                                                         UPCLOSER MONOCOQUE GAB -,VOLERY 3386339666FP,97875.79,97875.79,0.00,0.00,2023-02-24,2023-02-24,0,"Publisher-labeled 1:1 match; numerical differences are review evidence, not a fraud/loss label."
107042264052,382330544237,801824043729,USD_2023-01-29_ACC#00001_66912     0122001220887839012660ELVAN20         MORIBUND VEXES WHUFF SMILAX   BOLL      00887839012660ELVAN20         MORIBUND VEXES S FOMALHAUT,USD_2023-01-29_ACC#00001_66912     0122001220887839012660ELVAN20         MORIBUND VEXES WHUFF SMILAX   BOLL      00887839012660ELVAN20         MORIBUND VEXES S FOMALHAUT,RULE 1,A=0;B=0,008878390 12660 ELVAN20                                                                         UPCLOSER MONOCOQUE GAB -,VOLERY 3140049666FP,-5416562.51,-5416562.51,0.00,0.00,2023-01-29,2023-01-29,0,"Publisher-labeled 1:1 match; numerical differences are review evidence, not a fraud/loss label."
107129016433,733110677849,870583814230,USD_2023-02-05_ACC#00001_66912     0670806708882319614407NAPE074         MORIBUND VEXES WHUFF SMILAX   BOLL      00882319614407NAPE074         MORIBUND VEXES S FOMALHAUT,USD_2023-02-05_ACC#00001_66912     0670806708882319614407NAPE074         MORIBUND VEXES WHUFF SMILAX   BOLL      00882319614407NAPE074         MORIBUND VEXES S FOMALHAUT,RULE 1,A=0;B=0,008823196 14407 NAPE074                                                                         LIXIVIA JACTANCE STERNAL,VOLERY 3807019666FP,-170946.50,-170946.50,0.00,0.00,2023-02-05,2023-02-05,0,"Publisher-labeled 1:1 match; numerical differences are review evidence, not a fraud/loss label."
107178249490,125477359193,484030631723,USD_2023-01-06_ACC#00001_66912     0147701477872018941477MEGGY88         OFF TMH TIRO FAMES SMILAX   BOLL      00872018941477MEGGY88         OFF TMH TIRO HAU BT,USD_2023-01-06_ACC#00001_66912     0147701477872018941477MEGGY88         OFF TMH TIRO FAMES SMILAX   BOLL      00872018941477MEGGY88         OFF TMH TIRO HAU BT,RULE 1,A=0;B=0,008720189 41477 MEGGY88 L9HH611                                                                 UPCLOSER MONOCOQUE GAB -,VOLERY 3053288666FP,-54462402.20,-54462402.20,0.00,0.00,2023-01-06,2023-01-06,0,"Publisher-labeled 1:1 match; numerical differences are review evidence, not a fraud/loss label."
107231719851,51934621566,701732811669,USD_2023-01-19_ACC#00001_66912     6033960339 SMILAX   GPD,USD_2023-01-19_ACC#00001_66912     6033960339 SMILAX   GPD,RULE 3,A=0;B=0,AHT9126666791422 AHT9126666791422,AHT9126666791422 8510566727XD,-640049.00,-640049.00,0.00,0.00,2023-01-19,2023-01-19,0,"Publisher-labeled 1:1 match; numerical differences are review evidence, not a fraud/loss label."
107260688868,167472915672,683063118036,USD_2023-01-11_ACC#00001_66912     0147601476810764041476                IF TMH DIP WOLD SMILAX   BOLL      00810764041476                IF TMH DIP WOLD,USD_2023-01-11_ACC#00001_66912     0147601476810764041476                IF TMH DIP WOLD SMILAX   BOLL      00810764041476                IF TMH DIP WOLD,RULE 1,A=0;B=0,008107640 41476 L9HH928                                                                 SLATTERN AVIARY ENNOBLERS,VMBB-2B8HAM 6723966748VI,400000.00,400000.00,0.00,0.00,2023-01-11,2023-01-11,0,"Publisher-labeled 1:1 match; numerical differences are review evidence, not a fraud/loss label."
10730369580,782908994638,166810954775,USD_2023-01-01_ACC#00001_66912     6692666926 SMILAX   GPD,USD_2023-01-01_ACC#00001_66912     6692666926 SMILAX   GPD,RULE 3,A=0;B=0,IYO9126666755236 IYO9126666755236,IYO9126666755236 1992366738VI,-20657919.00,-20657919.00,0.00,0.00,2023-01-01,2023-01-01,0,"Publisher-labeled 1:1 match; numerical differences are review evidence, not a fraud/loss label."
107360984499,701352782011,917203120163,USD_2023-02-24_ACC#00001_66912     0147601476847975341476                IF TMH ENQUIRE WOLD SMILAX   BOLL      00847975341476                IF TMH ENQUIRE C TCK,USD_2023-02-24_ACC#00001_66912     0147601476847975341476                IF TMH ENQUIRE WOLD SMILAX   BOLL      00847975341476                IF TMH ENQUIRE C TCK,MANUAL,A=0;B=0,008479753 41476 L9WA90V                                                                 OXEOTE NONREGULATIVE OEV,HOO8154-68DER69 4071666165XD,-5000000.00,-4916014.00,83986.00,-83986.00,2023-02-24,2023-02-24,0,"Publisher-labeled 1:1 match; numerical differences are review evidence, not a fraud/loss label."
107428992613,596738723140,325467568204,USD_2023-03-05_ACC#00001_66912     66325663250 32566RAH4J 088            JOQVY - BAS - DG SMILAX   GFG       VC0 32566RAH4J 088            JOQVY - BAS - DG,USD_2023-03-05_ACC#00001_66912     66325663250 32566RAH4J 088            JOQVY - BAS - DG SMILAX   GFG       VC0 32566RAH4J 088            JOQVY - BAS - DG,RULE 1,A=0;B=0,32566RAH4J 32566RAH4J                                                                      JOQVY - BAS - DG,322756AL61314384 7821866102VI,-25212.28,-25212.28,0.00,0.00,2023-03-05,2023-03-05,0,"Publisher-labeled 1:1 match; numerical differences are review evidence, not a fraud/loss label."
107490278708,55544294219,867335226533,USD_2023-02-05_ACC#00001_66912     0670806708885352614476CROWL16         MORIBUND ROTENONES S SMILAX   BOLL      00885352614476CROWL16         MORIBUND ZYGNEMA SK HYRACIFORM,USD_2023-02-05_ACC#00001_66912     0670806708885352614476CROWL16         MORIBUND ROTENONES S SMILAX   BOLL      00885352614476CROWL16         MORIBUND ZYGNEMA SK HYRACIFORM,RULE 1,A=0;B=0,008853526 14476 CROWL16                                                                         UPCLOSER MONOCOQUE GAB -,VOLERY 3806106666FP,95035.91,95035.91,0.00,0.00,2023-02-05,2023-02-05,0,"Publisher-labeled 1:1 match; numerical differences are review evidence, not a fraud/loss label."
107538463103,517000930224,395101543276,USD_2023-01-25_ACC#00001_66912     66325663250 32566KA7J5 088            JO TONITE AGGEST SMILAX   GFG       VC0 32566KA7J5 088            JO TONITE AGGEST,USD_2023-01-25_ACC#00001_66912     66325663250 32566KA7J5 088            JO TONITE AGGEST SMILAX   GFG       VC0 32566KA7J5 088            JO TONITE AGGEST,RULE 3,A=0;B=0,32566KA7J5 32566KA7J5                                                                      JO TONITE AGGEST,32566KA7J5 9236466725VI,776.15,776.15,0.00,0.00,2023-01-25,2023-01-25,0,"Publisher-labeled 1:1 match; numerical differences are review evidence, not a fraud/loss label."
10756626066,707622767206,556716400801,USD_2023-03-01_ACC#00001_66912     0670806708848263014407CLYER13         MORIBUND VEXES WHUFF SMILAX   BOLL      00848263014407CLYER13         MORIBUND VEXES S FOMALHAUT,USD_2023-03-01_ACC#00001_66912     0670806708848263014407CLYER13         MORIBUND VEXES WHUFF SMILAX   BOLL      00848263014407CLYER13         MORIBUND VEXES S FOMALHAUT,RULE 1,A=0;B=0,008482630 14407 CLYER13                                                                         TYPY HODFUL NAIL BUT GAUR,VOLERY 3320078666FP,-141434.37,-141434.37,0.00,0.00,2023-03-01,2023-03-01,0,"Publisher-labeled 1:1 match; numerical differences are review evidence, not a fraud/loss label."
107606788142,303956275342,299277906835,USD_2023-01-19_ACC#00001_66912     66325663250 32566J5LHO 088            JOQVY - BAS - DG SMILAX   GFG       VC0 32566J5LHO 088            JOQVY - BAS - DG,USD_2023-01-19_ACC#00001_66912     66325663250 32566J5LHO 088            JOQVY - BAS - DG SMILAX   GFG       VC0 32566J5LHO 088            JOQVY - BAS - DG,RULE 1,A=0;B=0,32566J5LHO 32566J5LHO                                                                      JOQVY - BAS - DG,322756AL61314913 0624366720VI,-2429262.79,-2429262.79,0.00,0.00,2023-01-19,2023-01-19,0,"Publisher-labeled 1:1 match; numerical differences are review evidence, not a fraud/loss label."
107665500065,967714026817,443989025475,USD_2023-01-28_ACC#00001_WF 66912     0702807028887970267463SKITE23         MORIBUND ROTENONES S,USD_2023-01-28_ACC#00001_WF 66912     0702807028887970267463SKITE23         MORIBUND ROTENONES S,RULE 1,A=0;B=0,008879702 67463 SKITE23                                                                         HATER GRAVEL KEEPINGS,VOLERY 3189306666FP,103775.53,103775.53,0.00,0.00,2023-01-28,2023-01-28,0,"Publisher-labeled 1:1 match; numerical differences are review evidence, not a fraud/loss label."
107888038192,385896795235,978473140405,USD_2023-02-23_ACC#00001_66912     66325663250 32566RPAMN 088            ESNE - OL OGPU L SMILAX   GFG       VC0 32566RPAMN 088            ESNE - OL OGPU L,USD_2023-02-23_ACC#00001_66912     66325663250 32566RPAMN 088            ESNE - OL OGPU L SMILAX   GFG       VC0 32566RPAMN 088            ESNE - OL OGPU L,RULE 3,A=0;B=0,32566RPAMN 32566RPAMN                                                                      ESNE - OL OGPU L,32566RPAMN 7581766162VI,1273830.85,1273830.85,0.00,0.00,2023-02-23,2023-02-23,0,"Publisher-labeled 1:1 match; numerical differences are review evidence, not a fraud/loss label."
107920340313,637322534475,66009457790,USD_2023-01-21_ACC#00001_66912     0147701477819304641477CHARE18         IF TMH SEE FAMES SMILAX   BOLL      00819304641477CHARE18         IF TMH SEE FAMES,USD_2023-01-21_ACC#00001_66912     0147701477819304641477CHARE18         IF TMH SEE FAMES SMILAX   BOLL      00819304641477CHARE18         IF TMH SEE FAMES,RULE 1,A=0;B=0,008193046 41477 CHARE18 L9XU26E                                                                 UPCLOSER MONOCOQUE GAB -,VOLERY 3166273666FP,52705000.00,52705000.00,0.00,0.00,2023-01-21,2023-01-21,0,"Publisher-labeled 1:1 match; numerical differences are review evidence, not a fraud/loss label."
107992144000,59676492398,582125410615,USD_2023-01-13_ACC#00001_66912     0603606036817056367888SHOWD61         OFF TMH TIRO FAMES SMILAX   BOLL      00817056367888SHOWD61         OFF TMH TIRO HAU BT,USD_2023-01-13_ACC#00001_66912     0603606036817056367888SHOWD61         OFF TMH TIRO FAMES SMILAX   BOLL      00817056367888SHOWD61         OFF TMH TIRO HAU BT,RULE 1,A=0;B=0,008170563 67888 SHOWD61 L9FR7N3                                                                 JO TONITE ETHERIFIES GAB,VOLERY 3713989666FP,-3989243.12,-3989243.12,0.00,0.00,2023-01-13,2023-01-13,0,"Publisher-labeled 1:1 match; numerical differences are review evidence, not a fraud/loss label."
108011591046,214313404838,779229254404,USD_2023-01-21_ACC#00001_66912     02566025660666H3         6666666666 SMILAX   FGGKR     FW0666H3         6666666666,USD_2023-01-21_ACC#00001_66912     02566025660666H3         6666666666 SMILAX   FGGKR     FW0666H3         6666666666,RULE 3,A=0;B=0,48392526 V48392526                                                                       SHALE           667933724,V483925266017178 6262566728VI,1679200.00,1679200.00,0.00,0.00,2023-01-21,2023-01-21,0,"Publisher-labeled 1:1 match; numerical differences are review evidence, not a fraud/loss label."
108215563344,54018232420,905236338249,USD_2023-01-22_ACC#00001_66912     0256602566 SMILAX   FGGKR,USD_2023-01-22_ACC#00001_66912     0256602566 SMILAX   FGGKR,RULE 1,A=0;B=0,45834716 ALME7U3954JOQG7U                                                                JO TONITE SAUNT 664952723,V447546561640903 3517466723VI,-31540040.56,-31540040.56,0.00,0.00,2023-01-22,2023-01-22,0,"Publisher-labeled 1:1 match; numerical differences are review evidence, not a fraud/loss label."
108305451878,978150239831,294028936807,USD_2023-03-04_ACC#00001_66912     6033960339 SMILAX   GPD,USD_2023-03-04_ACC#00001_66912     6033960339 SMILAX   GPD,RULE 1,A=0;B=0,AHT9126666162396 AHT9126666162396,OL07163 3878966103VI,89100.00,89100.00,0.00,0.00,2023-03-04,2023-03-04,0,"Publisher-labeled 1:1 match; numerical differences are review evidence, not a fraud/loss label."
108354316432,785123529736,639557615675,USD_2023-01-07_ACC#00001_66912     0156801568875789017667AUG0762         MORIBUND ROTENONES S SMILAX   BOLL      00875789017667AUG0762         MORIBUND ZYGNEMA SK HYRACIFORM,USD_2023-01-07_ACC#00001_66912     0156801568875789017667AUG0762         MORIBUND ROTENONES S SMILAX   BOLL      00875789017667AUG0762         MORIBUND ZYGNEMA SK HYRACIFORM,RULE 1,A=0;B=0,008757890 17667 AUG0762                                                                         UPCLOSER MONOCOQUE GAB -,VOLERY 3094962666FP,59432618.10,59432618.10,0.00,0.00,2023-01-07,2023-01-07,0,"Publisher-labeled 1:1 match; numerical differences are review evidence, not a fraud/loss label."
108355330640,612296136400,882003095097,USD_2023-01-14_ACC#00001_66912     66325663250 32566J4LPL 088            JOQVY DE-BAS - T SMILAX   GFG       VC0 32566J4LPL 088            JOQVY DE-BAS - T,USD_2023-01-14_ACC#00001_66912     66325663250 32566J4LPL 088            JOQVY DE-BAS - T SMILAX   GFG       VC0 32566J4LPL 088            JOQVY DE-BAS - T,RULE 1,A=0;B=0,32566J4LPL 32566J4LPL                                                                      JOQVY DE-BAS - T,322746AL68796968 5568466744VI,-1046381.87,-1046381.87,0.00,0.00,2023-01-14,2023-01-14,0,"Publisher-labeled 1:1 match; numerical differences are review evidence, not a fraud/loss label."
108371619151,152667721064,779817390875,USD_2023-02-22_ACC#00001_66912     0646406464839276261008BAIS551         MORIBUND VEXES WHUFF SMILAX   BOLL      00839276261008BAIS551         MORIBUND VEXES S FOMALHAUT,USD_2023-02-22_ACC#00001_66912     0646406464839276261008BAIS551         MORIBUND VEXES WHUFF SMILAX   BOLL      00839276261008BAIS551         MORIBUND VEXES S FOMALHAUT,RULE 1,A=0;B=0,008392762 61008 BAIS551                                                                         ASCIDIA GEOMETRINE MOGGIO,VOLERY 3377270666FP,-2311480.24,-2311480.24,0.00,0.00,2023-02-22,2023-02-22,0,"Publisher-labeled 1:1 match; numerical differences are review evidence, not a fraud/loss label."
108413351052,183772947300,384883553379,USD_2023-02-11_ACC#00001_66912     0670806708837342814409EPEE701         MORIBUND ROTENONES S SMILAX   BOLL      00837342814409EPEE701         MORIBUND ZYGNEMA SK HYRACIFORM,USD_2023-02-11_ACC#00001_66912     0670806708837342814409EPEE701         MORIBUND ROTENONES S SMILAX   BOLL      00837342814409EPEE701         MORIBUND ZYGNEMA SK HYRACIFORM,RULE 1,A=0;B=0,008373428 14409 EPEE701                                                                         SLATTERN TYPY OEV,VOLERY 3836185666FP,169830.30,169830.30,0.00,0.00,2023-02-11,2023-02-11,0,"Publisher-labeled 1:1 match; numerical differences are review evidence, not a fraud/loss label."
108452939406,934849815746,663171071899,USD_2023-02-04_ACC#00001_66912     02566025660666H3         6666666666 SMILAX   FGGKR     FW0666H3         6666666666,USD_2023-02-04_ACC#00001_66912     02566025660666H3         6666666666 SMILAX   FGGKR     FW0666H3         6666666666,RULE 3,A=0;B=0,35656408 V35656408                                                                       JO TONITE SAUNT 664952723,V356564080317291 5425466755VI,730000.00,730000.00,0.00,0.00,2023-02-04,2023-02-04,0,"Publisher-labeled 1:1 match; numerical differences are review evidence, not a fraud/loss label."
10848950078,90755829096,888157216,USD_2023-01-20_ACC#00001_66912     66325663250 32566J90DJ 088            JOQVY - BAS - DG SMILAX   GFG       VC0 32566J90DJ 088            JOQVY - BAS - DG,USD_2023-01-20_ACC#00001_66912     66325663250 32566J90DJ 088            JOQVY - BAS - DG SMILAX   GFG       VC0 32566J90DJ 088            JOQVY - BAS - DG,RULE 3,A=0;B=0,32566J90DJ 32566J90DJ                                                                      JOQVY - BAS - DG,32566J90DJ 8936166727VI,44805.70,44805.70,0.00,0.00,2023-01-20,2023-01-20,0,"Publisher-labeled 1:1 match; numerical differences are review evidence, not a fraud/loss label."
108498247066,44518224525,726470815344,USD_2023-02-25_ACC#00001_66912     0607306073846147767613OKET274         MORIBUND VEXES WHUFF SMILAX   BOLL      00846147767613OKET274         MORIBUND VEXES S FOMALHAUT,USD_2023-02-25_ACC#00001_66912     0607306073846147767613OKET274         MORIBUND VEXES WHUFF SMILAX   BOLL      00846147767613OKET274         MORIBUND VEXES S FOMALHAUT,RULE 1,A=0;B=0,008461477 67613 OKET274                                                                         PREOCCUR FUTHERMORE BUT L,VOLERY 3337073666FP,-7512153.62,-7512153.62,0.00,0.00,2023-02-25,2023-02-25,0,"Publisher-labeled 1:1 match; numerical differences are review evidence, not a fraud/loss label."
108501902184,555001148416,258621343986,USD_2023-02-23_ACC#00001_66912     0670806708846625114407CRIB765         MORIBUND VEXES WHUFF SMILAX   BOLL      00846625114407CRIB765         MORIBUND VEXES S FOMALHAUT,USD_2023-02-23_ACC#00001_66912     0670806708846625114407CRIB765         MORIBUND VEXES WHUFF SMILAX   BOLL      00846625114407CRIB765         MORIBUND VEXES S FOMALHAUT,RULE 1,A=0;B=0,008466251 14407 CRIB765                                                                         UPCLOSER MONOCOQUE GAB -,VOLERY 3317206666FP,-255137.97,-255137.97,0.00,0.00,2023-02-23,2023-02-23,0,"Publisher-labeled 1:1 match; numerical differences are review evidence, not a fraud/loss label."
108507366716,417320873830,22346430436,USD_2023-02-11_ACC#00001_66912     66325663250 32566RHF7M 088            JOQVY - ELUVIA - SMILAX   GFG       VC0 32566RHF7M 088            JOQVY - ELUVIA -,USD_2023-02-11_ACC#00001_66912     66325663250 32566RHF7M 088            JOQVY - ELUVIA - SMILAX   GFG       VC0 32566RHF7M 088            JOQVY - ELUVIA -,RULE 3,A=0;B=0,32566RHF7M 32566RHF7M                                                                      JOQVY - ELUVIA -,32566RHF7M 2523066798VI,9194.90,9194.90,0.00,0.00,2023-02-11,2023-02-11,0,"Publisher-labeled 1:1 match; numerical differences are review evidence, not a fraud/loss label."
108603371227,89178020382,633506170965,USD_2023-01-07_ACC#00001_66912     0112401124874357567327JADE521         MORIBUND ROTENONES S SMILAX   BOLL      00874357567327JADE521         MORIBUND ZYGNEMA SK HYRACIFORM,USD_2023-01-07_ACC#00001_66912     0112401124874357567327JADE521         MORIBUND ROTENONES S SMILAX   BOLL      00874357567327JADE521         MORIBUND ZYGNEMA SK HYRACIFORM,RULE 1,A=0;B=0,008743575 67327 JADE521                                                                         VOLUPT NAPKIN & RESSAUT,VOLERY 3093338666FP,357560.30,357560.30,0.00,0.00,2023-01-07,2023-01-07,0,"Publisher-labeled 1:1 match; numerical differences are review evidence, not a fraud/loss label."
108625184006,91749417477,562081826444,USD_2023-02-09_ACC#00001_66912     0607406074889367714726OKET184         MORIBUND VEXES WHUFF SMILAX   BOLL      00889367714726OKET184         MORIBUND VEXES S FOMALHAUT,USD_2023-02-09_ACC#00001_66912     0607406074889367714726OKET184         MORIBUND VEXES WHUFF SMILAX   BOLL      00889367714726OKET184         MORIBUND VEXES S FOMALHAUT,RULE 1,A=0;B=0,008893677 14726 OKET184                                                                         PETTAH SUBHEADINGS LUPINE,VOLERY 3817762666FP,-160000.00,-160000.00,0.00,0.00,2023-02-09,2023-02-09,0,"Publisher-labeled 1:1 match; numerical differences are review evidence, not a fraud/loss label."
108722973248,962808300837,736082611553,USD_2023-02-10_ACC#00001_66912     0147701477831274341477REOWN79         IF TMH TIRO FAMES SMILAX   BOLL      00831274341477REOWN79         IF TMH TIRO EMEU S,USD_2023-02-10_ACC#00001_66912     0147701477831274341477REOWN79         IF TMH TIRO FAMES SMILAX   BOLL      00831274341477REOWN79         IF TMH TIRO EMEU S,RULE 1,A=0;B=0,008312743 41477 REOWN79 L9HO9IR                                                                 UPCLOSER MONOCOQUE GAB -,VOLERY 3886299666FP,-5203000.00,-5203000.00,0.00,0.00,2023-02-10,2023-02-10,0,"Publisher-labeled 1:1 match; numerical differences are review evidence, not a fraud/loss label."
108847444150,885184150145,915339806937,USD_2023-02-16_ACC#00001_66912     0156801568833624617808FALX051         MORIBUND ROTENONES S SMILAX   BOLL      00833624617808FALX051         MORIBUND ZYGNEMA SK HYRACIFORM,USD_2023-02-16_ACC#00001_66912     0156801568833624617808FALX051         MORIBUND ROTENONES S SMILAX   BOLL      00833624617808FALX051         MORIBUND ZYGNEMA SK HYRACIFORM,RULE 1,A=0;B=0,008336246 17808 FALX051                                                                         HASLETS OXY MG KEF QMQF E,VOLERY 3829557666FP,6008279.13,6008279.13,0.00,0.00,2023-02-16,2023-02-16,0,"Publisher-labeled 1:1 match; numerical differences are review evidence, not a fraud/loss label."
108890948298,302302660424,118075918936,USD_2023-02-02_ACC#00001_66912     02566025660666H3         6666666666 SMILAX   FGGKR     FW0666H3         6666666666,USD_2023-02-02_ACC#00001_66912     02566025660666H3         6666666666 SMILAX   FGGKR     FW0666H3         6666666666,RULE 3,A=0;B=0,27482856 V27482856                                                                       JO TONITE SAUNT 664952723,V274828560175469 9952766754VI,5000000.00,5000000.00,0.00,0.00,2023-02-02,2023-02-02,0,"Publisher-labeled 1:1 match; numerical differences are review evidence, not a fraud/loss label."
108945475349,315842594936,882585176159,USD_2023-02-08_ACC#00001_66912     0638106381885138688856OKET746         MORIBUND VEXES WHUFF SMILAX   BOLL      00885138688856OKET746         MORIBUND VEXES S FOMALHAUT,USD_2023-02-08_ACC#00001_66912     0638106381885138688856OKET746         MORIBUND VEXES WHUFF SMILAX   BOLL      00885138688856OKET746         MORIBUND VEXES S FOMALHAUT,RULE 1,A=0;B=0,008851386 88856 OKET746                                                                         UPCLOSER MONOCOQUE GAB -,VOLERY 3870628666FP,-5424289.06,-5424289.06,0.00,0.00,2023-02-08,2023-02-08,0,"Publisher-labeled 1:1 match; numerical differences are review evidence, not a fraud/loss label."
10895360166,536945657997,121199312515,USD_2023-02-10_ACC#00001_66912     0670806708837640114407NINA588         MORIBUND ROTENONES S SMILAX   BOLL      00837640114407NINA588         MORIBUND ZYGNEMA SK HYRACIFORM,USD_2023-02-10_ACC#00001_66912     0670806708837640114407NINA588         MORIBUND ROTENONES S SMILAX   BOLL      00837640114407NINA588         MORIBUND ZYGNEMA SK HYRACIFORM,RULE 1,A=0;B=0,008376401 14407 NINA588                                                                         UPCLOSER MONOCOQUE GAB -,VOLERY 3886101666FP,9614.83,9614.83,0.00,0.00,2023-02-10,2023-02-10,0,"Publisher-labeled 1:1 match; numerical differences are review evidence, not a fraud/loss label."
109041792491,315394773989,72360986930,USD_2023-02-10_ACC#00001_66912     0122001220831402912660KAVI950         MORIBUND VEXES WHUFF SMILAX   BOLL      00831402912660KAVI950         MORIBUND VEXES S FOMALHAUT,USD_2023-02-10_ACC#00001_66912     0122001220831402912660KAVI950         MORIBUND VEXES WHUFF SMILAX   BOLL      00831402912660KAVI950         MORIBUND VEXES S FOMALHAUT,RULE 1,A=0;B=0,008314029 12660 KAVI950                                                                         UPCLOSER MONOCOQUE GAB -,VOLERY 3887691666FP,-128806.16,-128806.16,0.00,0.00,2023-02-10,2023-02-10,0,"Publisher-labeled 1:1 match; numerical differences are review evidence, not a fraud/loss label."
109077468053,901030236081,417941662521,USD_2023-01-05_ACC#00001_66912     0147701477874036341477NAPE090         OFF TMH TIRO FAMES SMILAX   BOLL      00874036341477NAPE090         OFF TMH TIRO HAU BT,USD_2023-01-05_ACC#00001_66912     0147701477874036341477NAPE090         OFF TMH TIRO FAMES SMILAX   BOLL      00874036341477NAPE090         OFF TMH TIRO HAU BT,RULE 1,A=0;B=0,008740363 41477 NAPE090 L9HJ5O0                                                                 UPCLOSER MONOCOQUE GAB -,VOLERY 3023721666FP,-43946733.70,-43946733.70,0.00,0.00,2023-01-05,2023-01-05,0,"Publisher-labeled 1:1 match; numerical differences are review evidence, not a fraud/loss label."
10925218762,150326554340,526952207257,USD_2023-03-02_ACC#00001_66912     0999909999 SMILAX   FGGKR,USD_2023-03-02_ACC#00001_66912     0999909999 SMILAX   FGGKR,MANUAL,A=0;B=0,05703776 0828JOQG7U                                                                DIANITE         662016475,69MASS60376 3424366104XD,-6071585.42,-6071585.42,0.00,0.00,2023-03-02,2023-03-04,2,"Publisher-labeled 1:1 match; numerical differences are review evidence, not a fraud/loss label."
109258796892,252913471340,947998070903,USD_2023-01-06_ACC#00001_66912     0207602076873454013737ATMA612         MORIBUND VEXES WHUFF SMILAX   BOLL      00873454013737ATMA612         MORIBUND VEXES S FOMALHAUT,USD_2023-01-06_ACC#00001_66912     0207602076873454013737ATMA612         MORIBUND VEXES WHUFF SMILAX   BOLL      00873454013737ATMA612         MORIBUND VEXES S FOMALHAUT,RULE 1,A=0;B=0,008734540 13737 ATMA612                                                                         BULT DUFFED,VOLERY 3052639666FP,-11038.05,-11038.05,0.00,0.00,2023-01-06,2023-01-06,0,"Publisher-labeled 1:1 match; numerical differences are review evidence, not a fraud/loss label."
109261790669,336931375307,362155215126,USD_2023-01-07_ACC#00001_66912     66325663250 32566J6RFN 088            JOQVY - ELUVIA - SMILAX   GFG       VC0 32566J6RFN 088            JOQVY - ELUVIA -,USD_2023-01-07_ACC#00001_66912     66325663250 32566J6RFN 088            JOQVY - ELUVIA - SMILAX   GFG       VC0 32566J6RFN 088            JOQVY - ELUVIA -,RULE 3,A=0;B=0,32566J6RFN 32566J6RFN                                                                      JOQVY - ELUVIA -,32566J6RFN 2123866739VI,238793.06,238793.06,0.00,0.00,2023-01-07,2023-01-07,0,"Publisher-labeled 1:1 match; numerical differences are review evidence, not a fraud/loss label."
109571534626,59740134856,980657624721,USD_2023-02-17_ACC#00001_66912     0147701477831279441477OKET656         OFF TMH TIRO FAMES SMILAX   BOLL      00831279441477OKET656         OFF TMH TIRO HAU BT,USD_2023-02-17_ACC#00001_66912     0147701477831279441477OKET656         OFF TMH TIRO FAMES SMILAX   BOLL      00831279441477OKET656         OFF TMH TIRO HAU BT,RULE 1,A=0;B=0,008312794 41477 OKET656 L9HO9AX                                                                 UPCLOSER MONOCOQUE GAB -,VOLERY 3896776666FP,-8726210.58,-8726210.58,0.00,0.00,2023-02-17,2023-02-17,0,"Publisher-labeled 1:1 match; numerical differences are review evidence, not a fraud/loss label."
10962930364,412240520378,332274370430,USD_2023-01-19_ACC#00001_66912     0608206082818768367399CHOIL78         MORIBUND VEXES WHUFF SMILAX   BOLL      00818768367399CHOIL78         MORIBUND VEXES S FOMALHAUT,USD_2023-01-19_ACC#00001_66912     0608206082818768367399CHOIL78         MORIBUND VEXES WHUFF SMILAX   BOLL      00818768367399CHOIL78         MORIBUND VEXES S FOMALHAUT,RULE 1,A=0;B=0,008187683 67399 CHOIL78                                                                         JOQ JOS HURA - UPCLOSER D,VOLERY 3722490666FP,-1623000.00,-1623000.00,0.00,0.00,2023-01-19,2023-01-19,0,"Publisher-labeled 1:1 match; numerical differences are review evidence, not a fraud/loss label."
109683298415,190192640997,43778923308,USD_2023-02-18_ACC#00001_66912     0607306073834058467613OKET347         MORIBUND VEXES WHUFF SMILAX   BOLL      00834058467613OKET347         MORIBUND VEXES S FOMALHAUT,USD_2023-02-18_ACC#00001_66912     0607306073834058467613OKET347         MORIBUND VEXES WHUFF SMILAX   BOLL      00834058467613OKET347         MORIBUND VEXES S FOMALHAUT,RULE 1,A=0;B=0,008340584 67613 OKET347                                                                         ASCIDIA GEOMETRINE MOGGIO,VOLERY 3360181666FP,-2058900.00,-2058900.00,0.00,0.00,2023-02-18,2023-02-18,0,"Publisher-labeled 1:1 match; numerical differences are review evidence, not a fraud/loss label."
109752654187,207465572137,63364794015,USD_2023-01-20_ACC#00001_66912     0670806708818435014407CRIB659         MORIBUND VEXES WHUFF SMILAX   BOLL      00818435014407CRIB659         MORIBUND VEXES S FOMALHAUT,USD_2023-01-20_ACC#00001_66912     0670806708818435014407CRIB659         MORIBUND VEXES WHUFF SMILAX   BOLL      00818435014407CRIB659         MORIBUND VEXES S FOMALHAUT,RULE 1,A=0;B=0,008184350 14407 CRIB659                                                                         UPCLOSER MONOCOQUE GAB -,VOLERY 3759044666FP,-26801.65,-26801.65,0.00,0.00,2023-01-20,2023-01-20,0,"Publisher-labeled 1:1 match; numerical differences are review evidence, not a fraud/loss label."
10976403882,199657774267,494999740304,USD_2023-02-05_ACC#00001_66912     0256602566 SMILAX   FGGKR,USD_2023-02-05_ACC#00001_66912     0256602566 SMILAX   FGGKR,RULE 1,A=0;B=0,35061212 ALME7U7754JOQG7U                                                                JO TONITE SAUNT 664952723,JOE690604-666789 L-6509066797LL,-1300000.00,-1300000.00,0.00,0.00,2023-02-05,2023-02-05,0,"Publisher-labeled 1:1 match; numerical differences are review evidence, not a fraud/loss label."
109864994903,6242658019,893858765661,USD_2023-03-05_ACC#00001_66912     0156801568826268710111OKET481         MORIBUND ROTENONES S SMILAX   BOLL      00826268710111OKET481         MORIBUND ZYGNEMA SK HYRACIFORM,USD_2023-03-05_ACC#00001_66912     0156801568826268710111OKET481         MORIBUND ROTENONES S SMILAX   BOLL      00826268710111OKET481         MORIBUND ZYGNEMA SK HYRACIFORM,RULE 1,A=0;B=0,008262687 10111 OKET481                                                                         UPCLOSER MONOCOQUE GAB -,VOLERY 3399822666FP,11811855.79,11811855.79,0.00,0.00,2023-03-05,2023-03-05,0,"Publisher-labeled 1:1 match; numerical differences are review evidence, not a fraud/loss label."
109907488713,572325842197,915307844204,USD_2023-02-15_ACC#00001_66912     6107361073 SMILAX   GPD,USD_2023-02-15_ACC#00001_66912     6107361073 SMILAX   GPD,RULE 3,A=0;B=0,UVA9126666167318 UVA9126666167318,UVA9126666167318 0695166799MT,-5738466.00,-5738466.00,0.00,0.00,2023-02-15,2023-02-15,0,"Publisher-labeled 1:1 match; numerical differences are review evidence, not a fraud/loss label."
10993551483,356975158726,464337539437,USD_2023-03-01_ACC#00001_66912     66325663250 32566RGJDJ 088            JOQGO IW-OQGO FL SMILAX   GFG       VC0 32566RGJDJ 088            JOQGO IW-OQGO FL,USD_2023-03-01_ACC#00001_66912     66325663250 32566RGJDJ 088            JOQGO IW-OQGO FL SMILAX   GFG       VC0 32566RGJDJ 088            JOQGO IW-OQGO FL,RULE 1,A=0;B=0,32566RGJDJ 32566RGJDJ                                                                      JOQGO IW-OQGO FL,595756VU61382368 5123166101VI,-46871500.00,-46871500.00,0.00,0.00,2023-03-01,2023-03-01,0,"Publisher-labeled 1:1 match; numerical differences are review evidence, not a fraud/loss label."
109951697483,735024578834,167430812570,USD_2023-02-11_ACC#00001_66912     0256602566 SMILAX   FGGKR,USD_2023-02-11_ACC#00001_66912     0256602566 SMILAX   FGGKR,RULE 1,A=0;B=0,0620436 ALME7U0895JOQG7U                                                                JO TONITE SAUNT 664952723,V606203967683722 9814266793VI,-3928500.00,-3928500.00,0.00,0.00,2023-02-11,2023-02-11,0,"Publisher-labeled 1:1 match; numerical differences are review evidence, not a fraud/loss label."
110018180992,494708698408,128377638556,USD_2023-02-11_ACC#00001_66912     0670806708837932814407CUTIN16         MORIBUND ROTENONES S SMILAX   BOLL      00837932814407CUTIN16         MORIBUND ZYGNEMA SK HYRACIFORM,USD_2023-02-11_ACC#00001_66912     0670806708837932814407CUTIN16         MORIBUND ROTENONES S SMILAX   BOLL      00837932814407CUTIN16         MORIBUND ZYGNEMA SK HYRACIFORM,RULE 1,A=0;B=0,008379328 14407 CUTIN16                                                                         UPCLOSER MONOCOQUE GAB -,VOLERY 3836132666FP,1314675.85,1314675.85,0.00,0.00,2023-02-11,2023-02-11,0,"Publisher-labeled 1:1 match; numerical differences are review evidence, not a fraud/loss label."
11005360617,410480910543,674053352758,USD_2023-01-14_ACC#00001_66912     0603606036811726067888SHOWD61         OFF TMH TIRO FAMES SMILAX   BOLL      00811726067888SHOWD61         OFF TMH TIRO HAU BT,USD_2023-01-14_ACC#00001_66912     0603606036811726067888SHOWD61         OFF TMH TIRO FAMES SMILAX   BOLL      00811726067888SHOWD61         OFF TMH TIRO HAU BT,RULE 1,A=0;B=0,008117260 67888 SHOWD61 L9FR8J5                                                                 JO TONITE ETHERIFIES GAB,VOLERY 3784176666FP,-4682594.07,-4682594.07,0.00,0.00,2023-01-14,2023-01-14,0,"Publisher-labeled 1:1 match; numerical differences are review evidence, not a fraud/loss label."
110057479082,931206644440,594001469076,USD_2023-02-11_ACC#00001_66912     6107361073 SMILAX   GPD,USD_2023-02-11_ACC#00001_66912     6107361073 SMILAX   GPD,RULE 3,A=0;B=0,UVA9126666160415 UVA9126666160415,UVA9126666160415 6127066793VI,514588.00,514588.00,0.00,0.00,2023-02-11,2023-02-11,0,"Publisher-labeled 1:1 match; numerical differences are review evidence, not a fraud/loss label."
110109357388,947720100852,974748900468,USD_2023-02-09_ACC#00001_66912     0670806708889532014407HUBBA68         MORIBUND VEXES WHUFF SMILAX   BOLL      00889532014407HUBBA68         MORIBUND VEXES S FOMALHAUT,USD_2023-02-09_ACC#00001_66912     0670806708889532014407HUBBA68         MORIBUND VEXES WHUFF SMILAX   BOLL      00889532014407HUBBA68         MORIBUND VEXES S FOMALHAUT,RULE 1,A=0;B=0,008895320 14407 HUBBA68                                                                         UPCLOSER MONOCOQUE GAB -,VOLERY 3817770666FP,-6358.41,-6358.41,0.00,0.00,2023-02-09,2023-02-09,0,"Publisher-labeled 1:1 match; numerical differences are review evidence, not a fraud/loss label."
11014284430,638292271777,304177053717,USD_2023-01-11_ACC#00001_66912     0147701477810037541477NAPE159         IF TMH TIRO FAMES SMILAX   BOLL      00810037541477NAPE159         IF TMH TIRO EMEU S,USD_2023-01-11_ACC#00001_66912     0147701477810037541477NAPE159         IF TMH TIRO FAMES SMILAX   BOLL      00810037541477NAPE159         IF TMH TIRO EMEU S,RULE 1,A=0;B=0,008100375 41477 NAPE159 L9HH98Q                                                                 JOQVY H.C. ZUCCHINIS TENT,VOLERY 3702008666FP,-8502.48,-8502.48,0.00,0.00,2023-01-11,2023-01-11,0,"Publisher-labeled 1:1 match; numerical differences are review evidence, not a fraud/loss label."
110151804484,838070387956,350628929468,USD_2023-02-19_ACC#00001_66912     0256602566 SMILAX   FGGKR,USD_2023-02-19_ACC#00001_66912     0256602566 SMILAX   FGGKR,RULE 1,A=0;B=0,3559576 ALME7U4108JOQG7U                                                                JO TONITE SAUNT 664952723,V635593467581334 1876866161VI,-740080.00,-740080.00,0.00,0.00,2023-02-19,2023-02-19,0,"Publisher-labeled 1:1 match; numerical differences are review evidence, not a fraud/loss label."
110158198093,935310051180,828502768131,USD_2023-01-27_ACC#00001_66912     66325663250 32566RVDY2 088            JOQGO IW-OQGO FL SMILAX   GFG       VC0 32566RVDY2 088            JOQGO IW-OQGO FL,USD_2023-01-27_ACC#00001_66912     66325663250 32566RVDY2 088            JOQGO IW-OQGO FL SMILAX   GFG       VC0 32566RVDY2 088            JOQGO IW-OQGO FL,RULE 3,A=0;B=0,32566RVDY2 32566RVDY2                                                                      JOQGO IW-OQGO FL,32566RVDY2 4231766756VI,59383521.00,59383521.00,0.00,0.00,2023-01-27,2023-01-27,0,"Publisher-labeled 1:1 match; numerical differences are review evidence, not a fraud/loss label."
110185337465,807428139455,838647382596,USD_2023-01-22_ACC#00001_66912     02566025660666H3         6666666666 SMILAX   FGGKR     FW0666H3         6666666666,USD_2023-01-22_ACC#00001_66912     02566025660666H3         6666666666 SMILAX   FGGKR     FW0666H3         6666666666,RULE 3,A=0;B=0,42495936 V42495936                                                                       JO TONITE SAUNT 664952723,V424959366719576 3063466723VI,6466774.48,6466774.48,0.00,0.00,2023-01-22,2023-01-22,0,"Publisher-labeled 1:1 match; numerical differences are review evidence, not a fraud/loss label."
110191726903,452115524460,991650541272,USD_2023-02-04_ACC#00001_66912     0676506765885002455570NAPE703         MORIBUND ROTENONES S SMILAX   BOLL      00885002455570NAPE703         MORIBUND ZYGNEMA SK HYRACIFORM,USD_2023-02-04_ACC#00001_66912     0676506765885002455570NAPE703         MORIBUND ROTENONES S SMILAX   BOLL      00885002455570NAPE703         MORIBUND ZYGNEMA SK HYRACIFORM,RULE 1,A=0;B=0,008850024 55570 NAPE703                                                                         JACKPLANE AVIARY PANTOPOD,VOLERY 3860072666FP,1737714.75,1737714.75,0.00,0.00,2023-02-04,2023-02-04,0,"Publisher-labeled 1:1 match; numerical differences are review evidence, not a fraud/loss label."
110216202596,326505982570,160122746424,USD_2023-01-21_ACC#00001_66912     0147701477815570841477NAPE580         OFF TMH TIRO FAMES SMILAX   BOLL      00815570841477NAPE580         OFF TMH TIRO HAU BT,USD_2023-01-21_ACC#00001_66912     0147701477815570841477NAPE580         OFF TMH TIRO FAMES SMILAX   BOLL      00815570841477NAPE580         OFF TMH TIRO HAU BT,RULE 1,A=0;B=0,008155708 41477 NAPE580 L9XU4FF                                                                 UPCLOSER MONOCOQUE GAB -,VOLERY 3799587666FP,-11765100.00,-11765100.00,0.00,0.00,2023-01-21,2023-01-21,0,"Publisher-labeled 1:1 match; numerical differences are review evidence, not a fraud/loss label."
110216230460,800493126420,550212721874,USD_2023-02-09_ACC#00001_66912     0147701477837201341477OKET746         IF TMH SEE FAMES SMILAX   BOLL      00837201341477OKET746         IF TMH SEE FAMES,USD_2023-02-09_ACC#00001_66912     0147701477837201341477OKET746         IF TMH SEE FAMES SMILAX   BOLL      00837201341477OKET746         IF TMH SEE FAMES,RULE 1,A=0;B=0,008372013 41477 OKET746 L9HO49H                                                                 UPCLOSER MONOCOQUE GAB -,VOLERY 3810587666FP,20593150.00,20593150.00,0.00,0.00,2023-02-09,2023-02-09,0,"Publisher-labeled 1:1 match; numerical differences are review evidence, not a fraud/loss label."
110353614419,214694265286,212433544354,USD_2023-02-25_ACC#00001_66912     0603606036843144267888VELIC90         IF TMH SEE FAMES SMILAX   BOLL      00843144267888VELIC90         IF TMH SEE FAMES,USD_2023-02-25_ACC#00001_66912     0603606036843144267888VELIC90         IF TMH SEE FAMES SMILAX   BOLL      00843144267888VELIC90         IF TMH SEE FAMES,RULE 1,A=0;B=0,008431442 67888 VELIC90 L9HG8O5                                                                 JO TONITE ETHERIFIES GAB,VOLERY 3330250666FP,723310.00,723310.00,0.00,0.00,2023-02-25,2023-02-25,0,"Publisher-labeled 1:1 match; numerical differences are review evidence, not a fraud/loss label."
110404981314,238141782208,543491571366,USD_2023-01-25_ACC#00001_66912     0250702507812245967666                ANDI SEMSEM DIP WOLD SMILAX   BOLL      00812245967666                ANDI SEMSEM DIP  WOLD,USD_2023-01-25_ACC#00001_66912     0250702507812245967666                ANDI SEMSEM DIP WOLD SMILAX   BOLL      00812245967666                ANDI SEMSEM DIP  WOLD,RULE 3,A=0;B=0,008122459 67666 NINA712 L9HH9NQ                                                                 UPCLOSER SAUNT TYPY DE -,008122459-767-0 9230766725VI,60000.00,60000.00,0.00,0.00,2023-01-25,2023-01-25,0,"Publisher-labeled 1:1 match; numerical differences are review evidence, not a fraud/loss label."
110568977549,977502364353,508981955863,USD_2023-02-23_ACC#00001_66912     0600306003888150367609NAPE058         MORIBUND VEXES WHUFF SMILAX   BOLL      00888150367609NAPE058         MORIBUND VEXES S FOMALHAUT,USD_2023-02-23_ACC#00001_66912     0600306003888150367609NAPE058         MORIBUND VEXES WHUFF SMILAX   BOLL      00888150367609NAPE058         MORIBUND VEXES S FOMALHAUT,RULE 1,A=0;B=0,008881503 67609 NAPE058                                                                         NIGROUS VOWED AVIARY BETA,VOLERY 3317496666FP,-99240.39,-99240.39,0.00,0.00,2023-02-23,2023-02-23,0,"Publisher-labeled 1:1 match; numerical differences are review evidence, not a fraud/loss label."
110669528340,971602045980,272027561867,USD_2023-02-08_ACC#00001_66912     0670806708889512514407CRIB135         MORIBUND ROTENONES S SMILAX   BOLL      00889512514407CRIB135         MORIBUND ZYGNEMA SK HYRACIFORM,USD_2023-02-08_ACC#00001_66912     0670806708889512514407CRIB135         MORIBUND ROTENONES S SMILAX   BOLL      00889512514407CRIB135         MORIBUND ZYGNEMA SK HYRACIFORM,RULE 1,A=0;B=0,008895125 14407 CRIB135                                                                         UPCLOSER MONOCOQUE GAB -,VOLERY 3876333666FP,1823.26,1823.26,0.00,0.00,2023-02-08,2023-02-08,0,"Publisher-labeled 1:1 match; numerical differences are review evidence, not a fraud/loss label."
110683861391,698583384373,716771757467,USD_2023-03-02_ACC#00001_66912     66325663250 32566RF96X 088            JOQVY DE -ELUVIA SMILAX   GFG       VC0 32566RF96X 088            JOQVY DE -ELUVIA,USD_2023-03-02_ACC#00001_66912     66325663250 32566RF96X 088            JOQVY DE -ELUVIA SMILAX   GFG       VC0 32566RF96X 088            JOQVY DE -ELUVIA,RULE 1,A=0;B=0,32566RF96X 32566RF96X                                                                      JOQVY DE -ELUVIA,322746AL68181251 7204466108VI,-677.31,-677.31,0.00,0.00,2023-03-02,2023-03-02,0,"Publisher-labeled 1:1 match; numerical differences are review evidence, not a fraud/loss label."
110720476435,289203475844,746629191898,USD_2023-01-06_ACC#00001_66912     66325663250 32566J624E 088            JOQVY DE-BAS - T SMILAX   GFG       VC0 32566J624E 088            JOQVY DE-BAS - T,USD_2023-01-06_ACC#00001_66912     66325663250 32566J624E 088            JOQVY DE-BAS - T SMILAX   GFG       VC0 32566J624E 088            JOQVY DE-BAS - T,RULE 1,A=0;B=0,32566J624E 32566J624E                                                                      JOQVY DE-BAS - T,322746AL68172436 1768566735VI,-13228680.96,-13228680.96,0.00,0.00,2023-01-06,2023-01-06,0,"Publisher-labeled 1:1 match; numerical differences are review evidence, not a fraud/loss label."
110831067882,931394690321,491736315329,USD_2023-02-18_ACC#00001_66912     0607306073833598567613OKET347         MORIBUND VEXES WHUFF SMILAX   BOLL      00833598567613OKET347         MORIBUND VEXES S FOMALHAUT,USD_2023-02-18_ACC#00001_66912     0607306073833598567613OKET347         MORIBUND VEXES WHUFF SMILAX   BOLL      00833598567613OKET347         MORIBUND VEXES S FOMALHAUT,RULE 1,A=0;B=0,008335985 67613 OKET347                                                                         THEATRICALISATION HURA YN,VOLERY 3360161666FP,-179323.43,-179323.43,0.00,0.00,2023-02-18,2023-02-18,0,"Publisher-labeled 1:1 match; numerical differences are review evidence, not a fraud/loss label."
110858624080,20866015287,829205738646,USD_2023-01-21_ACC#00001_66912     0141601416802163041416GULA414         OFF TMH TIRO FAMES SMILAX   BOLL      00802163041416GULA414         OFF TMH TIRO HAU BT,USD_2023-01-21_ACC#00001_66912     0141601416802163041416GULA414         OFF TMH TIRO FAMES SMILAX   BOLL      00802163041416GULA414         OFF TMH TIRO HAU BT,RULE 1,A=0;B=0,008021630 41416 GULA414 L9HL5H6                                                                 UPCLOSER MONOCOQUE GAB -,VOLERY 3799559666FP,-33353194.87,-33353194.87,0.00,0.00,2023-01-21,2023-01-21,0,"Publisher-labeled 1:1 match; numerical differences are review evidence, not a fraud/loss label."
110867877636,239592241634,450464701618,USD_2023-03-04_ACC#00001_66912     66325663250 32566RFEKE 088            JOQVY - ELUVIA - SMILAX   GFG       VC0 32566RFEKE 088            JOQVY - ELUVIA -,USD_2023-03-04_ACC#00001_66912     66325663250 32566RFEKE 088            JOQVY - ELUVIA - SMILAX   GFG       VC0 32566RFEKE 088            JOQVY - ELUVIA -,RULE 1,A=0;B=0,32566RFEKE 32566RFEKE                                                                      JOQVY - ELUVIA -,322746AL68150433 8028166108VI,-1242044.30,-1242044.30,0.00,0.00,2023-03-04,2023-03-04,0,"Publisher-labeled 1:1 match; numerical differences are review evidence, not a fraud/loss label."
110910009113,686988029974,882318387856,USD_2023-02-26_ACC#00001_66912     0670806708848492214407SCOTE98         MORIBUND ROTENONES S SMILAX   BOLL      00848492214407SCOTE98         MORIBUND ZYGNEMA SK HYRACIFORM,USD_2023-02-26_ACC#00001_66912     0670806708848492214407SCOTE98         MORIBUND ROTENONES S SMILAX   BOLL      00848492214407SCOTE98         MORIBUND ZYGNEMA SK HYRACIFORM,RULE 1,A=0;B=0,008484922 14407 SCOTE98                                                                         UPCLOSER MONOCOQUE GAB -,VOLERY 3339596666FP,27868.48,27868.48,0.00,0.00,2023-02-26,2023-02-26,0,"Publisher-labeled 1:1 match; numerical differences are review evidence, not a fraud/loss label."
110950411557,402132530040,441519022193,USD_2023-03-01_ACC#00001_66912     0670806708848108014407SAUM905         MORIBUND ROTENONES S SMILAX   BOLL      00848108014407SAUM905         MORIBUND ZYGNEMA SK HYRACIFORM,USD_2023-03-01_ACC#00001_66912     0670806708848108014407SAUM905         MORIBUND ROTENONES S SMILAX   BOLL      00848108014407SAUM905         MORIBUND ZYGNEMA SK HYRACIFORM,RULE 1,A=0;B=0,008481080 14407 SAUM905                                                                         UPCLOSER MONOCOQUE GAB -,VOLERY 3349876666FP,34500.00,34500.00,0.00,0.00,2023-03-01,2023-03-01,0,"Publisher-labeled 1:1 match; numerical differences are review evidence, not a fraud/loss label."
11098018974,275487676894,374763426563,USD_2023-01-05_ACC#00001_66912     6692666926 SMILAX   GPD,USD_2023-01-05_ACC#00001_66912     6692666926 SMILAX   GPD,RULE 3,A=0;B=0,IYO9126666759397 IYO9126666759397,IYO9126666759397 7040766735VI,549591.00,549591.00,0.00,0.00,2023-01-05,2023-01-05,0,"Publisher-labeled 1:1 match; numerical differences are review evidence, not a fraud/loss label."
111017162640,351025507331,183580337253,USD_2023-02-19_ACC#00001_66912     66325663250 32566RO4I5 088            JOQVY - BAS - DG SMILAX   GFG       VC0 32566RO4I5 088            JOQVY - BAS - DG,USD_2023-02-19_ACC#00001_66912     66325663250 32566RO4I5 088            JOQVY - BAS - DG SMILAX   GFG       VC0 32566RO4I5 088            JOQVY - BAS - DG,RULE 3,A=0;B=0,32566RO4I5 32566RO4I5                                                                      JOQVY - BAS - DG,32566RO4I5 0388066167VI,22271.38,22271.38,0.00,0.00,2023-02-19,2023-02-19,0,"Publisher-labeled 1:1 match; numerical differences are review evidence, not a fraud/loss label."
111028780327,803267560699,94046102995,USD_2023-01-26_ACC#00001_66912     0670806708886931114476ATMA607         MORIBUND ROTENONES S SMILAX   BOLL      00886931114476ATMA607         MORIBUND ZYGNEMA SK HYRACIFORM,USD_2023-01-26_ACC#00001_66912     0670806708886931114476ATMA607         MORIBUND ROTENONES S SMILAX   BOLL      00886931114476ATMA607         MORIBUND ZYGNEMA SK HYRACIFORM,RULE 1,A=0;B=0,008869311 14476 ATMA607                                                                         UPCLOSER MONOCOQUE GAB -,VOLERY 3179246666FP,40115.26,40115.26,0.00,0.00,2023-01-26,2023-01-26,0,"Publisher-labeled 1:1 match; numerical differences are review evidence, not a fraud/loss label."
111075650763,964547017900,376249078623,USD_2023-01-12_ACC#00001_66912     6107361073 SMILAX   GPD,USD_2023-01-12_ACC#00001_66912     6107361073 SMILAX   GPD,RULE 3,A=0;B=0,UVA9126666790206 UVA9126666790206,UVA9126666790206 9675066743FW,-147520403.00,-147520403.00,0.00,0.00,2023-01-12,2023-01-12,0,"Publisher-labeled 1:1 match; numerical differences are review evidence, not a fraud/loss label."
111081902209,146995713465,969389958011,USD_2023-01-11_ACC#00001_66912     66325663250 37266J1BNO 088            INKROOT LIKED BY SMILAX   GFG       VC0 37266J1BNO 088            INKROOT LIKED BY,USD_2023-01-11_ACC#00001_66912     66325663250 37266J1BNO 088            INKROOT LIKED BY SMILAX   GFG       VC0 37266J1BNO 088            INKROOT LIKED BY,RULE 3,A=0;B=0,37266J1BNO 37266J1BNO                                                                      INKROOT LIKED BY,37266J1BNO 5478766748VI,6438.54,6438.54,0.00,0.00,2023-01-11,2023-01-11,0,"Publisher-labeled 1:1 match; numerical differences are review evidence, not a fraud/loss label."
111221545547,316427192151,672055617512,USD_2023-02-18_ACC#00001_66912     0607306073832093867613OKET347         MORIBUND VEXES WHUFF SMILAX   BOLL      00832093867613OKET347         MORIBUND VEXES S FOMALHAUT,USD_2023-02-18_ACC#00001_66912     0607306073832093867613OKET347         MORIBUND VEXES WHUFF SMILAX   BOLL      00832093867613OKET347         MORIBUND VEXES S FOMALHAUT,RULE 1,A=0;B=0,008320938 67613 OKET347                                                                         ING GEOMETRINE FUTHERMORE,VOLERY 3360872666FP,-1028897.30,-1028897.30,0.00,0.00,2023-02-18,2023-02-18,0,"Publisher-labeled 1:1 match; numerical differences are review evidence, not a fraud/loss label."
111277723597,170326856426,429127548493,USD_2023-02-09_ACC#00001_66912     6033960339 SMILAX   GPD,USD_2023-02-09_ACC#00001_66912     6033960339 SMILAX   GPD,RULE 3,A=0;B=0,AHT9126666166401 AHT9126666166401,AHT9126666166401 8483266791XD,-32876559.00,-32876559.00,0.00,0.00,2023-02-09,2023-02-09,0,"Publisher-labeled 1:1 match; numerical differences are review evidence, not a fraud/loss label."
111292581409,67179212916,523955688149,USD_2023-02-18_ACC#00001_66912     6033960339 SMILAX   GPD,USD_2023-02-18_ACC#00001_66912     6033960339 SMILAX   GPD,RULE 3,A=0;B=0,AHT9126666161096 AHT9126666161096,AHT9126666161096 7965166167XD,-716938.00,-716938.00,0.00,0.00,2023-02-18,2023-02-18,0,"Publisher-labeled 1:1 match; numerical differences are review evidence, not a fraud/loss label."
111295063366,47194455474,914637166585,USD_2023-02-17_ACC#00001_66912     0607606076835730767674CHARE18         MORIBUND VEXES WHUFF SMILAX   BOLL      00835730767674CHARE18         MORIBUND VEXES S FOMALHAUT,USD_2023-02-17_ACC#00001_66912     0607606076835730767674CHARE18         MORIBUND VEXES WHUFF SMILAX   BOLL      00835730767674CHARE18         MORIBUND VEXES S FOMALHAUT,RULE 1,A=0;B=0,008357307 67674 CHARE18                                                                         LGYV TYPY INF,VOLERY 3896738666FP,-315326.25,-315326.25,0.00,0.00,2023-02-17,2023-02-17,0,"Publisher-labeled 1:1 match; numerical differences are review evidence, not a fraud/loss label."
111398699241,877158627385,622885370770,USD_2023-01-14_ACC#00001_66912     66325663250 32566J4IP5 088            JOQVY DE -ELUVIA SMILAX   GFG       VC0 32566J4IP5 088            JOQVY DE -ELUVIA,USD_2023-01-14_ACC#00001_66912     66325663250 32566J4IP5 088            JOQVY DE -ELUVIA SMILAX   GFG       VC0 32566J4IP5 088            JOQVY DE -ELUVIA,RULE 3,A=0;B=0,32566J4IP5 32566J4IP5                                                                      JOQVY DE -ELUVIA,32566J4IP5 6251766742VI,1216.69,1216.69,0.00,0.00,2023-01-14,2023-01-14,0,"Publisher-labeled 1:1 match; numerical differences are review evidence, not a fraud/loss label."
111423510105,759728402377,289929689872,USD_2023-01-19_ACC#00001_66912     0256602566 SMILAX   FGGKR,USD_2023-01-19_ACC#00001_66912     0256602566 SMILAX   FGGKR,RULE 1,A=0;B=0,32941607 ALME7U6575JOQG7U                                                                JO TONITE SAUNT 664952723,V403377267832333 7420366727VI,-285645.00,-285645.00,0.00,0.00,2023-01-19,2023-01-19,0,"Publisher-labeled 1:1 match; numerical differences are review evidence, not a fraud/loss label."
111473925301,538653155479,950840795223,USD_2023-02-17_ACC#00001_66912     0607406074834569014726NAPE703         MORIBUND ROTENONES S SMILAX   BOLL      00834569014726NAPE703         MORIBUND ZYGNEMA SK HYRACIFORM,USD_2023-02-17_ACC#00001_66912     0607406074834569014726NAPE703         MORIBUND ROTENONES S SMILAX   BOLL      00834569014726NAPE703         MORIBUND ZYGNEMA SK HYRACIFORM,RULE 1,A=0;B=0,008345690 14726 NAPE703                                                                         TYPY DEMIPIKE AD,VOLERY 3890025666FP,468581.14,468581.14,0.00,0.00,2023-02-17,2023-02-17,0,"Publisher-labeled 1:1 match; numerical differences are review evidence, not a fraud/loss label."
111515534823,767908830064,598227832949,USD_2023-01-21_ACC#00001_66912     66325663250 32566J9M6V 088            JOQVY - ELUVIA - SMILAX   GFG       VC0 32566J9M6V 088            JOQVY - ELUVIA -,USD_2023-01-21_ACC#00001_66912     66325663250 32566J9M6V 088            JOQVY - ELUVIA - SMILAX   GFG       VC0 32566J9M6V 088            JOQVY - ELUVIA -,RULE 3,A=0;B=0,32566J9M6V 32566J9M6V                                                                      JOQVY - ELUVIA -,32566J9M6V 9182866721VI,489299.24,489299.24,0.00,0.00,2023-01-21,2023-01-21,0,"Publisher-labeled 1:1 match; numerical differences are review evidence, not a fraud/loss label."
111589227566,879673212231,552635388711,USD_2023-02-05_ACC#00001_66912     0156801568889002417661NAPE703         MORIBUND ROTENONES S SMILAX   BOLL      00889002417661NAPE703         MORIBUND ZYGNEMA SK HYRACIFORM,USD_2023-02-05_ACC#00001_66912     0156801568889002417661NAPE703         MORIBUND ROTENONES S SMILAX   BOLL      00889002417661NAPE703         MORIBUND ZYGNEMA SK HYRACIFORM,RULE 1,A=0;B=0,008890024 17661 NAPE703                                                                         JOQVY ELUVIA DESINENT,VOLERY 3800228666FP,17583649.05,17583649.05,0.00,0.00,2023-02-05,2023-02-05,0,"Publisher-labeled 1:1 match; numerical differences are review evidence, not a fraud/loss label."
111635970493,338144957699,27291351223,USD_2023-02-16_ACC#00001_66912     0147601476832429441476                IF TMH ENQUIRE WOLD SMILAX   BOLL      00832429441476                IF TMH ENQUIRE C TCK,USD_2023-02-16_ACC#00001_66912     0147601476832429441476                IF TMH ENQUIRE WOLD SMILAX   BOLL      00832429441476                IF TMH ENQUIRE C TCK,RULE 1,A=0;B=0,008324294 41476 L9HP29G                                                                 TABID TYPY AS SCAREFUL FB,6906726775030 0632866166FW,-920000.00,-920000.00,0.00,0.00,2023-02-16,2023-02-16,0,"Publisher-labeled 1:1 match; numerical differences are review evidence, not a fraud/loss label."
111699028158,770565958708,575827495415,USD_2023-03-05_ACC#00001_66912     0141601416885581041416BRAVI86         OFF TMH TIRO FAMES SMILAX   BOLL      00885581041416BRAVI86         OFF TMH TIRO HAU BT,USD_2023-03-05_ACC#00001_66912     0141601416885581041416BRAVI86         OFF TMH TIRO FAMES SMILAX   BOLL      00885581041416BRAVI86         OFF TMH TIRO HAU BT,RULE 1,A=0;B=0,008855810 41416 BRAVI86 L9CY5MK                                                                 KAZATSKI VITI MIB DIASENE,VOLERY 3395876666FP,-12710404.98,-12710404.98,0.00,0.00,2023-03-05,2023-03-05,0,"Publisher-labeled 1:1 match; numerical differences are review evidence, not a fraud/loss label."
111805720932,562048326640,97031704508,USD_2023-01-27_ACC#00001_66912     0617806178886279367387BAIS109         MORIBUND VEXES WHUFF SMILAX   BOLL      00886279367387BAIS109         MORIBUND VEXES S FOMALHAUT,USD_2023-01-27_ACC#00001_66912     0617806178886279367387BAIS109         MORIBUND VEXES WHUFF SMILAX   BOLL      00886279367387BAIS109         MORIBUND VEXES S FOMALHAUT,RULE 1,A=0;B=0,008862793 67387 BAIS109                                                                         JO TONITE ETHERIFIES GAB,VOLERY 3180154666FP,-2843273.22,-2843273.22,0.00,0.00,2023-01-27,2023-01-27,0,"Publisher-labeled 1:1 match; numerical differences are review evidence, not a fraud/loss label."
111889412418,575877854324,71068893224,USD_2023-02-04_ACC#00001_66912     0122701227882660112667SDUMP04         MORIBUND VEXES WHUFF SMILAX   BOLL      00882660112667SDUMP04         MORIBUND VEXES S FOMALHAUT,USD_2023-02-04_ACC#00001_66912     0122701227882660112667SDUMP04         MORIBUND VEXES WHUFF SMILAX   BOLL      00882660112667SDUMP04         MORIBUND VEXES S FOMALHAUT,RULE 1,A=0;B=0,008826601 12667 SDUMP04                                                                         PETTAH STERNAL GEOMETRINE,VOLERY 3860517666FP,-1753650.00,-1753650.00,0.00,0.00,2023-02-04,2023-02-04,0,"Publisher-labeled 1:1 match; numerical differences are review evidence, not a fraud/loss label."
11193770423,449361819970,353692572368,USD_2023-01-05_ACC#00001_66912     66325663250 32566TNFRQ 088            JOQVY - BAS - DG SMILAX   GFG       VC0 32566TNFRQ 088            JOQVY - BAS - DG,USD_2023-01-05_ACC#00001_66912     66325663250 32566TNFRQ 088            JOQVY - BAS - DG SMILAX   GFG       VC0 32566TNFRQ 088            JOQVY - BAS - DG,RULE 1,A=0;B=0,32566TNFRQ 32566TNFRQ                                                                      JOQVY - BAS - DG,322756AL61368591 0307266735VI,-72847.33,-72847.33,0.00,0.00,2023-01-05,2023-01-05,0,"Publisher-labeled 1:1 match; numerical differences are review evidence, not a fraud/loss label."
111950885821,991120305426,793537918614,USD_2023-01-14_ACC#00001_66912     0646006460S                           BURO JADY GAT AUG - SMILAX   RAMON     GFG                           BURO JADY GAT IT X - T         JOQ ELUVIA KR - TA            JOQGE_TA,USD_2023-01-14_ACC#00001_66912     0646006460S                           BURO JADY GAT AUG - SMILAX   RAMON     GFG                           BURO JADY GAT IT X - T         JOQ ELUVIA KR - TA            JOQGE_TA,RULE 1,A=0;B=0,HEY RAMON DISNEY JOQ ELUVIA KR - TA,GYNOMONOECISM 0678266742VI,845010.88,845010.88,0.00,0.00,2023-01-14,2023-01-14,0,"Publisher-labeled 1:1 match; numerical differences are review evidence, not a fraud/loss label."
111983491306,790502075354,136534215322,USD_2023-01-07_ACC#00001_66912     66325663250 32566J6ROI 088            JOQVY - BAS - DG SMILAX   GFG       VC0 32566J6ROI 088            JOQVY - BAS - DG,USD_2023-01-07_ACC#00001_66912     66325663250 32566J6ROI 088            JOQVY - BAS - DG SMILAX   GFG       VC0 32566J6ROI 088            JOQVY - BAS - DG,RULE 3,A=0;B=0,32566J6ROI 32566J6ROI                                                                      JOQVY - BAS - DG,32566J6ROI 2185366739VI,74356.64,74356.64,0.00,0.00,2023-01-07,2023-01-07,0,"Publisher-labeled 1:1 match; numerical differences are review evidence, not a fraud/loss label."
111983807440,862479194231,815661263518,USD_2023-03-02_ACC#00001_66912     0147601476845813941476                IF TMH ENQUIRE WOLD SMILAX   BOLL      00845813941476                IF TMH ENQUIRE C TCK,USD_2023-03-02_ACC#00001_66912     0147601476845813941476                IF TMH ENQUIRE WOLD SMILAX   BOLL      00845813941476                IF TMH ENQUIRE C TCK,RULE 1,A=0;B=0,008458139 41476 L9IE0GR                                                                 NONIC WILLI MIZE PAR QUEM,HM0883780H667 3051066108FW,-3100000.00,-3100000.00,0.00,0.00,2023-03-02,2023-03-02,0,"Publisher-labeled 1:1 match; numerical differences are review evidence, not a fraud/loss label."
111989690291,362067534868,948507152967,USD_2023-02-10_ACC#00001_66912     66325663250 32566RHJ4Z 088            JOQVY - BAS - DG SMILAX   GFG       VC0 32566RHJ4Z 088            JOQVY - BAS - DG,USD_2023-02-10_ACC#00001_66912     66325663250 32566RHJ4Z 088            JOQVY - BAS - DG SMILAX   GFG       VC0 32566RHJ4Z 088            JOQVY - BAS - DG,RULE 1,A=0;B=0,32566RHJ4Z 32566RHJ4Z                                                                      JOQVY - BAS - DG,322756AL61315691 4061366798VI,-779.49,-779.49,0.00,0.00,2023-02-10,2023-02-10,0,"Publisher-labeled 1:1 match; numerical differences are review evidence, not a fraud/loss label."
111999941281,629376759033,495745278886,USD_2023-01-01_ACC#00001_66912     0147701477873756341477NAPE159         IF TMH TIRO FAMES SMILAX   BOLL      00873756341477NAPE159         IF TMH TIRO EMEU S,USD_2023-01-01_ACC#00001_66912     0147701477873756341477NAPE159         IF TMH TIRO FAMES SMILAX   BOLL      00873756341477NAPE159         IF TMH TIRO EMEU S,RULE 1,A=0;B=0,008737563 41477 NAPE159 L9HJ4AX                                                                 JOQVY H.C. ZUCCHINIS TENT,VOLERY 3033637666FP,-113298.70,-113298.70,0.00,0.00,2023-01-01,2023-01-01,0,"Publisher-labeled 1:1 match; numerical differences are review evidence, not a fraud/loss label."
112142332644,930279201682,70618007008,USD_2023-01-27_ACC#00001_66912     0256602566 SMILAX   FGGKR,USD_2023-01-27_ACC#00001_66912     0256602566 SMILAX   FGGKR,RULE 1,A=0;B=0,49031676 ALME7U8471JOQG7U                                                                JO TONITE SAUNT 664952723,V490379566381469 4143466756VI,-3920640.00,-3920640.00,0.00,0.00,2023-01-27,2023-01-27,0,"Publisher-labeled 1:1 match; numerical differences are review evidence, not a fraud/loss label."
112170314052,858625716798,286566835735,USD_2023-02-18_ACC#00001_66912     0607306073834054867613OKET347         MORIBUND VEXES WHUFF SMILAX   BOLL      00834054867613OKET347         MORIBUND VEXES S FOMALHAUT,USD_2023-02-18_ACC#00001_66912     0607306073834054867613OKET347         MORIBUND VEXES WHUFF SMILAX   BOLL      00834054867613OKET347         MORIBUND VEXES S FOMALHAUT,RULE 1,A=0;B=0,008340548 67613 OKET347                                                                         ASCIDIA GEOMETRINE MOGGIO,VOLERY 3360130666FP,-58721000.00,-58721000.00,0.00,0.00,2023-02-18,2023-02-18,0,"Publisher-labeled 1:1 match; numerical differences are review evidence, not a fraud/loss label."
11229412085,217868436128,401526237356,USD_2023-02-08_ACC#00001_66912     0670806708885359014476SCOTE32         MORIBUND VEXES WHUFF SMILAX   BOLL      00885359014476SCOTE32         MORIBUND VEXES S FOMALHAUT,USD_2023-02-08_ACC#00001_66912     0670806708885359014476SCOTE32         MORIBUND VEXES WHUFF SMILAX   BOLL      00885359014476SCOTE32         MORIBUND VEXES S FOMALHAUT,RULE 1,A=0;B=0,008853590 14476 SCOTE32                                                                         UPCLOSER MONOCOQUE GAB -,VOLERY 3877105666FP,-23423.88,-23423.88,0.00,0.00,2023-02-08,2023-02-08,0,"Publisher-labeled 1:1 match; numerical differences are review evidence, not a fraud/loss label."
11240464198,279331440156,968633017914,USD_2023-03-04_ACC#00001_66912     66325663250 32566RFGB9 088            JOQVY - BAS - DG SMILAX   GFG       VC0 32566RFGB9 088            JOQVY - BAS - DG,USD_2023-03-04_ACC#00001_66912     66325663250 32566RFGB9 088            JOQVY - BAS - DG SMILAX   GFG       VC0 32566RFGB9 088            JOQVY - BAS - DG,RULE 1,A=0;B=0,32566RFGB9 32566RFGB9                                                                      JOQVY - BAS - DG,322756AL61890085 3705966103VI,-1618.05,-1618.05,0.00,0.00,2023-03-04,2023-03-04,0,"Publisher-labeled 1:1 match; numerical differences are review evidence, not a fraud/loss label."
112421845325,955341528564,804317745326,USD_2023-02-26_ACC#00001_66912     0122001220848808712660NAPE913         MORIBUND ROTENONES S SMILAX   BOLL      00848808712660NAPE913         MORIBUND ZYGNEMA SK HYRACIFORM,USD_2023-02-26_ACC#00001_66912     0122001220848808712660NAPE913         MORIBUND ROTENONES S SMILAX   BOLL      00848808712660NAPE913         MORIBUND ZYGNEMA SK HYRACIFORM,RULE 1,A=0;B=0,008488087 12660 NAPE913                                                                         WASPS ASSUMER FUTHERMORE,VOLERY 3339979666FP,5202183.55,5202183.55,0.00,0.00,2023-02-26,2023-02-26,0,"Publisher-labeled 1:1 match; numerical differences are review evidence, not a fraud/loss label."
112519075912,448179614464,441299829959,USD_2023-01-05_ACC#00001_66912     02566025660666H3         6666666666 SMILAX   FGGKR     FW0666H3         6666666666,USD_2023-01-05_ACC#00001_66912     02566025660666H3         6666666666 SMILAX   FGGKR     FW0666H3         6666666666,RULE 3,A=0;B=0,37920486 V37920486                                                                       SHALE           667933724,V379204860310149 6030066735VI,2000000.00,2000000.00,0.00,0.00,2023-01-05,2023-01-05,0,"Publisher-labeled 1:1 match; numerical differences are review evidence, not a fraud/loss label."
112526273115,742750299596,187553264379,USD_2023-02-18_ACC#00001_66912     0976909769839705719262OKET388         MORIBUND ROTENONES S SMILAX   BOLL      00839705719262OKET388         MORIBUND ZYGNEMA SK HYRACIFORM,USD_2023-02-18_ACC#00001_66912     0976909769839705719262OKET388         MORIBUND ROTENONES S SMILAX   BOLL      00839705719262OKET388         MORIBUND ZYGNEMA SK HYRACIFORM,MANUAL,A=0;B=0,008397057 19262 OKET388                                                                         SLATTERN BAA YEAN EFI,VOLERY 3366909666FP,20315956.37,20315956.32,-0.05,-0.05,2023-02-18,2023-02-18,0,"Publisher-labeled 1:1 match; numerical differences are review evidence, not a fraud/loss label."
112692117901,295056152962,735474635608,USD_2023-02-18_ACC#00001_66912     0607306073833493567613OKET347         MORIBUND VEXES WHUFF SMILAX   BOLL      00833493567613OKET347         MORIBUND VEXES S FOMALHAUT,USD_2023-02-18_ACC#00001_66912     0607306073833493567613OKET347         MORIBUND VEXES WHUFF SMILAX   BOLL      00833493567613OKET347         MORIBUND VEXES S FOMALHAUT,RULE 1,A=0;B=0,008334935 67613 OKET347                                                                         PREOCCUR FUTHERMORE BUT L,VOLERY 3360710666FP,-524698.63,-524698.63,0.00,0.00,2023-02-18,2023-02-18,0,"Publisher-labeled 1:1 match; numerical differences are review evidence, not a fraud/loss label."
112734385853,403662102669,344061636463,USD_2023-01-04_ACC#00001_66912     0122001220871578112660BREI088         MORIBUND ROTENONES S SMILAX   BOLL      00871578112660BREI088         MORIBUND ZYGNEMA SK HYRACIFORM,USD_2023-01-04_ACC#00001_66912     0122001220871578112660BREI088         MORIBUND ROTENONES S SMILAX   BOLL      00871578112660BREI088         MORIBUND ZYGNEMA SK HYRACIFORM,RULE 1,A=0;B=0,008715781 12660 BREI088                                                                         TYPY OUT NONREGULATIVE AZ,VOLERY 3041485666FP,6116154.36,6116154.36,0.00,0.00,2023-01-04,2023-01-04,0,"Publisher-labeled 1:1 match; numerical differences are review evidence, not a fraud/loss label."
112752642766,91526803271,256664737,USD_2023-02-26_ACC#00001_66912     0646006460S                           BURO JADY GAT AUG - SMILAX   RAMON     GFG                           BURO JADY GAT IT X - T         TOBY - TA                     JOQGE_TA,USD_2023-02-26_ACC#00001_66912     0646006460S                           BURO JADY GAT AUG - SMILAX   RAMON     GFG                           BURO JADY GAT IT X - T         TOBY - TA                     JOQGE_TA,RULE 1,A=0;B=0,HEY RAMON DISNEY TOBY - TA,7669006466075728 6342369106WT,-188410.00,-188410.00,0.00,0.00,2023-02-26,2023-02-26,0,"Publisher-labeled 1:1 match; numerical differences are review evidence, not a fraud/loss label."
112773099420,764742194432,915996213563,USD_2023-01-14_ACC#00001_66912     66325663250 32566J4K31 088            JOQVY - ELUVIA - SMILAX   GFG       VC0 32566J4K31 088            JOQVY - ELUVIA -,USD_2023-01-14_ACC#00001_66912     66325663250 32566J4K31 088            JOQVY - ELUVIA - SMILAX   GFG       VC0 32566J4K31 088            JOQVY - ELUVIA -,RULE 3,A=0;B=0,32566J4K31 32566J4K31                                                                      JOQVY - ELUVIA -,32566J4K31 5514866744VI,80835.27,80835.27,0.00,0.00,2023-01-14,2023-01-14,0,"Publisher-labeled 1:1 match; numerical differences are review evidence, not a fraud/loss label."
112800265149,966007443248,931148665104,USD_2023-03-01_ACC#00001_66912     0676506765844667315574OKET481         MORIBUND ROTENONES S SMILAX   BOLL      00844667315574OKET481         MORIBUND ZYGNEMA SK HYRACIFORM,USD_2023-03-01_ACC#00001_66912     0676506765844667315574OKET481         MORIBUND ROTENONES S SMILAX   BOLL      00844667315574OKET481         MORIBUND ZYGNEMA SK HYRACIFORM,RULE 1,A=0;B=0,008446673 15574 OKET481                                                                         JACKPLANE AVIARY PANTOPOD,VOLERY 3326470666FP,1454394.10,1454394.10,0.00,0.00,2023-03-01,2023-03-01,0,"Publisher-labeled 1:1 match; numerical differences are review evidence, not a fraud/loss label."
112802462977,41687043881,793738839831,USD_2023-01-05_ACC#00001_66912     0147701477872056141477NAPE703         IF TMH SEE FAMES SMILAX   BOLL      00872056141477NAPE703         IF TMH SEE FAMES,USD_2023-01-05_ACC#00001_66912     0147701477872056141477NAPE703         IF TMH SEE FAMES SMILAX   BOLL      00872056141477NAPE703         IF TMH SEE FAMES,RULE 1,A=0;B=0,008720561 41477 NAPE703 L9HH643                                                                 JOQVY H.C. ZUCCHINIS TENT,VOLERY 3024372666FP,33255022.46,33255022.46,0.00,0.00,2023-01-05,2023-01-05,0,"Publisher-labeled 1:1 match; numerical differences are review evidence, not a fraud/loss label."
112835026214,805887068944,566856589592,USD_2023-01-04_ACC#00001_66912     0122001220871347012660KAVI127         MORIBUND VEXES WHUFF SMILAX   BOLL      00871347012660KAVI127         MORIBUND VEXES S FOMALHAUT,USD_2023-01-04_ACC#00001_66912     0122001220871347012660KAVI127         MORIBUND VEXES WHUFF SMILAX   BOLL      00871347012660KAVI127         MORIBUND VEXES S FOMALHAUT,RULE 1,A=0;B=0,008713470 12660 KAVI127                                                                         SIGHT QUETCH EFI.,VOLERY 3043587666FP,-1278742.45,-1278742.45,0.00,0.00,2023-01-04,2023-01-04,0,"Publisher-labeled 1:1 match; numerical differences are review evidence, not a fraud/loss label."
112941657967,413542416834,211466578043,USD_2023-03-02_ACC#00001_66912     0122001220843119412660SYNE208         MORIBUND VEXES WHUFF SMILAX   BOLL      00843119412660SYNE208         MORIBUND VEXES S FOMALHAUT,USD_2023-03-02_ACC#00001_66912     0122001220843119412660SYNE208         MORIBUND VEXES WHUFF SMILAX   BOLL      00843119412660SYNE208         MORIBUND VEXES S FOMALHAUT,RULE 1,A=0;B=0,008431194 12660 SYNE208                                                                         UPCLOSER MONOCOQUE GAB -,VOLERY 3356849666FP,-8008473.07,-8008473.07,0.00,0.00,2023-03-02,2023-03-02,0,"Publisher-labeled 1:1 match; numerical differences are review evidence, not a fraud/loss label."
113114105219,314593132413,291736002809,USD_2023-02-26_ACC#00001_66912     0250702507125654 67666                SEMSEM MARACAN WHUFF SMILAX   BOLL      RM125654 67666                SEMSEM MARACAN S FOMALHAUT,USD_2023-02-26_ACC#00001_66912     0250702507125654 67666                SEMSEM MARACAN WHUFF SMILAX   BOLL      RM125654 67666                SEMSEM MARACAN S FOMALHAUT,MANUAL,A=0;B=0,RM125654  67666 BOOMLESS VOWED FUTHERMORE,VOLERY 3339982666FP,1872.58,2190.00,317.42,317.42,2023-02-26,2023-02-26,0,"Publisher-labeled 1:1 match; numerical differences are review evidence, not a fraud/loss label."
113136657233,662588778021,215534264203,USD_2023-01-28_ACC#00001_66912     0670806708880395714476GULA705         MORIBUND VEXES WHUFF SMILAX   BOLL      00880395714476GULA705         MORIBUND VEXES S FOMALHAUT,USD_2023-01-28_ACC#00001_66912     0670806708880395714476GULA705         MORIBUND VEXES WHUFF SMILAX   BOLL      00880395714476GULA705         MORIBUND VEXES S FOMALHAUT,RULE 1,A=0;B=0,008803957 14476 GULA705                                                                         TYPY DEMIPIKE AD,VOLERY 3130152666FP,-168982.98,-168982.98,0.00,0.00,2023-01-28,2023-01-28,0,"Publisher-labeled 1:1 match; numerical differences are review evidence, not a fraud/loss label."
11318687933,989871210846,499693785047,USD_2023-02-10_ACC#00001_66912     0147701477837208841477NAPE576         OFF TMH TIRO FAMES SMILAX   BOLL      00837208841477NAPE576         OFF TMH TIRO HAU BT,USD_2023-02-10_ACC#00001_66912     0147701477837208841477NAPE576         OFF TMH TIRO FAMES SMILAX   BOLL      00837208841477NAPE576         OFF TMH TIRO HAU BT,RULE 1,A=0;B=0,008372088 41477 NAPE576 L9HO49G                                                                 UPCLOSER MONOCOQUE GAB -,VOLERY 3886283666FP,-19178825.11,-19178825.11,0.00,0.00,2023-02-10,2023-02-10,0,"Publisher-labeled 1:1 match; numerical differences are review evidence, not a fraud/loss label."
113196359364,647327423552,270931208517,USD_2023-01-20_ACC#00001_66912     0147701477812148141477DODOS23         OFF TMH SEE FAMES SMILAX   BOLL      00812148141477DODOS23         OFF TMH SEE EMEU S,USD_2023-01-20_ACC#00001_66912     0147701477812148141477DODOS23         OFF TMH SEE FAMES SMILAX   BOLL      00812148141477DODOS23         OFF TMH SEE EMEU S,RULE 1,A=0;B=0,008121481 41477 DODOS23 L9XU1PE                                                                 UPCLOSER MONOCOQUE GAB -,VOLERY 3755386666FP,58759573.13,58759573.13,0.00,0.00,2023-01-20,2023-01-20,0,"Publisher-labeled 1:1 match; numerical differences are review evidence, not a fraud/loss label."
113289556334,910712344824,47903724922,USD_2023-02-08_ACC#00001_66912     0638106381885132288856OKET746         MORIBUND ROTENONES S SMILAX   BOLL      00885132288856OKET746         MORIBUND ZYGNEMA SK HYRACIFORM,USD_2023-02-08_ACC#00001_66912     0638106381885132288856OKET746         MORIBUND ROTENONES S SMILAX   BOLL      00885132288856OKET746         MORIBUND ZYGNEMA SK HYRACIFORM,MANUAL,A=0;B=0,008851322 88856 OKET746                                                                         DIANITE ANIMI VOWED AGHAN,VOLERY 3870900666FP,5424289.06,5424289.05,-0.01,-0.01,2023-02-08,2023-02-08,0,"Publisher-labeled 1:1 match; numerical differences are review evidence, not a fraud/loss label."
113329660748,431593752826,409751197808,USD_2023-02-04_ACC#00001_WF 66912     0609306093883691067005NAPE703         MORIBUND VEXES WHUFF,USD_2023-02-04_ACC#00001_WF 66912     0609306093883691067005NAPE703         MORIBUND VEXES WHUFF,RULE 1,A=0;B=0,008836910 67005 NAPE703                                                                         HATER GRAVEL KEEPINGS,VOLERY 3199536666FP,-531691.14,-531691.14,0.00,0.00,2023-02-04,2023-02-04,0,"Publisher-labeled 1:1 match; numerical differences are review evidence, not a fraud/loss label."
113335579853,143626093032,232694493542,USD_2023-01-07_ACC#00001_66912     66325663250 32566J6J7R 088            JOQVY - ELUVIA - SMILAX   GFG       VC0 32566J6J7R 088            JOQVY - ELUVIA -,USD_2023-01-07_ACC#00001_66912     66325663250 32566J6J7R 088            JOQVY - ELUVIA - SMILAX   GFG       VC0 32566J6J7R 088            JOQVY - ELUVIA -,RULE 1,A=0;B=0,32566J6J7R 32566J6J7R                                                                      JOQVY - ELUVIA -,322746AL68135219 2143066739VI,-43206.60,-43206.60,0.00,0.00,2023-01-07,2023-01-07,0,"Publisher-labeled 1:1 match; numerical differences are review evidence, not a fraud/loss label."
11333694340,860428978835,205242170825,USD_2023-02-23_ACC#00001_66912     07306073067313           6666666666 SMILAX   FGGKR     KR7313           6666666666                                     666666666666666,USD_2023-02-23_ACC#00001_66912     07306073067313           6666666666 SMILAX   FGGKR     KR7313           6666666666                                     666666666666666,RULE 3,A=0;B=0,15716218 V15716218                                                                       YUO WATERER     156546904,MG15716218L600MK 7945766162VI,98513.76,98513.76,0.00,0.00,2023-02-23,2023-02-23,0,"Publisher-labeled 1:1 match; numerical differences are review evidence, not a fraud/loss label."
113512084851,940264090821,284625204780,USD_2023-01-28_ACC#00001_66912     0122001220880397612660SCOTE38         MORIBUND ROTENONES S SMILAX   BOLL      00880397612660SCOTE38         MORIBUND ZYGNEMA SK HYRACIFORM,USD_2023-01-28_ACC#00001_66912     0122001220880397612660SCOTE38         MORIBUND ROTENONES S SMILAX   BOLL      00880397612660SCOTE38         MORIBUND ZYGNEMA SK HYRACIFORM,RULE 1,A=0;B=0,008803976 12660 SCOTE38                                                                         ING FOUL LACTARENE NIYAMA,VOLERY 3189845666FP,105576.29,105576.29,0.00,0.00,2023-01-28,2023-01-28,0,"Publisher-labeled 1:1 match; numerical differences are review evidence, not a fraud/loss label."
113548373476,45894541511,618020187297,USD_2023-02-04_ACC#00001_66912     0638106381884544588856KAVI507         MORIBUND ROTENONES S SMILAX   BOLL      00884544588856KAVI507         MORIBUND ZYGNEMA SK HYRACIFORM,USD_2023-02-04_ACC#00001_66912     0638106381884544588856KAVI507         MORIBUND ROTENONES S SMILAX   BOLL      00884544588856KAVI507         MORIBUND ZYGNEMA SK HYRACIFORM,RULE 1,A=0;B=0,008845445 88856 KAVI507                                                                         DIANITE ANIMI VOWED AGHAN,VOLERY 3860049666FP,882548.41,882548.41,0.00,0.00,2023-02-04,2023-02-04,0,"Publisher-labeled 1:1 match; numerical differences are review evidence, not a fraud/loss label."
113550102984,753184011727,408861545698,USD_2023-03-05_ACC#00001_66912     0147701477826748941477EPEE242         OFF TMH TIRO FAMES SMILAX   BOLL      00826748941477EPEE242         OFF TMH TIRO HAU BT,USD_2023-03-05_ACC#00001_66912     0147701477826748941477EPEE242         OFF TMH TIRO FAMES SMILAX   BOLL      00826748941477EPEE242         OFF TMH TIRO HAU BT,RULE 1,A=0;B=0,008267489 41477 EPEE242 L9IE3LF                                                                 UPCLOSER MONOCOQUE GAB -,VOLERY 3395828666FP,-53178131.87,-53178131.87,0.00,0.00,2023-03-05,2023-03-05,0,"Publisher-labeled 1:1 match; numerical differences are review evidence, not a fraud/loss label."
113552979810,206140378250,456195827396,USD_2023-01-18_ACC#00001_66912     02566025660666H3         6666666666 SMILAX   FGGKR     FW0666H3         6666666666,USD_2023-01-18_ACC#00001_66912     02566025660666H3         6666666666 SMILAX   FGGKR     FW0666H3         6666666666,RULE 3,A=0;B=0,32944933 V32944933                                                                       JO TONITE SAUNT 664952723,V329449337517755 5808866720VI,1300000.00,1300000.00,0.00,0.00,2023-01-18,2023-01-18,0,"Publisher-labeled 1:1 match; numerical differences are review evidence, not a fraud/loss label."
113581583241,912544578032,231717233291,USD_2023-02-26_ACC#00001_66912     66071660710 07166RBDOA 088            JOQ COLUMNATED M SMILAX   GFG       VC0 07166RBDOA 088            JOQ COLUMNATED M,USD_2023-02-26_ACC#00001_66912     66071660710 07166RBDOA 088            JOQ COLUMNATED M SMILAX   GFG       VC0 07166RBDOA 088            JOQ COLUMNATED M,RULE 3,A=0;B=0,07166RBDOA 07166RBDOA                                                                      JOQ COLUMNATED M,07166RBDOA 7430766169VI,158968.52,158968.52,0.00,0.00,2023-02-26,2023-02-26,0,"Publisher-labeled 1:1 match; numerical differences are review evidence, not a fraud/loss label."
11371549222,534573093313,510503804549,USD_2023-02-03_ACC#00001_66912     0603606036885378367888ROMAN42         IF TMH SEE FAMES SMILAX   BOLL      00885378367888ROMAN42         IF TMH SEE FAMES,USD_2023-02-03_ACC#00001_66912     0603606036885378367888ROMAN42         IF TMH SEE FAMES SMILAX   BOLL      00885378367888ROMAN42         IF TMH SEE FAMES,RULE 1,A=0;B=0,008853783 67888 ROMAN42 L9CY2GI                                                                 JO TONITE ETHERIFIES GAB,VOLERY 3196729666FP,6172750.00,6172750.00,0.00,0.00,2023-02-03,2023-02-03,0,"Publisher-labeled 1:1 match; numerical differences are review evidence, not a fraud/loss label."
11372786250,789159882117,378602037312,USD_2023-03-04_ACC#00001_66912     0256602566 SMILAX   FGGKR,USD_2023-03-04_ACC#00001_66912     0256602566 SMILAX   FGGKR,RULE 1,A=0;B=0,35782557 ALME7U5659JOQG7U                                                                JO TONITE SAUNT 664952723,V048720066986939 2870666104VI,-2000000.00,-2000000.00,0.00,0.00,2023-03-04,2023-03-04,0,"Publisher-labeled 1:1 match; numerical differences are review evidence, not a fraud/loss label."
113818357898,879695116647,225111780174,USD_2023-03-02_ACC#00001_66912     0603606036845840567888NAPE580         IF TMH TIRO FAMES SMILAX   BOLL      00845840567888NAPE580         IF TMH TIRO EMEU S,USD_2023-03-02_ACC#00001_66912     0603606036845840567888NAPE580         IF TMH TIRO FAMES SMILAX   BOLL      00845840567888NAPE580         IF TMH TIRO EMEU S,RULE 1,A=0;B=0,008458405 67888 NAPE580 L9IE0WH                                                                 JO TONITE ETHERIFIES GAB,VOLERY 3329149666FP,-886600.00,-886600.00,0.00,0.00,2023-03-02,2023-03-02,0,"Publisher-labeled 1:1 match; numerical differences are review evidence, not a fraud/loss label."
113878847616,820360131057,375180830071,USD_2023-02-19_ACC#00001_66912     0702807028835741367463KAVI255         MORIBUND ROTENONES S SMILAX   BOLL      00835741367463KAVI255         MORIBUND ZYGNEMA SK HYRACIFORM,USD_2023-02-19_ACC#00001_66912     0702807028835741367463KAVI255         MORIBUND ROTENONES S SMILAX   BOLL      00835741367463KAVI255         MORIBUND ZYGNEMA SK HYRACIFORM,RULE 1,A=0;B=0,008357413 67463 KAVI255                                                                         PREOCCUR FUTHERMORE YARAY,VOLERY 3369468666FP,2716460.00,2716460.00,0.00,0.00,2023-02-19,2023-02-19,0,"Publisher-labeled 1:1 match; numerical differences are review evidence, not a fraud/loss label."
113942657097,558487855692,212335192142,USD_2023-01-13_ACC#00001_66912     0670806708879758514407NAUT853         MORIBUND VEXES WHUFF SMILAX   BOLL      00879758514407NAUT853         MORIBUND VEXES S FOMALHAUT,USD_2023-01-13_ACC#00001_66912     0670806708879758514407NAUT853         MORIBUND VEXES WHUFF SMILAX   BOLL      00879758514407NAUT853         MORIBUND VEXES S FOMALHAUT,RULE 1,A=0;B=0,008797585 14407 NAUT853                                                                         UPCLOSER MONOCOQUE GAB -,VOLERY 3712879666FP,-19709.81,-19709.81,0.00,0.00,2023-01-13,2023-01-13,0,"Publisher-labeled 1:1 match; numerical differences are review evidence, not a fraud/loss label."
113944910771,974627422081,937148345102,USD_2023-01-12_ACC#00001_66912     0147601476816973741476                IF TMH ENQUIRE WOLD SMILAX   BOLL      00816973741476                IF TMH ENQUIRE C TCK,USD_2023-01-12_ACC#00001_66912     0147601476816973741476                IF TMH ENQUIRE WOLD SMILAX   BOLL      00816973741476                IF TMH ENQUIRE C TCK,RULE 1,A=0;B=0,008169737 41476 L9HH9SS                                                                 BISERIAL TYPY,KNIT.YUO 1617266743FW,-990000.00,-990000.00,0.00,0.00,2023-01-12,2023-01-12,0,"Publisher-labeled 1:1 match; numerical differences are review evidence, not a fraud/loss label."
113951416854,373195326316,785472950510,USD_2023-03-05_ACC#00001_66912     66325663250 32566RAY3E 088            JOQVY - ELUVIA - SMILAX   GFG       VC0 32566RAY3E 088            JOQVY - ELUVIA -,USD_2023-03-05_ACC#00001_66912     66325663250 32566RAY3E 088            JOQVY - ELUVIA - SMILAX   GFG       VC0 32566RAY3E 088            JOQVY - ELUVIA -,RULE 1,A=0;B=0,32566RAY3E 32566RAY3E                                                                      JOQVY - ELUVIA -,322746AL68790486 6457666104VI,-21082.70,-21082.70,0.00,0.00,2023-03-05,2023-03-05,0,"Publisher-labeled 1:1 match; numerical differences are review evidence, not a fraud/loss label."
113970103819,23580427557,915986339677,USD_2023-03-01_ACC#00001_66912     0670806708848213814476ATMA320         MORIBUND VEXES WHUFF SMILAX   BOLL      00848213814476ATMA320         MORIBUND VEXES S FOMALHAUT,USD_2023-03-01_ACC#00001_66912     0670806708848213814476ATMA320         MORIBUND VEXES WHUFF SMILAX   BOLL      00848213814476ATMA320         MORIBUND VEXES S FOMALHAUT,RULE 1,A=0;B=0,008482138 14476 ATMA320                                                                         UPCLOSER MONOCOQUE GAB -,VOLERY 3320013666FP,-47265.44,-47265.44,0.00,0.00,2023-03-01,2023-03-01,0,"Publisher-labeled 1:1 match; numerical differences are review evidence, not a fraud/loss label."
113989741059,583091612242,288160791576,USD_2023-03-01_ACC#00001_66912     0603606036844125867888CHARE18         OFF TMH SEE FAMES SMILAX   BOLL      00844125867888CHARE18         OFF TMH SEE EMEU S,USD_2023-03-01_ACC#00001_66912     0603606036844125867888CHARE18         OFF TMH SEE FAMES SMILAX   BOLL      00844125867888CHARE18         OFF TMH SEE EMEU S,MANUAL,A=0;B=0,008441258 67888 CHARE18 L9HG41I                                                                 JO TONITE ETHERIFIES GAB,VOLERY 3326480666FP,1789099.50,1789099.49,-0.01,-0.01,2023-03-01,2023-03-01,0,"Publisher-labeled 1:1 match; numerical differences are review evidence, not a fraud/loss label."
114004545311,504598934814,985859541129,USD_2023-02-24_ACC#00001_66912     0147701477848723841477NAPE718         IF TMH SEE FAMES SMILAX   BOLL      00848723841477NAPE718         IF TMH SEE FAMES,USD_2023-02-24_ACC#00001_66912     0147701477848723841477NAPE718         IF TMH SEE FAMES SMILAX   BOLL      00848723841477NAPE718         IF TMH SEE FAMES,RULE 1,A=0;B=0,008487238 41477 NAPE718 L9HG7UV                                                                 UPCLOSER MONOCOQUE GAB -,VOLERY 3380591666FP,1699600.00,1699600.00,0.00,0.00,2023-02-24,2023-02-24,0,"Publisher-labeled 1:1 match; numerical differences are review evidence, not a fraud/loss label."
114014596918,943135787729,416130121649,USD_2023-01-25_ACC#00001_66912     0250702507879468067666                ANDI SEMSEM DIP WOLD SMILAX   BOLL      00879468067666                ANDI SEMSEM DIP  WOLD,USD_2023-01-25_ACC#00001_66912     0250702507879468067666                ANDI SEMSEM DIP WOLD SMILAX   BOLL      00879468067666                ANDI SEMSEM DIP  WOLD,RULE 3,A=0;B=0,008794680 67666 BAIS951 L9Y45V1                                                                 PHOBIC CROM OEV,008794680-767-0 9733466725VI,25789.20,25789.20,0.00,0.00,2023-01-25,2023-01-25,0,"Publisher-labeled 1:1 match; numerical differences are review evidence, not a fraud/loss label."
114106998750,393020974534,996495845425,USD_2023-02-03_ACC#00001_66912     66325663250 32566RMQKO 088            JOQVY - BAS - DG SMILAX   GFG       VC0 32566RMQKO 088            JOQVY - BAS - DG,USD_2023-02-03_ACC#00001_66912     66325663250 32566RMQKO 088            JOQVY - BAS - DG SMILAX   GFG       VC0 32566RMQKO 088            JOQVY - BAS - DG,RULE 1,A=0;B=0,32566RMQKO 32566RMQKO                                                                      JOQVY - BAS - DG,322756MI61101976 8199966752VI,-22828.20,-22828.20,0.00,0.00,2023-02-03,2023-02-03,0,"Publisher-labeled 1:1 match; numerical differences are review evidence, not a fraud/loss label."
114149128472,993412249172,651057402927,USD_2023-01-27_ACC#00001_66912     02566025660666H3         6666666666 SMILAX   FGGKR     FW0666H3         6666666666,USD_2023-01-27_ACC#00001_66912     02566025660666H3         6666666666 SMILAX   FGGKR     FW0666H3         6666666666,RULE 3,A=0;B=0,49035696 V49035696                                                                       SHALE           667933724,V490356966218640 4077266756VI,2055600.00,2055600.00,0.00,0.00,2023-01-27,2023-01-27,0,"Publisher-labeled 1:1 match; numerical differences are review evidence, not a fraud/loss label."
114171572740,874998901740,123394667614,USD_2023-02-15_ACC#00001_66912     0670806708833210914476RUMBO27         MORIBUND VEXES WHUFF SMILAX   BOLL      00833210914476RUMBO27         MORIBUND VEXES S FOMALHAUT,USD_2023-02-15_ACC#00001_66912     0670806708833210914476RUMBO27         MORIBUND VEXES WHUFF SMILAX   BOLL      00833210914476RUMBO27         MORIBUND VEXES S FOMALHAUT,RULE 1,A=0;B=0,008332109 14476 RUMBO27                                                                         UPCLOSER MONOCOQUE GAB -,VOLERY 3820547666FP,-108174.01,-108174.01,0.00,0.00,2023-02-15,2023-02-15,0,"Publisher-labeled 1:1 match; numerical differences are review evidence, not a fraud/loss label."
114183916212,46819538440,849212604034,USD_2023-01-18_ACC#00001_66912     0147701477814148641477NAPE195         IF TMH SEE FAMES SMILAX   BOLL      00814148641477NAPE195         IF TMH SEE FAMES,USD_2023-01-18_ACC#00001_66912     0147701477814148641477NAPE195         IF TMH SEE FAMES SMILAX   BOLL      00814148641477NAPE195         IF TMH SEE FAMES,RULE 1,A=0;B=0,008141486 41477 NAPE195 L9XU0OL                                                                 UPCLOSER MONOCOQUE GAB -,VOLERY 3742431666FP,21831200.00,21831200.00,0.00,0.00,2023-01-18,2023-01-18,0,"Publisher-labeled 1:1 match; numerical differences are review evidence, not a fraud/loss label."
114191891953,330792597875,637000028072,USD_2023-02-16_ACC#00001_66912     0617806178834247567387NAPE703         MORIBUND ROTENONES S SMILAX   BOLL      00834247567387NAPE703         MORIBUND ZYGNEMA SK HYRACIFORM,USD_2023-02-16_ACC#00001_66912     0617806178834247567387NAPE703         MORIBUND ROTENONES S SMILAX   BOLL      00834247567387NAPE703         MORIBUND ZYGNEMA SK HYRACIFORM,RULE 1,A=0;B=0,008342475 67387 NAPE703                                                                         PALOUR PROMINIMUM BUT EYL,VOLERY 3850041666FP,20391916.41,20391916.41,0.00,0.00,2023-02-16,2023-02-16,0,"Publisher-labeled 1:1 match; numerical differences are review evidence, not a fraud/loss label."
114220449477,347710415977,821620038449,USD_2023-01-14_ACC#00001_66912     0147701477811773741477NAPE703         OFF TMH TIRO FAMES SMILAX   BOLL      00811773741477NAPE703         OFF TMH TIRO HAU BT,USD_2023-01-14_ACC#00001_66912     0147701477811773741477NAPE703         OFF TMH TIRO FAMES SMILAX   BOLL      00811773741477NAPE703         OFF TMH TIRO HAU BT,RULE 1,A=0;B=0,008117737 41477 NAPE703 L9FR8SS                                                                 JOQVY H.C. ZUCCHINIS TENT,VOLERY 3782004666FP,-28474666.26,-28474666.26,0.00,0.00,2023-01-14,2023-01-14,0,"Publisher-labeled 1:1 match; numerical differences are review evidence, not a fraud/loss label."
114332991854,308254801826,312867174931,USD_2023-02-02_ACC#00001_66912     0156801568887330617667JADE189         MORIBUND VEXES WHUFF SMILAX   BOLL      00887330617667JADE189         MORIBUND VEXES S FOMALHAUT,USD_2023-02-02_ACC#00001_66912     0156801568887330617667JADE189         MORIBUND VEXES WHUFF SMILAX   BOLL      00887330617667JADE189         MORIBUND VEXES S FOMALHAUT,RULE 1,A=0;B=0,008873306 17667 JADE189                                                                         GHERAOED ASSUMER PETIOLAR,VOLERY 3156222666FP,-294300.29,-294300.29,0.00,0.00,2023-02-02,2023-02-02,0,"Publisher-labeled 1:1 match; numerical differences are review evidence, not a fraud/loss label."
114539043560,982347380626,293591794133,USD_2023-02-10_ACC#00001_66912     07036070367313           6666666666 SMILAX   FGGKR     KR7313           6666666666                                     666666666666666,USD_2023-02-10_ACC#00001_66912     07036070367313           6666666666 SMILAX   FGGKR     KR7313           6666666666                                     666666666666666,RULE 3,A=0;B=0,7034876 V67034876                                                                       TIDDLER TRIFOLY 668261992,MG67034876M600MK 4485866798VI,40000.00,40000.00,0.00,0.00,2023-02-10,2023-02-10,0,"Publisher-labeled 1:1 match; numerical differences are review evidence, not a fraud/loss label."
11458222381,289319259322,358019370266,USD_2023-01-08_ACC#00001_66912     0256602566 SMILAX   FGGKR,USD_2023-01-08_ACC#00001_66912     0256602566 SMILAX   FGGKR,RULE 1,A=0;B=0,38290886 JOQG7U4302GLEE7U                                                                SHALE           667933724,VOLERY 1737366740VI,-385940.00,-385940.00,0.00,0.00,2023-01-08,2023-01-08,0,"Publisher-labeled 1:1 match; numerical differences are review evidence, not a fraud/loss label."
114659249067,383886387851,682942671525,USD_2023-01-06_ACC#00001_66912     0676506765873827355570NAPE703         MORIBUND VEXES WHUFF SMILAX   BOLL      00873827355570NAPE703         MORIBUND VEXES S FOMALHAUT,USD_2023-01-06_ACC#00001_66912     0676506765873827355570NAPE703         MORIBUND VEXES WHUFF SMILAX   BOLL      00873827355570NAPE703         MORIBUND VEXES S FOMALHAUT,RULE 1,A=0;B=0,008738273 55570 NAPE703                                                                         SAJ ASSUMER STRICKS,VOLERY 3053418666FP,-1455195.90,-1455195.90,0.00,0.00,2023-01-06,2023-01-06,0,"Publisher-labeled 1:1 match; numerical differences are review evidence, not a fraud/loss label."
114685628086,754429545950,721764253573,USD_2023-02-05_ACC#00001_66912     0147701477889340641477NAPE703         OFF TMH TIRO FAMES SMILAX   BOLL      00889340641477NAPE703         OFF TMH TIRO HAU BT,USD_2023-02-05_ACC#00001_66912     0147701477889340641477NAPE703         OFF TMH TIRO FAMES SMILAX   BOLL      00889340641477NAPE703         OFF TMH TIRO HAU BT,RULE 1,A=0;B=0,008893406 41477 NAPE703 L9CY9B9                                                                 UPCLOSER MONOCOQUE GAB -,VOLERY 3806200666FP,-60054038.70,-60054038.70,0.00,0.00,2023-02-05,2023-02-05,0,"Publisher-labeled 1:1 match; numerical differences are review evidence, not a fraud/loss label."
114701046042,121215743224,807653098021,USD_2023-01-08_ACC#00001_66912     0156801568879119017661NAPE703         MORIBUND VEXES WHUFF SMILAX   BOLL      00879119017661NAPE703         MORIBUND VEXES S FOMALHAUT,USD_2023-01-08_ACC#00001_66912     0156801568879119017661NAPE703         MORIBUND VEXES WHUFF SMILAX   BOLL      00879119017661NAPE703         MORIBUND VEXES S FOMALHAUT,RULE 1,A=0;B=0,008791190 17661 NAPE703                                                                         TAPU ETHERIFIES AUANTIC,VOLERY 3764046666FP,-16099627.51,-16099627.51,0.00,0.00,2023-01-08,2023-01-08,0,"Publisher-labeled 1:1 match; numerical differences are review evidence, not a fraud/loss label."
114703442770,9111159166,972167644322,USD_2023-02-02_ACC#00001_66912     0156801568883341217661NAPE580         MORIBUND ROTENONES S SMILAX   BOLL      00883341217661NAPE580         MORIBUND ZYGNEMA SK HYRACIFORM,USD_2023-02-02_ACC#00001_66912     0156801568883341217661NAPE580         MORIBUND ROTENONES S SMILAX   BOLL      00883341217661NAPE580         MORIBUND ZYGNEMA SK HYRACIFORM,RULE 1,A=0;B=0,008833412 17661 NAPE580                                                                         JOQVY ELUVIA DESINENT,VOLERY 3156122666FP,7881648.59,7881648.59,0.00,0.00,2023-02-02,2023-02-02,0,"Publisher-labeled 1:1 match; numerical differences are review evidence, not a fraud/loss label."
114761414404,799704302260,519600461749,USD_2023-01-21_ACC#00001_66912     0256602566 SMILAX   FGGKR,USD_2023-01-21_ACC#00001_66912     0256602566 SMILAX   FGGKR,RULE 1,A=0;B=0,48307106 ALME7U3981JOQG7U                                                                JO TONITE SAUNT 664952723,V483077267980668 6291566728VI,-1676900.00,-1676900.00,0.00,0.00,2023-01-21,2023-01-21,0,"Publisher-labeled 1:1 match; numerical differences are review evidence, not a fraud/loss label."
114771438153,771025324069,635517641565,USD_2023-01-04_ACC#00001_66912     0256602566 SMILAX   FGGKR                                                                     666666666666666,USD_2023-01-04_ACC#00001_66912     0256602566 SMILAX   FGGKR                                                                     666666666666666,RULE 1,A=0;B=0,15054280 JOQG7U7073GVYE7U                                                                JINSHANG        700056068,QR676606052191Q 1395966732XD,-90485.02,-90485.02,0.00,0.00,2023-01-04,2023-01-04,0,"Publisher-labeled 1:1 match; numerical differences are review evidence, not a fraud/loss label."
114785112459,770518211295,368268967645,USD_2023-03-04_ACC#00001_66912     09999099997313           6666666666 SMILAX   FGGKR     KR7313           6666666666                                     666666666666666,USD_2023-03-04_ACC#00001_66912     09999099997313           6666666666 SMILAX   FGGKR     KR7313           6666666666                                     666666666666666,RULE 3,A=0;B=0,47760820 V47760820                                                                       GVKYHE          666610809,MG47760820M600MK 3763666103VI,9959592.49,9959592.49,0.00,0.00,2023-03-04,2023-03-04,0,"Publisher-labeled 1:1 match; numerical differences are review evidence, not a fraud/loss label."
114871425630,383349569525,862297277426,USD_2023-01-29_ACC#00001_66912     0147701477888294041477NAPE703         OFF TMH TIRO FAMES SMILAX   BOLL      00888294041477NAPE703         OFF TMH TIRO HAU BT,USD_2023-01-29_ACC#00001_66912     0147701477888294041477NAPE703         OFF TMH TIRO FAMES SMILAX   BOLL      00888294041477NAPE703         OFF TMH TIRO HAU BT,RULE 1,A=0;B=0,008882940 41477 NAPE703 L9HY9UR                                                                 JOQVY H.C. ZUCCHINIS TENT,VOLERY 3146032666FP,-28186582.23,-28186582.23,0.00,0.00,2023-01-29,2023-01-29,0,"Publisher-labeled 1:1 match; numerical differences are review evidence, not a fraud/loss label."
114917252621,194894935044,148292735251,USD_2023-01-27_ACC#00001_66912     66325663250 32566RVNDD 088            JOQGO IW-OQGO FL SMILAX   GFG       VC0 32566RVNDD 088            JOQGO IW-OQGO FL,USD_2023-01-27_ACC#00001_66912     66325663250 32566RVNDD 088            JOQGO IW-OQGO FL SMILAX   GFG       VC0 32566RVNDD 088            JOQGO IW-OQGO FL,RULE 3,A=0;B=0,32566RVNDD 32566RVNDD                                                                      JOQGO IW-OQGO FL,32566RVNDD 4281266756VI,63377507.14,63377507.14,0.00,0.00,2023-01-27,2023-01-27,0,"Publisher-labeled 1:1 match; numerical differences are review evidence, not a fraud/loss label."
114960948108,960811973177,921443655563,USD_2023-03-02_ACC#00001_66912     0603606036845846267888CHARE18         IF TMH TIRO FAMES SMILAX   BOLL      00845846267888CHARE18         IF TMH TIRO EMEU S,USD_2023-03-02_ACC#00001_66912     0603606036845846267888CHARE18         IF TMH TIRO FAMES SMILAX   BOLL      00845846267888CHARE18         IF TMH TIRO EMEU S,RULE 1,A=0;B=0,008458462 67888 CHARE18 L9IE0NO                                                                 JO TONITE ETHERIFIES GAB,VOLERY 3329126666FP,-1913771.70,-1913771.70,0.00,0.00,2023-03-02,2023-03-02,0,"Publisher-labeled 1:1 match; numerical differences are review evidence, not a fraud/loss label."
114967842705,632967555384,272552075764,USD_2023-02-17_ACC#00001_66912     0646406464832097461008SCOTE58         MORIBUND ROTENONES S SMILAX   BOLL      00832097461008SCOTE58         MORIBUND ZYGNEMA SK HYRACIFORM,USD_2023-02-17_ACC#00001_66912     0646406464832097461008SCOTE58         MORIBUND ROTENONES S SMILAX   BOLL      00832097461008SCOTE58         MORIBUND ZYGNEMA SK HYRACIFORM,RULE 1,A=0;B=0,008320974 61008 SCOTE58                                                                         REFALL VOWED FUTHERMORE C,VOLERY 3859219666FP,232351.30,232351.30,0.00,0.00,2023-02-17,2023-02-17,0,"Publisher-labeled 1:1 match; numerical differences are review evidence, not a fraud/loss label."
115046012526,426198842228,16282991648,USD_2023-02-09_ACC#00001_66912     0670806708889537614407NAUT199         MORIBUND VEXES WHUFF SMILAX   BOLL      00889537614407NAUT199         MORIBUND VEXES S FOMALHAUT,USD_2023-02-09_ACC#00001_66912     0670806708889537614407NAUT199         MORIBUND VEXES WHUFF SMILAX   BOLL      00889537614407NAUT199         MORIBUND VEXES S FOMALHAUT,RULE 1,A=0;B=0,008895376 14407 NAUT199                                                                         UPCLOSER MONOCOQUE GAB -,VOLERY 3817703666FP,-27879.85,-27879.85,0.00,0.00,2023-02-09,2023-02-09,0,"Publisher-labeled 1:1 match; numerical differences are review evidence, not a fraud/loss label."
115098738787,245629748730,18184059168,USD_2023-01-13_ACC#00001_66912     0147701477811738041477RAKEE89         IF TMH SEE FAMES SMILAX   BOLL      00811738041477RAKEE89         IF TMH SEE FAMES,USD_2023-01-13_ACC#00001_66912     0147701477811738041477RAKEE89         IF TMH SEE FAMES SMILAX   BOLL      00811738041477RAKEE89         IF TMH SEE FAMES,RULE 1,A=0;B=0,008117380 41477 RAKEE89 L9FR8RP                                                                 UPCLOSER MONOCOQUE GAB -,VOLERY 3712639666FP,356700.00,356700.00,0.00,0.00,2023-01-13,2023-01-13,0,"Publisher-labeled 1:1 match; numerical differences are review evidence, not a fraud/loss label."
11513473469,777045595318,913171535411,USD_2023-02-26_ACC#00001_66912     0670806708841131614476NAUT308         MORIBUND VEXES WHUFF SMILAX   BOLL      00841131614476NAUT308         MORIBUND VEXES S FOMALHAUT,USD_2023-02-26_ACC#00001_66912     0670806708841131614476NAUT308         MORIBUND VEXES WHUFF SMILAX   BOLL      00841131614476NAUT308         MORIBUND VEXES S FOMALHAUT,RULE 1,A=0;B=0,008411316 14476 NAUT308                                                                         UPCLOSER MONOCOQUE GAB -,VOLERY 3340342666FP,-62629.40,-62629.40,0.00,0.00,2023-02-26,2023-02-26,0,"Publisher-labeled 1:1 match; numerical differences are review evidence, not a fraud/loss label."
115159281166,253529870281,50883822967,USD_2023-01-27_ACC#00001_66912     0147701477815885441477GULA163         OFF TMH SEE FAMES SMILAX   BOLL      00815885441477GULA163         OFF TMH SEE EMEU S,USD_2023-01-27_ACC#00001_66912     0147701477815885441477GULA163         OFF TMH SEE FAMES SMILAX   BOLL      00815885441477GULA163         OFF TMH SEE EMEU S,RULE 1,A=0;B=0,008158854 41477 GULA163 L9XU3QR                                                                 UPCLOSER MONOCOQUE GAB -,VOLERY 3186552666FP,2030685.12,2030685.12,0.00,0.00,2023-01-27,2023-01-27,0,"Publisher-labeled 1:1 match; numerical differences are review evidence, not a fraud/loss label."
11519714979,798131372664,869960148366,USD_2023-01-05_ACC#00001_66912     0122001220874007412660TUMOR30         MORIBUND VEXES WHUFF SMILAX   BOLL      00874007412660TUMOR30         MORIBUND VEXES S FOMALHAUT,USD_2023-01-05_ACC#00001_66912     0122001220874007412660TUMOR30         MORIBUND VEXES WHUFF SMILAX   BOLL      00874007412660TUMOR30         MORIBUND VEXES S FOMALHAUT,RULE 1,A=0;B=0,008740074 12660 TUMOR30                                                                         UPCLOSER MONOCOQUE GAB -,VOLERY 3024529666FP,-1177768.01,-1177768.01,0.00,0.00,2023-01-05,2023-01-05,0,"Publisher-labeled 1:1 match; numerical differences are review evidence, not a fraud/loss label."
115203208352,655839847067,91052638090,USD_2023-02-12_ACC#00001_66912     0603706037836137567050SYNE554         MORIBUND VEXES WHUFF SMILAX   BOLL      00836137567050SYNE554         MORIBUND VEXES S FOMALHAUT,USD_2023-02-12_ACC#00001_66912     0603706037836137567050SYNE554         MORIBUND VEXES WHUFF SMILAX   BOLL      00836137567050SYNE554         MORIBUND VEXES S FOMALHAUT,RULE 1,A=0;B=0,008361375 67050 SYNE554                                                                         ASCIDIA GEOMETRINE MOGGIO,VOLERY 3840849666FP,-2184724.04,-2184724.04,0.00,0.00,2023-02-12,2023-02-12,0,"Publisher-labeled 1:1 match; numerical differences are review evidence, not a fraud/loss label."
115441722356,292490188226,642918483479,USD_2023-02-10_ACC#00001_66912     0670806708889579714407CUCA199         MORIBUND VEXES WHUFF SMILAX   BOLL      00889579714407CUCA199         MORIBUND VEXES S FOMALHAUT,USD_2023-02-10_ACC#00001_66912     0670806708889579714407CUCA199         MORIBUND VEXES WHUFF SMILAX   BOLL      00889579714407CUCA199         MORIBUND VEXES S FOMALHAUT,MANUAL,A=0;B=0,008895797 14407 CUCA199                                                                         UPCLOSER MONOCOQUE GAB -,VOLERY 3839507666FP,21879.41,21879.41,0.00,0.00,2023-02-10,2023-02-12,2,"Publisher-labeled 1:1 match; numerical differences are review evidence, not a fraud/loss label."
115444196730,859863607045,19627069191,USD_2023-02-26_ACC#00001_66912     66325663250 32566BM1Q9 088            JOQVY - BAS - DG SMILAX   GFG       VC0 32566BM1Q9 088            JOQVY - BAS - DG,USD_2023-02-26_ACC#00001_66912     66325663250 32566BM1Q9 088            JOQVY - BAS - DG SMILAX   GFG       VC0 32566BM1Q9 088            JOQVY - BAS - DG,RULE 1,A=0;B=0,32566BM1Q9 32566BM1Q9                                                                      JOQVY - BAS - DG,325756AL61838899 8324766106VI,-6500.99,-6500.99,0.00,0.00,2023-02-26,2023-02-26,0,"Publisher-labeled 1:1 match; numerical differences are review evidence, not a fraud/loss label."
115460487095,158985250032,603556485881,USD_2023-02-17_ACC#00001_66912     5364153641839795543644AUG0160         IF TMH SEE FAMES SMILAX   BOLL      00839795543644AUG0160         IF TMH SEE FAMES,USD_2023-02-17_ACC#00001_66912     5364153641839795543644AUG0160         IF TMH SEE FAMES SMILAX   BOLL      00839795543644AUG0160         IF TMH SEE FAMES,MANUAL,A=0;B=0,008397955 43644 AUG0160 L9WA0DP                                                                 HAJJ SNOBS,VOLERY 3859234666FP,13275789.00,13275792.80,3.80,3.80,2023-02-17,2023-02-17,0,"Publisher-labeled 1:1 match; numerical differences are review evidence, not a fraud/loss label."
115471329120,519246197009,404748528851,USD_2023-01-08_ACC#00001_66912     0156801568879713817661AUG0762         MORIBUND VEXES WHUFF SMILAX   BOLL      00879713817661AUG0762         MORIBUND VEXES S FOMALHAUT,USD_2023-01-08_ACC#00001_66912     0156801568879713817661AUG0762         MORIBUND VEXES WHUFF SMILAX   BOLL      00879713817661AUG0762         MORIBUND VEXES S FOMALHAUT,RULE 1,A=0;B=0,008797138 17661 AUG0762                                                                         JOQVY ELUVIA DESINENT,VOLERY 3764440666FP,-10423453.37,-10423453.37,0.00,0.00,2023-01-08,2023-01-08,0,"Publisher-labeled 1:1 match; numerical differences are review evidence, not a fraud/loss label."
115506716688,189102187637,970114781847,USD_2023-02-10_ACC#00001_66912     0670806708837421314409JAUP657         MORIBUND ROTENONES S SMILAX   BOLL      00837421314409JAUP657         MORIBUND ZYGNEMA SK HYRACIFORM,USD_2023-02-10_ACC#00001_66912     0670806708837421314409JAUP657         MORIBUND ROTENONES S SMILAX   BOLL      00837421314409JAUP657         MORIBUND ZYGNEMA SK HYRACIFORM,RULE 1,A=0;B=0,008374213 14409 JAUP657                                                                         SLATTERN TYPY OEV,VOLERY 3886139666FP,25953.49,25953.49,0.00,0.00,2023-02-10,2023-02-10,0,"Publisher-labeled 1:1 match; numerical differences are review evidence, not a fraud/loss label."
115512866329,333415131127,961017622185,USD_2023-01-07_ACC#00001_66912     0608206082874398467399CHOIL73         MORIBUND VEXES WHUFF SMILAX   BOLL      00874398467399CHOIL73         MORIBUND VEXES S FOMALHAUT,USD_2023-01-07_ACC#00001_66912     0608206082874398467399CHOIL73         MORIBUND VEXES WHUFF SMILAX   BOLL      00874398467399CHOIL73         MORIBUND VEXES S FOMALHAUT,RULE 1,A=0;B=0,008743984 67399 CHOIL73                                                                         PREOCCUR FUTHERMORE YARAY,VOLERY 3092129666FP,-102603.70,-102603.70,0.00,0.00,2023-01-07,2023-01-07,0,"Publisher-labeled 1:1 match; numerical differences are review evidence, not a fraud/loss label."
115834695410,557006896036,772609462166,USD_2023-01-04_ACC#00001_66912     66325663250 32566TDDKY 088            JOQTK GAB-BAS LP SMILAX   GFG       VC0 32566TDDKY 088            JOQTK GAB-BAS LP,USD_2023-01-04_ACC#00001_66912     66325663250 32566TDDKY 088            JOQTK GAB-BAS LP SMILAX   GFG       VC0 32566TDDKY 088            JOQTK GAB-BAS LP,RULE 1,A=0;B=0,32566TDDKY 32566TDDKY                                                                      JOQTK GAB-BAS LP,779756BW61845465 L-8504566738VI,-2851866.34,-2851866.34,0.00,0.00,2023-01-04,2023-01-04,0,"Publisher-labeled 1:1 match; numerical differences are review evidence, not a fraud/loss label."
115872566945,959853804788,829173454107,USD_2023-01-14_ACC#00001_66912     0617806178810344967387BRAVI25         MORIBUND VEXES WHUFF SMILAX   BOLL      00810344967387BRAVI25         MORIBUND VEXES S FOMALHAUT,USD_2023-01-14_ACC#00001_66912     0617806178810344967387BRAVI25         MORIBUND VEXES WHUFF SMILAX   BOLL      00810344967387BRAVI25         MORIBUND VEXES S FOMALHAUT,RULE 1,A=0;B=0,008103449 67387 BRAVI25                                                                         MUTUALITY AVIARY DEFENSER,VOLERY 3785680666FP,-11042.22,-11042.22,0.00,0.00,2023-01-14,2023-01-14,0,"Publisher-labeled 1:1 match; numerical differences are review evidence, not a fraud/loss label."
115997927237,121878025732,873198140851,USD_2023-02-02_ACC#00001_66912     0122001220882764912660NAPE703         MORIBUND VEXES WHUFF SMILAX   BOLL      00882764912660NAPE703         MORIBUND VEXES S FOMALHAUT,USD_2023-02-02_ACC#00001_66912     0122001220882764912660NAPE703         MORIBUND VEXES WHUFF SMILAX   BOLL      00882764912660NAPE703         MORIBUND VEXES S FOMALHAUT,RULE 1,A=0;B=0,008827649 12660 NAPE703                                                                         INVESTIENT LAO YEAN CROM,VOLERY 3129311666FP,-5325863.35,-5325863.35,0.00,0.00,2023-02-02,2023-02-02,0,"Publisher-labeled 1:1 match; numerical differences are review evidence, not a fraud/loss label."
116013110366,616885851357,563151334588,USD_2023-02-09_ACC#00001_66912     66325663250 37266RJFNK 088            JOQVY ELUVIA LG SMILAX   GFG       VC0 37266RJFNK 088            JOQVY ELUVIA LG,USD_2023-02-09_ACC#00001_66912     66325663250 37266RJFNK 088            JOQVY ELUVIA LG SMILAX   GFG       VC0 37266RJFNK 088            JOQVY ELUVIA LG,RULE 3,A=0;B=0,37266RJFNK 37266RJFNK                                                                      JOQVY ELUVIA LG,37266RJFNK 9452766797VI,4583.33,4583.33,0.00,0.00,2023-02-09,2023-02-09,0,"Publisher-labeled 1:1 match; numerical differences are review evidence, not a fraud/loss label."
116042663950,320297850473,424348481737,USD_2023-01-19_ACC#00001_66912     66325663250 32566J5DL8 088            JOQVY - BAS - DG SMILAX   GFG       VC0 32566J5DL8 088            JOQVY - BAS - DG,USD_2023-01-19_ACC#00001_66912     66325663250 32566J5DL8 088            JOQVY - BAS - DG SMILAX   GFG       VC0 32566J5DL8 088            JOQVY - BAS - DG,RULE 3,A=0;B=0,32566J5DL8 32566J5DL8                                                                      JOQVY - BAS - DG,32566J5DL8 1051566727VI,161727.29,161727.29,0.00,0.00,2023-01-19,2023-01-19,0,"Publisher-labeled 1:1 match; numerical differences are review evidence, not a fraud/loss label."
116117509434,342606515650,35271636267,USD_2023-02-25_ACC#00001_66912     66325663250 32566RBKQ1 088            JOQVY - ELUVIA - SMILAX   GFG       VC0 32566RBKQ1 088            JOQVY - ELUVIA -,USD_2023-02-25_ACC#00001_66912     66325663250 32566RBKQ1 088            JOQVY - ELUVIA - SMILAX   GFG       VC0 32566RBKQ1 088            JOQVY - ELUVIA -,RULE 1,A=0;B=0,32566RBKQ1 32566RBKQ1                                                                      JOQVY - ELUVIA -,322746AL68125018 5232466165VI,-219034.40,-219034.40,0.00,0.00,2023-02-25,2023-02-25,0,"Publisher-labeled 1:1 match; numerical differences are review evidence, not a fraud/loss label."
11618704351,445831160447,774193007162,USD_2023-02-17_ACC#00001_66912     0670806708833529114409BAIS573         MORIBUND ROTENONES S SMILAX   BOLL      00833529114409BAIS573         MORIBUND ZYGNEMA SK HYRACIFORM,USD_2023-02-17_ACC#00001_66912     0670806708833529114409BAIS573         MORIBUND ROTENONES S SMILAX   BOLL      00833529114409BAIS573         MORIBUND ZYGNEMA SK HYRACIFORM,RULE 1,A=0;B=0,008335291 14409 BAIS573                                                                         UPCLOSER MONOCOQUE GAB -,VOLERY 3859271666FP,240152.54,240152.54,0.00,0.00,2023-02-17,2023-02-17,0,"Publisher-labeled 1:1 match; numerical differences are review evidence, not a fraud/loss label."
116197903666,740451580477,333704122318,USD_2023-02-04_ACC#00001_66912     0147701477885881141477MEGGY88         OFF TMH TIRO FAMES SMILAX   BOLL      00885881141477MEGGY88         OFF TMH TIRO HAU BT,USD_2023-02-04_ACC#00001_66912     0147701477885881141477MEGGY88         OFF TMH TIRO FAMES SMILAX   BOLL      00885881141477MEGGY88         OFF TMH TIRO HAU BT,RULE 1,A=0;B=0,008858811 41477 MEGGY88 L9CY2UH                                                                 UPCLOSER MONOCOQUE GAB -,VOLERY 3199903666FP,-54462447.57,-54462447.57,0.00,0.00,2023-02-04,2023-02-04,0,"Publisher-labeled 1:1 match; numerical differences are review evidence, not a fraud/loss label."
116315693576,641524550625,55253775197,USD_2023-02-19_ACC#00001_66912     0608206082838098367399BAIS127         MORIBUND VEXES WHUFF SMILAX   BOLL      00838098367399BAIS127         MORIBUND VEXES S FOMALHAUT,USD_2023-02-19_ACC#00001_66912     0608206082838098367399BAIS127         MORIBUND VEXES WHUFF SMILAX   BOLL      00838098367399BAIS127         MORIBUND VEXES S FOMALHAUT,RULE 1,A=0;B=0,008380983 67399 BAIS127                                                                         CHINOL BUT STIVY,VOLERY 3300759666FP,-104643.17,-104643.17,0.00,0.00,2023-02-19,2023-02-19,0,"Publisher-labeled 1:1 match; numerical differences are review evidence, not a fraud/loss label."
116363136380,995009231031,651465020322,USD_2023-03-02_ACC#00001_66912     02566025660666H3         6666666666 SMILAX   FGGKR     FW0666H3         6666666666,USD_2023-03-02_ACC#00001_66912     02566025660666H3         6666666666 SMILAX   FGGKR     FW0666H3         6666666666,RULE 3,A=0;B=0,35779586 V35779586                                                                       JO TONITE SAUNT 664952723,V357795860617456 0443366108VI,150000.00,150000.00,0.00,0.00,2023-03-02,2023-03-02,0,"Publisher-labeled 1:1 match; numerical differences are review evidence, not a fraud/loss label."
11638311007,360902531531,217560190967,USD_2023-01-01_ACC#00001_66912     0670806708877341814484MBAYA01         MORIBUND VEXES WHUFF SMILAX   BOLL      00877341814484MBAYA01         MORIBUND VEXES S FOMALHAUT,USD_2023-01-01_ACC#00001_66912     0670806708877341814484MBAYA01         MORIBUND VEXES WHUFF SMILAX   BOLL      00877341814484MBAYA01         MORIBUND VEXES S FOMALHAUT,RULE 1,A=0;B=0,008773418 14484 MBAYA01                                                                         UPCLOSER MONOCOQUE GAB -,VOLERY 3033476666FP,-5896892.70,-5896892.70,0.00,0.00,2023-01-01,2023-01-01,0,"Publisher-labeled 1:1 match; numerical differences are review evidence, not a fraud/loss label."
116499212734,733861343769,16480984479,USD_2023-01-12_ACC#00001_66912     6033960339 SMILAX   GPD,USD_2023-01-12_ACC#00001_66912     6033960339 SMILAX   GPD,RULE 3,A=0;B=0,AHT9126666796928 AHT9126666796928,AHT9126666796928 1668866743XD,-543660.00,-543660.00,0.00,0.00,2023-01-12,2023-01-12,0,"Publisher-labeled 1:1 match; numerical differences are review evidence, not a fraud/loss label."
116507289301,907577369220,308969292970,USD_2023-02-22_ACC#00001_66912     0617806178839132167387OKET131         MORIBUND ROTENONES S SMILAX   BOLL      00839132167387OKET131         MORIBUND ZYGNEMA SK HYRACIFORM,USD_2023-02-22_ACC#00001_66912     0617806178839132167387OKET131         MORIBUND ROTENONES S SMILAX   BOLL      00839132167387OKET131         MORIBUND ZYGNEMA SK HYRACIFORM,RULE 1,A=0;B=0,008391321 67387 OKET131                                                                         1E ASSUMER KEEPINGS EFI,VOLERY 3376469666FP,19036587.67,19036587.67,0.00,0.00,2023-02-22,2023-02-22,0,"Publisher-labeled 1:1 match; numerical differences are review evidence, not a fraud/loss label."
116517521202,74701026390,25368615086,USD_2023-02-04_ACC#00001_66912     66325663250 32566RL7MM 088            JOQVY - ELUVIA - SMILAX   GFG       VC0 32566RL7MM 088            JOQVY - ELUVIA -,USD_2023-02-04_ACC#00001_66912     66325663250 32566RL7MM 088            JOQVY - ELUVIA - SMILAX   GFG       VC0 32566RL7MM 088            JOQVY - ELUVIA -,RULE 1,A=0;B=0,32566RL7MM 32566RL7MM                                                                      JOQVY - ELUVIA -,322746AL68126257 2110366752VI,-153096.83,-153096.83,0.00,0.00,2023-02-04,2023-02-04,0,"Publisher-labeled 1:1 match; numerical differences are review evidence, not a fraud/loss label."
116524055813,18665855202,173573420320,USD_2023-01-04_ACC#00001_66912     0638006380873718688840EPEE242         MORIBUND VEXES WHUFF SMILAX   BOLL      00873718688840EPEE242         MORIBUND VEXES S FOMALHAUT,USD_2023-01-04_ACC#00001_66912     0638006380873718688840EPEE242         MORIBUND VEXES WHUFF SMILAX   BOLL      00873718688840EPEE242         MORIBUND VEXES S FOMALHAUT,RULE 1,A=0;B=0,008737186 88840 EPEE242                                                                         UPCLOSER MONOCOQUE GAB -,VOLERY 3048060666FP,-42970632.30,-42970632.30,0.00,0.00,2023-01-04,2023-01-04,0,"Publisher-labeled 1:1 match; numerical differences are review evidence, not a fraud/loss label."
11658738299,891138639578,939753331223,USD_2023-02-12_ACC#00001_66912     02566025667313           6666666666 SMILAX   FGGKR     KR7313           6666666666                                     666666666666666,USD_2023-02-12_ACC#00001_66912     02566025667313           6666666666 SMILAX   FGGKR     KR7313           6666666666                                     666666666666666,RULE 3,A=0;B=0,12576948 V12576948                                                                       VERANDAH AI     103618748,MG12576948L600MK 1846466794VI,7396043.81,7396043.81,0.00,0.00,2023-02-12,2023-02-12,0,"Publisher-labeled 1:1 match; numerical differences are review evidence, not a fraud/loss label."
116626417637,164265380465,686862736586,USD_2023-01-06_ACC#00001_66912     66325663250 32566J6V54 088            JOQVY - BAS - DG SMILAX   GFG       VC0 32566J6V54 088            JOQVY - BAS - DG,USD_2023-01-06_ACC#00001_66912     66325663250 32566J6V54 088            JOQVY - BAS - DG SMILAX   GFG       VC0 32566J6V54 088            JOQVY - BAS - DG,RULE 1,A=0;B=0,32566J6V54 32566J6V54                                                                      JOQVY - BAS - DG,322756AL61379817 4003766739VI,-12203.74,-12203.74,0.00,0.00,2023-01-06,2023-01-06,0,"Publisher-labeled 1:1 match; numerical differences are review evidence, not a fraud/loss label."
116668603082,504334810667,801751734551,USD_2023-01-15_ACC#00001_66912     0607406074810269414726VINYL26         MORIBUND VEXES WHUFF SMILAX   BOLL      00810269414726VINYL26         MORIBUND VEXES S FOMALHAUT,USD_2023-01-15_ACC#00001_66912     0607406074810269414726VINYL26         MORIBUND VEXES WHUFF SMILAX   BOLL      00810269414726VINYL26         MORIBUND VEXES S FOMALHAUT,RULE 1,A=0;B=0,008102694 14726 VINYL26                                                                         SEBUM VOWED FUTHERMORE BE,VOLERY 3735119666FP,-486814.18,-486814.18,0.00,0.00,2023-01-15,2023-01-15,0,"Publisher-labeled 1:1 match; numerical differences are review evidence, not a fraud/loss label."
116735870793,510504245417,855975328072,USD_2023-02-22_ACC#00001_66912     6682866828SHAMESICK FROM JAUN UNFED   BHOOSA- DESINENT SMILAX   FGGQQ     PHOTOACTIVE FROM JAUN UNFED   BHOOSA- DESINENT               029666117866666666,USD_2023-02-22_ACC#00001_66912     6682866828SHAMESICK FROM JAUN UNFED   BHOOSA- DESINENT SMILAX   FGGQQ     PHOTOACTIVE FROM JAUN UNFED   BHOOSA- DESINENT               029666117866666666,RULE 1,A=0;B=0,6666666666966338 BHOOSA- DESINENT,66966331 9594666164VI,-3621000000.00,-3621000000.00,0.00,0.00,2023-02-22,2023-02-22,0,"Publisher-labeled 1:1 match; numerical differences are review evidence, not a fraud/loss label."
11691757076,801945838477,551326577211,USD_2023-02-24_ACC#00001_WF 66912     0600306003847056467609OKET466         MORIBUND ROTENONES S,USD_2023-02-24_ACC#00001_WF 66912     0600306003847056467609OKET466         MORIBUND ROTENONES S,RULE 1,A=0;B=0,008470564 67609 OKET466                                                                         HATER GRAVEL KEEPINGS,VOLERY 3386300666FP,256608.86,256608.86,0.00,0.00,2023-02-24,2023-02-24,0,"Publisher-labeled 1:1 match; numerical differences are review evidence, not a fraud/loss label."
116981959296,96081181189,436423321143,USD_2023-02-05_ACC#00001_66912     0122001220885878212660NAPE245         MORIBUND VEXES WHUFF SMILAX   BOLL      00885878212660NAPE245         MORIBUND VEXES S FOMALHAUT,USD_2023-02-05_ACC#00001_66912     0122001220885878212660NAPE245         MORIBUND VEXES WHUFF SMILAX   BOLL      00885878212660NAPE245         MORIBUND VEXES S FOMALHAUT,RULE 1,A=0;B=0,008858782 12660 NAPE245                                                                         UPCLOSER MONOCOQUE GAB -,VOLERY 3807043666FP,-1736585.36,-1736585.36,0.00,0.00,2023-02-05,2023-02-05,0,"Publisher-labeled 1:1 match; numerical differences are review evidence, not a fraud/loss label."
117000117594,971166913217,806064275274,USD_2023-01-26_ACC#00001_66912     0147601476887121941476                IF TMH ENQUIRE WOLD SMILAX   BOLL      00887121941476                IF TMH ENQUIRE C TCK,USD_2023-01-26_ACC#00001_66912     0147601476887121941476                IF TMH ENQUIRE WOLD SMILAX   BOLL      00887121941476                IF TMH ENQUIRE C TCK,RULE 1,A=0;B=0,008871219 41476 L9HY8XA                                                                 JON ASSUMER CUBICLES EEV,CONSENESCENCY 8470666729XD,-530000.00,-530000.00,0.00,0.00,2023-01-26,2023-01-26,0,"Publisher-labeled 1:1 match; numerical differences are review evidence, not a fraud/loss label."
117007986708,45171200813,842054720016,USD_2023-01-13_ACC#00001_66912     0122001220816250712660NAPE247         MORIBUND ROTENONES S SMILAX   BOLL      00816250712660NAPE247         MORIBUND ZYGNEMA SK HYRACIFORM,USD_2023-01-13_ACC#00001_66912     0122001220816250712660NAPE247         MORIBUND ROTENONES S SMILAX   BOLL      00816250712660NAPE247         MORIBUND ZYGNEMA SK HYRACIFORM,RULE 1,A=0;B=0,008162507 12660 NAPE247                                                                         SRI AVIARY WUZZLE AIRY WF,VOLERY 3713463666FP,2944970.00,2944970.00,0.00,0.00,2023-01-13,2023-01-13,0,"Publisher-labeled 1:1 match; numerical differences are review evidence, not a fraud/loss label."
117106093397,714562383413,448358439856,USD_2023-02-25_ACC#00001_66912     66325663250 32566RBBII 088            JOQVY - BAS - SF SMILAX   GFG       VC0 32566RBBII 088            JOQVY - BAS - SF,USD_2023-02-25_ACC#00001_66912     66325663250 32566RBBII 088            JOQVY - BAS - SF SMILAX   GFG       VC0 32566RBBII 088            JOQVY - BAS - SF,RULE 3,A=0;B=0,32566RBBII 32566RBBII                                                                      JOQVY - BAS - SF,32566RBBII 0811166169VI,44800.20,44800.20,0.00,0.00,2023-02-25,2023-02-25,0,"Publisher-labeled 1:1 match; numerical differences are review evidence, not a fraud/loss label."
117142386681,553523402011,395606377991,USD_2023-01-19_ACC#00001_66912     0147701477814148041477NAPE195         OFF TMH TIRO FAMES SMILAX   BOLL      00814148041477NAPE195         OFF TMH TIRO HAU BT,USD_2023-01-19_ACC#00001_66912     0147701477814148041477NAPE195         OFF TMH TIRO FAMES SMILAX   BOLL      00814148041477NAPE195         OFF TMH TIRO HAU BT,RULE 1,A=0;B=0,008141480 41477 NAPE195 L9XU0OL                                                                 UPCLOSER MONOCOQUE GAB -,VOLERY 3724356666FP,-21831267.04,-21831267.04,0.00,0.00,2023-01-19,2023-01-19,0,"Publisher-labeled 1:1 match; numerical differences are review evidence, not a fraud/loss label."
117247934010,446433518696,360424836384,USD_2023-02-15_ACC#00001_66912     0638106381834854588856OKET469         MORIBUND ROTENONES S SMILAX   BOLL      00834854588856OKET469         MORIBUND ZYGNEMA SK HYRACIFORM,USD_2023-02-15_ACC#00001_66912     0638106381834854588856OKET469         MORIBUND ROTENONES S SMILAX   BOLL      00834854588856OKET469         MORIBUND ZYGNEMA SK HYRACIFORM,RULE 1,A=0;B=0,008348545 88856 OKET469                                                                         UPCLOSER MONOCOQUE GAB -,VOLERY 3820881666FP,5941300.00,5941300.00,0.00,0.00,2023-02-15,2023-02-15,0,"Publisher-labeled 1:1 match; numerical differences are review evidence, not a fraud/loss label."
11725306304,764469350976,381584072220,USD_2023-01-21_ACC#00001_66912     6682866828SHAMESICK FROM JAUN UNFED   JEE - DESINENT SMILAX   FGGQQ     PHOTOACTIVE FROM JAUN UNFED   JEE - DESINENT                 029666763266666666,USD_2023-01-21_ACC#00001_66912     6682866828SHAMESICK FROM JAUN UNFED   JEE - DESINENT SMILAX   FGGQQ     PHOTOACTIVE FROM JAUN UNFED   JEE - DESINENT                 029666763266666666,RULE 1,A=0;B=0,6666666664236562 JEE - DESINENT,64236254 7051166728VI,-2404000000.00,-2404000000.00,0.00,0.00,2023-01-21,2023-01-21,0,"Publisher-labeled 1:1 match; numerical differences are review evidence, not a fraud/loss label."
117360807982,280191729050,694142738486,USD_2023-02-11_ACC#00001_66912     0670806708837942014407JAUP172         MORIBUND ROTENONES S SMILAX   BOLL      00837942014407JAUP172         MORIBUND ZYGNEMA SK HYRACIFORM,USD_2023-02-11_ACC#00001_66912     0670806708837942014407JAUP172         MORIBUND ROTENONES S SMILAX   BOLL      00837942014407JAUP172         MORIBUND ZYGNEMA SK HYRACIFORM,RULE 1,A=0;B=0,008379420 14407 JAUP172                                                                         UPCLOSER MONOCOQUE GAB -,VOLERY 3836146666FP,21909.98,21909.98,0.00,0.00,2023-02-11,2023-02-11,0,"Publisher-labeled 1:1 match; numerical differences are review evidence, not a fraud/loss label."
117423121205,235129375574,885149649233,USD_2023-01-04_ACC#00001_66912     66325663250 32566TDTFD 088            JOQVY - BAS - DG SMILAX   GFG       VC0 32566TDTFD 088            JOQVY - BAS - DG,USD_2023-01-04_ACC#00001_66912     66325663250 32566TDTFD 088            JOQVY - BAS - DG SMILAX   GFG       VC0 32566TDTFD 088            JOQVY - BAS - DG,RULE 1,A=0;B=0,32566TDTFD 32566TDTFD                                                                      JOQVY - BAS - DG,322756AL61301280 8297366738VI,-1708920.22,-1708920.22,0.00,0.00,2023-01-04,2023-01-04,0,"Publisher-labeled 1:1 match; numerical differences are review evidence, not a fraud/loss label."
117534930975,437013273176,649631513338,USD_2023-02-10_ACC#00001_66912     0976909769836336919262AUG6258         MORIBUND ROTENONES S SMILAX   BOLL      00836336919262AUG6258         MORIBUND ZYGNEMA SK HYRACIFORM,USD_2023-02-10_ACC#00001_66912     0976909769836336919262AUG6258         MORIBUND ROTENONES S SMILAX   BOLL      00836336919262AUG6258         MORIBUND ZYGNEMA SK HYRACIFORM,RULE 1,A=0;B=0,008363369 19262 AUG6258                                                                         PICUL ENHAT AFTONIAN TYPY,VOLERY 3886179666FP,238583.70,238583.70,0.00,0.00,2023-02-10,2023-02-10,0,"Publisher-labeled 1:1 match; numerical differences are review evidence, not a fraud/loss label."
117563734521,425653974403,976117155745,USD_2023-01-15_ACC#00001_66912     66325663250 32566J2YDK 088            JOQVY - BAS - DG SMILAX   GFG       VC0 32566J2YDK 088            JOQVY - BAS - DG,USD_2023-01-15_ACC#00001_66912     66325663250 32566J2YDK 088            JOQVY - BAS - DG SMILAX   GFG       VC0 32566J2YDK 088            JOQVY - BAS - DG,RULE 1,A=0;B=0,32566J2YDK 32566J2YDK                                                                      JOQVY - BAS - DG,322756AL61312752 8674566745VI,-1080.00,-1080.00,0.00,0.00,2023-01-15,2023-01-15,0,"Publisher-labeled 1:1 match; numerical differences are review evidence, not a fraud/loss label."
11765596112,497282887685,19386305746,USD_2023-01-14_ACC#00001_66912     66325663250 32566J4JTL 088            JOQVY - ELUVIA - SMILAX   GFG       VC0 32566J4JTL 088            JOQVY - ELUVIA -,USD_2023-01-14_ACC#00001_66912     66325663250 32566J4JTL 088            JOQVY - ELUVIA - SMILAX   GFG       VC0 32566J4JTL 088            JOQVY - ELUVIA -,RULE 3,A=0;B=0,32566J4JTL 32566J4JTL                                                                      JOQVY - ELUVIA -,32566J4JTL 5573966744VI,668498.13,668498.13,0.00,0.00,2023-01-14,2023-01-14,0,"Publisher-labeled 1:1 match; numerical differences are review evidence, not a fraud/loss label."
117764194564,527204134708,377665844600,USD_2023-01-29_ACC#00001_66912     0603606036888477267888CHOIL61         OFF TMH SEE FAMES SMILAX   BOLL      00888477267888CHOIL61         OFF TMH SEE EMEU S,USD_2023-01-29_ACC#00001_66912     0603606036888477267888CHOIL61         OFF TMH SEE FAMES SMILAX   BOLL      00888477267888CHOIL61         OFF TMH SEE EMEU S,RULE 1,A=0;B=0,008884772 67888 CHOIL61 L9HY54X                                                                 JO TONITE ETHERIFIES GAB,VOLERY 3146288666FP,116636.40,116636.40,0.00,0.00,2023-01-29,2023-01-29,0,"Publisher-labeled 1:1 match; numerical differences are review evidence, not a fraud/loss label."
117853994041,79573558383,81176027502,USD_2023-02-04_ACC#00001_66912     0670806708882372914407NAPE562         MORIBUND ROTENONES S SMILAX   BOLL      00882372914407NAPE562         MORIBUND ZYGNEMA SK HYRACIFORM,USD_2023-02-04_ACC#00001_66912     0670806708882372914407NAPE562         MORIBUND ROTENONES S SMILAX   BOLL      00882372914407NAPE562         MORIBUND ZYGNEMA SK HYRACIFORM,RULE 1,A=0;B=0,008823729 14407 NAPE562                                                                         UPCLOSER MONOCOQUE GAB -,VOLERY 3199185666FP,99494.88,99494.88,0.00,0.00,2023-02-04,2023-02-04,0,"Publisher-labeled 1:1 match; numerical differences are review evidence, not a fraud/loss label."
117908719573,559422923593,780524437902,USD_2023-02-10_ACC#00001_66912     0999909999 SMILAX   FGGKR                                                                     666666666666666,USD_2023-02-10_ACC#00001_66912     0999909999 SMILAX   FGGKR                                                                     666666666666666,MANUAL,A=0;B=0,15847757 LUNY3E1760JOQG7U                                                                SLATTERN EU     706670310,VOLERY 6904766798XD,-13934.70,-13934.71,-0.01,0.01,2023-02-10,2023-02-10,0,"Publisher-labeled 1:1 match; numerical differences are review evidence, not a fraud/loss label."
117938019081,632283434173,624980015071,USD_2023-01-11_ACC#00001_66912     0256602566 SMILAX   FGGKR,USD_2023-01-11_ACC#00001_66912     0256602566 SMILAX   FGGKR,RULE 1,A=0;B=0,32964489 ALME7U2123JOQG7U                                                                JO TONITE SAUNT 664952723,V330073760434966 5565366748VI,-2854656.03,-2854656.03,0.00,0.00,2023-01-11,2023-01-11,0,"Publisher-labeled 1:1 match; numerical differences are review evidence, not a fraud/loss label."
117939083453,420972432094,100597601719,USD_2023-01-06_ACC#00001_66912     66325663250 32566J639X 088            JOQ KEF LEW EFI- SMILAX   GFG       VC0 32566J639X 088            JOQ KEF LEW EFI-,USD_2023-01-06_ACC#00001_66912     66325663250 32566J639X 088            JOQ KEF LEW EFI- SMILAX   GFG       VC0 32566J639X 088            JOQ KEF LEW EFI-,RULE 3,A=0;B=0,32566J639X 32566J639X                                                                      JOQ KEF LEW EFI-,32566J639X 3385766739VI,31571000.00,31571000.00,0.00,0.00,2023-01-06,2023-01-06,0,"Publisher-labeled 1:1 match; numerical differences are review evidence, not a fraud/loss label."
117952115963,106272075150,368900482367,USD_2023-01-26_ACC#00001_66912     6692666926HV528                       YT0615 SMILAX   GESS      BAIS528                       YT0615,USD_2023-01-26_ACC#00001_66912     6692666926HV528                       YT0615 SMILAX   GESS      BAIS528                       YT0615,RULE 1,A=0;B=0,660615 666666667590666,BAIS528 1187466729VI,-18250.00,-18250.00,0.00,0.00,2023-01-26,2023-01-26,0,"Publisher-labeled 1:1 match; numerical differences are review evidence, not a fraud/loss label."
117967527176,820351596039,800612955110,USD_2023-03-01_ACC#00001_66912     0670806708843387514407CUCA997         MORIBUND ROTENONES S SMILAX   BOLL      00843387514407CUCA997         MORIBUND ZYGNEMA SK HYRACIFORM,USD_2023-03-01_ACC#00001_66912     0670806708843387514407CUCA997         MORIBUND ROTENONES S SMILAX   BOLL      00843387514407CUCA997         MORIBUND ZYGNEMA SK HYRACIFORM,RULE 1,A=0;B=0,008433875 14407 CUCA997                                                                         UPCLOSER MONOCOQUE GAB -,VOLERY 3349833666FP,30118.37,30118.37,0.00,0.00,2023-03-01,2023-03-01,0,"Publisher-labeled 1:1 match; numerical differences are review evidence, not a fraud/loss label."
11797595896,542425563244,729836163983,USD_2023-02-03_ACC#00001_66912     66325663250 32566RML9D 088            JOQVY - BAS - DG SMILAX   GFG       VC0 32566RML9D 088            JOQVY - BAS - DG,USD_2023-02-03_ACC#00001_66912     66325663250 32566RML9D 088            JOQVY - BAS - DG SMILAX   GFG       VC0 32566RML9D 088            JOQVY - BAS - DG,RULE 3,A=0;B=0,32566RML9D 32566RML9D                                                                      JOQVY - BAS - DG,32566RML9D 1075866754VI,967.94,967.94,0.00,0.00,2023-02-03,2023-02-03,0,"Publisher-labeled 1:1 match; numerical differences are review evidence, not a fraud/loss label."
118029607069,996964026235,969719458401,USD_2023-02-18_ACC#00001_66912     66325663250 32566RUG8R 088            JOQVY - BAS - DG SMILAX   GFG       VC0 32566RUG8R 088            JOQVY - BAS - DG,USD_2023-02-18_ACC#00001_66912     66325663250 32566RUG8R 088            JOQVY - BAS - DG SMILAX   GFG       VC0 32566RUG8R 088            JOQVY - BAS - DG,RULE 1,A=0;B=0,32566RUG8R 32566RUG8R                                                                      JOQVY - BAS - DG,322756AL61870689 9828766167VI,-11.92,-11.92,0.00,0.00,2023-02-18,2023-02-18,0,"Publisher-labeled 1:1 match; numerical differences are review evidence, not a fraud/loss label."
118045582295,536914382178,283745980020,USD_2023-01-28_ACC#00001_66912     66325663250 32566RILPG 088            JOQVY - ELUVIA - SMILAX   GFG       VC0 32566RILPG 088            JOQVY - ELUVIA -,USD_2023-01-28_ACC#00001_66912     66325663250 32566RILPG 088            JOQVY - ELUVIA - SMILAX   GFG       VC0 32566RILPG 088            JOQVY - ELUVIA -,RULE 1,A=0;B=0,32566RILPG 32566RILPG                                                                      JOQVY - ELUVIA -,322746AL68142709 5495566756VI,-39935.60,-39935.60,0.00,0.00,2023-01-28,2023-01-28,0,"Publisher-labeled 1:1 match; numerical differences are review evidence, not a fraud/loss label."
118089060655,713131922236,29490597661,USD_2023-01-21_ACC#00001_66912     0147701477815503941477NAPE580         OFF TMH TIRO FAMES SMILAX   BOLL      00815503941477NAPE580         OFF TMH TIRO HAU BT,USD_2023-01-21_ACC#00001_66912     0147701477815503941477NAPE580         OFF TMH TIRO FAMES SMILAX   BOLL      00815503941477NAPE580         OFF TMH TIRO HAU BT,RULE 1,A=0;B=0,008155039 41477 NAPE580 L9XU4FE                                                                 UPCLOSER MONOCOQUE GAB -,VOLERY 3799580666FP,-437261.00,-437261.00,0.00,0.00,2023-01-21,2023-01-21,0,"Publisher-labeled 1:1 match; numerical differences are review evidence, not a fraud/loss label."
118158542980,99531445412,668216985514,USD_2023-02-04_ACC#00001_66912     0670806708883985414407CHARE55         MORIBUND VEXES WHUFF SMILAX   BOLL      00883985414407CHARE55         MORIBUND VEXES S FOMALHAUT,USD_2023-02-04_ACC#00001_66912     0670806708883985414407CHARE55         MORIBUND VEXES WHUFF SMILAX   BOLL      00883985414407CHARE55         MORIBUND VEXES S FOMALHAUT,RULE 1,A=0;B=0,008839854 14407 CHARE55                                                                         UPCLOSER MONOCOQUE GAB -,VOLERY 3860501666FP,-81646.35,-81646.35,0.00,0.00,2023-02-04,2023-02-04,0,"Publisher-labeled 1:1 match; numerical differences are review evidence, not a fraud/loss label."
118315255425,331072850333,51175664023,USD_2023-01-19_ACC#00001_66912     66325663250 32566J5E9M 088            JOQVY DE -ELUVIA SMILAX   GFG       VC0 32566J5E9M 088            JOQVY DE -ELUVIA,USD_2023-01-19_ACC#00001_66912     66325663250 32566J5E9M 088            JOQVY DE -ELUVIA SMILAX   GFG       VC0 32566J5E9M 088            JOQVY DE -ELUVIA,RULE 3,A=0;B=0,32566J5E9M 32566J5E9M                                                                      JOQVY DE -ELUVIA,32566J5E9M 0675966720VI,3521.65,3521.65,0.00,0.00,2023-01-19,2023-01-19,0,"Publisher-labeled 1:1 match; numerical differences are review evidence, not a fraud/loss label."
118391149692,330859519579,474358497044,USD_2023-01-22_ACC#00001_66912     02566025667313           6666666666 SMILAX   FGGKR     KR7313           6666666666                                     666666666666666,USD_2023-01-22_ACC#00001_66912     02566025667313           6666666666 SMILAX   FGGKR     KR7313           6666666666                                     666666666666666,RULE 1,A=0;B=0,46813746 V46813746                                                                       JO TONITE SAUNT 664952723,MG23445566M600YO 1125166728KR,2206999.28,2206999.28,0.00,0.00,2023-01-22,2023-01-22,0,"Publisher-labeled 1:1 match; numerical differences are review evidence, not a fraud/loss label."
118462634599,523406655109,990721266855,USD_2023-02-08_ACC#00001_66912     0256602566 SMILAX   FGGKR,USD_2023-02-08_ACC#00001_66912     0256602566 SMILAX   FGGKR,RULE 1,A=0;B=0,35690273 ALME7U0603JOQG7U                                                                JO TONITE SAUNT 664952723,V254143760334913 2737166797VI,-81656.44,-81656.44,0.00,0.00,2023-02-08,2023-02-08,0,"Publisher-labeled 1:1 match; numerical differences are review evidence, not a fraud/loss label."
118492814299,256763157419,165213357273,USD_2023-03-01_ACC#00001_66912     02566025660666H3         6666666666 SMILAX   FGGKR     FW0666H3         6666666666,USD_2023-03-01_ACC#00001_66912     02566025660666H3         6666666666 SMILAX   FGGKR     FW0666H3         6666666666,RULE 3,A=0;B=0,01381656 V01381656                                                                       JO TONITE SAUNT 664952723,V013816566911043 2293666101VI,2549580.81,2549580.81,0.00,0.00,2023-03-01,2023-03-01,0,"Publisher-labeled 1:1 match; numerical differences are review evidence, not a fraud/loss label."
118524709821,363123192959,476897664192,USD_2023-01-07_ACC#00001_66912     0112401124874344267327JADE521         MORIBUND ROTENONES S SMILAX   BOLL      00874344267327JADE521         MORIBUND ZYGNEMA SK HYRACIFORM,USD_2023-01-07_ACC#00001_66912     0112401124874344267327JADE521         MORIBUND ROTENONES S SMILAX   BOLL      00874344267327JADE521         MORIBUND ZYGNEMA SK HYRACIFORM,RULE 1,A=0;B=0,008743442 67327 JADE521                                                                         VOLUPT NAPKIN & RESSAUT,VOLERY 3093311666FP,169248.25,169248.25,0.00,0.00,2023-01-07,2023-01-07,0,"Publisher-labeled 1:1 match; numerical differences are review evidence, not a fraud/loss label."
118617526121,370935644915,211612142916,USD_2023-02-26_ACC#00001_66912     0256602566 SMILAX   FGGKR,USD_2023-02-26_ACC#00001_66912     0256602566 SMILAX   FGGKR,RULE 1,A=0;B=0,35709441 ALME7U5658JOQG7U                                                                JO TONITE SAUNT 664952723,V066176166140928 1591166106VI,-2026170.91,-2026170.91,0.00,0.00,2023-02-26,2023-02-26,0,"Publisher-labeled 1:1 match; numerical differences are review evidence, not a fraud/loss label."
118628176428,420155693653,954809146422,USD_2023-02-22_ACC#00001_66912     0141601416819121941416MOVE319         OFF TMH TIRO FAMES SMILAX   BOLL      00819121941416MOVE319         OFF TMH TIRO HAU BT,USD_2023-02-22_ACC#00001_66912     0141601416819121941416MOVE319         OFF TMH TIRO FAMES SMILAX   BOLL      00819121941416MOVE319         OFF TMH TIRO HAU BT,RULE 1,A=0;B=0,008191219 41416 MOVE319 L9XU2I9                                                                 UPCLOSER MONOCOQUE GAB -,VOLERY 3370040666FP,-34505580.05,-34505580.05,0.00,0.00,2023-02-22,2023-02-22,0,"Publisher-labeled 1:1 match; numerical differences are review evidence, not a fraud/loss label."
118647672563,265484619080,764803990882,USD_2023-01-11_ACC#00001_66912     0156801568875409017808DOYST68         MORIBUND VEXES WHUFF SMILAX   BOLL      00875409017808DOYST68         MORIBUND VEXES S FOMALHAUT,USD_2023-01-11_ACC#00001_66912     0156801568875409017808DOYST68         MORIBUND VEXES WHUFF SMILAX   BOLL      00875409017808DOYST68         MORIBUND VEXES S FOMALHAUT,RULE 1,A=0;B=0,008754090 17808 DOYST68                                                                         CHINOL BUT STIVY,VOLERY 3702479666FP,-486700.87,-486700.87,0.00,0.00,2023-01-11,2023-01-11,0,"Publisher-labeled 1:1 match; numerical differences are review evidence, not a fraud/loss label."
118690140392,299901525060,133223204313,USD_2023-01-06_ACC#00001_66912     0147701477875041141477NACHE73         IF TMH TIRO FAMES SMILAX   BOLL      00875041141477NACHE73         IF TMH TIRO EMEU S,USD_2023-01-06_ACC#00001_66912     0147701477875041141477NACHE73         IF TMH TIRO FAMES SMILAX   BOLL      00875041141477NACHE73         IF TMH TIRO EMEU S,RULE 1,A=0;B=0,008750411 41477 NACHE73 L9HH1KY                                                                 UPCLOSER MONOCOQUE GAB -,VOLERY 3053222666FP,-2177730.00,-2177730.00,0.00,0.00,2023-01-06,2023-01-06,0,"Publisher-labeled 1:1 match; numerical differences are review evidence, not a fraud/loss label."
118700318808,281054310127,540069779269,USD_2023-01-19_ACC#00001_66912     0779507795 SMILAX   WAP,USD_2023-01-19_ACC#00001_66912     0779507795 SMILAX   WAP,RULE 1,A=0;B=0,7767656G6Y60616Z 6F6.656G6K6S6C6H                                                                BURTREE VIVER CROM TYPY U,48481989 3033566727XD,-2059273.02,-2059273.02,0.00,0.00,2023-01-19,2023-01-19,0,"Publisher-labeled 1:1 match; numerical differences are review evidence, not a fraud/loss label."
118730743974,248546586666,382697319093,USD_2023-01-14_ACC#00001_66912     0670806708817867214407TABAC53         MORIBUND ROTENONES S SMILAX   BOLL      00817867214407TABAC53         MORIBUND ZYGNEMA SK HYRACIFORM,USD_2023-01-14_ACC#00001_66912     0670806708817867214407TABAC53         MORIBUND ROTENONES S SMILAX   BOLL      00817867214407TABAC53         MORIBUND ZYGNEMA SK HYRACIFORM,RULE 1,A=0;B=0,008178672 14407 TABAC53                                                                         UPCLOSER MONOCOQUE GAB -,VOLERY 3783224666FP,51774.30,51774.30,0.00,0.00,2023-01-14,2023-01-14,0,"Publisher-labeled 1:1 match; numerical differences are review evidence, not a fraud/loss label."
118745928251,373113051317,56647385769,USD_2023-01-27_ACC#00001_66912     66325663250 32566RVNQ8 088            JOQVY ELUVIA- KR SMILAX   GFG       VC0 32566RVNQ8 088            JOQVY ELUVIA- KR,USD_2023-01-27_ACC#00001_66912     66325663250 32566RVNQ8 088            JOQVY ELUVIA- KR SMILAX   GFG       VC0 32566RVNQ8 088            JOQVY ELUVIA- KR,RULE 1,A=0;B=0,32566RVNQ8 32566RVNQ8                                                                      JOQVY ELUVIA- KR,2924566689115483 8581166729VI,-56530856.33,-56530856.33,0.00,0.00,2023-01-27,2023-01-27,0,"Publisher-labeled 1:1 match; numerical differences are review evidence, not a fraud/loss label."
118749892620,231291346273,53291476187,USD_2023-02-09_ACC#00001_66912     02566025660666H3         6666666666 SMILAX   FGGKR     FW0666H3         6666666666,USD_2023-02-09_ACC#00001_66912     02566025660666H3         6666666666 SMILAX   FGGKR     FW0666H3         6666666666,RULE 3,A=0;B=0,35654229 V35654229                                                                       JO TONITE SAUNT 664952723,V356542297610894 0623066791VI,909730.43,909730.43,0.00,0.00,2023-02-09,2023-02-09,0,"Publisher-labeled 1:1 match; numerical differences are review evidence, not a fraud/loss label."
118815589556,888117906074,621282058442,USD_2023-02-19_ACC#00001_66912     66325663250 37266ROPRM 088            LG HATRED VOWED SMILAX   GFG       VC0 37266ROPRM 088            LG HATRED VOWED,USD_2023-02-19_ACC#00001_66912     66325663250 37266ROPRM 088            LG HATRED VOWED SMILAX   GFG       VC0 37266ROPRM 088            LG HATRED VOWED,RULE 3,A=0;B=0,37266ROPRM 37266ROPRM                                                                      LG HATRED VOWED,37266ROPRM 8503666161VI,128154.14,128154.14,0.00,0.00,2023-02-19,2023-02-19,0,"Publisher-labeled 1:1 match; numerical differences are review evidence, not a fraud/loss label."
118901485927,751297948106,418314013701,USD_2023-02-16_ACC#00001_66912     0156801568834263217661NAPE580         MORIBUND ROTENONES S SMILAX   BOLL      00834263217661NAPE580         MORIBUND ZYGNEMA SK HYRACIFORM,USD_2023-02-16_ACC#00001_66912     0156801568834263217661NAPE580         MORIBUND ROTENONES S SMILAX   BOLL      00834263217661NAPE580         MORIBUND ZYGNEMA SK HYRACIFORM,MANUAL,A=0;B=0,008342632 17661 NAPE580                                                                         UPCLOSER MONOCOQUE GAB -,VOLERY 3850032666FP,50511960.39,50511960.17,-0.22,-0.22,2023-02-16,2023-02-16,0,"Publisher-labeled 1:1 match; numerical differences are review evidence, not a fraud/loss label."
118963615817,613408929269,155745244952,USD_2023-01-21_ACC#00001_66912     66325663250 32566J9LEP 088            JOQGO IW-OQGO FL SMILAX   GFG       VC0 32566J9LEP 088            JOQGO IW-OQGO FL,USD_2023-01-21_ACC#00001_66912     66325663250 32566J9LEP 088            JOQGO IW-OQGO FL SMILAX   GFG       VC0 32566J9LEP 088            JOQGO IW-OQGO FL,RULE 1,A=0;B=0,32566J9LEP 32566J9LEP                                                                      JOQGO IW-OQGO FL,595756VU61318232 0255466728VI,-60065951.00,-60065951.00,0.00,0.00,2023-01-21,2023-01-21,0,"Publisher-labeled 1:1 match; numerical differences are review evidence, not a fraud/loss label."
119080820365,493179488265,51402257142,USD_2023-01-07_ACC#00001_66912     02566025660666H3         6666666666 SMILAX   FGGKR     FW0666H3         6666666666,USD_2023-01-07_ACC#00001_66912     02566025660666H3         6666666666 SMILAX   FGGKR     FW0666H3         6666666666,RULE 3,A=0;B=0,32967523 V32967523                                                                       JO TONITE SAUNT 664952723,V329675230286107 9709866746VI,1200000.00,1200000.00,0.00,0.00,2023-01-07,2023-01-07,0,"Publisher-labeled 1:1 match; numerical differences are review evidence, not a fraud/loss label."
11910726039,13969002313,153209327904,USD_2023-01-12_ACC#00001_66912     0147701477817085741477NAPE159         IF TMH TIRO FAMES SMILAX   BOLL      00817085741477NAPE159         IF TMH TIRO EMEU S,USD_2023-01-12_ACC#00001_66912     0147701477817085741477NAPE159         IF TMH TIRO FAMES SMILAX   BOLL      00817085741477NAPE159         IF TMH TIRO EMEU S,RULE 1,A=0;B=0,008170857 41477 NAPE159 L9FR7EY                                                                 JOQVY H.C. ZUCCHINIS TENT,VOLERY 3774938666FP,-7892.60,-7892.60,0.00,0.00,2023-01-12,2023-01-12,0,"Publisher-labeled 1:1 match; numerical differences are review evidence, not a fraud/loss label."
119122381996,219111588192,10390990045,USD_2023-01-18_ACC#00001_66912     6033960339 SMILAX   GPD,USD_2023-01-18_ACC#00001_66912     6033960339 SMILAX   GPD,RULE 3,A=0;B=0,AHT9126666791090 AHT9126666791090,AHT9126666791090 8910766720XD,-718091.00,-718091.00,0.00,0.00,2023-01-18,2023-01-18,0,"Publisher-labeled 1:1 match; numerical differences are review evidence, not a fraud/loss label."
119158536413,80652258801,33587084476,USD_2023-01-14_ACC#00001_66912     0614606146872436910007AUG0762         MORIBUND ROTENONES S SMILAX   BOLL      00872436910007AUG0762         MORIBUND ZYGNEMA SK HYRACIFORM,USD_2023-01-14_ACC#00001_66912     0614606146872436910007AUG0762         MORIBUND ROTENONES S SMILAX   BOLL      00872436910007AUG0762         MORIBUND ZYGNEMA SK HYRACIFORM,RULE 1,A=0;B=0,008724369 10007 AUG0762                                                                         ALL OVENFUL TYPY AS LYMPH,VOLERY 3782304666FP,54230231.31,54230231.31,0.00,0.00,2023-01-14,2023-01-14,0,"Publisher-labeled 1:1 match; numerical differences are review evidence, not a fraud/loss label."
119193036807,299350072844,219097974211,USD_2023-01-25_ACC#00001_66912     0122701227813241412607NAPE523         MORIBUND ROTENONES S SMILAX   BOLL      00813241412607NAPE523         MORIBUND ZYGNEMA SK HYRACIFORM,USD_2023-01-25_ACC#00001_66912     0122701227813241412607NAPE523         MORIBUND ROTENONES S SMILAX   BOLL      00813241412607NAPE523         MORIBUND ZYGNEMA SK HYRACIFORM,RULE 1,A=0;B=0,008132414 12607 NAPE523                                                                         UPCLOSER MONOCOQUE GAB -,VOLERY 3109214666FP,6844400.00,6844400.00,0.00,0.00,2023-01-25,2023-01-25,0,"Publisher-labeled 1:1 match; numerical differences are review evidence, not a fraud/loss label."
119199607905,761974972383,384496470125,USD_2023-02-11_ACC#00001_66912     0646006460S                           BURO JADY GAT AUG - SMILAX   RAMON     GFG                           BURO JADY GAT IT X - T         JOQ ELUVIA KR - TA            JOQGE_TA,USD_2023-02-11_ACC#00001_66912     0646006460S                           BURO JADY GAT AUG - SMILAX   RAMON     GFG                           BURO JADY GAT IT X - T         JOQ ELUVIA KR - TA            JOQGE_TA,RULE 1,A=0;B=0,HEY RAMON DISNEY JOQ ELUVIA KR - TA,GYNOMONOECISM 6620766793VI,4656347.38,4656347.38,0.00,0.00,2023-02-11,2023-02-11,0,"Publisher-labeled 1:1 match; numerical differences are review evidence, not a fraud/loss label."
119220270434,811243670959,247591841934,USD_2023-01-11_ACC#00001_66912     0156801568875405417808DOYST68         MORIBUND VEXES WHUFF SMILAX   BOLL      00875405417808DOYST68         MORIBUND VEXES S FOMALHAUT,USD_2023-01-11_ACC#00001_66912     0156801568875405417808DOYST68         MORIBUND VEXES WHUFF SMILAX   BOLL      00875405417808DOYST68         MORIBUND VEXES S FOMALHAUT,RULE 1,A=0;B=0,008754054 17808 DOYST68                                                                         CHINOL BUT STIVY,VOLERY 3702473666FP,-763020.79,-763020.79,0.00,0.00,2023-01-11,2023-01-11,0,"Publisher-labeled 1:1 match; numerical differences are review evidence, not a fraud/loss label."
119250841618,862605198447,580087098940,USD_2023-02-09_ACC#00001_66912     0256602566 SMILAX   FGGKR,USD_2023-02-09_ACC#00001_66912     0256602566 SMILAX   FGGKR,RULE 1,A=0;B=0,29519456 ALME7U8525JOQG7U                                                                JO TONITE SAUNT 664952723,V293582660484308 0147866791VI,-1589100.00,-1589100.00,0.00,0.00,2023-02-09,2023-02-09,0,"Publisher-labeled 1:1 match; numerical differences are review evidence, not a fraud/loss label."
119370216482,387346292746,613677720841,USD_2023-02-03_ACC#00001_66912     66071660710 69166RMU8R 088            JOQVY - DP - IT SMILAX   GFG       VC0 69166RMU8R 088            JOQVY - DP - IT,USD_2023-02-03_ACC#00001_66912     66071660710 69166RMU8R 088            JOQVY - DP - IT SMILAX   GFG       VC0 69166RMU8R 088            JOQVY - DP - IT,RULE 1,A=0;B=0,69166RMU8R 69166RMU8R                                                                      JOQVY - DP - IT,6917666663037805 3926766752VI,-12826600.00,-12826600.00,0.00,0.00,2023-02-03,2023-02-03,0,"Publisher-labeled 1:1 match; numerical differences are review evidence, not a fraud/loss label."
119526729052,453641300281,681493938252,USD_2023-02-08_ACC#00001_66912     66325663250 32566RJ2HN 088            JOQVY - BAS - SF SMILAX   GFG       VC0 32566RJ2HN 088            JOQVY - BAS - SF,USD_2023-02-08_ACC#00001_66912     66325663250 32566RJ2HN 088            JOQVY - BAS - SF SMILAX   GFG       VC0 32566RJ2HN 088            JOQVY - BAS - SF,RULE 1,A=0;B=0,32566RJ2HN 32566RJ2HN                                                                      JOQVY - BAS - SF,322746AL68120974 3894766759VI,-267290.57,-267290.57,0.00,0.00,2023-02-08,2023-02-08,0,"Publisher-labeled 1:1 match; numerical differences are review evidence, not a fraud/loss label."
119609060915,832558995882,565373784225,USD_2023-01-08_ACC#00001_66912     0141401414875645780789NAPE703         MORIBUND VEXES WHUFF SMILAX   BOLL      00875645780789NAPE703         MORIBUND VEXES S FOMALHAUT,USD_2023-01-08_ACC#00001_66912     0141401414875645780789NAPE703         MORIBUND VEXES WHUFF SMILAX   BOLL      00875645780789NAPE703         MORIBUND VEXES S FOMALHAUT,RULE 1,A=0;B=0,008756457 80789 NAPE703                                                                         YMV NONREGULATIVE,VOLERY 3764060666FP,-4717233.22,-4717233.22,0.00,0.00,2023-01-08,2023-01-08,0,"Publisher-labeled 1:1 match; numerical differences are review evidence, not a fraud/loss label."
119715151082,628611398273,69257510081,USD_2023-01-07_ACC#00001_66912     66325663250 32566J6W4J 088            JOQVY - ELUVIA - SMILAX   GFG       VC0 32566J6W4J 088            JOQVY - ELUVIA -,USD_2023-01-07_ACC#00001_66912     66325663250 32566J6W4J 088            JOQVY - ELUVIA - SMILAX   GFG       VC0 32566J6W4J 088            JOQVY - ELUVIA -,RULE 3,A=0;B=0,32566J6W4J 32566J6W4J                                                                      JOQVY - ELUVIA -,32566J6W4J 2153666739VI,262636.20,262636.20,0.00,0.00,2023-01-07,2023-01-07,0,"Publisher-labeled 1:1 match; numerical differences are review evidence, not a fraud/loss label."
119746111802,975723272038,909765596666,USD_2023-01-07_ACC#00001_66912     0256602566 SMILAX   FGGKR,USD_2023-01-07_ACC#00001_66912     0256602566 SMILAX   FGGKR,RULE 1,A=0;B=0,32599812 ALME7U1640JOQG7U                                                                JO TONITE SAUNT 664952723,V389650060489528 9634566746VI,-440000.00,-440000.00,0.00,0.00,2023-01-07,2023-01-07,0,"Publisher-labeled 1:1 match; numerical differences are review evidence, not a fraud/loss label."
119765707503,267875646765,520491070824,USD_2023-01-18_ACC#00001_66912     0122701227872037312667NAPE217         MORIBUND ROTENONES S SMILAX   BOLL      00872037312667NAPE217         MORIBUND ZYGNEMA SK HYRACIFORM,USD_2023-01-18_ACC#00001_66912     0122701227872037312667NAPE217         MORIBUND ROTENONES S SMILAX   BOLL      00872037312667NAPE217         MORIBUND ZYGNEMA SK HYRACIFORM,RULE 1,A=0;B=0,008720373 12667 NAPE217                                                                         UPCLOSER MONOCOQUE GAB -,VOLERY 3744467666FP,5423620.00,5423620.00,0.00,0.00,2023-01-18,2023-01-18,0,"Publisher-labeled 1:1 match; numerical differences are review evidence, not a fraud/loss label."
11990692983,362873404720,27377342089,USD_2023-02-03_ACC#00001_66912     0147701477881851241477CHARE18         OFF TMH SEE FAMES SMILAX   BOLL      00881851241477CHARE18         OFF TMH SEE EMEU S,USD_2023-02-03_ACC#00001_66912     0147701477881851241477CHARE18         OFF TMH SEE FAMES SMILAX   BOLL      00881851241477CHARE18         OFF TMH SEE EMEU S,RULE 1,A=0;B=0,008818512 41477 CHARE18 L9HY4ZH                                                                 UPCLOSER MONOCOQUE GAB -,VOLERY 3196168666FP,7596870.60,7596870.60,0.00,0.00,2023-02-03,2023-02-03,0,"Publisher-labeled 1:1 match; numerical differences are review evidence, not a fraud/loss label."
119916091199,829077382591,340328929660,USD_2023-02-08_ACC#00001_66912     0122701227836140112607OKET802         MORIBUND ROTENONES S SMILAX   BOLL      00836140112607OKET802         MORIBUND ZYGNEMA SK HYRACIFORM,USD_2023-02-08_ACC#00001_66912     0122701227836140112607OKET802         MORIBUND ROTENONES S SMILAX   BOLL      00836140112607OKET802         MORIBUND ZYGNEMA SK HYRACIFORM,RULE 1,A=0;B=0,008361401 12607 OKET802                                                                         UPCLOSER MONOCOQUE GAB -,VOLERY 3801615666FP,90535584.00,90535584.00,0.00,0.00,2023-02-08,2023-02-08,0,"Publisher-labeled 1:1 match; numerical differences are review evidence, not a fraud/loss label."
119949144527,924231092366,893375945345,USD_2023-03-01_ACC#00001_66912     02566025660666H3         6666666666 SMILAX   FGGKR     FW0666H3         6666666666,USD_2023-03-01_ACC#00001_66912     02566025660666H3         6666666666 SMILAX   FGGKR     FW0666H3         6666666666,RULE 3,A=0;B=0,35777746 V35777746                                                                       JO TONITE SAUNT 664952723,V357777466911044 2293566101VI,762148.00,762148.00,0.00,0.00,2023-03-01,2023-03-01,0,"Publisher-labeled 1:1 match; numerical differences are review evidence, not a fraud/loss label."
120045978904,632974149999,820023537946,USD_2023-02-04_ACC#00001_66912     66325663250 37266RMNE0 088            LACINIOSE CORBAN SMILAX   GFG       VC0 37266RMNE0 088            LACINIOSE CORBAN,USD_2023-02-04_ACC#00001_66912     66325663250 37266RMNE0 088            LACINIOSE CORBAN SMILAX   GFG       VC0 37266RMNE0 088            LACINIOSE CORBAN,MANUAL,A=0;B=0,37266RMNE0 37266RMNE0                                                                      LACINIOSE CORBAN,3726266699003116 7680666791VI,-168548.37,-168548.00,0.37,-0.37,2023-02-04,2023-02-04,0,"Publisher-labeled 1:1 match; numerical differences are review evidence, not a fraud/loss label."
120106674646,119360809139,892014434124,USD_2023-01-01_ACC#00001_66912     0646406464877208461008BREI662         MORIBUND ROTENONES S SMILAX   BOLL      00877208461008BREI662         MORIBUND ZYGNEMA SK HYRACIFORM,USD_2023-01-01_ACC#00001_66912     0646406464877208461008BREI662         MORIBUND ROTENONES S SMILAX   BOLL      00877208461008BREI662         MORIBUND ZYGNEMA SK HYRACIFORM,RULE 1,A=0;B=0,008772084 61008 BREI662                                                                         NIGROUS VOWED FUTHERMORE,VOLERY 3031438666FP,218350.00,218350.00,0.00,0.00,2023-01-01,2023-01-01,0,"Publisher-labeled 1:1 match; numerical differences are review evidence, not a fraud/loss label."
120322461147,382668332868,210920728884,USD_2023-02-09_ACC#00001_66912     0607606076836601367674OKET185         MORIBUND ROTENONES S SMILAX   BOLL      00836601367674OKET185         MORIBUND ZYGNEMA SK HYRACIFORM,USD_2023-02-09_ACC#00001_66912     0607606076836601367674OKET185         MORIBUND ROTENONES S SMILAX   BOLL      00836601367674OKET185         MORIBUND ZYGNEMA SK HYRACIFORM,RULE 1,A=0;B=0,008366013 67674 OKET185                                                                         JO TONITE ETHERIFIES GAB,VOLERY 3816439666FP,4000000.00,4000000.00,0.00,0.00,2023-02-09,2023-02-09,0,"Publisher-labeled 1:1 match; numerical differences are review evidence, not a fraud/loss label."
120387015123,429397852759,456500302011,USD_2023-02-04_ACC#00001_66912     0147701477885887041477NAPE150         OFF TMH SEE FAMES SMILAX   BOLL      00885887041477NAPE150         OFF TMH SEE EMEU S,USD_2023-02-04_ACC#00001_66912     0147701477885887041477NAPE150         OFF TMH SEE FAMES SMILAX   BOLL      00885887041477NAPE150         OFF TMH SEE EMEU S,MANUAL,A=0;B=0,008858870 41477 NAPE150 L9CY2UK                                                                 UPCLOSER MONOCOQUE GAB -,VOLERY 3860053666FP,32255400.50,32255400.51,0.01,0.01,2023-02-04,2023-02-04,0,"Publisher-labeled 1:1 match; numerical differences are review evidence, not a fraud/loss label."
120393904810,484996293441,938366558424,USD_2023-01-29_ACC#00001_66912     0256602566 SMILAX   FGGKR,USD_2023-01-29_ACC#00001_66912     0256602566 SMILAX   FGGKR,RULE 1,A=0;B=0,35630802 ALME7U4114JOQG7U                                                                JO TONITE SAUNT 664952723,V216667266532498 7275466750VI,-186450.12,-186450.12,0.00,0.00,2023-01-29,2023-01-29,0,"Publisher-labeled 1:1 match; numerical differences are review evidence, not a fraud/loss label."
120467367711,837845793089,689334508300,USD_2023-02-24_ACC#00001_66912     0646406464840861961008MEGGY15         MORIBUND ROTENONES S SMILAX   BOLL      00840861961008MEGGY15         MORIBUND ZYGNEMA SK HYRACIFORM,USD_2023-02-24_ACC#00001_66912     0646406464840861961008MEGGY15         MORIBUND ROTENONES S SMILAX   BOLL      00840861961008MEGGY15         MORIBUND ZYGNEMA SK HYRACIFORM,RULE 1,A=0;B=0,008408619 61008 MEGGY15                                                                         MUTUALITY AVIARY DEFENSER,VOLERY 3386353666FP,193497.28,193497.28,0.00,0.00,2023-02-24,2023-02-24,0,"Publisher-labeled 1:1 match; numerical differences are review evidence, not a fraud/loss label."
120548648254,138919890381,481905584879,USD_2023-02-10_ACC#00001_66912     0156801568830524617808DOYST68         MORIBUND ROTENONES S SMILAX   BOLL      00830524617808DOYST68         MORIBUND ZYGNEMA SK HYRACIFORM,USD_2023-02-10_ACC#00001_66912     0156801568830524617808DOYST68         MORIBUND ROTENONES S SMILAX   BOLL      00830524617808DOYST68         MORIBUND ZYGNEMA SK HYRACIFORM,RULE 1,A=0;B=0,008305246 17808 DOYST68                                                                         DIANITE ANIMI VOWED AGHAN,VOLERY 3886790666FP,2849200.00,2849200.00,0.00,0.00,2023-02-10,2023-02-10,0,"Publisher-labeled 1:1 match; numerical differences are review evidence, not a fraud/loss label."
120569574789,730800069427,117381924916,USD_2023-01-06_ACC#00001_66912     0147701477875048141477EPEE553         IF TMH SEE FAMES SMILAX   BOLL      00875048141477EPEE553         IF TMH SEE FAMES,USD_2023-01-06_ACC#00001_66912     0147701477875048141477EPEE553         IF TMH SEE FAMES SMILAX   BOLL      00875048141477EPEE553         IF TMH SEE FAMES,RULE 1,A=0;B=0,008750481 41477 EPEE553 L9HH1VW                                                                 UPCLOSER MONOCOQUE GAB -,VOLERY 3054272666FP,161140.00,161140.00,0.00,0.00,2023-01-06,2023-01-06,0,"Publisher-labeled 1:1 match; numerical differences are review evidence, not a fraud/loss label."
120692489088,615026279422,163007927222,USD_2023-02-04_ACC#00001_66912     0156801568885317317661OKET746         MORIBUND VEXES WHUFF SMILAX   BOLL      00885317317661OKET746         MORIBUND VEXES S FOMALHAUT,USD_2023-02-04_ACC#00001_66912     0156801568885317317661OKET746         MORIBUND VEXES WHUFF SMILAX   BOLL      00885317317661OKET746         MORIBUND VEXES S FOMALHAUT,RULE 1,A=0;B=0,008853173 17661 OKET746                                                                         STEREOM BUT HIATE PENNINE,VOLERY 3199937666FP,-5425609.91,-5425609.91,0.00,0.00,2023-02-04,2023-02-04,0,"Publisher-labeled 1:1 match; numerical differences are review evidence, not a fraud/loss label."
120764458304,799911265252,833522037766,USD_2023-02-23_ACC#00001_66912     0603606036841163467888ROMAN42         IF TMH SEE FAMES SMILAX   BOLL      00841163467888ROMAN42         IF TMH SEE FAMES,USD_2023-02-23_ACC#00001_66912     0603606036841163467888ROMAN42         IF TMH SEE FAMES SMILAX   BOLL      00841163467888ROMAN42         IF TMH SEE FAMES,RULE 1,A=0;B=0,008411634 67888 ROMAN42 L9HG6EN                                                                 JO TONITE ETHERIFIES GAB,VOLERY 3317112666FP,4294490.00,4294490.00,0.00,0.00,2023-02-23,2023-02-23,0,"Publisher-labeled 1:1 match; numerical differences are review evidence, not a fraud/loss label."
120797236724,59770594937,848687214883,USD_2023-03-04_ACC#00001_66912     66325663250 32566RFQJ9 088            JOQVY DE -ELUVIA SMILAX   GFG       VC0 32566RFQJ9 088            JOQVY DE -ELUVIA,USD_2023-03-04_ACC#00001_66912     66325663250 32566RFQJ9 088            JOQVY DE -ELUVIA SMILAX   GFG       VC0 32566RFQJ9 088            JOQVY DE -ELUVIA,RULE 1,A=0;B=0,32566RFQJ9 32566RFQJ9                                                                      JOQVY DE -ELUVIA,322746AL68121731 3743466103VI,-1601.80,-1601.80,0.00,0.00,2023-03-04,2023-03-04,0,"Publisher-labeled 1:1 match; numerical differences are review evidence, not a fraud/loss label."
120801657626,27362871115,44719748531,USD_2023-03-02_ACC#00001_66912     0607606076842245367674OKET746         MORIBUND ROTENONES S SMILAX   BOLL      00842245367674OKET746         MORIBUND ZYGNEMA SK HYRACIFORM,USD_2023-03-02_ACC#00001_66912     0607606076842245367674OKET746         MORIBUND ROTENONES S SMILAX   BOLL      00842245367674OKET746         MORIBUND ZYGNEMA SK HYRACIFORM,RULE 1,A=0;B=0,008422453 67674 OKET746                                                                         JO TONITE ETHERIFIES GAB,VOLERY 3356644666FP,22767257.55,22767257.55,0.00,0.00,2023-03-02,2023-03-02,0,"Publisher-labeled 1:1 match; numerical differences are review evidence, not a fraud/loss label."
120832634183,78200988010,287344340391,USD_2023-02-26_ACC#00001_66912     0147701477633328541477                IPL ODONTOLOGY WHUFF SMILAX   BOLL      VU633328541477                IPL ODONTOLOGY S FOMALHAUT,USD_2023-02-26_ACC#00001_66912     0147701477633328541477                IPL ODONTOLOGY WHUFF SMILAX   BOLL      VU633328541477                IPL ODONTOLOGY S FOMALHAUT,RULE 1,A=0;B=0,VU6333285 41477 JOQVY H.C. ZUCCHINIS TENT,VOLERY 6395466106RN,-16856.34,-16856.34,0.00,0.00,2023-02-26,2023-02-26,0,"Publisher-labeled 1:1 match; numerical differences are review evidence, not a fraud/loss label."
120859175048,484453180212,775089703136,USD_2023-01-29_ACC#00001_66912     0670806708887223214407NAPE532         MORIBUND VEXES WHUFF SMILAX   BOLL      00887223214407NAPE532         MORIBUND VEXES S FOMALHAUT,USD_2023-01-29_ACC#00001_66912     0670806708887223214407NAPE532         MORIBUND VEXES WHUFF SMILAX   BOLL      00887223214407NAPE532         MORIBUND VEXES S FOMALHAUT,RULE 1,A=0;B=0,008872232 14407 NAPE532                                                                         UPCLOSER MONOCOQUE GAB -,VOLERY 3140025666FP,-437222.68,-437222.68,0.00,0.00,2023-01-29,2023-01-29,0,"Publisher-labeled 1:1 match; numerical differences are review evidence, not a fraud/loss label."
121043647301,749530869309,633501598652,USD_2023-02-24_ACC#00001_66912     0600006000847416667027NAPE746         MORIBUND ROTENONES S SMILAX   BOLL      00847416667027NAPE746         MORIBUND ZYGNEMA SK HYRACIFORM,USD_2023-02-24_ACC#00001_66912     0600006000847416667027NAPE746         MORIBUND ROTENONES S SMILAX   BOLL      00847416667027NAPE746         MORIBUND ZYGNEMA SK HYRACIFORM,RULE 1,A=0;B=0,008474166 67027 NAPE746                                                                         JO TONITE ETHERIFIES GAB,VOLERY 3386336666FP,967449.70,967449.70,0.00,0.00,2023-02-24,2023-02-24,0,"Publisher-labeled 1:1 match; numerical differences are review evidence, not a fraud/loss label."
121132946243,572367409612,158627338483,USD_2023-02-09_ACC#00001_66912     0256602566 SMILAX   FGGKR,USD_2023-02-09_ACC#00001_66912     0256602566 SMILAX   FGGKR,RULE 1,A=0;B=0,35698055 ALME7U6777JOQG7U                                                                JO TONITE SAUNT 664952723,V294533560489515 0148266791VI,-2116043.62,-2116043.62,0.00,0.00,2023-02-09,2023-02-09,0,"Publisher-labeled 1:1 match; numerical differences are review evidence, not a fraud/loss label."
121145514147,495678314700,189475500396,USD_2023-01-14_ACC#00001_66912     66325663250 32566J4JHU 088            JOQVY DE -ELUVIA SMILAX   GFG       VC0 32566J4JHU 088            JOQVY DE -ELUVIA,USD_2023-01-14_ACC#00001_66912     66325663250 32566J4JHU 088            JOQVY DE -ELUVIA SMILAX   GFG       VC0 32566J4JHU 088            JOQVY DE -ELUVIA,RULE 3,A=0;B=0,32566J4JHU 32566J4JHU                                                                      JOQVY DE -ELUVIA,32566J4JHU 5577466744VI,23046.04,23046.04,0.00,0.00,2023-01-14,2023-01-14,0,"Publisher-labeled 1:1 match; numerical differences are review evidence, not a fraud/loss label."
121157241638,2165899588,67850640254,USD_2023-02-24_ACC#00001_66912     0156801568848174310111TAXIS57         MORIBUND ROTENONES S SMILAX   BOLL      00848174310111TAXIS57         MORIBUND ZYGNEMA SK HYRACIFORM,USD_2023-02-24_ACC#00001_66912     0156801568848174310111TAXIS57         MORIBUND ROTENONES S SMILAX   BOLL      00848174310111TAXIS57         MORIBUND ZYGNEMA SK HYRACIFORM,RULE 1,A=0;B=0,008481743 10111 TAXIS57                                                                         ASCIDIA GEOMETRINE MOGGIO,VOLERY 3386349666FP,1219569.40,1219569.40,0.00,0.00,2023-02-24,2023-02-24,0,"Publisher-labeled 1:1 match; numerical differences are review evidence, not a fraud/loss label."
121200096994,984044334792,80746475156,USD_2023-01-14_ACC#00001_66912     66071660710 07166J4HH3 088            JOQVY DE-BAS - L SMILAX   GFG       VC0 07166J4HH3 088            JOQVY DE-BAS - L,USD_2023-01-14_ACC#00001_66912     66071660710 07166J4HH3 088            JOQVY DE-BAS - L SMILAX   GFG       VC0 07166J4HH3 088            JOQVY DE-BAS - L,RULE 3,A=0;B=0,07166J4HH3 07166J4HH3                                                                      JOQVY DE-BAS - L,07166J4HH3 5511966744VI,1914940.00,1914940.00,0.00,0.00,2023-01-14,2023-01-14,0,"Publisher-labeled 1:1 match; numerical differences are review evidence, not a fraud/loss label."
121237122653,707533071439,668037880628,USD_2023-01-27_ACC#00001_66912     0147601476881831541476                IF TMH DIP WOLD SMILAX   BOLL      00881831541476                IF TMH DIP WOLD,USD_2023-01-27_ACC#00001_66912     0147601476881831541476                IF TMH DIP WOLD SMILAX   BOLL      00881831541476                IF TMH DIP WOLD,RULE 1,A=0;B=0,008818315 41476 L9HY4GN                                                                 DESPISE MILOR,VMBB-2TEHAT 2481366756VI,1000000.00,1000000.00,0.00,0.00,2023-01-27,2023-01-27,0,"Publisher-labeled 1:1 match; numerical differences are review evidence, not a fraud/loss label."
121249794578,144247092123,612488815229,USD_2023-01-28_ACC#00001_66912     0703607036 SMILAX   FGGKR                                                                     666666666666666,USD_2023-01-28_ACC#00001_66912     0703607036 SMILAX   FGGKR                                                                     666666666666666,MANUAL,A=0;B=0,27440736 VENT7L4763JOQG7U                                                                TIDDLER TRIFOLY 668261992,7669066566003082 8633766750XD,-23000000.00,-23076990.00,-76990.00,76990.00,2023-01-28,2023-01-28,0,"Publisher-labeled 1:1 match; numerical differences are review evidence, not a fraud/loss label."
121446386305,638361807729,977670952984,USD_2023-02-26_ACC#00001_66912     0670806708847399314484MEGGY52         MORIBUND VEXES WHUFF SMILAX   BOLL      00847399314484MEGGY52         MORIBUND VEXES S FOMALHAUT,USD_2023-02-26_ACC#00001_66912     0670806708847399314484MEGGY52         MORIBUND VEXES WHUFF SMILAX   BOLL      00847399314484MEGGY52         MORIBUND VEXES S FOMALHAUT,RULE 1,A=0;B=0,008473993 14484 MEGGY52                                                                         UPCLOSER MONOCOQUE GAB -,VOLERY 3340341666FP,-2107695.91,-2107695.91,0.00,0.00,2023-02-26,2023-02-26,0,"Publisher-labeled 1:1 match; numerical differences are review evidence, not a fraud/loss label."
121458455562,39362385276,914738744230,USD_2023-01-07_ACC#00001_66912     0617806178874853967387BAIS236         MORIBUND ROTENONES S SMILAX   BOLL      00874853967387BAIS236         MORIBUND ZYGNEMA SK HYRACIFORM,USD_2023-01-07_ACC#00001_66912     0617806178874853967387BAIS236         MORIBUND ROTENONES S SMILAX   BOLL      00874853967387BAIS236         MORIBUND ZYGNEMA SK HYRACIFORM,RULE 1,A=0;B=0,008748539 67387 BAIS236                                                                         ASCIDIA GEOMETRINE MOGGIO,VOLERY 3093882666FP,600599.38,600599.38,0.00,0.00,2023-01-07,2023-01-07,0,"Publisher-labeled 1:1 match; numerical differences are review evidence, not a fraud/loss label."
121464415787,394853408847,760696695987,USD_2023-01-07_ACC#00001_66912     66325663250 32566J6CM4 088            JOQVY - ELUVIA - SMILAX   GFG       VC0 32566J6CM4 088            JOQVY - ELUVIA -,USD_2023-01-07_ACC#00001_66912     66325663250 32566J6CM4 088            JOQVY - ELUVIA - SMILAX   GFG       VC0 32566J6CM4 088            JOQVY - ELUVIA -,RULE 3,A=0;B=0,32566J6CM4 32566J6CM4                                                                      JOQVY - ELUVIA -,32566J6CM4 2157966739VI,4001790.70,4001790.70,0.00,0.00,2023-01-07,2023-01-07,0,"Publisher-labeled 1:1 match; numerical differences are review evidence, not a fraud/loss label."
121471512523,614189120101,719353853176,USD_2023-01-07_ACC#00001_66912     0603606036879058867888ROMAN42         IF TMH SEE FAMES SMILAX   BOLL      00879058867888ROMAN42         IF TMH SEE FAMES,USD_2023-01-07_ACC#00001_66912     0603606036879058867888ROMAN42         IF TMH SEE FAMES SMILAX   BOLL      00879058867888ROMAN42         IF TMH SEE FAMES,RULE 1,A=0;B=0,008790588 67888 ROMAN42 L9HH3JP                                                                 JO TONITE ETHERIFIES GAB,VOLERY 3094994666FP,5898724.90,5898724.90,0.00,0.00,2023-01-07,2023-01-07,0,"Publisher-labeled 1:1 match; numerical differences are review evidence, not a fraud/loss label."
121495065699,509601298223,329879604383,USD_2023-02-11_ACC#00001_66912     6033960339 SMILAX   GPD,USD_2023-02-11_ACC#00001_66912     6033960339 SMILAX   GPD,RULE 3,A=0;B=0,VIP9126666160405 VIP9126666160405,VIP9126666160405 4417366793FW,-70977730.68,-70977730.68,0.00,0.00,2023-02-11,2023-02-11,0,"Publisher-labeled 1:1 match; numerical differences are review evidence, not a fraud/loss label."
121529570492,123204782637,568530028833,USD_2023-01-04_ACC#00001_66912     66325663250 32566TDRMR 088            JOQVY - BAS - DG SMILAX   GFG       VC0 32566TDRMR 088            JOQVY - BAS - DG,USD_2023-01-04_ACC#00001_66912     66325663250 32566TDRMR 088            JOQVY - BAS - DG SMILAX   GFG       VC0 32566TDRMR 088            JOQVY - BAS - DG,RULE 3,A=0;B=0,32566TDRMR 32566TDRMR                                                                      JOQVY - BAS - DG,32566TDRMR 8253466738VI,14558038.52,14558038.52,0.00,0.00,2023-01-04,2023-01-04,0,"Publisher-labeled 1:1 match; numerical differences are review evidence, not a fraud/loss label."
121550960265,293965689425,502842172173,USD_2023-02-26_ACC#00001_66912     66325663250 32566RGI5M 088            JOQVY DE -ELUVIA SMILAX   GFG       VC0 32566RGI5M 088            JOQVY DE -ELUVIA,USD_2023-02-26_ACC#00001_66912     66325663250 32566RGI5M 088            JOQVY DE -ELUVIA SMILAX   GFG       VC0 32566RGI5M 088            JOQVY DE -ELUVIA,MANUAL,A=0;B=0,32566RGI5M 32566RGI5M                                                                      JOQVY DE -ELUVIA,322746AL68138591 5070066101VI,-1616.18,-1616.18,0.00,0.00,2023-02-26,2023-03-01,3,"Publisher-labeled 1:1 match; numerical differences are review evidence, not a fraud/loss label."
121574321789,149065034136,178514706230,USD_2023-01-11_ACC#00001_66912     6033960339 SMILAX   GPD,USD_2023-01-11_ACC#00001_66912     6033960339 SMILAX   GPD,RULE 3,A=0;B=0,VIP9126666790789 VIP9126666790789,VIP9126666790789 9057866748MT,-59440780.26,-59440780.26,0.00,0.00,2023-01-11,2023-01-11,0,"Publisher-labeled 1:1 match; numerical differences are review evidence, not a fraud/loss label."
121631968552,614728660143,997158816345,USD_2023-02-24_ACC#00001_66912     0256602566 SMILAX   FGGKR,USD_2023-02-24_ACC#00001_66912     0256602566 SMILAX   FGGKR,RULE 1,A=0;B=0,15441109 LEAFER7365JOQG7U                                                                JOQVY STRID     664952723,VOLERY 4621966165VI,-12000000.00,-12000000.00,0.00,0.00,2023-02-24,2023-02-24,0,"Publisher-labeled 1:1 match; numerical differences are review evidence, not a fraud/loss label."
121641702707,457162782250,397501312556,USD_2023-01-15_ACC#00001_66912     66071660710 07166J3MK2 088                      DOSSAL SMILAX   GFG       VC0 07166J3MK2 088                      DOSSAL,USD_2023-01-15_ACC#00001_66912     66071660710 07166J3MK2 088                      DOSSAL SMILAX   GFG       VC0 07166J3MK2 088                      DOSSAL,RULE 3,A=0;B=0,07166J3MK2 07166J3MK2                                                                                DOSSAL,07166J3MK2 3781066745VI,2175346.00,2175346.00,0.00,0.00,2023-01-15,2023-01-15,0,"Publisher-labeled 1:1 match; numerical differences are review evidence, not a fraud/loss label."
121695540945,657421569519,244022685797,USD_2023-01-29_ACC#00001_66912     0779507795 SMILAX   WAP,USD_2023-01-29_ACC#00001_66912     0779507795 SMILAX   WAP,MANUAL,A=0;B=0,6S61656G6R6R686M 6Z6T656L616F616R                                                                VERANDAH TYPY AI,6C885NP5LR 1841166754XD,-13131.47,-13131.47,0.00,0.00,2023-01-29,2023-02-02,4,"Publisher-labeled 1:1 match; numerical differences are review evidence, not a fraud/loss label."
121768570802,844021783550,431301789694,USD_2023-02-04_ACC#00001_66912     66325663250 32566RL11M 088            JOQVY DE-BAS - T SMILAX   GFG       VC0 32566RL11M 088            JOQVY DE-BAS - T,USD_2023-02-04_ACC#00001_66912     66325663250 32566RL11M 088            JOQVY DE-BAS - T SMILAX   GFG       VC0 32566RL11M 088            JOQVY DE-BAS - T,RULE 3,A=0;B=0,32566RL11M 32566RL11M                                                                      JOQVY DE-BAS - T,32566RL11M 2118766752VI,64439.77,64439.77,0.00,0.00,2023-02-04,2023-02-04,0,"Publisher-labeled 1:1 match; numerical differences are review evidence, not a fraud/loss label."
121877483018,459878761068,202164325695,USD_2023-01-07_ACC#00001_66912     66325663250 32566J6RMQ 088            JOQVY - ELUVIA - SMILAX   GFG       VC0 32566J6RMQ 088            JOQVY - ELUVIA -,USD_2023-01-07_ACC#00001_66912     66325663250 32566J6RMQ 088            JOQVY - ELUVIA - SMILAX   GFG       VC0 32566J6RMQ 088            JOQVY - ELUVIA -,RULE 3,A=0;B=0,32566J6RMQ 32566J6RMQ                                                                      JOQVY - ELUVIA -,32566J6RMQ 2139166739VI,53966.30,53966.30,0.00,0.00,2023-01-07,2023-01-07,0,"Publisher-labeled 1:1 match; numerical differences are review evidence, not a fraud/loss label."
121919960954,752534998553,681649006138,USD_2023-01-20_ACC#00001_66912     0147701477815830141477MEGGY88         IF TMH SEE FAMES SMILAX   BOLL      00815830141477MEGGY88         IF TMH SEE FAMES,USD_2023-01-20_ACC#00001_66912     0147701477815830141477MEGGY88         IF TMH SEE FAMES SMILAX   BOLL      00815830141477MEGGY88         IF TMH SEE FAMES,RULE 1,A=0;B=0,008158301 41477 MEGGY88 L9XU3TA                                                                 UPCLOSER MONOCOQUE GAB -,VOLERY 3755466666FP,39868050.00,39868050.00,0.00,0.00,2023-01-20,2023-01-20,0,"Publisher-labeled 1:1 match; numerical differences are review evidence, not a fraud/loss label."
121953320823,521699383099,351638077466,USD_2023-02-18_ACC#00001_66912     0609306093834417067005OKET347         MORIBUND VEXES WHUFF SMILAX   BOLL      00834417067005OKET347         MORIBUND VEXES S FOMALHAUT,USD_2023-02-18_ACC#00001_66912     0609306093834417067005OKET347         MORIBUND VEXES WHUFF SMILAX   BOLL      00834417067005OKET347         MORIBUND VEXES S FOMALHAUT,RULE 1,A=0;B=0,008344170 67005 OKET347                                                                         ROOTIEST CENTENARY SAME N,VOLERY 3360195666FP,-113000.00,-113000.00,0.00,0.00,2023-02-18,2023-02-18,0,"Publisher-labeled 1:1 match; numerical differences are review evidence, not a fraud/loss label."
122037532462,91654043916,996845067359,USD_2023-02-09_ACC#00001_66912     0147701477830451741477NAPE576         OFF TMH SEE FAMES SMILAX   BOLL      00830451741477NAPE576         OFF TMH SEE EMEU S,USD_2023-02-09_ACC#00001_66912     0147701477830451741477NAPE576         OFF TMH SEE FAMES SMILAX   BOLL      00830451741477NAPE576         OFF TMH SEE EMEU S,MANUAL,A=0;B=0,008304517 41477 NAPE576 L9HO8DP                                                                 UPCLOSER MONOCOQUE GAB -,VOLERY 3810290666FP,1182390.21,1182390.20,-0.01,-0.01,2023-02-09,2023-02-09,0,"Publisher-labeled 1:1 match; numerical differences are review evidence, not a fraud/loss label."
122046348610,471410671088,107351146645,USD_2023-03-05_ACC#00001_66912     0256602566 SMILAX   FGGKR,USD_2023-03-05_ACC#00001_66912     0256602566 SMILAX   FGGKR,RULE 1,A=0;B=0,35738053 ALME7U4412JOQG7U                                                                JO TONITE SAUNT 664952723,V767477860041391 7151066102VI,-3000000.00,-3000000.00,0.00,0.00,2023-03-05,2023-03-05,0,"Publisher-labeled 1:1 match; numerical differences are review evidence, not a fraud/loss label."
122072099903,34804759941,833360686442,USD_2023-01-29_ACC#00001_66912     02566025660666H3         6666666666 SMILAX   FGGKR     FW0666H3         6666666666,USD_2023-01-29_ACC#00001_66912     02566025660666H3         6666666666 SMILAX   FGGKR     FW0666H3         6666666666,RULE 3,A=0;B=0,21641466 V21641466                                                                       SHALE           667933724,V216414666910569 1505466757VI,2000000.00,2000000.00,0.00,0.00,2023-01-29,2023-01-29,0,"Publisher-labeled 1:1 match; numerical differences are review evidence, not a fraud/loss label."
122100524512,222508237547,857365237161,USD_2023-02-22_ACC#00001_66912     0779507795 SMILAX   WAP,USD_2023-02-22_ACC#00001_66912     0779507795 SMILAX   WAP,RULE 1,A=0;B=0,6G63656S6366606I 116X656S6T6C676T                                                                DIANITE ANIMI CROM TYPY,P0617GE8RU93GUP 8363066164XD,-544751.60,-544751.60,0.00,0.00,2023-02-22,2023-02-22,0,"Publisher-labeled 1:1 match; numerical differences are review evidence, not a fraud/loss label."
122144919449,662176260270,759232605248,USD_2023-01-13_ACC#00001_66912     0976909769816208219262ATMA981         MORIBUND VEXES WHUFF SMILAX   BOLL      00816208219262ATMA981         MORIBUND VEXES S FOMALHAUT,USD_2023-01-13_ACC#00001_66912     0976909769816208219262ATMA981         MORIBUND VEXES WHUFF SMILAX   BOLL      00816208219262ATMA981         MORIBUND VEXES S FOMALHAUT,RULE 1,A=0;B=0,008162082 19262 ATMA981                                                                         FOOTHALT BUT RESSAUT GAB.,VOLERY 3712803666FP,-456900.38,-456900.38,0.00,0.00,2023-01-13,2023-01-13,0,"Publisher-labeled 1:1 match; numerical differences are review evidence, not a fraud/loss label."
12225338260,768583367302,181061203795,USD_2023-03-03_ACC#00001_66912     66325663250 32566RF8EH 088            JOQVY - ELUVIA - SMILAX   GFG       VC0 32566RF8EH 088            JOQVY - ELUVIA -,USD_2023-03-03_ACC#00001_66912     66325663250 32566RF8EH 088            JOQVY - ELUVIA - SMILAX   GFG       VC0 32566RF8EH 088            JOQVY - ELUVIA -,RULE 5,A=0;B=0,32566RF8EH 32566RF8EH                                                                      JOQVY - ELUVIA -,32566RF8EH 6889766101VI,512308.90,512308.90,0.00,0.00,2023-03-03,2023-03-04,1,"Publisher-labeled 1:1 match; numerical differences are review evidence, not a fraud/loss label."
1223153942,396173546721,814097230980,USD_2023-01-13_ACC#00001_66912     0147701477817084741477NAPE159         OFF TMH SEE FAMES SMILAX   BOLL      00817084741477NAPE159         OFF TMH SEE EMEU S,USD_2023-01-13_ACC#00001_66912     0147701477817084741477NAPE159         OFF TMH SEE FAMES SMILAX   BOLL      00817084741477NAPE159         OFF TMH SEE EMEU S,RULE 1,A=0;B=0,008170847 41477 NAPE159 L9FR7OP                                                                 JOQVY H.C. ZUCCHINIS TENT,VOLERY 3714914666FP,81008.39,81008.39,0.00,0.00,2023-01-13,2023-01-13,0,"Publisher-labeled 1:1 match; numerical differences are review evidence, not a fraud/loss label."
122342818639,259300116099,130737242483,USD_2023-02-24_ACC#00001_66912     02566025660666H3         6666666666 SMILAX   FGGKR     FW0666H3         6666666666,USD_2023-02-24_ACC#00001_66912     02566025660666H3         6666666666 SMILAX   FGGKR     FW0666H3         6666666666,RULE 3,A=0;B=0,35766649 V35766649                                                                       JO TONITE SAUNT 664952723,V357666496811695 4638466165VI,1600000.00,1600000.00,0.00,0.00,2023-02-24,2023-02-24,0,"Publisher-labeled 1:1 match; numerical differences are review evidence, not a fraud/loss label."
122366905281,822134430619,486974524169,USD_2023-01-04_ACC#00001_66912     02566025667313           6666666666 SMILAX   FGGKR     KR7313           6666666666                                     666666666666666,USD_2023-01-04_ACC#00001_66912     02566025667313           6666666666 SMILAX   FGGKR     KR7313           6666666666                                     666666666666666,RULE 3,A=0;B=0,15604220 V15604220                                                                       VERANDAH AI     103618748,MG15604220L600MK 4575766732VI,489973.40,489973.40,0.00,0.00,2023-01-04,2023-01-04,0,"Publisher-labeled 1:1 match; numerical differences are review evidence, not a fraud/loss label."
122451240172,311278168079,419074700574,USD_2023-02-03_ACC#00001_66912     0141601416638982841416                IPL ODONTOLOGY WHUFF SMILAX   BOLL      VU638982841416                IPL ODONTOLOGY S FOMALHAUT,USD_2023-02-03_ACC#00001_66912     0141601416638982841416                IPL ODONTOLOGY WHUFF SMILAX   BOLL      VU638982841416                IPL ODONTOLOGY S FOMALHAUT,RULE 1,A=0;B=0,VU6389828 41416 KAZATSKI VITI MIB DIASENE,69HYJJ62513 8956866752XD,-31264.23,-31264.23,0.00,0.00,2023-02-03,2023-02-03,0,"Publisher-labeled 1:1 match; numerical differences are review evidence, not a fraud/loss label."
12245755746,328076778884,61101351806,USD_2023-02-25_ACC#00001_66912     66325663250 32566RBMRO 088            JOQVY - ELUVIA - SMILAX   GFG       VC0 32566RBMRO 088            JOQVY - ELUVIA -,USD_2023-02-25_ACC#00001_66912     66325663250 32566RBMRO 088            JOQVY - ELUVIA - SMILAX   GFG       VC0 32566RBMRO 088            JOQVY - ELUVIA -,RULE 3,A=0;B=0,32566RBMRO 32566RBMRO                                                                      JOQVY - ELUVIA -,32566RBMRO 5235766165VI,37883.02,37883.02,0.00,0.00,2023-02-25,2023-02-25,0,"Publisher-labeled 1:1 match; numerical differences are review evidence, not a fraud/loss label."
122459799606,651282870634,774686807614,USD_2023-01-13_ACC#00001_66912     0147701477817002741477NAPE090         OFF TMH TIRO FAMES SMILAX   BOLL      00817002741477NAPE090         OFF TMH TIRO HAU BT,USD_2023-01-13_ACC#00001_66912     0147701477817002741477NAPE090         OFF TMH TIRO FAMES SMILAX   BOLL      00817002741477NAPE090         OFF TMH TIRO HAU BT,RULE 1,A=0;B=0,008170027 41477 NAPE090 L9FR7VJ                                                                 UPCLOSER MONOCOQUE GAB -,VOLERY 3713525666FP,-4062705.72,-4062705.72,0.00,0.00,2023-01-13,2023-01-13,0,"Publisher-labeled 1:1 match; numerical differences are review evidence, not a fraud/loss label."
122476428756,28552099934,144110487114,USD_2023-01-12_ACC#00001_66912     0122001220816189012660KELD747         MORIBUND ROTENONES S SMILAX   BOLL      00816189012660KELD747         MORIBUND ZYGNEMA SK HYRACIFORM,USD_2023-01-12_ACC#00001_66912     0122001220816189012660KELD747         MORIBUND ROTENONES S SMILAX   BOLL      00816189012660KELD747         MORIBUND ZYGNEMA SK HYRACIFORM,RULE 1,A=0;B=0,008161890 12660 KELD747                                                                         UPCLOSER MONOCOQUE GAB -,VOLERY 3773925666FP,5316730.70,5316730.70,0.00,0.00,2023-01-12,2023-01-12,0,"Publisher-labeled 1:1 match; numerical differences are review evidence, not a fraud/loss label."
122589714122,785918692440,12244696256,USD_2023-01-13_ACC#00001_66912     66325663250 32566J3TU4 088            JOQVY - BAS - DG SMILAX   GFG       VC0 32566J3TU4 088            JOQVY - BAS - DG,USD_2023-01-13_ACC#00001_66912     66325663250 32566J3TU4 088            JOQVY - BAS - DG SMILAX   GFG       VC0 32566J3TU4 088            JOQVY - BAS - DG,RULE 1,A=0;B=0,32566J3TU4 32566J3TU4                                                                      JOQVY - BAS - DG,322756AL61364365 3078166743VI,-446066.78,-446066.78,0.00,0.00,2023-01-13,2023-01-13,0,"Publisher-labeled 1:1 match; numerical differences are review evidence, not a fraud/loss label."
122659740217,486445343757,957106200047,USD_2023-01-14_ACC#00001_66912     0638106381811641488856NAPE718         MORIBUND VEXES WHUFF SMILAX   BOLL      00811641488856NAPE718         MORIBUND VEXES S FOMALHAUT,USD_2023-01-14_ACC#00001_66912     0638106381811641488856NAPE718         MORIBUND VEXES WHUFF SMILAX   BOLL      00811641488856NAPE718         MORIBUND VEXES S FOMALHAUT,RULE 1,A=0;B=0,008116414 88856 NAPE718                                                                         UPCLOSER MONOCOQUE GAB -,VOLERY 3784716666FP,-1770899.50,-1770899.50,0.00,0.00,2023-01-14,2023-01-14,0,"Publisher-labeled 1:1 match; numerical differences are review evidence, not a fraud/loss label."
122677415803,751200483039,930408432236,USD_2023-03-05_ACC#00001_66912     0156801568826138917661OKET481         MORIBUND ROTENONES S SMILAX   BOLL      00826138917661OKET481         MORIBUND ZYGNEMA SK HYRACIFORM,USD_2023-03-05_ACC#00001_66912     0156801568826138917661OKET481         MORIBUND ROTENONES S SMILAX   BOLL      00826138917661OKET481         MORIBUND ZYGNEMA SK HYRACIFORM,RULE 1,A=0;B=0,008261389 17661 OKET481                                                                         UPCLOSER MONOCOQUE GAB -,VOLERY 3399845666FP,11809101.78,11809101.78,0.00,0.00,2023-03-05,2023-03-05,0,"Publisher-labeled 1:1 match; numerical differences are review evidence, not a fraud/loss label."
122726495378,216639747167,736597945642,USD_2023-02-18_ACC#00001_66912     66325663250 32566RUG96 088            JOQVY - BAS - DG SMILAX   GFG       VC0 32566RUG96 088            JOQVY - BAS - DG,USD_2023-02-18_ACC#00001_66912     66325663250 32566RUG96 088            JOQVY - BAS - DG SMILAX   GFG       VC0 32566RUG96 088            JOQVY - BAS - DG,RULE 1,A=0;B=0,32566RUG96 32566RUG96                                                                      JOQVY - BAS - DG,322756AL61831939 9845666167VI,-3991.94,-3991.94,0.00,0.00,2023-02-18,2023-02-18,0,"Publisher-labeled 1:1 match; numerical differences are review evidence, not a fraud/loss label."
122736033902,970019801570,550911925585,USD_2023-01-13_ACC#00001_66912     66325663250 37266J3L0D 088            INKROOT LIKED BY SMILAX   GFG       VC0 37266J3L0D 088            INKROOT LIKED BY,USD_2023-01-13_ACC#00001_66912     66325663250 37266J3L0D 088            INKROOT LIKED BY SMILAX   GFG       VC0 37266J3L0D 088            INKROOT LIKED BY,RULE 3,A=0;B=0,37266J3L0D 37266J3L0D                                                                      INKROOT LIKED BY,37266J3L0D 1968266743VI,2249.00,2249.00,0.00,0.00,2023-01-13,2023-01-13,0,"Publisher-labeled 1:1 match; numerical differences are review evidence, not a fraud/loss label."
122937111484,296506383135,747354874877,USD_2023-02-08_ACC#00001_66912     0256602566 SMILAX   FGGKR,USD_2023-02-08_ACC#00001_66912     0256602566 SMILAX   FGGKR,RULE 1,A=0;B=0,35651191 ALME7U5567JOQG7U                                                                JO TONITE SAUNT 664952723,V243912860814064 2059866797VI,-758656.80,-758656.80,0.00,0.00,2023-02-08,2023-02-08,0,"Publisher-labeled 1:1 match; numerical differences are review evidence, not a fraud/loss label."
122944611964,446308465853,602246299658,USD_2023-02-10_ACC#00001_66912     0670806708837633414407NAPE546         MORIBUND ROTENONES S SMILAX   BOLL      00837633414407NAPE546         MORIBUND ZYGNEMA SK HYRACIFORM,USD_2023-02-10_ACC#00001_66912     0670806708837633414407NAPE546         MORIBUND ROTENONES S SMILAX   BOLL      00837633414407NAPE546         MORIBUND ZYGNEMA SK HYRACIFORM,RULE 1,A=0;B=0,008376334 14407 NAPE546                                                                         UPCLOSER MONOCOQUE GAB -,VOLERY 3886798666FP,74536.07,74536.07,0.00,0.00,2023-02-10,2023-02-10,0,"Publisher-labeled 1:1 match; numerical differences are review evidence, not a fraud/loss label."
123023398544,50449243746,36398281653,USD_2023-02-09_ACC#00001_66912     0670806708889511614407KAVI031         MORIBUND VEXES WHUFF SMILAX   BOLL      00889511614407KAVI031         MORIBUND VEXES S FOMALHAUT,USD_2023-02-09_ACC#00001_66912     0670806708889511614407KAVI031         MORIBUND VEXES WHUFF SMILAX   BOLL      00889511614407KAVI031         MORIBUND VEXES S FOMALHAUT,RULE 1,A=0;B=0,008895116 14407 KAVI031                                                                         UPCLOSER MONOCOQUE GAB -,VOLERY 3817706666FP,-93800.33,-93800.33,0.00,0.00,2023-02-09,2023-02-09,0,"Publisher-labeled 1:1 match; numerical differences are review evidence, not a fraud/loss label."
123030642242,33110951944,837444757970,USD_2023-01-11_ACC#00001_66912     66325663250 37266J1D1P 088            GLONOIN FLAYS KY SMILAX   GFG       VC0 37266J1D1P 088            GLONOIN FLAYS KY,USD_2023-01-11_ACC#00001_66912     66325663250 37266J1D1P 088            GLONOIN FLAYS KY SMILAX   GFG       VC0 37266J1D1P 088            GLONOIN FLAYS KY,RULE 3,A=0;B=0,37266J1D1P 37266J1D1P                                                                      GLONOIN FLAYS KY,37266J1D1P 5704966741VI,4546.39,4546.39,0.00,0.00,2023-01-11,2023-01-11,0,"Publisher-labeled 1:1 match; numerical differences are review evidence, not a fraud/loss label."
1230465133,684573977118,48066678543,USD_2023-01-07_ACC#00001_66912     0112401124874344967327JADE521         MORIBUND ROTENONES S SMILAX   BOLL      00874344967327JADE521         MORIBUND ZYGNEMA SK HYRACIFORM,USD_2023-01-07_ACC#00001_66912     0112401124874344967327JADE521         MORIBUND ROTENONES S SMILAX   BOLL      00874344967327JADE521         MORIBUND ZYGNEMA SK HYRACIFORM,RULE 1,A=0;B=0,008743449 67327 JADE521                                                                         VOLUPT NAPKIN & RESSAUT,VOLERY 3093378666FP,60079.60,60079.60,0.00,0.00,2023-01-07,2023-01-07,0,"Publisher-labeled 1:1 match; numerical differences are review evidence, not a fraud/loss label."
123072240929,495285353613,348718577966,USD_2023-02-03_ACC#00001_66912     02566025660666H3         6666666666 SMILAX   FGGKR     FW0666H3         6666666666,USD_2023-02-03_ACC#00001_66912     02566025660666H3         6666666666 SMILAX   FGGKR     FW0666H3         6666666666,RULE 3,A=0;B=0,28456546 V28456546                                                                       SHALE           667933724,V284565460817866 8135666752VI,4000000.00,4000000.00,0.00,0.00,2023-02-03,2023-02-03,0,"Publisher-labeled 1:1 match; numerical differences are review evidence, not a fraud/loss label."
123244996757,578188813765,662314512238,USD_2023-02-26_ACC#00001_66912     66325663250 32566BM329 088            JOQVY - BAS - DG SMILAX   GFG       VC0 32566BM329 088            JOQVY - BAS - DG,USD_2023-02-26_ACC#00001_66912     66325663250 32566BM329 088            JOQVY - BAS - DG SMILAX   GFG       VC0 32566BM329 088            JOQVY - BAS - DG,RULE 1,A=0;B=0,32566BM329 32566BM329                                                                      JOQVY - BAS - DG,322756AL61364381 8405266106VI,-179156.67,-179156.67,0.00,0.00,2023-02-26,2023-02-26,0,"Publisher-labeled 1:1 match; numerical differences are review evidence, not a fraud/loss label."
123286947457,314841849517,538700186490,USD_2023-02-15_ACC#00001_66912     0670806708833210214407CHARE55         MORIBUND VEXES WHUFF SMILAX   BOLL      00833210214407CHARE55         MORIBUND VEXES S FOMALHAUT,USD_2023-02-15_ACC#00001_66912     0670806708833210214407CHARE55         MORIBUND VEXES WHUFF SMILAX   BOLL      00833210214407CHARE55         MORIBUND VEXES S FOMALHAUT,RULE 1,A=0;B=0,008332102 14407 CHARE55                                                                         UPCLOSER MONOCOQUE GAB -,VOLERY 3820541666FP,-36814.99,-36814.99,0.00,0.00,2023-02-15,2023-02-15,0,"Publisher-labeled 1:1 match; numerical differences are review evidence, not a fraud/loss label."
12329187169,149192324315,523366179390,USD_2023-01-11_ACC#00001_66912     66325663250 37266J88LJ 088            INKROOT LIKED BY SMILAX   GFG       VC0 37266J88LJ 088            INKROOT LIKED BY,USD_2023-01-11_ACC#00001_66912     66325663250 37266J88LJ 088            INKROOT LIKED BY SMILAX   GFG       VC0 37266J88LJ 088            INKROOT LIKED BY,MANUAL,A=0;B=0,37266J88LJ 37266J88LJ                                                                      INKROOT LIKED BY,FLOEY006364006 8210566752XD,-1473.37,-1473.37,0.00,0.00,2023-01-11,2023-02-03,23,"Publisher-labeled 1:1 match; numerical differences are review evidence, not a fraud/loss label."
123294382698,47591499800,625451486482,USD_2023-02-26_ACC#00001_66912     0073500735 SMILAX   FGGKR,USD_2023-02-26_ACC#00001_66912     0073500735 SMILAX   FGGKR,RULE 1,A=0;B=0,35702199 ALME7U3499JOQG7U                                                                JOQ MENDEL      664952723,V001445466846666 1985966106VI,-8753320.00,-8753320.00,0.00,0.00,2023-02-26,2023-02-26,0,"Publisher-labeled 1:1 match; numerical differences are review evidence, not a fraud/loss label."
123309506617,187126201992,985929826099,USD_2023-02-24_ACC#00001_66912     0708207082841480747082SWEAT01         IF TMH SEE FAMES SMILAX   BOLL      00841480747082SWEAT01         IF TMH SEE FAMES,USD_2023-02-24_ACC#00001_66912     0708207082841480747082SWEAT01         IF TMH SEE FAMES SMILAX   BOLL      00841480747082SWEAT01         IF TMH SEE FAMES,MANUAL,A=0;B=0,008414807 47082 SWEAT01 L9HG0MM                                                                 DUPPY YO TRIFOLY MAECENAS,VOLERY 3380554666FP,10000000.00,10000000.00,0.00,0.00,2023-02-24,2023-02-24,0,"Publisher-labeled 1:1 match; numerical differences are review evidence, not a fraud/loss label."
123394484992,818225433155,669225398404,USD_2023-02-09_ACC#00001_66912     0147601476889426541476PUDGY43         OFF TMH TIRO FAMES SMILAX   BOLL      00889426541476PUDGY43         OFF TMH TIRO HAU BT,USD_2023-02-09_ACC#00001_66912     0147601476889426541476PUDGY43         OFF TMH TIRO FAMES SMILAX   BOLL      00889426541476PUDGY43         OFF TMH TIRO HAU BT,RULE 1,A=0;B=0,008894265 41476 PUDGY43 L9NR82J                                                                 APPLICANT BAA CROM WUZZLE,VOLERY 3817760666FP,-2544977.79,-2544977.79,0.00,0.00,2023-02-09,2023-02-09,0,"Publisher-labeled 1:1 match; numerical differences are review evidence, not a fraud/loss label."
123407313856,414088893287,151793249664,USD_2023-01-11_ACC#00001_66912     66325663250 37266J85SR 088            TOURNOIS GDUFL C SMILAX   GFG       VC0 37266J85SR 088            TOURNOIS GDUFL C,USD_2023-01-11_ACC#00001_66912     66325663250 37266J85SR 088            TOURNOIS GDUFL C SMILAX   GFG       VC0 37266J85SR 088            TOURNOIS GDUFL C,RULE 3,A=0;B=0,37266J85SR 37266J85SR                                                                      TOURNOIS GDUFL C,37266J85SR 5774066741VI,718.70,718.70,0.00,0.00,2023-01-11,2023-01-11,0,"Publisher-labeled 1:1 match; numerical differences are review evidence, not a fraud/loss label."
123480310885,866577632293,351925856352,USD_2023-03-04_ACC#00001_66912     0702807028844106267463NAPE910         MORIBUND ROTENONES S SMILAX   BOLL      00844106267463NAPE910         MORIBUND ZYGNEMA SK HYRACIFORM,USD_2023-03-04_ACC#00001_66912     0702807028844106267463NAPE910         MORIBUND ROTENONES S SMILAX   BOLL      00844106267463NAPE910         MORIBUND ZYGNEMA SK HYRACIFORM,RULE 1,A=0;B=0,008441062 67463 NAPE910                                                                         DISACCORDANCE UNSOLACED S,VOLERY 3355873666FP,149371.94,149371.94,0.00,0.00,2023-03-04,2023-03-04,0,"Publisher-labeled 1:1 match; numerical differences are review evidence, not a fraud/loss label."
123494700511,601584063013,124207488008,USD_2023-01-20_ACC#00001_66912     66325663250 32566J9E7C 088            JOQVY - ELUVIA - SMILAX   GFG       VC0 32566J9E7C 088            JOQVY - ELUVIA -,USD_2023-01-20_ACC#00001_66912     66325663250 32566J9E7C 088            JOQVY - ELUVIA - SMILAX   GFG       VC0 32566J9E7C 088            JOQVY - ELUVIA -,RULE 1,A=0;B=0,32566J9E7C 32566J9E7C                                                                      JOQVY - ELUVIA -,322746AL68189907 5027366721VI,-438.17,-438.17,0.00,0.00,2023-01-20,2023-01-20,0,"Publisher-labeled 1:1 match; numerical differences are review evidence, not a fraud/loss label."
123511492642,767821377214,183091124343,USD_2023-02-26_ACC#00001_66912     02566025660666H3         6666666666 SMILAX   FGGKR     FW0666H3         6666666666,USD_2023-02-26_ACC#00001_66912     02566025660666H3         6666666666 SMILAX   FGGKR     FW0666H3         6666666666,RULE 3,A=0;B=0,35763399 V35763399                                                                       JO TONITE SAUNT 664952723,V357633996417055 1518866106VI,1240146.94,1240146.94,0.00,0.00,2023-02-26,2023-02-26,0,"Publisher-labeled 1:1 match; numerical differences are review evidence, not a fraud/loss label."
123537581168,897928608955,29456705305,USD_2023-01-27_ACC#00001_66912     0256602566 SMILAX   FGGKR,USD_2023-01-27_ACC#00001_66912     0256602566 SMILAX   FGGKR,RULE 1,A=0;B=0,49887836 ALME7U7522JOQG7U                                                                JO TONITE SAUNT 664952723,V498878466332608 4123666756VI,-4486389.19,-4486389.19,0.00,0.00,2023-01-27,2023-01-27,0,"Publisher-labeled 1:1 match; numerical differences are review evidence, not a fraud/loss label."
123563139329,424788498993,892981171101,USD_2023-02-02_ACC#00001_66912     66325663250 32566RKOA6 088            JOQVY - ELUVIA - SMILAX   GFG       VC0 32566RKOA6 088            JOQVY - ELUVIA -,USD_2023-02-02_ACC#00001_66912     66325663250 32566RKOA6 088            JOQVY - ELUVIA - SMILAX   GFG       VC0 32566RKOA6 088            JOQVY - ELUVIA -,RULE 3,A=0;B=0,32566RKOA6 32566RKOA6                                                                      JOQVY - ELUVIA -,32566RKOA6 4423366757VI,5929.50,5929.50,0.00,0.00,2023-02-02,2023-02-02,0,"Publisher-labeled 1:1 match; numerical differences are review evidence, not a fraud/loss label."
1235795956,636180061280,432250063870,USD_2023-02-22_ACC#00001_66912     0670806708835991214407CUCA624         MORIBUND ROTENONES S SMILAX   BOLL      00835991214407CUCA624         MORIBUND ZYGNEMA SK HYRACIFORM,USD_2023-02-22_ACC#00001_66912     0670806708835991214407CUCA624         MORIBUND ROTENONES S SMILAX   BOLL      00835991214407CUCA624         MORIBUND ZYGNEMA SK HYRACIFORM,RULE 1,A=0;B=0,008359912 14407 CUCA624                                                                         ENHAT CROM TYPY AS CARENE,VOLERY 3376439666FP,50287.25,50287.25,0.00,0.00,2023-02-22,2023-02-22,0,"Publisher-labeled 1:1 match; numerical differences are review evidence, not a fraud/loss label."
123623391126,573800327446,428748266186,USD_2023-03-01_ACC#00001_66912     66325663250 32566RGD80 088            JOQVY - BAS - DG SMILAX   GFG       VC0 32566RGD80 088            JOQVY - BAS - DG,USD_2023-03-01_ACC#00001_66912     66325663250 32566RGD80 088            JOQVY - BAS - DG SMILAX   GFG       VC0 32566RGD80 088            JOQVY - BAS - DG,RULE 1,A=0;B=0,32566RGD80 32566RGD80                                                                      JOQVY - BAS - DG,322756AL61370656 5567666101VI,-7876.12,-7876.12,0.00,0.00,2023-03-01,2023-03-01,0,"Publisher-labeled 1:1 match; numerical differences are review evidence, not a fraud/loss label."
123653445375,157455227000,618509503034,USD_2023-01-18_ACC#00001_66912     0608206082811470567399NAPE778         MORIBUND VEXES WHUFF SMILAX   BOLL      00811470567399NAPE778         MORIBUND VEXES S FOMALHAUT,USD_2023-01-18_ACC#00001_66912     0608206082811470567399NAPE778         MORIBUND VEXES WHUFF SMILAX   BOLL      00811470567399NAPE778         MORIBUND VEXES S FOMALHAUT,RULE 1,A=0;B=0,008114705 67399 NAPE778                                                                         I GHEE POSSY DRACONITES N,VOLERY 3745696666FP,-216474.85,-216474.85,0.00,0.00,2023-01-18,2023-01-18,0,"Publisher-labeled 1:1 match; numerical differences are review evidence, not a fraud/loss label."
123741330520,135252491673,219945860130,USD_2023-02-19_ACC#00001_66912     66325663250 32566RO2J6 088            JOQVY - BAS - DG SMILAX   GFG       VC0 32566RO2J6 088            JOQVY - BAS - DG,USD_2023-02-19_ACC#00001_66912     66325663250 32566RO2J6 088            JOQVY - BAS - DG SMILAX   GFG       VC0 32566RO2J6 088            JOQVY - BAS - DG,RULE 1,A=0;B=0,32566RO2J6 32566RO2J6                                                                      JOQVY - BAS - DG,322756AL61312930 0398766167VI,-100769.93,-100769.93,0.00,0.00,2023-02-19,2023-02-19,0,"Publisher-labeled 1:1 match; numerical differences are review evidence, not a fraud/loss label."
12398432834,908342634770,646864919125,USD_2023-02-24_ACC#00001_66912     0670806708840199614407NAPE074         MORIBUND VEXES WHUFF SMILAX   BOLL      00840199614407NAPE074         MORIBUND VEXES S FOMALHAUT,USD_2023-02-24_ACC#00001_66912     0670806708840199614407NAPE074         MORIBUND VEXES WHUFF SMILAX   BOLL      00840199614407NAPE074         MORIBUND VEXES S FOMALHAUT,RULE 1,A=0;B=0,008401996 14407 NAPE074                                                                         UPCLOSER MONOCOQUE GAB -,VOLERY 3387171666FP,-32202.57,-32202.57,0.00,0.00,2023-02-24,2023-02-24,0,"Publisher-labeled 1:1 match; numerical differences are review evidence, not a fraud/loss label."
124011590023,956324075060,42372465771,USD_2023-02-18_ACC#00001_66912     0607306073834097967613OKET347         MORIBUND VEXES WHUFF SMILAX   BOLL      00834097967613OKET347         MORIBUND VEXES S FOMALHAUT,USD_2023-02-18_ACC#00001_66912     0607306073834097967613OKET347         MORIBUND VEXES WHUFF SMILAX   BOLL      00834097967613OKET347         MORIBUND VEXES S FOMALHAUT,RULE 1,A=0;B=0,008340979 67613 OKET347                                                                         ASCIDIA GEOMETRINE MOGGIO,VOLERY 3360129666FP,-5872100.00,-5872100.00,0.00,0.00,2023-02-18,2023-02-18,0,"Publisher-labeled 1:1 match; numerical differences are review evidence, not a fraud/loss label."
124030676310,860682253534,575973443583,USD_2023-01-08_ACC#00001_66912     0617806178879396367387NAPE703         MORIBUND VEXES WHUFF SMILAX   BOLL      00879396367387NAPE703         MORIBUND VEXES S FOMALHAUT,USD_2023-01-08_ACC#00001_66912     0617806178879396367387NAPE703         MORIBUND VEXES WHUFF SMILAX   BOLL      00879396367387NAPE703         MORIBUND VEXES S FOMALHAUT,RULE 1,A=0;B=0,008793963 67387 NAPE703                                                                         CLINOGRAPH CONSTANCY GAUR,VOLERY 3764012666FP,-9346811.51,-9346811.51,0.00,0.00,2023-01-08,2023-01-08,0,"Publisher-labeled 1:1 match; numerical differences are review evidence, not a fraud/loss label."
124164408342,345565789108,712941186069,USD_2023-01-14_ACC#00001_66912     0676506765811415115574NAPE159         MORIBUND ROTENONES S SMILAX   BOLL      00811415115574NAPE159         MORIBUND ZYGNEMA SK HYRACIFORM,USD_2023-01-14_ACC#00001_66912     0676506765811415115574NAPE159         MORIBUND ROTENONES S SMILAX   BOLL      00811415115574NAPE159         MORIBUND ZYGNEMA SK HYRACIFORM,RULE 1,A=0;B=0,008114151 15574 NAPE159                                                                         SLATTERN TYPY OEV,VOLERY 3782379666FP,954052.37,954052.37,0.00,0.00,2023-01-14,2023-01-14,0,"Publisher-labeled 1:1 match; numerical differences are review evidence, not a fraud/loss label."
124372948339,904114454380,40874412103,USD_2023-02-04_ACC#00001_66912     6033960339 SMILAX   GPD,USD_2023-02-04_ACC#00001_66912     6033960339 SMILAX   GPD,RULE 3,A=0;B=0,VIP9126666799187 VIP9126666799187,VIP9126666799187 6031666755VI,13646300.00,13646300.00,0.00,0.00,2023-02-04,2023-02-04,0,"Publisher-labeled 1:1 match; numerical differences are review evidence, not a fraud/loss label."
124390143736,34145413648,580685189721,USD_2023-01-04_ACC#00001_66912     0147701477873780541477NAPE703         OFF TMH TIRO FAMES SMILAX   BOLL      00873780541477NAPE703         OFF TMH TIRO HAU BT,USD_2023-01-04_ACC#00001_66912     0147701477873780541477NAPE703         OFF TMH TIRO FAMES SMILAX   BOLL      00873780541477NAPE703         OFF TMH TIRO HAU BT,RULE 1,A=0;B=0,008737805 41477 NAPE703 L9HJ4NM                                                                 UPCLOSER MONOCOQUE GAB -,VOLERY 3048628666FP,-5488207.11,-5488207.11,0.00,0.00,2023-01-04,2023-01-04,0,"Publisher-labeled 1:1 match; numerical differences are review evidence, not a fraud/loss label."
124429816109,12032829130,327585433062,USD_2023-01-04_ACC#00001_66912     0250702507802108467666                ANDI SEMSEM DIP WOLD SMILAX   BOLL      00802108467666                ANDI SEMSEM DIP  WOLD,USD_2023-01-04_ACC#00001_66912     0250702507802108467666                ANDI SEMSEM DIP WOLD SMILAX   BOLL      00802108467666                ANDI SEMSEM DIP  WOLD,RULE 3,A=0;B=0,008021084 67666 UNDOG87 L9FV10X                                                                 HAFIZ GOWLAN OBS DADDER N,008021084-767-0 4890866732VI,46900.00,46900.00,0.00,0.00,2023-01-04,2023-01-04,0,"Publisher-labeled 1:1 match; numerical differences are review evidence, not a fraud/loss label."
1244448315,730522488394,443578103463,USD_2023-02-19_ACC#00001_66912     0147701477839940341477NAPE509         OFF TMH TIRO FAMES SMILAX   BOLL      00839940341477NAPE509         OFF TMH TIRO HAU BT,USD_2023-02-19_ACC#00001_66912     0147701477839940341477NAPE509         OFF TMH TIRO FAMES SMILAX   BOLL      00839940341477NAPE509         OFF TMH TIRO HAU BT,RULE 1,A=0;B=0,008399403 41477 NAPE509 L9WA7AJ                                                                 UPCLOSER MONOCOQUE GAB -,VOLERY 3306656666FP,-21583259.50,-21583259.50,0.00,0.00,2023-02-19,2023-02-19,0,"Publisher-labeled 1:1 match; numerical differences are review evidence, not a fraud/loss label."
124566188388,32369299224,618582395784,USD_2023-02-15_ACC#00001_66912     0638106381838261788856KAVI080         MORIBUND ROTENONES S SMILAX   BOLL      00838261788856KAVI080         MORIBUND ZYGNEMA SK HYRACIFORM,USD_2023-02-15_ACC#00001_66912     0638106381838261788856KAVI080         MORIBUND ROTENONES S SMILAX   BOLL      00838261788856KAVI080         MORIBUND ZYGNEMA SK HYRACIFORM,RULE 1,A=0;B=0,008382617 88856 KAVI080                                                                         UPCLOSER MONOCOQUE GAB -,VOLERY 3826645666FP,3331270.85,3331270.85,0.00,0.00,2023-02-15,2023-02-15,0,"Publisher-labeled 1:1 match; numerical differences are review evidence, not a fraud/loss label."
124598219924,735870492195,423691177776,USD_2023-01-01_ACC#00001_66912     0156801568870673317661CHARE90         MORIBUND ROTENONES S SMILAX   BOLL      00870673317661CHARE90         MORIBUND ZYGNEMA SK HYRACIFORM,USD_2023-01-01_ACC#00001_66912     0156801568870673317661CHARE90         MORIBUND ROTENONES S SMILAX   BOLL      00870673317661CHARE90         MORIBUND ZYGNEMA SK HYRACIFORM,RULE 1,A=0;B=0,008706733 17661 CHARE90                                                                         DIANITE ANIMI VOWED AGHAN,VOLERY 3033078666FP,1085261.87,1085261.87,0.00,0.00,2023-01-01,2023-01-01,0,"Publisher-labeled 1:1 match; numerical differences are review evidence, not a fraud/loss label."
124620387743,176485390902,694790005084,USD_2023-01-22_ACC#00001_66912     0122001220812237412660NAPE518         MORIBUND VEXES WHUFF SMILAX   BOLL      00812237412660NAPE518         MORIBUND VEXES S FOMALHAUT,USD_2023-01-22_ACC#00001_66912     0122001220812237412660NAPE518         MORIBUND VEXES WHUFF SMILAX   BOLL      00812237412660NAPE518         MORIBUND VEXES S FOMALHAUT,RULE 1,A=0;B=0,008122374 12660 NAPE518                                                                         UPCLOSER MONOCOQUE GAB -,VOLERY 3100375666FP,-470135.96,-470135.96,0.00,0.00,2023-01-22,2023-01-22,0,"Publisher-labeled 1:1 match; numerical differences are review evidence, not a fraud/loss label."
124663720118,620347201042,310414080244,USD_2023-01-11_ACC#00001_66912     66325663250 37266J1GVN 088            INKROOT LIKED BY SMILAX   GFG       VC0 37266J1GVN 088            INKROOT LIKED BY,USD_2023-01-11_ACC#00001_66912     66325663250 37266J1GVN 088            INKROOT LIKED BY SMILAX   GFG       VC0 37266J1GVN 088            INKROOT LIKED BY,RULE 3,A=0;B=0,37266J1GVN 37266J1GVN                                                                      INKROOT LIKED BY,37266J1GVN 9912966748VI,31520.97,31520.97,0.00,0.00,2023-01-11,2023-01-11,0,"Publisher-labeled 1:1 match; numerical differences are review evidence, not a fraud/loss label."
124736586633,776841138908,294215650057,USD_2023-02-11_ACC#00001_66912     66325663250 32566RHF7E 088            JOQVY - ELUVIA - SMILAX   GFG       VC0 32566RHF7E 088            JOQVY - ELUVIA -,USD_2023-02-11_ACC#00001_66912     66325663250 32566RHF7E 088            JOQVY - ELUVIA - SMILAX   GFG       VC0 32566RHF7E 088            JOQVY - ELUVIA -,RULE 3,A=0;B=0,32566RHF7E 32566RHF7E                                                                      JOQVY - ELUVIA -,32566RHF7E 2544766798VI,75847.00,75847.00,0.00,0.00,2023-02-11,2023-02-11,0,"Publisher-labeled 1:1 match; numerical differences are review evidence, not a fraud/loss label."
12482572423,809060483374,717563669815,USD_2023-02-22_ACC#00001_66912     09999099997313           6666666666 SMILAX   FGGKR     KR7313           6666666666                                     666666666666666,USD_2023-02-22_ACC#00001_66912     09999099997313           6666666666 SMILAX   FGGKR     KR7313           6666666666                                     666666666666666,RULE 3,A=0;B=0,15398799 V15398799                                                                       SLATTERN EU     706670310,MG15398799M600MK 8991366161VI,20666.44,20666.44,0.00,0.00,2023-02-22,2023-02-22,0,"Publisher-labeled 1:1 match; numerical differences are review evidence, not a fraud/loss label."
124844287586,704217195684,708589804651,USD_2023-02-04_ACC#00001_66912     66325663250 32566RLYMK 088            JOQVY DE -ELUVIA SMILAX   GFG       VC0 32566RLYMK 088            JOQVY DE -ELUVIA,USD_2023-02-04_ACC#00001_66912     66325663250 32566RLYMK 088            JOQVY DE -ELUVIA SMILAX   GFG       VC0 32566RLYMK 088            JOQVY DE -ELUVIA,RULE 1,A=0;B=0,32566RLYMK 32566RLYMK                                                                      JOQVY DE -ELUVIA,322746AL68126988 9236166755VI,-2664.62,-2664.62,0.00,0.00,2023-02-04,2023-02-04,0,"Publisher-labeled 1:1 match; numerical differences are review evidence, not a fraud/loss label."
124870415174,79118678172,470236169158,USD_2023-01-19_ACC#00001_66912     02566025660666H3         6666666666 SMILAX   FGGKR     FW0666H3         6666666666,USD_2023-01-19_ACC#00001_66912     02566025660666H3         6666666666 SMILAX   FGGKR     FW0666H3         6666666666,RULE 3,A=0;B=0,47100976 V47100976                                                                       SHALE           667933724,V471009767917474 7199266727VI,445110.00,445110.00,0.00,0.00,2023-01-19,2023-01-19,0,"Publisher-labeled 1:1 match; numerical differences are review evidence, not a fraud/loss label."
12487879833,742468272835,213786669421,USD_2023-02-12_ACC#00001_66912     0670806708837931014407BOAS229         MORIBUND VEXES WHUFF SMILAX   BOLL      00837931014407BOAS229         MORIBUND VEXES S FOMALHAUT,USD_2023-02-12_ACC#00001_66912     0670806708837931014407BOAS229         MORIBUND VEXES WHUFF SMILAX   BOLL      00837931014407BOAS229         MORIBUND VEXES S FOMALHAUT,RULE 1,A=0;B=0,008379310 14407 BOAS229                                                                         UPCLOSER MONOCOQUE GAB -,VOLERY 3840893666FP,-28538.93,-28538.93,0.00,0.00,2023-02-12,2023-02-12,0,"Publisher-labeled 1:1 match; numerical differences are review evidence, not a fraud/loss label."
124910621358,917849350232,959083512249,USD_2023-02-11_ACC#00001_66912     0670806708837643914476CROWL16         MORIBUND VEXES WHUFF SMILAX   BOLL      00837643914476CROWL16         MORIBUND VEXES S FOMALHAUT,USD_2023-02-11_ACC#00001_66912     0670806708837643914476CROWL16         MORIBUND VEXES WHUFF SMILAX   BOLL      00837643914476CROWL16         MORIBUND VEXES S FOMALHAUT,RULE 1,A=0;B=0,008376439 14476 CROWL16                                                                         UPCLOSER MONOCOQUE GAB -,VOLERY 3830904666FP,-16980.50,-16980.50,0.00,0.00,2023-02-11,2023-02-11,0,"Publisher-labeled 1:1 match; numerical differences are review evidence, not a fraud/loss label."
124927637534,947448008354,745680409231,USD_2023-02-03_ACC#00001_66912     0156801568882667417661NAPE703         MORIBUND ROTENONES S SMILAX   BOLL      00882667417661NAPE703         MORIBUND ZYGNEMA SK HYRACIFORM,USD_2023-02-03_ACC#00001_66912     0156801568882667417661NAPE703         MORIBUND ROTENONES S SMILAX   BOLL      00882667417661NAPE703         MORIBUND ZYGNEMA SK HYRACIFORM,RULE 1,A=0;B=0,008826674 17661 NAPE703                                                                         TAPU ETHERIFIES AUANTIC,VOLERY 3196022666FP,7768215.20,7768215.20,0.00,0.00,2023-02-03,2023-02-03,0,"Publisher-labeled 1:1 match; numerical differences are review evidence, not a fraud/loss label."
125015268661,85921112894,270460634600,USD_2023-01-29_ACC#00001_66912     6033960339 SMILAX   GPD,USD_2023-01-29_ACC#00001_66912     6033960339 SMILAX   GPD,RULE 3,A=0;B=0,VIP9126666792340 VIP9126666792340,VIP9126666792340 7062566757FW,-3154642.90,-3154642.90,0.00,0.00,2023-01-29,2023-01-29,0,"Publisher-labeled 1:1 match; numerical differences are review evidence, not a fraud/loss label."
125065512760,706241823608,364058402691,USD_2023-02-25_ACC#00001_66912     0646406464840060761008OKET213         MORIBUND ROTENONES S SMILAX   BOLL      00840060761008OKET213         MORIBUND ZYGNEMA SK HYRACIFORM,USD_2023-02-25_ACC#00001_66912     0646406464840060761008OKET213         MORIBUND ROTENONES S SMILAX   BOLL      00840060761008OKET213         MORIBUND ZYGNEMA SK HYRACIFORM,RULE 1,A=0;B=0,008400607 61008 OKET213                                                                         Y.M.TONITE STRICKS CHUHRA,VOLERY 3336612666FP,1184000.00,1184000.00,0.00,0.00,2023-02-25,2023-02-25,0,"Publisher-labeled 1:1 match; numerical differences are review evidence, not a fraud/loss label."
125078656204,962710893556,449549193296,USD_2023-01-20_ACC#00001_66912     66325663250 32566J99XC 088            JOQVY DE -ELUVIA SMILAX   GFG       VC0 32566J99XC 088            JOQVY DE -ELUVIA,USD_2023-01-20_ACC#00001_66912     66325663250 32566J99XC 088            JOQVY DE -ELUVIA SMILAX   GFG       VC0 32566J99XC 088            JOQVY DE -ELUVIA,RULE 1,A=0;B=0,32566J99XC 32566J99XC                                                                      JOQVY DE -ELUVIA,322746AL68790810 5009666721VI,-1233.36,-1233.36,0.00,0.00,2023-01-20,2023-01-20,0,"Publisher-labeled 1:1 match; numerical differences are review evidence, not a fraud/loss label."
125121269587,763534176519,502473584074,USD_2023-01-06_ACC#00001_66912     0156801568873433317661NAPE159         MORIBUND ROTENONES S SMILAX   BOLL      00873433317661NAPE159         MORIBUND ZYGNEMA SK HYRACIFORM,USD_2023-01-06_ACC#00001_66912     0156801568873433317661NAPE159         MORIBUND ROTENONES S SMILAX   BOLL      00873433317661NAPE159         MORIBUND ZYGNEMA SK HYRACIFORM,RULE 1,A=0;B=0,008734333 17661 NAPE159                                                                         UPCLOSER MONOCOQUE GAB -,VOLERY 3054472666FP,55164482.53,55164482.53,0.00,0.00,2023-01-06,2023-01-06,0,"Publisher-labeled 1:1 match; numerical differences are review evidence, not a fraud/loss label."
125152143334,450271105226,590080020673,USD_2023-01-13_ACC#00001_66912     02566025660666H3         6666666666 SMILAX   FGGKR     FW0666H3         6666666666,USD_2023-01-13_ACC#00001_66912     02566025660666H3         6666666666 SMILAX   FGGKR     FW0666H3         6666666666,RULE 3,A=0;B=0,32973769 V32973769                                                                       JO TONITE SAUNT 664952723,V329737697117451 4798866744VI,1285174.90,1285174.90,0.00,0.00,2023-01-13,2023-01-13,0,"Publisher-labeled 1:1 match; numerical differences are review evidence, not a fraud/loss label."
125228397050,21443523934,261982495624,USD_2023-03-01_ACC#00001_66912     0256602566 SMILAX   FGGKR,USD_2023-03-01_ACC#00001_66912     0256602566 SMILAX   FGGKR,RULE 1,A=0;B=0,08021280 CHUETA6177JOQG7U                                                                JO TONITE CROM  667764757,V080213006413206 5948466101VI,-17031701.49,-17031701.49,0.00,0.00,2023-03-01,2023-03-01,0,"Publisher-labeled 1:1 match; numerical differences are review evidence, not a fraud/loss label."
125250223160,439860503582,429099799910,USD_2023-01-01_ACC#00001_66912     0147701477873787141477EPEE553         IF TMH SEE FAMES SMILAX   BOLL      00873787141477EPEE553         IF TMH SEE FAMES,USD_2023-01-01_ACC#00001_66912     0147701477873787141477EPEE553         IF TMH SEE FAMES SMILAX   BOLL      00873787141477EPEE553         IF TMH SEE FAMES,RULE 1,A=0;B=0,008737871 41477 EPEE553 L9HJ4DB                                                                 UPCLOSER MONOCOQUE GAB -,VOLERY 3033701666FP,173780.00,173780.00,0.00,0.00,2023-01-01,2023-01-01,0,"Publisher-labeled 1:1 match; numerical differences are review evidence, not a fraud/loss label."
125253312646,565367843728,671003832901,USD_2023-02-25_ACC#00001_66912     02566025660666H3         6666666666 SMILAX   FGGKR     FW0666H3         6666666666,USD_2023-02-25_ACC#00001_66912     02566025660666H3         6666666666 SMILAX   FGGKR     FW0666H3         6666666666,RULE 1,A=0;B=0,35777425 V35777425                                                                       JO TONITE SAUNT 664952723,JOE690064-666142 L-2592866101LL,12000000.00,12000000.00,0.00,0.00,2023-02-25,2023-02-25,0,"Publisher-labeled 1:1 match; numerical differences are review evidence, not a fraud/loss label."
125284413262,540561799562,192663761591,USD_2023-02-24_ACC#00001_66912     0670806708847748114407HUBBA68         MORIBUND ROTENONES S SMILAX   BOLL      00847748114407HUBBA68         MORIBUND ZYGNEMA SK HYRACIFORM,USD_2023-02-24_ACC#00001_66912     0670806708847748114407HUBBA68         MORIBUND ROTENONES S SMILAX   BOLL      00847748114407HUBBA68         MORIBUND ZYGNEMA SK HYRACIFORM,RULE 1,A=0;B=0,008477481 14407 HUBBA68                                                                         UPCLOSER MONOCOQUE GAB -,VOLERY 3386386666FP,115512.83,115512.83,0.00,0.00,2023-02-24,2023-02-24,0,"Publisher-labeled 1:1 match; numerical differences are review evidence, not a fraud/loss label."
125399236577,743577768846,408093467714,USD_2023-01-07_ACC#00001_66912     66325663250 32566J6W7Q 088            JOQVY - ELUVIA - SMILAX   GFG       VC0 32566J6W7Q 088            JOQVY - ELUVIA -,USD_2023-01-07_ACC#00001_66912     66325663250 32566J6W7Q 088            JOQVY - ELUVIA - SMILAX   GFG       VC0 32566J6W7Q 088            JOQVY - ELUVIA -,RULE 1,A=0;B=0,32566J6W7Q 32566J6W7Q                                                                      JOQVY - ELUVIA -,322746AL68139077 2157366739VI,-188704.14,-188704.14,0.00,0.00,2023-01-07,2023-01-07,0,"Publisher-labeled 1:1 match; numerical differences are review evidence, not a fraud/loss label."
125495841822,757042631539,357777281214,USD_2023-02-10_ACC#00001_66912     06412064120666H3         6666666666 SMILAX   FGGKR     FW0666H3         6666666666,USD_2023-02-10_ACC#00001_66912     06412064120666H3         6666666666 SMILAX   FGGKR     FW0666H3         6666666666,RULE 3,A=0;B=0,15338967 V15338967                                                                       LGYV EU RUSA ETY666417429,V153389677010273 3780066798VI,368087.11,368087.11,0.00,0.00,2023-02-10,2023-02-10,0,"Publisher-labeled 1:1 match; numerical differences are review evidence, not a fraud/loss label."
125501664524,301892924615,566621168938,USD_2023-01-18_ACC#00001_66912     6033960339 SMILAX   GPD,USD_2023-01-18_ACC#00001_66912     6033960339 SMILAX   GPD,RULE 3,A=0;B=0,AHT9126666791002 AHT9126666791002,AHT9126666791002 1481066720XD,-147643.00,-147643.00,0.00,0.00,2023-01-18,2023-01-18,0,"Publisher-labeled 1:1 match; numerical differences are review evidence, not a fraud/loss label."
125569559510,285290778979,560038133985,USD_2023-02-26_ACC#00001_66912     02566025660666H3         6666666666 SMILAX   FGGKR     FW0666H3         6666666666,USD_2023-02-26_ACC#00001_66912     02566025660666H3         6666666666 SMILAX   FGGKR     FW0666H3         6666666666,RULE 3,A=0;B=0,35778257 V35778257                                                                       JO TONITE SAUNT 664952723,V357782576432664 8960166106VI,2604051.50,2604051.50,0.00,0.00,2023-02-26,2023-02-26,0,"Publisher-labeled 1:1 match; numerical differences are review evidence, not a fraud/loss label."
125674151083,310818692568,698186497349,USD_2023-01-21_ACC#00001_66912     66325663250 32566RY6EH 088            JOQVY DE -ELUVIA SMILAX   GFG       VC0 32566RY6EH 088            JOQVY DE -ELUVIA,USD_2023-01-21_ACC#00001_66912     66325663250 32566RY6EH 088            JOQVY DE -ELUVIA SMILAX   GFG       VC0 32566RY6EH 088            JOQVY DE -ELUVIA,RULE 1,A=0;B=0,32566RY6EH 32566RY6EH                                                                      JOQVY DE -ELUVIA,325746AL68114197 7139666728VI,-1027.08,-1027.08,0.00,0.00,2023-01-21,2023-01-21,0,"Publisher-labeled 1:1 match; numerical differences are review evidence, not a fraud/loss label."
125699082389,8380918213,357845243522,USD_2023-02-02_ACC#00001_66912     0147701477882729141477AUG0762         IF TMH SEE FAMES SMILAX   BOLL      00882729141477AUG0762         IF TMH SEE FAMES,USD_2023-02-02_ACC#00001_66912     0147701477882729141477AUG0762         IF TMH SEE FAMES SMILAX   BOLL      00882729141477AUG0762         IF TMH SEE FAMES,RULE 1,A=0;B=0,008827291 41477 AUG0762 L9CY3V7                                                                 UPCLOSER MONOCOQUE GAB -,VOLERY 3156174666FP,39007665.00,39007665.00,0.00,0.00,2023-02-02,2023-02-02,0,"Publisher-labeled 1:1 match; numerical differences are review evidence, not a fraud/loss label."
125792812600,466136618838,531883058625,USD_2023-01-04_ACC#00001_66912     6033960339 SMILAX   GPD,USD_2023-01-04_ACC#00001_66912     6033960339 SMILAX   GPD,RULE 3,A=0;B=0,VIP9126666759081 VIP9126666759081,VIP9126666759081 2879066732VI,1788800.00,1788800.00,0.00,0.00,2023-01-04,2023-01-04,0,"Publisher-labeled 1:1 match; numerical differences are review evidence, not a fraud/loss label."
125849638519,502674107785,514332549123,USD_2023-03-02_ACC#00001_66912     0609306093843293667005TANNA82         MORIBUND VEXES WHUFF SMILAX   BOLL      00843293667005TANNA82         MORIBUND VEXES S FOMALHAUT,USD_2023-03-02_ACC#00001_66912     0609306093843293667005TANNA82         MORIBUND VEXES WHUFF SMILAX   BOLL      00843293667005TANNA82         MORIBUND VEXES S FOMALHAUT,RULE 1,A=0;B=0,008432936 67005 TANNA82                                                                         ROUTOUS UNCALKED VOWED AP,VOLERY 3356369666FP,-1041549.97,-1041549.97,0.00,0.00,2023-03-02,2023-03-02,0,"Publisher-labeled 1:1 match; numerical differences are review evidence, not a fraud/loss label."
125875548674,286596466009,765026456513,USD_2023-02-23_ACC#00001_66912     0676506765840845355570NAPE703         MORIBUND VEXES WHUFF SMILAX   BOLL      00840845355570NAPE703         MORIBUND VEXES S FOMALHAUT,USD_2023-02-23_ACC#00001_66912     0676506765840845355570NAPE703         MORIBUND VEXES WHUFF SMILAX   BOLL      00840845355570NAPE703         MORIBUND VEXES S FOMALHAUT,RULE 1,A=0;B=0,008408453 55570 NAPE703                                                                         JO TONITE ETHERIFIES GAB,VOLERY 3310381666FP,-5487757.68,-5487757.68,0.00,0.00,2023-02-23,2023-02-23,0,"Publisher-labeled 1:1 match; numerical differences are review evidence, not a fraud/loss label."
125943745950,590449362699,614502739803,USD_2023-03-05_ACC#00001_66912     0673506735842236767089OKET216         MORIBUND ROTENONES S SMILAX   BOLL      00842236767089OKET216         MORIBUND ZYGNEMA SK HYRACIFORM,USD_2023-03-05_ACC#00001_66912     0673506735842236767089OKET216         MORIBUND ROTENONES S SMILAX   BOLL      00842236767089OKET216         MORIBUND ZYGNEMA SK HYRACIFORM,RULE 1,A=0;B=0,008422367 67089 OKET216                                                                         ALL BILAAN ANGELINA ALGID,VOLERY 3395001666FP,325635.50,325635.50,0.00,0.00,2023-03-05,2023-03-05,0,"Publisher-labeled 1:1 match; numerical differences are review evidence, not a fraud/loss label."
125983746959,779296646100,438225523777,USD_2023-02-23_ACC#00001_66912     66325663250 32566RPTBK 088            JOQVY DE -ELUVIA SMILAX   GFG       VC0 32566RPTBK 088            JOQVY DE -ELUVIA,USD_2023-02-23_ACC#00001_66912     66325663250 32566RPTBK 088            JOQVY DE -ELUVIA SMILAX   GFG       VC0 32566RPTBK 088            JOQVY DE -ELUVIA,RULE 3,A=0;B=0,32566RPTBK 32566RPTBK                                                                      JOQVY DE -ELUVIA,32566RPTBK 1867966162VI,468282.93,468282.93,0.00,0.00,2023-02-23,2023-02-23,0,"Publisher-labeled 1:1 match; numerical differences are review evidence, not a fraud/loss label."
126032780920,746402200910,162871851490,USD_2023-01-14_ACC#00001_66912     02566025660666H3         6666666666 SMILAX   FGGKR     FW0666H3         6666666666,USD_2023-01-14_ACC#00001_66912     02566025660666H3         6666666666 SMILAX   FGGKR     FW0666H3         6666666666,RULE 3,A=0;B=0,39077446 V39077446                                                                       JO TONITE SAUNT 664952723,V390774467817854 6696166742VI,2406550.00,2406550.00,0.00,0.00,2023-01-14,2023-01-14,0,"Publisher-labeled 1:1 match; numerical differences are review evidence, not a fraud/loss label."
12603883774,650932447824,774177053571,USD_2023-01-29_ACC#00001_66912     0603606036883433467888NAPE159         IF TMH SEE FAMES SMILAX   BOLL      00883433467888NAPE159         IF TMH SEE FAMES,USD_2023-01-29_ACC#00001_66912     0603606036883433467888NAPE159         IF TMH SEE FAMES SMILAX   BOLL      00883433467888NAPE159         IF TMH SEE FAMES,RULE 1,A=0;B=0,008834334 67888 NAPE159 L9CY0XX                                                                 JO TONITE ETHERIFIES GAB,VOLERY 3146454666FP,1474794.10,1474794.10,0.00,0.00,2023-01-29,2023-01-29,0,"Publisher-labeled 1:1 match; numerical differences are review evidence, not a fraud/loss label."
126065655961,735372823582,898251915599,USD_2023-01-15_ACC#00001_66912     0256602566 SMILAX   FGGKR                                                                     666666666666666,USD_2023-01-15_ACC#00001_66912     0256602566 SMILAX   FGGKR                                                                     666666666666666,RULE 1,A=0;B=0,12069186 EGBA7U4585JOQG7U                                                                VERANDAH AI     103618748,KRU69697360O6760 3624966745XD,-1792677.35,-1792677.35,0.00,0.00,2023-01-15,2023-01-15,0,"Publisher-labeled 1:1 match; numerical differences are review evidence, not a fraud/loss label."
12608430552,892570908710,354856514780,USD_2023-01-18_ACC#00001_66912     0147701477813794641477EPEE553         OFF TMH TIRO FAMES SMILAX   BOLL      00813794641477EPEE553         OFF TMH TIRO HAU BT,USD_2023-01-18_ACC#00001_66912     0147701477813794641477EPEE553         OFF TMH TIRO FAMES SMILAX   BOLL      00813794641477EPEE553         OFF TMH TIRO HAU BT,RULE 1,A=0;B=0,008137946 41477 EPEE553 L9FR53C                                                                 UPCLOSER MONOCOQUE GAB -,VOLERY 3744915666FP,-58733222.30,-58733222.30,0.00,0.00,2023-01-18,2023-01-18,0,"Publisher-labeled 1:1 match; numerical differences are review evidence, not a fraud/loss label."
12608901673,751775316102,387618838549,USD_2023-02-04_ACC#00001_66912     0073500735 SMILAX   FGGKR,USD_2023-02-04_ACC#00001_66912     0073500735 SMILAX   FGGKR,RULE 1,A=0;B=0,35622854 ALME7U4777JOQG7U                                                                JOQ MENDEL      664952723,V246278160133924 9072266755VI,-1262575.65,-1262575.65,0.00,0.00,2023-02-04,2023-02-04,0,"Publisher-labeled 1:1 match; numerical differences are review evidence, not a fraud/loss label."
126123013012,335487855315,996676405197,USD_2023-01-22_ACC#00001_WF 66912     0207602076812569913737NAPE566         MORIBUND ROTENONES S,USD_2023-01-22_ACC#00001_WF 66912     0207602076812569913737NAPE566         MORIBUND ROTENONES S,RULE 1,A=0;B=0,008125699 13737 NAPE566                                                                         HATER GRAVEL KEEPINGS,VOLERY 3169450666FP,29697.57,29697.57,0.00,0.00,2023-01-22,2023-01-22,0,"Publisher-labeled 1:1 match; numerical differences are review evidence, not a fraud/loss label."
126251214704,139114105988,377762320701,USD_2023-02-24_ACC#00001_66912     0638106381847051388856KAVI172         MORIBUND ROTENONES S SMILAX   BOLL      00847051388856KAVI172         MORIBUND ZYGNEMA SK HYRACIFORM,USD_2023-02-24_ACC#00001_66912     0638106381847051388856KAVI172         MORIBUND ROTENONES S SMILAX   BOLL      00847051388856KAVI172         MORIBUND ZYGNEMA SK HYRACIFORM,RULE 1,A=0;B=0,008470513 88856 KAVI172                                                                         UPCLOSER MONOCOQUE GAB -,VOLERY 3380548666FP,50604778.17,50604778.17,0.00,0.00,2023-02-24,2023-02-24,0,"Publisher-labeled 1:1 match; numerical differences are review evidence, not a fraud/loss label."
126253105614,445977971077,71109985890,USD_2023-02-24_ACC#00001_66912     0670806708847725614476DODOS98         MORIBUND ROTENONES S SMILAX   BOLL      00847725614476DODOS98         MORIBUND ZYGNEMA SK HYRACIFORM,USD_2023-02-24_ACC#00001_66912     0670806708847725614476DODOS98         MORIBUND ROTENONES S SMILAX   BOLL      00847725614476DODOS98         MORIBUND ZYGNEMA SK HYRACIFORM,RULE 1,A=0;B=0,008477256 14476 DODOS98                                                                         UPCLOSER MONOCOQUE GAB -,VOLERY 3386383666FP,7238.45,7238.45,0.00,0.00,2023-02-24,2023-02-24,0,"Publisher-labeled 1:1 match; numerical differences are review evidence, not a fraud/loss label."
126275108406,172407499282,287045692183,USD_2023-01-28_ACC#00001_66912     02566025660666H3         6666666666 SMILAX   FGGKR     FW0666H3         6666666666,USD_2023-01-28_ACC#00001_66912     02566025660666H3         6666666666 SMILAX   FGGKR     FW0666H3         6666666666,RULE 3,A=0;B=0,35612439 V35612439                                                                       JO TONITE SAUNT 664952723,V356124396511682 9596966750VI,347090.00,347090.00,0.00,0.00,2023-01-28,2023-01-28,0,"Publisher-labeled 1:1 match; numerical differences are review evidence, not a fraud/loss label."
126440242449,820563621452,478475081786,USD_2023-01-07_ACC#00001_66912     0156801568875168917661AUG0762         MORIBUND ROTENONES S SMILAX   BOLL      00875168917661AUG0762         MORIBUND ZYGNEMA SK HYRACIFORM,USD_2023-01-07_ACC#00001_66912     0156801568875168917661AUG0762         MORIBUND ROTENONES S SMILAX   BOLL      00875168917661AUG0762         MORIBUND ZYGNEMA SK HYRACIFORM,RULE 1,A=0;B=0,008751689 17661 AUG0762                                                                         UPCLOSER MONOCOQUE GAB -,VOLERY 3094909666FP,30391354.75,30391354.75,0.00,0.00,2023-01-07,2023-01-07,0,"Publisher-labeled 1:1 match; numerical differences are review evidence, not a fraud/loss label."
12654546550,210508532441,520347545575,USD_2023-02-02_ACC#00001_66912     02566025660666H3         6666666666 SMILAX   FGGKR     FW0666H3         6666666666,USD_2023-02-02_ACC#00001_66912     02566025660666H3         6666666666 SMILAX   FGGKR     FW0666H3         6666666666,RULE 3,A=0;B=0,23777356 V23777356                                                                       JO TONITE SAUNT 664952723,V237773560110949 6070666754VI,7165198.36,7165198.36,0.00,0.00,2023-02-02,2023-02-02,0,"Publisher-labeled 1:1 match; numerical differences are review evidence, not a fraud/loss label."
126617460940,99057422694,621744510121,USD_2023-02-15_ACC#00001_66912     0670806708833582214476NAPE580         MORIBUND VEXES WHUFF SMILAX   BOLL      00833582214476NAPE580         MORIBUND VEXES S FOMALHAUT,USD_2023-02-15_ACC#00001_66912     0670806708833582214476NAPE580         MORIBUND VEXES WHUFF SMILAX   BOLL      00833582214476NAPE580         MORIBUND VEXES S FOMALHAUT,RULE 1,A=0;B=0,008335822 14476 NAPE580                                                                         AMAINE QL SKYRIN X'GRIVET,VOLERY 3826428666FP,-1058888.47,-1058888.47,0.00,0.00,2023-02-15,2023-02-15,0,"Publisher-labeled 1:1 match; numerical differences are review evidence, not a fraud/loss label."
12668329345,409272142739,45459076721,USD_2023-02-18_ACC#00001_66912     0147701477835541341477NAPE580         OFF TMH TIRO FAMES SMILAX   BOLL      00835541341477NAPE580         OFF TMH TIRO HAU BT,USD_2023-02-18_ACC#00001_66912     0147701477835541341477NAPE580         OFF TMH TIRO FAMES SMILAX   BOLL      00835541341477NAPE580         OFF TMH TIRO HAU BT,RULE 1,A=0;B=0,008355413 41477 NAPE580 L9WA6NO                                                                 UPCLOSER MONOCOQUE GAB -,VOLERY 3366015666FP,-53263115.92,-53263115.92,0.00,0.00,2023-02-18,2023-02-18,0,"Publisher-labeled 1:1 match; numerical differences are review evidence, not a fraud/loss label."
126686798599,607852747375,507212749777,USD_2023-02-05_ACC#00001_66912     0676506765889675415574NAPE580         MORIBUND ROTENONES S SMILAX   BOLL      00889675415574NAPE580         MORIBUND ZYGNEMA SK HYRACIFORM,USD_2023-02-05_ACC#00001_66912     0676506765889675415574NAPE580         MORIBUND ROTENONES S SMILAX   BOLL      00889675415574NAPE580         MORIBUND ZYGNEMA SK HYRACIFORM,RULE 1,A=0;B=0,008896754 15574 NAPE580                                                                         JINSHANG TYPY OEV,VOLERY 3800413666FP,3330755.79,3330755.79,0.00,0.00,2023-02-05,2023-02-05,0,"Publisher-labeled 1:1 match; numerical differences are review evidence, not a fraud/loss label."
126878295533,975775689948,790074339898,USD_2023-01-05_ACC#00001_66912     02566025660666H3         6666666666 SMILAX   FGGKR     FW0666H3         6666666666,USD_2023-01-05_ACC#00001_66912     02566025660666H3         6666666666 SMILAX   FGGKR     FW0666H3         6666666666,RULE 3,A=0;B=0,30452846 V30452846                                                                       SHALE           667933724,V304528460310149 6089466735VI,3209000.00,3209000.00,0.00,0.00,2023-01-05,2023-01-05,0,"Publisher-labeled 1:1 match; numerical differences are review evidence, not a fraud/loss label."
126890633925,679072939538,843742508542,USD_2023-01-13_ACC#00001_66912     0122001220810843712660NAPE295         MORIBUND ROTENONES S SMILAX   BOLL      00810843712660NAPE295         MORIBUND ZYGNEMA SK HYRACIFORM,USD_2023-01-13_ACC#00001_66912     0122001220810843712660NAPE295         MORIBUND ROTENONES S SMILAX   BOLL      00810843712660NAPE295         MORIBUND ZYGNEMA SK HYRACIFORM,RULE 1,A=0;B=0,008108437 12660 NAPE295                                                                         UPCLOSER MONOCOQUE GAB -,VOLERY 3713328666FP,1413843.23,1413843.23,0.00,0.00,2023-01-13,2023-01-13,0,"Publisher-labeled 1:1 match; numerical differences are review evidence, not a fraud/loss label."
126907950110,979886460158,387943855584,USD_2023-01-19_ACC#00001_66912     0207602076818167513737SYNE060         MORIBUND ROTENONES S SMILAX   BOLL      00818167513737SYNE060         MORIBUND ZYGNEMA SK HYRACIFORM,USD_2023-01-19_ACC#00001_66912     0207602076818167513737SYNE060         MORIBUND ROTENONES S SMILAX   BOLL      00818167513737SYNE060         MORIBUND ZYGNEMA SK HYRACIFORM,MANUAL,A=0;B=0,008181675 13737 SYNE060                                                                         BULT DUFFED BUT MG,VOLERY 3724707666FP,110339.88,110339.87,-0.01,-0.01,2023-01-19,2023-01-19,0,"Publisher-labeled 1:1 match; numerical differences are review evidence, not a fraud/loss label."
126942333052,741558121421,48959281778,USD_2023-01-20_ACC#00001_66912     0147701477815837041477HEDER91         IF TMH TIRO FAMES SMILAX   BOLL      00815837041477HEDER91         IF TMH TIRO EMEU S,USD_2023-01-20_ACC#00001_66912     0147701477815837041477HEDER91         IF TMH TIRO FAMES SMILAX   BOLL      00815837041477HEDER91         IF TMH TIRO EMEU S,RULE 1,A=0;B=0,008158370 41477 HEDER91 L9XU3TN                                                                 UPCLOSER MONOCOQUE GAB -,VOLERY 3752327666FP,-7331590.00,-7331590.00,0.00,0.00,2023-01-20,2023-01-20,0,"Publisher-labeled 1:1 match; numerical differences are review evidence, not a fraud/loss label."
126957305553,442377123799,368107642879,USD_2023-01-04_ACC#00001_66912     02566025660666H3         6666666666 SMILAX   FGGKR     FW0666H3         6666666666,USD_2023-01-04_ACC#00001_66912     02566025660666H3         6666666666 SMILAX   FGGKR     FW0666H3         6666666666,RULE 3,A=0;B=0,36351736 V36351736                                                                       SHALE           667933724,V363517360811038 4750266732VI,1000000.00,1000000.00,0.00,0.00,2023-01-04,2023-01-04,0,"Publisher-labeled 1:1 match; numerical differences are review evidence, not a fraud/loss label."
127014475027,716412178289,715222410768,USD_2023-01-11_ACC#00001_66912     66325663250 32566J1EEE 088            JOQVY - BAS - DG SMILAX   GFG       VC0 32566J1EEE 088            JOQVY - BAS - DG,USD_2023-01-11_ACC#00001_66912     66325663250 32566J1EEE 088            JOQVY - BAS - DG SMILAX   GFG       VC0 32566J1EEE 088            JOQVY - BAS - DG,RULE 1,A=0;B=0,32566J1EEE 32566J1EEE                                                                      JOQVY - BAS - DG,322756AL61863808 4348566747VI,-22490.00,-22490.00,0.00,0.00,2023-01-11,2023-01-11,0,"Publisher-labeled 1:1 match; numerical differences are review evidence, not a fraud/loss label."
127098737846,317257334432,312886094060,USD_2023-02-12_ACC#00001_66912     0603606036838223167888NAPE703         OFF TMH TIRO FAMES SMILAX   BOLL      00838223167888NAPE703         OFF TMH TIRO HAU BT,USD_2023-02-12_ACC#00001_66912     0603606036838223167888NAPE703         OFF TMH TIRO FAMES SMILAX   BOLL      00838223167888NAPE703         OFF TMH TIRO HAU BT,RULE 1,A=0;B=0,008382231 67888 NAPE703 L9HP0MB                                                                 JO TONITE ETHERIFIES GAB,VOLERY 3846724666FP,-38939381.04,-38939381.04,0.00,0.00,2023-02-12,2023-02-12,0,"Publisher-labeled 1:1 match; numerical differences are review evidence, not a fraud/loss label."
127105260854,750170536313,719540061622,USD_2023-01-26_ACC#00001_66912     02566025660666H3         6666666666 SMILAX   FGGKR     FW0666H3         6666666666,USD_2023-01-26_ACC#00001_66912     02566025660666H3         6666666666 SMILAX   FGGKR     FW0666H3         6666666666,RULE 3,A=0;B=0,45329566 V45329566                                                                       JO TONITE SAUNT 664952723,V453295666417178 7778066729VI,4696429.43,4696429.43,0.00,0.00,2023-01-26,2023-01-26,0,"Publisher-labeled 1:1 match; numerical differences are review evidence, not a fraud/loss label."
127117451274,326906093481,896503181849,USD_2023-01-13_ACC#00001_66912     66325663250 32566J41FN 088            JOQVY - BAS - DG SMILAX   GFG       VC0 32566J41FN 088            JOQVY - BAS - DG,USD_2023-01-13_ACC#00001_66912     66325663250 32566J41FN 088            JOQVY - BAS - DG SMILAX   GFG       VC0 32566J41FN 088            JOQVY - BAS - DG,RULE 1,A=0;B=0,32566J41FN 32566J41FN                                                                      JOQVY - BAS - DG,322756AL61308337 2371666744VI,-1370.17,-1370.17,0.00,0.00,2023-01-13,2023-01-13,0,"Publisher-labeled 1:1 match; numerical differences are review evidence, not a fraud/loss label."
127171765637,35235640818,422521570008,USD_2023-01-20_ACC#00001_66912     0603606036815194867888NAPE703         IF TMH SEE FAMES SMILAX   BOLL      00815194867888NAPE703         IF TMH SEE FAMES,USD_2023-01-20_ACC#00001_66912     0603606036815194867888NAPE703         IF TMH SEE FAMES SMILAX   BOLL      00815194867888NAPE703         IF TMH SEE FAMES,RULE 1,A=0;B=0,008151948 67888 NAPE703 L9XU3BW                                                                 JO TONITE ETHERIFIES GAB,VOLERY 3755337666FP,33350000.00,33350000.00,0.00,0.00,2023-01-20,2023-01-20,0,"Publisher-labeled 1:1 match; numerical differences are review evidence, not a fraud/loss label."
127271317820,417182833197,28822063193,USD_2023-02-15_ACC#00001_66912     0147701477834204241477DODOS23         IF TMH SEE FAMES SMILAX   BOLL      00834204241477DODOS23         IF TMH SEE FAMES,USD_2023-02-15_ACC#00001_66912     0147701477834204241477DODOS23         IF TMH SEE FAMES SMILAX   BOLL      00834204241477DODOS23         IF TMH SEE FAMES,RULE 1,A=0;B=0,008342042 41477 DODOS23 L9HP32T                                                                 UPCLOSER MONOCOQUE GAB -,VOLERY 3820894666FP,13950000.00,13950000.00,0.00,0.00,2023-02-15,2023-02-15,0,"Publisher-labeled 1:1 match; numerical differences are review evidence, not a fraud/loss label."
127316972782,995736804644,720944154979,USD_2023-01-12_ACC#00001_66912     0600306003810708467609CHARY43         MORIBUND VEXES WHUFF SMILAX   BOLL      00810708467609CHARY43         MORIBUND VEXES S FOMALHAUT,USD_2023-01-12_ACC#00001_66912     0600306003810708467609CHARY43         MORIBUND VEXES WHUFF SMILAX   BOLL      00810708467609CHARY43         MORIBUND VEXES S FOMALHAUT,RULE 1,A=0;B=0,008107084 67609 CHARY43                                                                         RHODIZITE GEOMETRINE BETA,VOLERY 3772847666FP,-549734.22,-549734.22,0.00,0.00,2023-01-12,2023-01-12,0,"Publisher-labeled 1:1 match; numerical differences are review evidence, not a fraud/loss label."
127342903194,91953243464,245369096588,USD_2023-01-27_ACC#00001_66912     0256602566 SMILAX   FGGKR,USD_2023-01-27_ACC#00001_66912     0256602566 SMILAX   FGGKR,RULE 1,A=0;B=0,49819906 ALME7U2193JOQG7U                                                                JO TONITE SAUNT 664952723,V498340066335041 4122366756VI,-12699.41,-12699.41,0.00,0.00,2023-01-27,2023-01-27,0,"Publisher-labeled 1:1 match; numerical differences are review evidence, not a fraud/loss label."
127398291386,472340813623,227738716606,USD_2023-02-18_ACC#00001_66912     0607306073833599167613OKET347         MORIBUND VEXES WHUFF SMILAX   BOLL      00833599167613OKET347         MORIBUND VEXES S FOMALHAUT,USD_2023-02-18_ACC#00001_66912     0607306073833599167613OKET347         MORIBUND VEXES WHUFF SMILAX   BOLL      00833599167613OKET347         MORIBUND VEXES S FOMALHAUT,RULE 1,A=0;B=0,008335991 67613 OKET347                                                                         ROOTIEST CENTENARY SAME N,VOLERY 3360105666FP,-1325444.30,-1325444.30,0.00,0.00,2023-02-18,2023-02-18,0,"Publisher-labeled 1:1 match; numerical differences are review evidence, not a fraud/loss label."
127421320405,647878066062,485269344766,USD_2023-03-04_ACC#00001_66912     0670806708842450114476DODOS62         MORIBUND ROTENONES S SMILAX   BOLL      00842450114476DODOS62         MORIBUND ZYGNEMA SK HYRACIFORM,USD_2023-03-04_ACC#00001_66912     0670806708842450114476DODOS62         MORIBUND ROTENONES S SMILAX   BOLL      00842450114476DODOS62         MORIBUND ZYGNEMA SK HYRACIFORM,RULE 1,A=0;B=0,008424501 14476 DODOS62                                                                         UPCLOSER MONOCOQUE GAB -,VOLERY 3355195666FP,8416.27,8416.27,0.00,0.00,2023-03-04,2023-03-04,0,"Publisher-labeled 1:1 match; numerical differences are review evidence, not a fraud/loss label."
127453884021,553986745846,711042299124,USD_2023-02-09_ACC#00001_66912     0122001220889907612660OKET866         MORIBUND VEXES WHUFF SMILAX   BOLL      00889907612660OKET866         MORIBUND VEXES S FOMALHAUT,USD_2023-02-09_ACC#00001_66912     0122001220889907612660OKET866         MORIBUND VEXES WHUFF SMILAX   BOLL      00889907612660OKET866         MORIBUND VEXES S FOMALHAUT,RULE 1,A=0;B=0,008899076 12660 OKET866                                                                         UPCLOSER MONOCOQUE GAB -,VOLERY 3817779666FP,-1183264.60,-1183264.60,0.00,0.00,2023-02-09,2023-02-09,0,"Publisher-labeled 1:1 match; numerical differences are review evidence, not a fraud/loss label."
127505009713,596233121410,384300242591,USD_2023-02-26_ACC#00001_66912     0670806708633321214407GULA919         IPL MARACAN COMPRISE SMILAX   BOLL      VU633321214407GULA919         IPL MARACAN SACS RUMMLE,USD_2023-02-26_ACC#00001_66912     0670806708633321214407GULA919         IPL MARACAN COMPRISE SMILAX   BOLL      VU633321214407GULA919         IPL MARACAN SACS RUMMLE,RULE 1,A=0;B=0,VU6333212 14407 GULA919                                                                         UPCLOSER MONOCOQUE GAB -,VOLERY 3339911666FP,73966.08,73966.08,0.00,0.00,2023-02-26,2023-02-26,0,"Publisher-labeled 1:1 match; numerical differences are review evidence, not a fraud/loss label."
127642884806,930377160561,244776616614,USD_2023-02-12_ACC#00001_66912     66325663250 32566REJP7 088            JOQVY - BAS - DG SMILAX   GFG       VC0 32566REJP7 088            JOQVY - BAS - DG,USD_2023-02-12_ACC#00001_66912     66325663250 32566REJP7 088            JOQVY - BAS - DG SMILAX   GFG       VC0 32566REJP7 088            JOQVY - BAS - DG,RULE 1,A=0;B=0,32566REJP7 32566REJP7                                                                      JOQVY - BAS - DG,322756AL61873564 7898966794VI,-684229.38,-684229.38,0.00,0.00,2023-02-12,2023-02-12,0,"Publisher-labeled 1:1 match; numerical differences are review evidence, not a fraud/loss label."
127760663996,963681580206,678643397407,USD_2023-01-06_ACC#00001_66912     0147701477875091941477MOZO702         IF TMH TIRO FAMES SMILAX   BOLL      00875091941477MOZO702         IF TMH TIRO EMEU S,USD_2023-01-06_ACC#00001_66912     0147701477875091941477MOZO702         IF TMH TIRO FAMES SMILAX   BOLL      00875091941477MOZO702         IF TMH TIRO EMEU S,RULE 1,A=0;B=0,008750919 41477 MOZO702 L9HH1X9                                                                 UPCLOSER MONOCOQUE GAB -,VOLERY 3053225666FP,-3987900.00,-3987900.00,0.00,0.00,2023-01-06,2023-01-06,0,"Publisher-labeled 1:1 match; numerical differences are review evidence, not a fraud/loss label."
127762652235,741652181542,133466751864,USD_2023-01-01_ACC#00001_66912     0646406464877263861008BREI662         MORIBUND ROTENONES S SMILAX   BOLL      00877263861008BREI662         MORIBUND ZYGNEMA SK HYRACIFORM,USD_2023-01-01_ACC#00001_66912     0646406464877263861008BREI662         MORIBUND ROTENONES S SMILAX   BOLL      00877263861008BREI662         MORIBUND ZYGNEMA SK HYRACIFORM,RULE 1,A=0;B=0,008772638 61008 BREI662                                                                         NIGROUS VOWED FUTHERMORE,VOLERY 3031479666FP,271670.80,271670.80,0.00,0.00,2023-01-01,2023-01-01,0,"Publisher-labeled 1:1 match; numerical differences are review evidence, not a fraud/loss label."
12776602198,186979687841,727077304679,USD_2023-01-14_ACC#00001_66912     66325663250 32566J4K0B 088            JOQVY - ELUVIA - SMILAX   GFG       VC0 32566J4K0B 088            JOQVY - ELUVIA -,USD_2023-01-14_ACC#00001_66912     66325663250 32566J4K0B 088            JOQVY - ELUVIA - SMILAX   GFG       VC0 32566J4K0B 088            JOQVY - ELUVIA -,RULE 3,A=0;B=0,32566J4K0B 32566J4K0B                                                                      JOQVY - ELUVIA -,32566J4K0B 5515366744VI,227518.44,227518.44,0.00,0.00,2023-01-14,2023-01-14,0,"Publisher-labeled 1:1 match; numerical differences are review evidence, not a fraud/loss label."
127793359096,349388140447,612756427305,USD_2023-02-09_ACC#00001_66912     66325663250 32566RJD8K 088            SARTORIUS NA OFT SMILAX   GFG       VC0 32566RJD8K 088            SARTORIUS NA OFT,USD_2023-02-09_ACC#00001_66912     66325663250 32566RJD8K 088            SARTORIUS NA OFT SMILAX   GFG       VC0 32566RJD8K 088            SARTORIUS NA OFT,RULE 3,A=0;B=0,32566RJD8K 32566RJD8K                                                                      SARTORIUS NA OFT,32566RJD8K 0367366791VI,2092436.93,2092436.93,0.00,0.00,2023-02-09,2023-02-09,0,"Publisher-labeled 1:1 match; numerical differences are review evidence, not a fraud/loss label."
127865702477,826444887077,120645502816,USD_2023-01-21_ACC#00001_66912     0670806708813246314407COCT669         MORIBUND VEXES WHUFF SMILAX   BOLL      00813246314407COCT669         MORIBUND VEXES S FOMALHAUT,USD_2023-01-21_ACC#00001_66912     0670806708813246314407COCT669         MORIBUND VEXES WHUFF SMILAX   BOLL      00813246314407COCT669         MORIBUND VEXES S FOMALHAUT,RULE 1,A=0;B=0,008132463 14407 COCT669                                                                         UPCLOSER MONOCOQUE GAB -,VOLERY 3160078666FP,-840206.00,-840206.00,0.00,0.00,2023-01-21,2023-01-21,0,"Publisher-labeled 1:1 match; numerical differences are review evidence, not a fraud/loss label."
12786872342,313795790762,697813045453,USD_2023-01-18_ACC#00001_66912     02566025660666H3         6666666666 SMILAX   FGGKR     FW0666H3         6666666666,USD_2023-01-18_ACC#00001_66912     02566025660666H3         6666666666 SMILAX   FGGKR     FW0666H3         6666666666,RULE 3,A=0;B=0,41638216 V41638216                                                                       JO TONITE SAUNT 664952723,V416382167584597 9773066720VI,2675549.63,2675549.63,0.00,0.00,2023-01-18,2023-01-18,0,"Publisher-labeled 1:1 match; numerical differences are review evidence, not a fraud/loss label."
127942452251,111591337796,288896382586,USD_2023-02-04_ACC#00001_66912     66325663250 32566RL72Z 088            JOQVY - ELUVIA - SMILAX   GFG       VC0 32566RL72Z 088            JOQVY - ELUVIA -,USD_2023-02-04_ACC#00001_66912     66325663250 32566RL72Z 088            JOQVY - ELUVIA - SMILAX   GFG       VC0 32566RL72Z 088            JOQVY - ELUVIA -,RULE 1,A=0;B=0,32566RL72Z 32566RL72Z                                                                      JOQVY - ELUVIA -,322746AL68126052 2104566752VI,-63981.67,-63981.67,0.00,0.00,2023-02-04,2023-02-04,0,"Publisher-labeled 1:1 match; numerical differences are review evidence, not a fraud/loss label."
127965497304,92491486150,294815415050,USD_2023-01-21_ACC#00001_66912     66325663250 32566J9H7H 088            JOQVY - ELUVIA - SMILAX   GFG       VC0 32566J9H7H 088            JOQVY - ELUVIA -,USD_2023-01-21_ACC#00001_66912     66325663250 32566J9H7H 088            JOQVY - ELUVIA - SMILAX   GFG       VC0 32566J9H7H 088            JOQVY - ELUVIA -,RULE 1,A=0;B=0,32566J9H7H 32566J9H7H                                                                      JOQVY - ELUVIA -,322746AL68148404 9180366721VI,-115356.80,-115356.80,0.00,0.00,2023-01-21,2023-01-21,0,"Publisher-labeled 1:1 match; numerical differences are review evidence, not a fraud/loss label."
128045016646,380008365836,910610901422,USD_2023-02-18_ACC#00001_66912     0156801568837222417667SWEAT44         MORIBUND ROTENONES S SMILAX   BOLL      00837222417667SWEAT44         MORIBUND ZYGNEMA SK HYRACIFORM,USD_2023-02-18_ACC#00001_66912     0156801568837222417667SWEAT44         MORIBUND ROTENONES S SMILAX   BOLL      00837222417667SWEAT44         MORIBUND ZYGNEMA SK HYRACIFORM,RULE 1,A=0;B=0,008372224 17667 SWEAT44                                                                         JO TONITE STRICKS AUANTIC,VOLERY 3899213666FP,9335527.00,9335527.00,0.00,0.00,2023-02-18,2023-02-18,0,"Publisher-labeled 1:1 match; numerical differences are review evidence, not a fraud/loss label."
128174822230,3231614045,699705258401,USD_2023-01-06_ACC#00001_66912     66325663250 32566J63PQ 088            JOQ KEF LEW EFI- SMILAX   GFG       VC0 32566J63PQ 088            JOQ KEF LEW EFI-,USD_2023-01-06_ACC#00001_66912     66325663250 32566J63PQ 088            JOQ KEF LEW EFI- SMILAX   GFG       VC0 32566J63PQ 088            JOQ KEF LEW EFI-,RULE 3,A=0;B=0,32566J63PQ 32566J63PQ                                                                      JOQ KEF LEW EFI-,32566J63PQ 3382466739VI,56282190.00,56282190.00,0.00,0.00,2023-01-06,2023-01-06,0,"Publisher-labeled 1:1 match; numerical differences are review evidence, not a fraud/loss label."
128176050461,35817646783,166433610806,USD_2023-02-03_ACC#00001_66912     0147701477882729741477NAPE150         OFF TMH SEE FAMES SMILAX   BOLL      00882729741477NAPE150         OFF TMH SEE EMEU S,USD_2023-02-03_ACC#00001_66912     0147701477882729741477NAPE150         OFF TMH SEE FAMES SMILAX   BOLL      00882729741477NAPE150         OFF TMH SEE EMEU S,MANUAL,A=0;B=0,008827297 41477 NAPE150 L9CY3V0                                                                 UPCLOSER MONOCOQUE GAB -,VOLERY 3196055666FP,55184133.25,55184133.24,-0.01,-0.01,2023-02-03,2023-02-03,0,"Publisher-labeled 1:1 match; numerical differences are review evidence, not a fraud/loss label."
128196655850,319868621953,707354916693,USD_2023-01-25_ACC#00001_66912     0670806708815439314407AMAGA15         MORIBUND VEXES WHUFF SMILAX   BOLL      00815439314407AMAGA15         MORIBUND VEXES S FOMALHAUT,USD_2023-01-25_ACC#00001_66912     0670806708815439314407AMAGA15         MORIBUND VEXES WHUFF SMILAX   BOLL      00815439314407AMAGA15         MORIBUND VEXES S FOMALHAUT,RULE 1,A=0;B=0,008154393 14407 AMAGA15                                                                         LIXIVIA JACTANCE STERNAL,VOLERY 3170444666FP,-53227.22,-53227.22,0.00,0.00,2023-01-25,2023-01-25,0,"Publisher-labeled 1:1 match; numerical differences are review evidence, not a fraud/loss label."
128221217161,386734839098,270126421924,USD_2023-01-11_ACC#00001_66912     0147601476810766941476                IF TMH DIP WOLD SMILAX   BOLL      00810766941476                IF TMH DIP WOLD,USD_2023-01-11_ACC#00001_66912     0147601476810766941476                IF TMH DIP WOLD SMILAX   BOLL      00810766941476                IF TMH DIP WOLD,RULE 1,A=0;B=0,008107669 41476 L9HH92S                                                                 KAMIAN GOLACH OBS OY V/C/,VMBB-2B8HBB 6720066748VI,210000.00,210000.00,0.00,0.00,2023-01-11,2023-01-11,0,"Publisher-labeled 1:1 match; numerical differences are review evidence, not a fraud/loss label."
128278464294,389994178278,371633640608,USD_2023-02-09_ACC#00001_66912     0603606036837250567888SHOWD61         IF TMH SEE FAMES SMILAX   BOLL      00837250567888SHOWD61         IF TMH SEE FAMES,USD_2023-02-09_ACC#00001_66912     0603606036837250567888SHOWD61         IF TMH SEE FAMES SMILAX   BOLL      00837250567888SHOWD61         IF TMH SEE FAMES,RULE 1,A=0;B=0,008372505 67888 SHOWD61 L9HO2NT                                                                 JO TONITE ETHERIFIES GAB,VOLERY 3810962666FP,4682588.90,4682588.90,0.00,0.00,2023-02-09,2023-02-09,0,"Publisher-labeled 1:1 match; numerical differences are review evidence, not a fraud/loss label."
128332413098,364582788867,249178861164,USD_2023-01-07_ACC#00001_66912     0670606706873618055571NAPE703         MORIBUND ROTENONES S SMILAX   BOLL      00873618055571NAPE703         MORIBUND ZYGNEMA SK HYRACIFORM,USD_2023-01-07_ACC#00001_66912     0670606706873618055571NAPE703         MORIBUND ROTENONES S SMILAX   BOLL      00873618055571NAPE703         MORIBUND ZYGNEMA SK HYRACIFORM,RULE 1,A=0;B=0,008736180 55571 NAPE703                                                                         SRI AVIARY WUZZLE AIRY WF,VOLERY 3094555666FP,4271438.07,4271438.07,0.00,0.00,2023-01-07,2023-01-07,0,"Publisher-labeled 1:1 match; numerical differences are review evidence, not a fraud/loss label."
128338210865,716784085107,198736772571,USD_2023-01-27_ACC#00001_66912     0702807028886218067463KAVI338         MORIBUND ROTENONES S SMILAX   BOLL      00886218067463KAVI338         MORIBUND ZYGNEMA SK HYRACIFORM,USD_2023-01-27_ACC#00001_66912     0702807028886218067463KAVI338         MORIBUND ROTENONES S SMILAX   BOLL      00886218067463KAVI338         MORIBUND ZYGNEMA SK HYRACIFORM,RULE 1,A=0;B=0,008862180 67463 KAVI338                                                                         DISACCORDANCE UNSOLACED S,VOLERY 3119878666FP,262731.07,262731.07,0.00,0.00,2023-01-27,2023-01-27,0,"Publisher-labeled 1:1 match; numerical differences are review evidence, not a fraud/loss label."
128400001168,394978476787,892101937426,USD_2023-02-26_ACC#00001_66912     0122001220841119312660OKET130         MORIBUND ROTENONES S SMILAX   BOLL      00841119312660OKET130         MORIBUND ZYGNEMA SK HYRACIFORM,USD_2023-02-26_ACC#00001_66912     0122001220841119312660OKET130         MORIBUND ROTENONES S SMILAX   BOLL      00841119312660OKET130         MORIBUND ZYGNEMA SK HYRACIFORM,RULE 1,A=0;B=0,008411193 12660 OKET130                                                                         ITG MESSER S C CRYOCHORIC,VOLERY 3339543666FP,1888898.32,1888898.32,0.00,0.00,2023-02-26,2023-02-26,0,"Publisher-labeled 1:1 match; numerical differences are review evidence, not a fraud/loss label."
128404754657,941111795891,126381331755,USD_2023-02-26_ACC#00001_66912     66325663250 32566BM3Y1 088            JOQVY - BAS - DG SMILAX   GFG       VC0 32566BM3Y1 088            JOQVY - BAS - DG,USD_2023-02-26_ACC#00001_66912     66325663250 32566BM3Y1 088            JOQVY - BAS - DG SMILAX   GFG       VC0 32566BM3Y1 088            JOQVY - BAS - DG,RULE 3,A=0;B=0,32566BM3Y1 32566BM3Y1                                                                      JOQVY - BAS - DG,32566BM3Y1 8405766106VI,6895.90,6895.90,0.00,0.00,2023-02-26,2023-02-26,0,"Publisher-labeled 1:1 match; numerical differences are review evidence, not a fraud/loss label."
128406134062,253929940785,749664567012,USD_2023-01-15_ACC#00001_66912     6682866828SHAMESICK FROM JAUN UNFED   JEE - DESINENT SMILAX   FGGQQ     PHOTOACTIVE FROM JAUN UNFED   JEE - DESINENT                 029666705966666666,USD_2023-01-15_ACC#00001_66912     6682866828SHAMESICK FROM JAUN UNFED   JEE - DESINENT SMILAX   FGGQQ     PHOTOACTIVE FROM JAUN UNFED   JEE - DESINENT                 029666705966666666,RULE 1,A=0;B=0,6666666664758981 JEE - DESINENT,64758915 4612266745VI,-2104000000.00,-2104000000.00,0.00,0.00,2023-01-15,2023-01-15,0,"Publisher-labeled 1:1 match; numerical differences are review evidence, not a fraud/loss label."
128455192861,328326321838,968139771774,USD_2023-02-08_ACC#00001_66912     66325663250 32566RJJ16 088            JOQVY - BAS - DG SMILAX   GFG       VC0 32566RJJ16 088            JOQVY - BAS - DG,USD_2023-02-08_ACC#00001_66912     66325663250 32566RJJ16 088            JOQVY - BAS - DG SMILAX   GFG       VC0 32566RJJ16 088            JOQVY - BAS - DG,RULE 1,A=0;B=0,32566RJJ16 32566RJJ16                                                                      JOQVY - BAS - DG,322756AL61896804 2425366797VI,-3615.79,-3615.79,0.00,0.00,2023-02-08,2023-02-08,0,"Publisher-labeled 1:1 match; numerical differences are review evidence, not a fraud/loss label."
128489157622,680567336862,655622077795,USD_2023-01-15_ACC#00001_66912     0147701477818705941477EPEE553         OFF TMH TIRO FAMES SMILAX   BOLL      00818705941477EPEE553         OFF TMH TIRO HAU BT,USD_2023-01-15_ACC#00001_66912     0147701477818705941477EPEE553         OFF TMH TIRO FAMES SMILAX   BOLL      00818705941477EPEE553         OFF TMH TIRO HAU BT,RULE 1,A=0;B=0,008187059 41477 EPEE553 L9FR4BM                                                                 UPCLOSER MONOCOQUE GAB -,VOLERY 3734997666FP,-161344.08,-161344.08,0.00,0.00,2023-01-15,2023-01-15,0,"Publisher-labeled 1:1 match; numerical differences are review evidence, not a fraud/loss label."
128506556012,599016231575,705312130516,USD_2023-01-19_ACC#00001_66912     0646006460S                           BURO JADY GAT AUG - SMILAX   RAMON     GFG                           BURO JADY GAT IT X - T         JOQV DP                       JOQGE_TA,USD_2023-01-19_ACC#00001_66912     0646006460S                           BURO JADY GAT AUG - SMILAX   RAMON     GFG                           BURO JADY GAT IT X - T         JOQV DP                       JOQGE_TA,RULE 1,A=0;B=0,HEY RAMON DISNEY JOQV DP,VOLERY L-6540466729HQ,-15228.87,-15228.87,0.00,0.00,2023-01-19,2023-01-19,0,"Publisher-labeled 1:1 match; numerical differences are review evidence, not a fraud/loss label."
128533480654,414007649885,492279577566,USD_2023-01-29_ACC#00001_66912     0779507795 SMILAX   WAP,USD_2023-01-29_ACC#00001_66912     0779507795 SMILAX   WAP,RULE 1,A=0;B=0,6G6L656L6X6Q6R65 646P656L6V626N6Q                                                                ARACHNIDA (FRANCA),ICHTHYIZATION 1765169757WT,-12786.65,-12786.65,0.00,0.00,2023-01-29,2023-01-29,0,"Publisher-labeled 1:1 match; numerical differences are review evidence, not a fraud/loss label."
128709250882,441039005067,800327288585,USD_2023-01-15_ACC#00001_66912     0670806708811346514407KELD388         MORIBUND ROTENONES S SMILAX   BOLL      00811346514407KELD388         MORIBUND ZYGNEMA SK HYRACIFORM,USD_2023-01-15_ACC#00001_66912     0670806708811346514407KELD388         MORIBUND ROTENONES S SMILAX   BOLL      00811346514407KELD388         MORIBUND ZYGNEMA SK HYRACIFORM,RULE 1,A=0;B=0,008113465 14407 KELD388                                                                         UPCLOSER MONOCOQUE GAB -,VOLERY 3734413666FP,36214.46,36214.46,0.00,0.00,2023-01-15,2023-01-15,0,"Publisher-labeled 1:1 match; numerical differences are review evidence, not a fraud/loss label."
128727037243,778396630862,567595447663,USD_2023-01-27_ACC#00001_66912     0122701227886817712667NAPE917         MORIBUND ROTENONES S SMILAX   BOLL      00886817712667NAPE917         MORIBUND ZYGNEMA SK HYRACIFORM,USD_2023-01-27_ACC#00001_66912     0122701227886817712667NAPE917         MORIBUND ROTENONES S SMILAX   BOLL      00886817712667NAPE917         MORIBUND ZYGNEMA SK HYRACIFORM,RULE 1,A=0;B=0,008868177 12667 NAPE917                                                                         UPCLOSER MONOCOQUE GAB -,VOLERY 3119192666FP,5634000.00,5634000.00,0.00,0.00,2023-01-27,2023-01-27,0,"Publisher-labeled 1:1 match; numerical differences are review evidence, not a fraud/loss label."
128778506053,18070284059,720807185866,USD_2023-01-26_ACC#00001_66912     66325663250 32566RVL91 088            JOQVY DE -ELUVIA SMILAX   GFG       VC0 32566RVL91 088            JOQVY DE -ELUVIA,USD_2023-01-26_ACC#00001_66912     66325663250 32566RVL91 088            JOQVY DE -ELUVIA SMILAX   GFG       VC0 32566RVL91 088            JOQVY DE -ELUVIA,RULE 3,A=0;B=0,32566RVL91 32566RVL91                                                                      JOQVY DE -ELUVIA,32566RVL91 0650166725VI,756973.75,756973.75,0.00,0.00,2023-01-26,2023-01-26,0,"Publisher-labeled 1:1 match; numerical differences are review evidence, not a fraud/loss label."
12878889019,165826149899,494131458492,USD_2023-02-09_ACC#00001_66912     0638106381885187088856NAPE509         MORIBUND ROTENONES S SMILAX   BOLL      00885187088856NAPE509         MORIBUND ZYGNEMA SK HYRACIFORM,USD_2023-02-09_ACC#00001_66912     0638106381885187088856NAPE509         MORIBUND ROTENONES S SMILAX   BOLL      00885187088856NAPE509         MORIBUND ZYGNEMA SK HYRACIFORM,RULE 1,A=0;B=0,008851870 88856 NAPE509                                                                         ELEUT LIVERS GEOMETRINE P,VOLERY 3810585666FP,3516588.44,3516588.44,0.00,0.00,2023-02-09,2023-02-09,0,"Publisher-labeled 1:1 match; numerical differences are review evidence, not a fraud/loss label."
128853435888,151654984567,534627011244,USD_2023-02-18_ACC#00001_66912     0670606706833770555571NAPE703         MORIBUND ROTENONES S SMILAX   BOLL      00833770555571NAPE703         MORIBUND ZYGNEMA SK HYRACIFORM,USD_2023-02-18_ACC#00001_66912     0670606706833770555571NAPE703         MORIBUND ROTENONES S SMILAX   BOLL      00833770555571NAPE703         MORIBUND ZYGNEMA SK HYRACIFORM,RULE 1,A=0;B=0,008337705 55571 NAPE703                                                                         IHB FUTHERMORE RESSAUT BY,VOLERY 3366551666FP,1009953.51,1009953.51,0.00,0.00,2023-02-18,2023-02-18,0,"Publisher-labeled 1:1 match; numerical differences are review evidence, not a fraud/loss label."
128870530356,317587942739,164184068500,USD_2023-01-27_ACC#00001_66912     0638106381819286288856COCT067         MORIBUND ROTENONES S SMILAX   BOLL      00819286288856COCT067         MORIBUND ZYGNEMA SK HYRACIFORM,USD_2023-01-27_ACC#00001_66912     0638106381819286288856COCT067         MORIBUND ROTENONES S SMILAX   BOLL      00819286288856COCT067         MORIBUND ZYGNEMA SK HYRACIFORM,RULE 1,A=0;B=0,008192862 88856 COCT067                                                                         SLATTERN AVIARY ENNOBLERS,VOLERY 3186966666FP,17361476.51,17361476.51,0.00,0.00,2023-01-27,2023-01-27,0,"Publisher-labeled 1:1 match; numerical differences are review evidence, not a fraud/loss label."
12888508307,241424877744,83276102643,USD_2023-01-19_ACC#00001_66912     66325663250 32566J5Z5Q 088            JANT YA CWM WHUP SMILAX   GFG       VC0 32566J5Z5Q 088            JANT YA CWM WHUP,USD_2023-01-19_ACC#00001_66912     66325663250 32566J5Z5Q 088            JANT YA CWM WHUP SMILAX   GFG       VC0 32566J5Z5Q 088            JANT YA CWM WHUP,RULE 3,A=0;B=0,32566J5Z5Q 32566J5Z5Q                                                                      JANT YA CWM WHUP,32566J5Z5Q 0650266720VI,872452.31,872452.31,0.00,0.00,2023-01-19,2023-01-19,0,"Publisher-labeled 1:1 match; numerical differences are review evidence, not a fraud/loss label."
128926761670,504628227819,931501086371,USD_2023-02-05_ACC#00001_66912     66325663250 32566RLRIH 088            JOQVY - BAS - AK SMILAX   GFG       VC0 32566RLRIH 088            JOQVY - BAS - AK,USD_2023-02-05_ACC#00001_66912     66325663250 32566RLRIH 088            JOQVY - BAS - AK SMILAX   GFG       VC0 32566RLRIH 088            JOQVY - BAS - AK,MANUAL,A=0;B=0,32566RLRIH 32566RLRIH                                                                      JOQVY - BAS - AK,2924566635621713 2059766723VI,-123143.06,-123143.06,0.00,0.00,2023-02-05,2023-01-25,11,"Publisher-labeled 1:1 match; numerical differences are review evidence, not a fraud/loss label."
128946144109,193086769229,109387861155,USD_2023-01-08_ACC#00001_66912     0112401124872332867327JADE521         MORIBUND ROTENONES S SMILAX   BOLL      00872332867327JADE521         MORIBUND ZYGNEMA SK HYRACIFORM,USD_2023-01-08_ACC#00001_66912     0112401124872332867327JADE521         MORIBUND ROTENONES S SMILAX   BOLL      00872332867327JADE521         MORIBUND ZYGNEMA SK HYRACIFORM,RULE 1,A=0;B=0,008723328 67327 JADE521                                                                         VOLUPT NAPKIN & RESSAUT,VOLERY 3763272666FP,50886.96,50886.96,0.00,0.00,2023-01-08,2023-01-08,0,"Publisher-labeled 1:1 match; numerical differences are review evidence, not a fraud/loss label."
129015164214,992269334018,643859764377,USD_2023-02-25_ACC#00001_66912     66325663250 32566RBI4G 088            JOQVY - BAS - DG SMILAX   GFG       VC0 32566RBI4G 088            JOQVY - BAS - DG,USD_2023-02-25_ACC#00001_66912     66325663250 32566RBI4G 088            JOQVY - BAS - DG SMILAX   GFG       VC0 32566RBI4G 088            JOQVY - BAS - DG,RULE 1,A=0;B=0,32566RBI4G 32566RBI4G                                                                      JOQVY - BAS - DG,322756AL61336376 6355766169VI,-1229.09,-1229.09,0.00,0.00,2023-02-25,2023-02-25,0,"Publisher-labeled 1:1 match; numerical differences are review evidence, not a fraud/loss label."
129108960852,578327527430,575780977624,USD_2023-02-15_ACC#00001_66912     0779507795 SMILAX   WAP,USD_2023-02-15_ACC#00001_66912     0779507795 SMILAX   WAP,MANUAL,A=0;B=0,6Q6U656L6I6T6C6Q 646K656L6W6D666F                                                                FWD ETHERIFIES (FRANCA),76B85ANGELICNESS 7778769799WT,-21812.20,-21788.25,23.95,-23.95,2023-02-15,2023-02-15,0,"Publisher-labeled 1:1 match; numerical differences are review evidence, not a fraud/loss label."
129153889783,135991013711,957586247943,USD_2023-02-05_ACC#00001_66912     66325663250 32566RLFTH 088            JOQVY - BAS - DG SMILAX   GFG       VC0 32566RLFTH 088            JOQVY - BAS - DG,USD_2023-02-05_ACC#00001_66912     66325663250 32566RLFTH 088            JOQVY - BAS - DG SMILAX   GFG       VC0 32566RLFTH 088            JOQVY - BAS - DG,RULE 1,A=0;B=0,32566RLFTH 32566RLFTH                                                                      JOQVY - BAS - DG,322756AL61387576 8367166759VI,-27313.01,-27313.01,0.00,0.00,2023-02-05,2023-02-05,0,"Publisher-labeled 1:1 match; numerical differences are review evidence, not a fraud/loss label."
129253765153,968374052975,888830797559,USD_2023-01-26_ACC#00001_66912     0147701477887805441477NAPE150         IF TMH TIRO FAMES SMILAX   BOLL      00887805441477NAPE150         IF TMH TIRO EMEU S,USD_2023-01-26_ACC#00001_66912     0147701477887805441477NAPE150         IF TMH TIRO FAMES SMILAX   BOLL      00887805441477NAPE150         IF TMH TIRO EMEU S,RULE 1,A=0;B=0,008878054 41477 NAPE150 L9HY8AV                                                                 UPCLOSER MONOCOQUE GAB -,VOLERY 3116072666FP,-39918700.00,-39918700.00,0.00,0.00,2023-01-26,2023-01-26,0,"Publisher-labeled 1:1 match; numerical differences are review evidence, not a fraud/loss label."
129333651866,417925958853,508260469743,USD_2023-02-26_ACC#00001_66912     0646006460S                           BURO JADY GAT AUG - SMILAX   RAMON     GFG                           BURO JADY GAT IT X - T         FLAW - TA                     JOQGE_TA,USD_2023-02-26_ACC#00001_66912     0646006460S                           BURO JADY GAT AUG - SMILAX   RAMON     GFG                           BURO JADY GAT IT X - T         FLAW - TA                     JOQGE_TA,RULE 1,A=0;B=0,HEY RAMON DISNEY FLAW - TA,VOLERY 6805466165FW,-300900.00,-300900.00,0.00,0.00,2023-02-26,2023-02-26,0,"Publisher-labeled 1:1 match; numerical differences are review evidence, not a fraud/loss label."
129344761084,598672131656,955938039840,USD_2023-01-13_ACC#00001_66912     6692666926 SMILAX   GPD,USD_2023-01-13_ACC#00001_66912     6692666926 SMILAX   GPD,RULE 3,A=0;B=0,IYO9126666797098 IYO9126666797098,IYO9126666797098 2968366744VI,-281329.00,-281329.00,0.00,0.00,2023-01-13,2023-01-13,0,"Publisher-labeled 1:1 match; numerical differences are review evidence, not a fraud/loss label."
129357700849,180163596198,807315319288,USD_2023-01-27_ACC#00001_66912     0122701227886505112667NAPE908         MORIBUND VEXES WHUFF SMILAX   BOLL      00886505112667NAPE908         MORIBUND VEXES S FOMALHAUT,USD_2023-01-27_ACC#00001_66912     0122701227886505112667NAPE908         MORIBUND VEXES WHUFF SMILAX   BOLL      00886505112667NAPE908         MORIBUND VEXES S FOMALHAUT,RULE 1,A=0;B=0,008865051 12667 NAPE908                                                                         PAROCHIALISM VOWED QMQF U,VOLERY 3180143666FP,-147900.20,-147900.20,0.00,0.00,2023-01-27,2023-01-27,0,"Publisher-labeled 1:1 match; numerical differences are review evidence, not a fraud/loss label."
129371561369,774477697830,790787152342,USD_2023-02-26_ACC#00001_66912     0670806708847727014407KELD506         MORIBUND VEXES WHUFF SMILAX   BOLL      00847727014407KELD506         MORIBUND VEXES S FOMALHAUT,USD_2023-02-26_ACC#00001_66912     0670806708847727014407KELD506         MORIBUND VEXES WHUFF SMILAX   BOLL      00847727014407KELD506         MORIBUND VEXES S FOMALHAUT,RULE 1,A=0;B=0,008477270 14407 KELD506                                                                         UPCLOSER MONOCOQUE GAB -,VOLERY 3340409666FP,-1241863.88,-1241863.88,0.00,0.00,2023-02-26,2023-02-26,0,"Publisher-labeled 1:1 match; numerical differences are review evidence, not a fraud/loss label."
129417102164,823262837449,258342171150,USD_2023-02-19_ACC#00001_66912     0256602566 SMILAX   FGGKR                                                                     666666666666666,USD_2023-02-19_ACC#00001_66912     0256602566 SMILAX   FGGKR                                                                     666666666666666,RULE 1,A=0;B=0,15845773 EGBA7U8259JOQG7U                                                                VERANDAH AI     103618748,KRU69061669J6760 1570566161XD,-38987.66,-38987.66,0.00,0.00,2023-02-19,2023-02-19,0,"Publisher-labeled 1:1 match; numerical differences are review evidence, not a fraud/loss label."
129440898154,29677138963,345886819063,USD_2023-01-14_ACC#00001_66912     6682866828SHAMESICK FROM JAUN UNFED   JOQ BAA LEIMG SMILAX   FGGQQ     PHOTOACTIVE FROM JAUN UNFED   JOQ BAA LEIMG                  029666624366666666,USD_2023-01-14_ACC#00001_66912     6682866828SHAMESICK FROM JAUN UNFED   JOQ BAA LEIMG SMILAX   FGGQQ     PHOTOACTIVE FROM JAUN UNFED   JOQ BAA LEIMG                  029666624366666666,RULE 1,A=0;B=0,6666666665381193 JOQ BAA LEIMG,VOLERY 0317766742VI,-623000000.00,-623000000.00,0.00,0.00,2023-01-14,2023-01-14,0,"Publisher-labeled 1:1 match; numerical differences are review evidence, not a fraud/loss label."
129682297302,430386177953,398231953541,USD_2023-02-25_ACC#00001_66912     0147701477843845541477OKET484         IF TMH SEE FAMES SMILAX   BOLL      00843845541477OKET484         IF TMH SEE FAMES,USD_2023-02-25_ACC#00001_66912     0147701477843845541477OKET484         IF TMH SEE FAMES SMILAX   BOLL      00843845541477OKET484         IF TMH SEE FAMES,RULE 1,A=0;B=0,008438455 41477 OKET484 L9HG80D                                                                 UPCLOSER MONOCOQUE GAB -,VOLERY 3330257666FP,21783000.00,21783000.00,0.00,0.00,2023-02-25,2023-02-25,0,"Publisher-labeled 1:1 match; numerical differences are review evidence, not a fraud/loss label."
129736732968,853648772512,503809431453,USD_2023-01-07_ACC#00001_66912     66325663250 32566J080G 088            JOQVY - BAS - DG SMILAX   GFG       VC0 32566J080G 088            JOQVY - BAS - DG,USD_2023-01-07_ACC#00001_66912     66325663250 32566J080G 088            JOQVY - BAS - DG SMILAX   GFG       VC0 32566J080G 088            JOQVY - BAS - DG,RULE 3,A=0;B=0,32566J080G 32566J080G                                                                      JOQVY - BAS - DG,32566J080G 5261366746VI,2180.43,2180.43,0.00,0.00,2023-01-07,2023-01-07,0,"Publisher-labeled 1:1 match; numerical differences are review evidence, not a fraud/loss label."
129756508633,670102774262,145866502406,USD_2023-01-22_ACC#00001_66912     66325663250 32566RY5Q2 088            JOQ KEF LEW EFI- SMILAX   GFG       VC0 32566RY5Q2 088            JOQ KEF LEW EFI-,USD_2023-01-22_ACC#00001_66912     66325663250 32566RY5Q2 088            JOQ KEF LEW EFI- SMILAX   GFG       VC0 32566RY5Q2 088            JOQ KEF LEW EFI-,RULE 3,A=0;B=0,32566RY5Q2 32566RY5Q2                                                                      JOQ KEF LEW EFI-,32566RY5Q2 3697166723VI,89295961.12,89295961.12,0.00,0.00,2023-01-22,2023-01-22,0,"Publisher-labeled 1:1 match; numerical differences are review evidence, not a fraud/loss label."
129764359515,57047506029,751977419025,USD_2023-01-08_ACC#00001_66912     0256602566 SMILAX   FGGKR,USD_2023-01-08_ACC#00001_66912     0256602566 SMILAX   FGGKR,RULE 1,A=0;B=0,33485196 ALME7U7877JOQG7U                                                                JO TONITE SAUNT 664952723,V334851260214327 1810866740VI,-348416100.00,-348416100.00,0.00,0.00,2023-01-08,2023-01-08,0,"Publisher-labeled 1:1 match; numerical differences are review evidence, not a fraud/loss label."
129795924184,603989611519,344164434304,USD_2023-02-09_ACC#00001_66912     0122001220889259412660NAPE247         MORIBUND VEXES WHUFF SMILAX   BOLL      00889259412660NAPE247         MORIBUND VEXES S FOMALHAUT,USD_2023-02-09_ACC#00001_66912     0122001220889259412660NAPE247         MORIBUND VEXES WHUFF SMILAX   BOLL      00889259412660NAPE247         MORIBUND VEXES S FOMALHAUT,RULE 1,A=0;B=0,008892594 12660 NAPE247                                                                         SHAMMASIM GEOMETRINE BETA,VOLERY 3817035666FP,-4226412.00,-4226412.00,0.00,0.00,2023-02-09,2023-02-09,0,"Publisher-labeled 1:1 match; numerical differences are review evidence, not a fraud/loss label."
129839561810,559063724839,766767586182,USD_2023-03-04_ACC#00001_66912     0676506765842223655570NAPE703         MORIBUND VEXES WHUFF SMILAX   BOLL      00842223655570NAPE703         MORIBUND VEXES S FOMALHAUT,USD_2023-03-04_ACC#00001_66912     0676506765842223655570NAPE703         MORIBUND VEXES WHUFF SMILAX   BOLL      00842223655570NAPE703         MORIBUND VEXES S FOMALHAUT,RULE 1,A=0;B=0,008422236 55570 NAPE703                                                                         JACKPLANE AVIARY PANTOPOD,VOLERY 3355576666FP,-4966024.38,-4966024.38,0.00,0.00,2023-03-04,2023-03-04,0,"Publisher-labeled 1:1 match; numerical differences are review evidence, not a fraud/loss label."
129855993713,467733660068,520713895429,USD_2023-01-07_ACC#00001_66912     66325663250 32566J6W04 088            JOQVY - ELUVIA - SMILAX   GFG       VC0 32566J6W04 088            JOQVY - ELUVIA -,USD_2023-01-07_ACC#00001_66912     66325663250 32566J6W04 088            JOQVY - ELUVIA - SMILAX   GFG       VC0 32566J6W04 088            JOQVY - ELUVIA -,RULE 3,A=0;B=0,32566J6W04 32566J6W04                                                                      JOQVY - ELUVIA -,32566J6W04 2126666739VI,57206.33,57206.33,0.00,0.00,2023-01-07,2023-01-07,0,"Publisher-labeled 1:1 match; numerical differences are review evidence, not a fraud/loss label."
12994355961,111534084771,316176154354,USD_2023-01-20_ACC#00001_66912     0256602566 SMILAX   FGGKR,USD_2023-01-20_ACC#00001_66912     0256602566 SMILAX   FGGKR,RULE 1,A=0;B=0,32942999 ALME7U6335JOQG7U                                                                JO TONITE SAUNT 664952723,V473908367337702 4293866721VI,-3079171.00,-3079171.00,0.00,0.00,2023-01-20,2023-01-20,0,"Publisher-labeled 1:1 match; numerical differences are review evidence, not a fraud/loss label."
129965724904,525396546013,203435341831,USD_2023-01-07_ACC#00001_66912     0147601476879869941476                IF TMH ENQUIRE WOLD SMILAX   BOLL      00879869941476                IF TMH ENQUIRE C TCK,USD_2023-01-07_ACC#00001_66912     0147601476879869941476                IF TMH ENQUIRE WOLD SMILAX   BOLL      00879869941476                IF TMH ENQUIRE C TCK,RULE 1,A=0;B=0,008798699 41476 L9HH30T                                                                 BAHUT ASSUMER FUTHERMORE,VOLERY 1581666746CQ,-1600000.00,-1600000.00,0.00,0.00,2023-01-07,2023-01-07,0,"Publisher-labeled 1:1 match; numerical differences are review evidence, not a fraud/loss label."
12997187417,106452806131,392925069555,USD_2023-02-10_ACC#00001_66912     0122001220836315712660MBAYA27         MORIBUND ROTENONES S SMILAX   BOLL      00836315712660MBAYA27         MORIBUND ZYGNEMA SK HYRACIFORM,USD_2023-02-10_ACC#00001_66912     0122001220836315712660MBAYA27         MORIBUND ROTENONES S SMILAX   BOLL      00836315712660MBAYA27         MORIBUND ZYGNEMA SK HYRACIFORM,RULE 1,A=0;B=0,008363157 12660 MBAYA27                                                                         UPCLOSER MONOCOQUE GAB -,VOLERY 3886172666FP,840855.04,840855.04,0.00,0.00,2023-02-10,2023-02-10,0,"Publisher-labeled 1:1 match; numerical differences are review evidence, not a fraud/loss label."
129989443329,962802658100,144625638246,USD_2023-01-21_ACC#00001_66912     0141601416819147241416SAUM527         IF TMH SEE FAMES SMILAX   BOLL      00819147241416SAUM527         IF TMH SEE FAMES,USD_2023-01-21_ACC#00001_66912     0141601416819147241416SAUM527         IF TMH SEE FAMES SMILAX   BOLL      00819147241416SAUM527         IF TMH SEE FAMES,RULE 1,A=0;B=0,008191472 41416 SAUM527 L9XU2TB                                                                 UPCLOSER MONOCOQUE GAB -,VOLERY 3166440666FP,24295685.00,24295685.00,0.00,0.00,2023-01-21,2023-01-21,0,"Publisher-labeled 1:1 match; numerical differences are review evidence, not a fraud/loss label."
130048781035,867561728918,814659416018,USD_2023-02-23_ACC#00001_66912     66325663250 32566RPA8S 088            ESNE - OL OGPU L SMILAX   GFG       VC0 32566RPA8S 088            ESNE - OL OGPU L,USD_2023-02-23_ACC#00001_66912     66325663250 32566RPA8S 088            ESNE - OL OGPU L SMILAX   GFG       VC0 32566RPA8S 088            ESNE - OL OGPU L,RULE 3,A=0;B=0,32566RPA8S 32566RPA8S                                                                      ESNE - OL OGPU L,32566RPA8S 7581166162VI,145119.51,145119.51,0.00,0.00,2023-02-23,2023-02-23,0,"Publisher-labeled 1:1 match; numerical differences are review evidence, not a fraud/loss label."
130055482461,641598631559,800789828281,USD_2023-02-18_ACC#00001_66912     66325663250 32566RUEGR 088            JOQVY - BAS - DG SMILAX   GFG       VC0 32566RUEGR 088            JOQVY - BAS - DG,USD_2023-02-18_ACC#00001_66912     66325663250 32566RUEGR 088            JOQVY - BAS - DG SMILAX   GFG       VC0 32566RUEGR 088            JOQVY - BAS - DG,RULE 1,A=0;B=0,32566RUEGR 32566RUEGR                                                                      JOQVY - BAS - DG,322756AL61312936 2306866160VI,-58147.43,-58147.43,0.00,0.00,2023-02-18,2023-02-18,0,"Publisher-labeled 1:1 match; numerical differences are review evidence, not a fraud/loss label."
13006750474,497810543608,15714580665,USD_2023-03-04_ACC#00001_66912     0600106001842216667717CLICH35         MORIBUND ROTENONES S SMILAX   BOLL      00842216667717CLICH35         MORIBUND ZYGNEMA SK HYRACIFORM,USD_2023-03-04_ACC#00001_66912     0600106001842216667717CLICH35         MORIBUND ROTENONES S SMILAX   BOLL      00842216667717CLICH35         MORIBUND ZYGNEMA SK HYRACIFORM,RULE 1,A=0;B=0,008422166 67717 CLICH35                                                                         VOLUPT NAPKIN & RESSAUT,VOLERY 3355888666FP,295404.91,295404.91,0.00,0.00,2023-03-04,2023-03-04,0,"Publisher-labeled 1:1 match; numerical differences are review evidence, not a fraud/loss label."
130101059576,479644265872,944667909050,USD_2023-01-11_ACC#00001_66912     0609306093875466967005TANNA84         MORIBUND ROTENONES S SMILAX   BOLL      00875466967005TANNA84         MORIBUND ZYGNEMA SK HYRACIFORM,USD_2023-01-11_ACC#00001_66912     0609306093875466967005TANNA84         MORIBUND ROTENONES S SMILAX   BOLL      00875466967005TANNA84         MORIBUND ZYGNEMA SK HYRACIFORM,RULE 1,A=0;B=0,008754669 67005 TANNA84                                                                         ASCIDIA GEOMETRINE MOGGIO,VOLERY 3704624666FP,1619803.00,1619803.00,0.00,0.00,2023-01-11,2023-01-11,0,"Publisher-labeled 1:1 match; numerical differences are review evidence, not a fraud/loss label."
130102894559,19581266919,100558278655,USD_2023-01-25_ACC#00001_66912     0147701477886531841477NAPE580         OFF TMH TIRO FAMES SMILAX   BOLL      00886531841477NAPE580         OFF TMH TIRO HAU BT,USD_2023-01-25_ACC#00001_66912     0147701477886531841477NAPE580         OFF TMH TIRO FAMES SMILAX   BOLL      00886531841477NAPE580         OFF TMH TIRO HAU BT,RULE 1,A=0;B=0,008865318 41477 NAPE580 L9HY6RF                                                                 UPCLOSER MONOCOQUE GAB -,VOLERY 3176170666FP,-5554638.83,-5554638.83,0.00,0.00,2023-01-25,2023-01-25,0,"Publisher-labeled 1:1 match; numerical differences are review evidence, not a fraud/loss label."
13013161886,80255196099,776958794177,USD_2023-01-11_ACC#00001_66912     66325663250 32566J1S5P 088            JO TONITE AGGEST SMILAX   GFG       VC0 32566J1S5P 088            JO TONITE AGGEST,USD_2023-01-11_ACC#00001_66912     66325663250 32566J1S5P 088            JO TONITE AGGEST SMILAX   GFG       VC0 32566J1S5P 088            JO TONITE AGGEST,MANUAL,A=0;B=0,32566J1S5P 32566J1S5P                                                                      JO TONITE AGGEST,779726BW63768998 L-8662766743VI,-2257914.20,-2257914.20,0.00,0.00,2023-01-11,2023-01-12,1,"Publisher-labeled 1:1 match; numerical differences are review evidence, not a fraud/loss label."
13013395262,992873265923,481103546714,USD_2023-02-08_ACC#00001_66912     66325663250 32566RJ24M 088            JOQVY - ELUVIA - SMILAX   GFG       VC0 32566RJ24M 088            JOQVY - ELUVIA -,USD_2023-02-08_ACC#00001_66912     66325663250 32566RJ24M 088            JOQVY - ELUVIA - SMILAX   GFG       VC0 32566RJ24M 088            JOQVY - ELUVIA -,RULE 1,A=0;B=0,32566RJ24M 32566RJ24M                                                                      JOQVY - ELUVIA -,322746AL68115180 3851066759VI,-43784.04,-43784.04,0.00,0.00,2023-02-08,2023-02-08,0,"Publisher-labeled 1:1 match; numerical differences are review evidence, not a fraud/loss label."
130200355805,813549397848,836513387278,USD_2023-02-04_ACC#00001_66912     66325663250 32566RL652 088            JO TONITE AGGEST SMILAX   GFG       VC0 32566RL652 088            JO TONITE AGGEST,USD_2023-02-04_ACC#00001_66912     66325663250 32566RL652 088            JO TONITE AGGEST SMILAX   GFG       VC0 32566RL652 088            JO TONITE AGGEST,RULE 1,A=0;B=0,32566RL652 32566RL652                                                                      JO TONITE AGGEST,779726BW63037850 L-2756566752VI,-2275607.02,-2275607.02,0.00,0.00,2023-02-04,2023-02-04,0,"Publisher-labeled 1:1 match; numerical differences are review evidence, not a fraud/loss label."
130231205921,530419281067,904387978409,USD_2023-01-25_ACC#00001_66912     0670806708880089814407NAPE905         MORIBUND VEXES WHUFF SMILAX   BOLL      00880089814407NAPE905         MORIBUND VEXES S FOMALHAUT,USD_2023-01-25_ACC#00001_66912     0670806708880089814407NAPE905         MORIBUND VEXES WHUFF SMILAX   BOLL      00880089814407NAPE905         MORIBUND VEXES S FOMALHAUT,RULE 1,A=0;B=0,008800898 14407 NAPE905                                                                         VOB VOWED FUTHERMORE,VOLERY 3170480666FP,-12882104.59,-12882104.59,0.00,0.00,2023-01-25,2023-01-25,0,"Publisher-labeled 1:1 match; numerical differences are review evidence, not a fraud/loss label."
130248545078,559309707194,48610994402,USD_2023-02-23_ACC#00001_66912     0256602566 SMILAX   FGGKR,USD_2023-02-23_ACC#00001_66912     0256602566 SMILAX   FGGKR,RULE 1,A=0;B=0,5008446 ALME7U9685JOQG7U                                                                JO TONITE SAUNT 664952723,V656533561646447 7808966162VI,-457893.43,-457893.43,0.00,0.00,2023-02-23,2023-02-23,0,"Publisher-labeled 1:1 match; numerical differences are review evidence, not a fraud/loss label."
130260411013,409927063809,238453511424,USD_2023-02-19_ACC#00001_66912     0156801568835928417661DOYST72         MORIBUND ROTENONES S SMILAX   BOLL      00835928417661DOYST72         MORIBUND ZYGNEMA SK HYRACIFORM,USD_2023-02-19_ACC#00001_66912     0156801568835928417661DOYST72         MORIBUND ROTENONES S SMILAX   BOLL      00835928417661DOYST72         MORIBUND ZYGNEMA SK HYRACIFORM,RULE 1,A=0;B=0,008359284 17661 DOYST72                                                                         DIANITE ANIMI VOWED AGHAN,VOLERY 3306216666FP,1370240.77,1370240.77,0.00,0.00,2023-02-19,2023-02-19,0,"Publisher-labeled 1:1 match; numerical differences are review evidence, not a fraud/loss label."
130282038227,308367475729,598989175027,USD_2023-01-01_ACC#00001_66912     0147701477873751741477NAPE703         IF TMH SEE FAMES SMILAX   BOLL      00873751741477NAPE703         IF TMH SEE FAMES,USD_2023-01-01_ACC#00001_66912     0147701477873751741477NAPE703         IF TMH SEE FAMES SMILAX   BOLL      00873751741477NAPE703         IF TMH SEE FAMES,RULE 1,A=0;B=0,008737517 41477 NAPE703 L9HJ4PD                                                                 JOQVY H.C. ZUCCHINIS TENT,VOLERY 3033740666FP,28535814.36,28535814.36,0.00,0.00,2023-01-01,2023-01-01,0,"Publisher-labeled 1:1 match; numerical differences are review evidence, not a fraud/loss label."
130397426966,780105496690,779159803492,USD_2023-02-02_ACC#00001_66912     0156801568883096517667NAPE509         MORIBUND ROTENONES S SMILAX   BOLL      00883096517667NAPE509         MORIBUND ZYGNEMA SK HYRACIFORM,USD_2023-02-02_ACC#00001_66912     0156801568883096517667NAPE509         MORIBUND ROTENONES S SMILAX   BOLL      00883096517667NAPE509         MORIBUND ZYGNEMA SK HYRACIFORM,RULE 1,A=0;B=0,008830965 17667 NAPE509                                                                         JOQVY ELUVIA DESINENT,VOLERY 3156157666FP,43734825.51,43734825.51,0.00,0.00,2023-02-02,2023-02-02,0,"Publisher-labeled 1:1 match; numerical differences are review evidence, not a fraud/loss label."
130422633624,27691877339,200348031080,USD_2023-01-18_ACC#00001_66912     0122701227811964612667NAPE500         MORIBUND VEXES WHUFF SMILAX   BOLL      00811964612667NAPE500         MORIBUND VEXES S FOMALHAUT,USD_2023-01-18_ACC#00001_66912     0122701227811964612667NAPE500         MORIBUND VEXES WHUFF SMILAX   BOLL      00811964612667NAPE500         MORIBUND VEXES S FOMALHAUT,RULE 1,A=0;B=0,008119646 12667 NAPE500                                                                         PREOCCUR CROM KEF LEK (ZH,VOLERY 3745078666FP,-1500000.00,-1500000.00,0.00,0.00,2023-01-18,2023-01-18,0,"Publisher-labeled 1:1 match; numerical differences are review evidence, not a fraud/loss label."
130472235818,499488811198,805148781319,USD_2023-01-25_ACC#00001_66912     0670806708819974114407CUCA347         MORIBUND ROTENONES S SMILAX   BOLL      00819974114407CUCA347         MORIBUND ZYGNEMA SK HYRACIFORM,USD_2023-01-25_ACC#00001_66912     0670806708819974114407CUCA347         MORIBUND ROTENONES S SMILAX   BOLL      00819974114407CUCA347         MORIBUND ZYGNEMA SK HYRACIFORM,RULE 1,A=0;B=0,008199741 14407 CUCA347                                                                         UPCLOSER MONOCOQUE GAB -,VOLERY 3109220666FP,2859.43,2859.43,0.00,0.00,2023-01-25,2023-01-25,0,"Publisher-labeled 1:1 match; numerical differences are review evidence, not a fraud/loss label."
130498663119,967635346515,771859996409,USD_2023-01-25_ACC#00001_66912     0122701227814434912607NAPE523         MORIBUND VEXES WHUFF SMILAX   BOLL      00814434912607NAPE523         MORIBUND VEXES S FOMALHAUT,USD_2023-01-25_ACC#00001_66912     0122701227814434912607NAPE523         MORIBUND VEXES WHUFF SMILAX   BOLL      00814434912607NAPE523         MORIBUND VEXES S FOMALHAUT,RULE 1,A=0;B=0,008144349 12607 NAPE523                                                                         PREOCCUR CROM KEF LEK (ZH,VOLERY 3170489666FP,-1707990.00,-1707990.00,0.00,0.00,2023-01-25,2023-01-25,0,"Publisher-labeled 1:1 match; numerical differences are review evidence, not a fraud/loss label."
130539384510,521284871297,652663874043,USD_2023-02-26_ACC#00001_66912     66325663250 32566RGVUU 088            JOQVY DE -ELUVIA SMILAX   GFG       VC0 32566RGVUU 088            JOQVY DE -ELUVIA,USD_2023-02-26_ACC#00001_66912     66325663250 32566RGVUU 088            JOQVY DE -ELUVIA SMILAX   GFG       VC0 32566RGVUU 088            JOQVY DE -ELUVIA,MANUAL,A=0;B=0,32566RGVUU 32566RGVUU                                                                      JOQVY DE -ELUVIA,322746AL68142613 5070766101VI,-918.24,-918.24,0.00,0.00,2023-02-26,2023-03-01,3,"Publisher-labeled 1:1 match; numerical differences are review evidence, not a fraud/loss label."
130541064401,373787081066,894508542664,USD_2023-03-02_ACC#00001_66912     0207602076848863113737NAUT274         MORIBUND VEXES WHUFF SMILAX   BOLL      00848863113737NAUT274         MORIBUND VEXES S FOMALHAUT,USD_2023-03-02_ACC#00001_66912     0207602076848863113737NAUT274         MORIBUND VEXES WHUFF SMILAX   BOLL      00848863113737NAUT274         MORIBUND VEXES S FOMALHAUT,RULE 1,A=0;B=0,008488631 13737 NAUT274                                                                         PREOCCUR FUTHERMORE YARAY,VOLERY 3356844666FP,-26455.00,-26455.00,0.00,0.00,2023-03-02,2023-03-02,0,"Publisher-labeled 1:1 match; numerical differences are review evidence, not a fraud/loss label."
130633197576,549146029108,343863869565,USD_2023-02-18_ACC#00001_66912     02566025660666H3         6666666666 SMILAX   FGGKR     FW0666H3         6666666666,USD_2023-02-18_ACC#00001_66912     02566025660666H3         6666666666 SMILAX   FGGKR     FW0666H3         6666666666,RULE 3,A=0;B=0,35047805 V35047805                                                                       JO TONITE SAUNT 664952723,V350478057919166 9701766167VI,1000000.00,1000000.00,0.00,0.00,2023-02-18,2023-02-18,0,"Publisher-labeled 1:1 match; numerical differences are review evidence, not a fraud/loss label."
130694933480,787902694290,775463238869,USD_2023-02-12_ACC#00001_66912     0603606036838228267888SHOWD61         OFF TMH TIRO FAMES SMILAX   BOLL      00838228267888SHOWD61         OFF TMH TIRO HAU BT,USD_2023-02-12_ACC#00001_66912     0603606036838228267888SHOWD61         OFF TMH TIRO FAMES SMILAX   BOLL      00838228267888SHOWD61         OFF TMH TIRO HAU BT,RULE 1,A=0;B=0,008382282 67888 SHOWD61 L9HP0MF                                                                 JO TONITE ETHERIFIES GAB,VOLERY 3846725666FP,-3989236.47,-3989236.47,0.00,0.00,2023-02-12,2023-02-12,0,"Publisher-labeled 1:1 match; numerical differences are review evidence, not a fraud/loss label."
130702533206,182075848705,650653286484,USD_2023-02-25_ACC#00001_66912     66325663250 32566RBLJD 088            JOQVY - ELUVIA - SMILAX   GFG       VC0 32566RBLJD 088            JOQVY - ELUVIA -,USD_2023-02-25_ACC#00001_66912     66325663250 32566RBLJD 088            JOQVY - ELUVIA - SMILAX   GFG       VC0 32566RBLJD 088            JOQVY - ELUVIA -,RULE 3,A=0;B=0,32566RBLJD 32566RBLJD                                                                      JOQVY - ELUVIA -,32566RBLJD 5223166165VI,146696.17,146696.17,0.00,0.00,2023-02-25,2023-02-25,0,"Publisher-labeled 1:1 match; numerical differences are review evidence, not a fraud/loss label."
130790942647,899359021751,945885623590,USD_2023-01-06_ACC#00001_66912     0147701477638075341477                IPL MARACAN COMPRISE SMILAX   BOLL      VU638075341477                IPL MARACAN SACS RUMMLE,USD_2023-01-06_ACC#00001_66912     0147701477638075341477                IPL MARACAN COMPRISE SMILAX   BOLL      VU638075341477                IPL MARACAN SACS RUMMLE,RULE 1,A=0;B=0,VU6380753 41477 JOQVY H.C. ZUCCHINIS TENT,6450166739RN 6450166739RN,44641.66,44641.66,0.00,0.00,2023-01-06,2023-01-06,0,"Publisher-labeled 1:1 match; numerical differences are review evidence, not a fraud/loss label."
13079991605,266500142398,344233672915,USD_2023-01-05_ACC#00001_66912     66325663250 32566TNQAA 088            JOQVY - BAS - DG SMILAX   GFG       VC0 32566TNQAA 088            JOQVY - BAS - DG,USD_2023-01-05_ACC#00001_66912     66325663250 32566TNQAA 088            JOQVY - BAS - DG SMILAX   GFG       VC0 32566TNQAA 088            JOQVY - BAS - DG,RULE 1,A=0;B=0,32566TNQAA 32566TNQAA                                                                      JOQVY - BAS - DG,322756AL61374022 5256366732VI,-1000000.00,-1000000.00,0.00,0.00,2023-01-05,2023-01-05,0,"Publisher-labeled 1:1 match; numerical differences are review evidence, not a fraud/loss label."
130904234347,27846948901,352949546026,USD_2023-01-13_ACC#00001_66912     66325663250 32566J3TRG 088            JOQVY DE-BAS - T SMILAX   GFG       VC0 32566J3TRG 088            JOQVY DE-BAS - T,USD_2023-01-13_ACC#00001_66912     66325663250 32566J3TRG 088            JOQVY DE-BAS - T SMILAX   GFG       VC0 32566J3TRG 088            JOQVY DE-BAS - T,RULE 1,A=0;B=0,32566J3TRG 32566J3TRG                                                                      JOQVY DE-BAS - T,322746AL68111599 3070366743VI,-1327464.52,-1327464.52,0.00,0.00,2023-01-13,2023-01-13,0,"Publisher-labeled 1:1 match; numerical differences are review evidence, not a fraud/loss label."
130979143620,389566978059,813163824246,USD_2023-01-27_ACC#00001_66912     66325663250 32566WI6GJ 088            ESNE - OL OGPU L SMILAX   GFG       VC0 32566WI6GJ 088            ESNE - OL OGPU L,USD_2023-01-27_ACC#00001_66912     66325663250 32566WI6GJ 088            ESNE - OL OGPU L SMILAX   GFG       VC0 32566WI6GJ 088            ESNE - OL OGPU L,RULE 1,A=0;B=0,32566WI6GJ 32566WI6GJ                                                                      ESNE - OL OGPU L,183746AL68749313 8533766729VI,-59236.10,-59236.10,0.00,0.00,2023-01-27,2023-01-27,0,"Publisher-labeled 1:1 match; numerical differences are review evidence, not a fraud/loss label."
131044622329,895528756171,615522789686,USD_2023-02-12_ACC#00001_66912     6670866708P 7084566770 602            OARS PISTRIX -V&F TO SMILAX   OARS      IGN 7084566770 602            OARS PISTRIX -V& F SHY         F SHY,USD_2023-02-12_ACC#00001_66912     6670866708P 7084566770 602            OARS PISTRIX -V&F TO SMILAX   OARS      IGN 7084566770 602            OARS PISTRIX -V& F SHY         F SHY,RULE 3,A=0;B=0,7084566770 7084566770                                                                      OARS PISTRIX -V&F SHY,7084566777 8387466794VI,129160209.70,129160209.70,0.00,0.00,2023-02-12,2023-02-12,0,"Publisher-labeled 1:1 match; numerical differences are review evidence, not a fraud/loss label."
131091660230,788671593356,348591278173,USD_2023-01-13_ACC#00001_66912     66325663250 32566J3J1Z 088            JOQVY DE-BAS - T SMILAX   GFG       VC0 32566J3J1Z 088            JOQVY DE-BAS - T,USD_2023-01-13_ACC#00001_66912     66325663250 32566J3J1Z 088            JOQVY DE-BAS - T SMILAX   GFG       VC0 32566J3J1Z 088            JOQVY DE-BAS - T,RULE 3,A=0;B=0,32566J3J1Z 32566J3J1Z                                                                      JOQVY DE-BAS - T,32566J3J1Z 3074166743VI,27563783.30,27563783.30,0.00,0.00,2023-01-13,2023-01-13,0,"Publisher-labeled 1:1 match; numerical differences are review evidence, not a fraud/loss label."
131160825684,17496238854,977371293074,USD_2023-03-01_ACC#00001_66912     66325663250 32566RGDGU 088            JOQVY DE -ELUVIA SMILAX   GFG       VC0 32566RGDGU 088            JOQVY DE -ELUVIA,USD_2023-03-01_ACC#00001_66912     66325663250 32566RGDGU 088            JOQVY DE -ELUVIA SMILAX   GFG       VC0 32566RGDGU 088            JOQVY DE -ELUVIA,RULE 1,A=0;B=0,32566RGDGU 32566RGDGU                                                                      JOQVY DE -ELUVIA,322746AL68715853 9006466101VI,-26281.40,-26281.40,0.00,0.00,2023-03-01,2023-03-01,0,"Publisher-labeled 1:1 match; numerical differences are review evidence, not a fraud/loss label."
131388574399,929897865049,928959769841,USD_2023-02-10_ACC#00001_66912     0065200652836933367163CLICH58         MORIBUND VEXES WHUFF SMILAX   BOLL      00836933367163CLICH58         MORIBUND VEXES S FOMALHAUT,USD_2023-02-10_ACC#00001_66912     0065200652836933367163CLICH58         MORIBUND VEXES WHUFF SMILAX   BOLL      00836933367163CLICH58         MORIBUND VEXES S FOMALHAUT,RULE 1,A=0;B=0,008369333 67163 CLICH58                                                                         PREOCCUR FUTHERMORE BUT L,VOLERY 3887656666FP,-459605.64,-459605.64,0.00,0.00,2023-02-10,2023-02-10,0,"Publisher-labeled 1:1 match; numerical differences are review evidence, not a fraud/loss label."
131441989022,936287545404,697382834892,USD_2023-01-20_ACC#00001_66912     0256602566 SMILAX   FGGKR,USD_2023-01-20_ACC#00001_66912     0256602566 SMILAX   FGGKR,RULE 1,A=0;B=0,32943885 ALME7U6759JOQG7U                                                                JO TONITE SAUNT 664952723,V470929867386632 4298066721VI,-4521870.12,-4521870.12,0.00,0.00,2023-01-20,2023-01-20,0,"Publisher-labeled 1:1 match; numerical differences are review evidence, not a fraud/loss label."
131453297825,664536354040,256183781568,USD_2023-02-24_ACC#00001_66912     66325663250 32566RBV4D 088            JOQVY DE -ELUVIA SMILAX   GFG       VC0 32566RBV4D 088            JOQVY DE -ELUVIA,USD_2023-02-24_ACC#00001_66912     66325663250 32566RBV4D 088            JOQVY DE -ELUVIA SMILAX   GFG       VC0 32566RBV4D 088            JOQVY DE -ELUVIA,RULE 1,A=0;B=0,32566RBV4D 32566RBV4D                                                                      JOQVY DE -ELUVIA,322746AL68789270 2899666165VI,-8879.16,-8879.16,0.00,0.00,2023-02-24,2023-02-24,0,"Publisher-labeled 1:1 match; numerical differences are review evidence, not a fraud/loss label."
131513136923,404492672287,471630929323,USD_2023-02-17_ACC#00001_66912     0122701227833842412607OKET328         MORIBUND ROTENONES S SMILAX   BOLL      00833842412607OKET328         MORIBUND ZYGNEMA SK HYRACIFORM,USD_2023-02-17_ACC#00001_66912     0122701227833842412607OKET328         MORIBUND ROTENONES S SMILAX   BOLL      00833842412607OKET328         MORIBUND ZYGNEMA SK HYRACIFORM,RULE 1,A=0;B=0,008338424 12607 OKET328                                                                         UPCLOSER MONOCOQUE GAB -,VOLERY 3859277666FP,6683500.00,6683500.00,0.00,0.00,2023-02-17,2023-02-17,0,"Publisher-labeled 1:1 match; numerical differences are review evidence, not a fraud/loss label."
13153022740,749915401745,498290439980,USD_2023-01-07_ACC#00001_66912     66325663250 32566J6RPQ 088            JOQVY - ELUVIA - SMILAX   GFG       VC0 32566J6RPQ 088            JOQVY - ELUVIA -,USD_2023-01-07_ACC#00001_66912     66325663250 32566J6RPQ 088            JOQVY - ELUVIA - SMILAX   GFG       VC0 32566J6RPQ 088            JOQVY - ELUVIA -,RULE 1,A=0;B=0,32566J6RPQ 32566J6RPQ                                                                      JOQVY - ELUVIA -,322746AL68135438 2148266739VI,-48838.18,-48838.18,0.00,0.00,2023-01-07,2023-01-07,0,"Publisher-labeled 1:1 match; numerical differences are review evidence, not a fraud/loss label."
131531601450,188483895249,168052615167,USD_2023-01-25_ACC#00001_66912     0603606036880303767888CHARE18         IF TMH SEE FAMES SMILAX   BOLL      00880303767888CHARE18         IF TMH SEE FAMES,USD_2023-01-25_ACC#00001_66912     0603606036880303767888CHARE18         IF TMH SEE FAMES SMILAX   BOLL      00880303767888CHARE18         IF TMH SEE FAMES,RULE 1,A=0;B=0,008803037 67888 CHARE18 L9HY7Q8                                                                 JO TONITE ETHERIFIES GAB,VOLERY 3170703666FP,5054210.00,5054210.00,0.00,0.00,2023-01-25,2023-01-25,0,"Publisher-labeled 1:1 match; numerical differences are review evidence, not a fraud/loss label."
131535206498,972325785662,879431260907,USD_2023-01-12_ACC#00001_66912     0256602566 SMILAX   FGGKR,USD_2023-01-12_ACC#00001_66912     0256602566 SMILAX   FGGKR,RULE 1,A=0;B=0,32900047 ALME7U5667JOQG7U                                                                JO TONITE SAUNT 664952723,V347484760246642 7193066743VI,-919433.20,-919433.20,0.00,0.00,2023-01-12,2023-01-12,0,"Publisher-labeled 1:1 match; numerical differences are review evidence, not a fraud/loss label."
131544598684,282214915900,981235262869,USD_2023-01-28_ACC#00001_66912     66325663250 32566RIJ4W 088            JOQVY - ELUVIA - SMILAX   GFG       VC0 32566RIJ4W 088            JOQVY - ELUVIA -,USD_2023-01-28_ACC#00001_66912     66325663250 32566RIJ4W 088            JOQVY - ELUVIA - SMILAX   GFG       VC0 32566RIJ4W 088            JOQVY - ELUVIA -,RULE 1,A=0;B=0,32566RIJ4W 32566RIJ4W                                                                      JOQVY - ELUVIA -,322746AL68142493 5276166756VI,-828970.24,-828970.24,0.00,0.00,2023-01-28,2023-01-28,0,"Publisher-labeled 1:1 match; numerical differences are review evidence, not a fraud/loss label."
131559763073,851746758796,551934273644,USD_2023-01-06_ACC#00001_66912     0207602076873453913737ATMA612         MORIBUND VEXES WHUFF SMILAX   BOLL      00873453913737ATMA612         MORIBUND VEXES S FOMALHAUT,USD_2023-01-06_ACC#00001_66912     0207602076873453913737ATMA612         MORIBUND VEXES WHUFF SMILAX   BOLL      00873453913737ATMA612         MORIBUND VEXES S FOMALHAUT,RULE 1,A=0;B=0,008734539 13737 ATMA612                                                                         BULT DUFFED BUT MG,VOLERY 3052683666FP,-611699.11,-611699.11,0.00,0.00,2023-01-06,2023-01-06,0,"Publisher-labeled 1:1 match; numerical differences are review evidence, not a fraud/loss label."
131566782656,177638143593,695272670417,USD_2023-02-22_ACC#00001_66912     0156801568846302417667OKET484         MORIBUND VEXES WHUFF SMILAX   BOLL      00846302417667OKET484         MORIBUND VEXES S FOMALHAUT,USD_2023-02-22_ACC#00001_66912     0156801568846302417667OKET484         MORIBUND VEXES WHUFF SMILAX   BOLL      00846302417667OKET484         MORIBUND VEXES S FOMALHAUT,RULE 1,A=0;B=0,008463024 17667 OKET484                                                                         UPCLOSER MONOCOQUE GAB -,VOLERY 3370714666FP,-21160405.60,-21160405.60,0.00,0.00,2023-02-22,2023-02-22,0,"Publisher-labeled 1:1 match; numerical differences are review evidence, not a fraud/loss label."
131642997509,734458689396,265600714057,USD_2023-01-01_ACC#00001_66912     66325663250 32566EH9UX 088            JOQVY - BAS - DG SMILAX   GFG       VC0 32566EH9UX 088            JOQVY - BAS - DG,USD_2023-01-01_ACC#00001_66912     66325663250 32566EH9UX 088            JOQVY - BAS - DG SMILAX   GFG       VC0 32566EH9UX 088            JOQVY - BAS - DG,RULE 1,A=0;B=0,32566EH9UX 32566EH9UX                                                                      JOQVY - BAS - DG,325756AL61310393 1408766738VI,-284460.86,-284460.86,0.00,0.00,2023-01-01,2023-01-01,0,"Publisher-labeled 1:1 match; numerical differences are review evidence, not a fraud/loss label."
13168965433,918356341840,962046872241,USD_2023-01-25_ACC#00001_66912     66325663250 32566RVVB6 088            JOQVY - ELUVIA - SMILAX   GFG       VC0 32566RVVB6 088            JOQVY - ELUVIA -,USD_2023-01-25_ACC#00001_66912     66325663250 32566RVVB6 088            JOQVY - ELUVIA - SMILAX   GFG       VC0 32566RVVB6 088            JOQVY - ELUVIA -,RULE 1,A=0;B=0,32566RVVB6 32566RVVB6                                                                      JOQVY - ELUVIA -,322746AL68140014 9587566725VI,-146959.83,-146959.83,0.00,0.00,2023-01-25,2023-01-25,0,"Publisher-labeled 1:1 match; numerical differences are review evidence, not a fraud/loss label."
131778471804,707022565864,944047422695,USD_2023-01-04_ACC#00001_66912     66325663250 32566TDRGU 088            JOQVY - BAS - DG SMILAX   GFG       VC0 32566TDRGU 088            JOQVY - BAS - DG,USD_2023-01-04_ACC#00001_66912     66325663250 32566TDRGU 088            JOQVY - BAS - DG SMILAX   GFG       VC0 32566TDRGU 088            JOQVY - BAS - DG,RULE 3,A=0;B=0,32566TDRGU 32566TDRGU                                                                      JOQVY - BAS - DG,32566TDRGU 8568966738VI,460356.54,460356.54,0.00,0.00,2023-01-04,2023-01-04,0,"Publisher-labeled 1:1 match; numerical differences are review evidence, not a fraud/loss label."
131830239978,491731353710,847400752724,USD_2023-02-11_ACC#00001_66912     0147701477831275641477NAPE576         OFF TMH TIRO FAMES SMILAX   BOLL      00831275641477NAPE576         OFF TMH TIRO HAU BT,USD_2023-02-11_ACC#00001_66912     0147701477831275641477NAPE576         OFF TMH TIRO FAMES SMILAX   BOLL      00831275641477NAPE576         OFF TMH TIRO HAU BT,RULE 1,A=0;B=0,008312756 41477 NAPE576 L9HO9EP                                                                 UPCLOSER MONOCOQUE GAB -,VOLERY 3836258666FP,-13925367.90,-13925367.90,0.00,0.00,2023-02-11,2023-02-11,0,"Publisher-labeled 1:1 match; numerical differences are review evidence, not a fraud/loss label."
131873403534,829730340363,658004736134,USD_2023-02-04_ACC#00001_66912     0603606036889473967888VELIC90         IF TMH SEE FAMES SMILAX   BOLL      00889473967888VELIC90         IF TMH SEE FAMES,USD_2023-02-04_ACC#00001_66912     0603606036889473967888VELIC90         IF TMH SEE FAMES SMILAX   BOLL      00889473967888VELIC90         IF TMH SEE FAMES,RULE 1,A=0;B=0,008894739 67888 VELIC90 L9CY97K                                                                 JO TONITE ETHERIFIES GAB,VOLERY 3860028666FP,810707.00,810707.00,0.00,0.00,2023-02-04,2023-02-04,0,"Publisher-labeled 1:1 match; numerical differences are review evidence, not a fraud/loss label."
131892768209,550510578231,391854051315,USD_2023-03-02_ACC#00001_WF 66912     0600306003843297467609COCT044         MORIBUND VEXES WHUFF,USD_2023-03-02_ACC#00001_WF 66912     0600306003843297467609COCT044         MORIBUND VEXES WHUFF,RULE 1,A=0;B=0,008432974 67609 COCT044                                                                         HATER GRAVEL KEEPINGS,VOLERY 3356892666FP,-171316.19,-171316.19,0.00,0.00,2023-03-02,2023-03-02,0,"Publisher-labeled 1:1 match; numerical differences are review evidence, not a fraud/loss label."
131942335373,329681795115,719736043720,USD_2023-02-17_ACC#00001_66912     6682866828SHAMESICK FROM JAUN UNFED   802064-EUTROPIC SMILAX   FGGQQ     PHOTOACTIVE FROM JAUN UNFED   802064-EUTROPIC                029666661166666666,USD_2023-02-17_ACC#00001_66912     6682866828SHAMESICK FROM JAUN UNFED   802064-EUTROPIC SMILAX   FGGQQ     PHOTOACTIVE FROM JAUN UNFED   802064-EUTROPIC                029666661166666666,RULE 1,A=0;B=0,6666666666298889 802064-EUTROPIC,TALCING 1438566166VI,-35000000.00,-35000000.00,0.00,0.00,2023-02-17,2023-02-17,0,"Publisher-labeled 1:1 match; numerical differences are review evidence, not a fraud/loss label."
132021389907,373996946531,997905694769,USD_2023-03-01_ACC#00001_66912     0122001220848704912660OKET514         MORIBUND ROTENONES S SMILAX   BOLL      00848704912660OKET514         MORIBUND ZYGNEMA SK HYRACIFORM,USD_2023-03-01_ACC#00001_66912     0122001220848704912660OKET514         MORIBUND ROTENONES S SMILAX   BOLL      00848704912660OKET514         MORIBUND ZYGNEMA SK HYRACIFORM,RULE 1,A=0;B=0,008487049 12660 OKET514                                                                         HUTLET VOWED FUTHERMORE U,VOLERY 3349195666FP,1792333.73,1792333.73,0.00,0.00,2023-03-01,2023-03-01,0,"Publisher-labeled 1:1 match; numerical differences are review evidence, not a fraud/loss label."
132028306327,193280154194,430073373682,USD_2023-03-04_ACC#00001_66912     66325663250 32566RFE1S 088            JOQVY DE-ELUVIA SMILAX   GFG       VC0 32566RFE1S 088            JOQVY DE-ELUVIA,USD_2023-03-04_ACC#00001_66912     66325663250 32566RFE1S 088            JOQVY DE-ELUVIA SMILAX   GFG       VC0 32566RFE1S 088            JOQVY DE-ELUVIA,RULE 1,A=0;B=0,32566RFE1S 32566RFE1S                                                                      JOQVY DE-ELUVIA,322746BW64663996 8042966108VI,-730745.36,-730745.36,0.00,0.00,2023-03-04,2023-03-04,0,"Publisher-labeled 1:1 match; numerical differences are review evidence, not a fraud/loss label."
132106638818,994507837941,721926772953,USD_2023-01-07_ACC#00001_66912     0112401124874342867327JADE521         MORIBUND ROTENONES S SMILAX   BOLL      00874342867327JADE521         MORIBUND ZYGNEMA SK HYRACIFORM,USD_2023-01-07_ACC#00001_66912     0112401124874342867327JADE521         MORIBUND ROTENONES S SMILAX   BOLL      00874342867327JADE521         MORIBUND ZYGNEMA SK HYRACIFORM,RULE 1,A=0;B=0,008743428 67327 JADE521                                                                         VOLUPT NAPKIN & RESSAUT,VOLERY 3093397666FP,162140.87,162140.87,0.00,0.00,2023-01-07,2023-01-07,0,"Publisher-labeled 1:1 match; numerical differences are review evidence, not a fraud/loss label."
13219189283,126534435130,786066075307,USD_2023-02-22_ACC#00001_66912     0670806708846658114407OKET701         MORIBUND ROTENONES S SMILAX   BOLL      00846658114407OKET701         MORIBUND ZYGNEMA SK HYRACIFORM,USD_2023-02-22_ACC#00001_66912     0670806708846658114407OKET701         MORIBUND ROTENONES S SMILAX   BOLL      00846658114407OKET701         MORIBUND ZYGNEMA SK HYRACIFORM,RULE 1,A=0;B=0,008466581 14407 OKET701                                                                         UPCLOSER MONOCOQUE GAB -,VOLERY 3376416666FP,55077.94,55077.94,0.00,0.00,2023-02-22,2023-02-22,0,"Publisher-labeled 1:1 match; numerical differences are review evidence, not a fraud/loss label."
13224504237,638318467127,856955387126,USD_2023-02-24_ACC#00001_66912     0670806708840092114476CHARE58         MORIBUND VEXES WHUFF SMILAX   BOLL      00840092114476CHARE58         MORIBUND VEXES S FOMALHAUT,USD_2023-02-24_ACC#00001_66912     0670806708840092114476CHARE58         MORIBUND VEXES WHUFF SMILAX   BOLL      00840092114476CHARE58         MORIBUND VEXES S FOMALHAUT,RULE 1,A=0;B=0,008400921 14476 CHARE58                                                                         UPCLOSER MONOCOQUE GAB -,VOLERY 3387109666FP,-209061.00,-209061.00,0.00,0.00,2023-02-24,2023-02-24,0,"Publisher-labeled 1:1 match; numerical differences are review evidence, not a fraud/loss label."
132245333368,270446202559,515301465847,USD_2023-03-02_ACC#00001_66912     0976909769843834219262JADE217         MORIBUND ROTENONES S SMILAX   BOLL      00843834219262JADE217         MORIBUND ZYGNEMA SK HYRACIFORM,USD_2023-03-02_ACC#00001_66912     0976909769843834219262JADE217         MORIBUND ROTENONES S SMILAX   BOLL      00843834219262JADE217         MORIBUND ZYGNEMA SK HYRACIFORM,RULE 1,A=0;B=0,008438342 19262 JADE217                                                                         CRICK TYPY AS THERMODYNAM,VOLERY 3329677666FP,85956.43,85956.43,0.00,0.00,2023-03-02,2023-03-02,0,"Publisher-labeled 1:1 match; numerical differences are review evidence, not a fraud/loss label."
132421531077,291602480842,802025921757,USD_2023-01-18_ACC#00001_66912     0147701477813798241477AUG0762         OFF TMH TIRO FAMES SMILAX   BOLL      00813798241477AUG0762         OFF TMH TIRO HAU BT,USD_2023-01-18_ACC#00001_66912     0147701477813798241477AUG0762         OFF TMH TIRO FAMES SMILAX   BOLL      00813798241477AUG0762         OFF TMH TIRO HAU BT,RULE 1,A=0;B=0,008137982 41477 AUG0762 L9FR584                                                                 UPCLOSER MONOCOQUE GAB -,VOLERY 3744916666FP,-52739550.21,-52739550.21,0.00,0.00,2023-01-18,2023-01-18,0,"Publisher-labeled 1:1 match; numerical differences are review evidence, not a fraud/loss label."
132455831959,501382482097,548729456751,USD_2023-01-14_ACC#00001_66912     0122001220869400412660NAPE023         MORIBUND ROTENONES S SMILAX   BOLL      00869400412660NAPE023         MORIBUND ZYGNEMA SK HYRACIFORM,USD_2023-01-14_ACC#00001_66912     0122001220869400412660NAPE023         MORIBUND ROTENONES S SMILAX   BOLL      00869400412660NAPE023         MORIBUND ZYGNEMA SK HYRACIFORM,RULE 1,A=0;B=0,008694004 12660 NAPE023                                                                         UPCLOSER MONOCOQUE GAB -,VOLERY 3783516666FP,203263.74,203263.74,0.00,0.00,2023-01-14,2023-01-14,0,"Publisher-labeled 1:1 match; numerical differences are review evidence, not a fraud/loss label."
132521907299,469066126518,770068977127,USD_2023-02-24_ACC#00001_66912     0603606036848759467888CHARE18         IF TMH TIRO FAMES SMILAX   BOLL      00848759467888CHARE18         IF TMH TIRO EMEU S,USD_2023-02-24_ACC#00001_66912     0603606036848759467888CHARE18         IF TMH TIRO FAMES SMILAX   BOLL      00848759467888CHARE18         IF TMH TIRO EMEU S,RULE 1,A=0;B=0,008487594 67888 CHARE18 L9HG7H1                                                                 JO TONITE ETHERIFIES GAB,VOLERY 3380688666FP,-88000.00,-88000.00,0.00,0.00,2023-02-24,2023-02-24,0,"Publisher-labeled 1:1 match; numerical differences are review evidence, not a fraud/loss label."
132601034335,770473448196,232999437577,USD_2023-02-02_ACC#00001_66912     0676506765884706455570NAPE580         MORIBUND ROTENONES S SMILAX   BOLL      00884706455570NAPE580         MORIBUND ZYGNEMA SK HYRACIFORM,USD_2023-02-02_ACC#00001_66912     0676506765884706455570NAPE580         MORIBUND ROTENONES S SMILAX   BOLL      00884706455570NAPE580         MORIBUND ZYGNEMA SK HYRACIFORM,RULE 1,A=0;B=0,008847064 55570 NAPE580                                                                         ZEE ETHERIFIES EFI,VOLERY 3156759666FP,2624805.29,2624805.29,0.00,0.00,2023-02-02,2023-02-02,0,"Publisher-labeled 1:1 match; numerical differences are review evidence, not a fraud/loss label."
132612735796,776218389872,902666656424,USD_2023-01-25_ACC#00001_66912     0256602566 SMILAX   FGGKR,USD_2023-01-25_ACC#00001_66912     0256602566 SMILAX   FGGKR,RULE 1,A=0;B=0,40272596 ALME7U9943JOQG7U                                                                JO TONITE SAUNT 664952723,V402725867844752 5452766725VI,-9993879.56,-9993879.56,0.00,0.00,2023-01-25,2023-01-25,0,"Publisher-labeled 1:1 match; numerical differences are review evidence, not a fraud/loss label."
132644889815,776479987371,31563509339,USD_2023-02-03_ACC#00001_66912     0122001220887526412660CUCA256         MORIBUND ROTENONES S SMILAX   BOLL      00887526412660CUCA256         MORIBUND ZYGNEMA SK HYRACIFORM,USD_2023-02-03_ACC#00001_66912     0122001220887526412660CUCA256         MORIBUND ROTENONES S SMILAX   BOLL      00887526412660CUCA256         MORIBUND ZYGNEMA SK HYRACIFORM,RULE 1,A=0;B=0,008875264 12660 CUCA256                                                                         UPCLOSER MONOCOQUE GAB -,VOLERY 3155983666FP,9979000.00,9979000.00,0.00,0.00,2023-02-03,2023-02-03,0,"Publisher-labeled 1:1 match; numerical differences are review evidence, not a fraud/loss label."
132675907557,839643925171,26958408225,USD_2023-01-05_ACC#00001_66912     0676506765873204755570NAPE159         MORIBUND VEXES WHUFF SMILAX   BOLL      00873204755570NAPE159         MORIBUND VEXES S FOMALHAUT,USD_2023-01-05_ACC#00001_66912     0676506765873204755570NAPE159         MORIBUND VEXES WHUFF SMILAX   BOLL      00873204755570NAPE159         MORIBUND VEXES S FOMALHAUT,RULE 1,A=0;B=0,008732047 55570 NAPE159                                                                         MANESHEET COTTEREL TYPY Q,VOLERY 3023775666FP,-1197117.69,-1197117.69,0.00,0.00,2023-01-05,2023-01-05,0,"Publisher-labeled 1:1 match; numerical differences are review evidence, not a fraud/loss label."
132752250186,763403018227,398187289881,USD_2023-01-27_ACC#00001_66912     0122001220819593912660NAPE976         MORIBUND VEXES WHUFF SMILAX   BOLL      00819593912660NAPE976         MORIBUND VEXES S FOMALHAUT,USD_2023-01-27_ACC#00001_66912     0122001220819593912660NAPE976         MORIBUND VEXES WHUFF SMILAX   BOLL      00819593912660NAPE976         MORIBUND VEXES S FOMALHAUT,RULE 1,A=0;B=0,008195939 12660 NAPE976                                                                         UPCLOSER MONOCOQUE GAB -,VOLERY 3180135666FP,-13317000.00,-13317000.00,0.00,0.00,2023-01-27,2023-01-27,0,"Publisher-labeled 1:1 match; numerical differences are review evidence, not a fraud/loss label."
13284758766,18662227955,548648756442,USD_2023-01-27_ACC#00001_66912     0156001560881635210810EPOXY95         MORIBUND VEXES WHUFF SMILAX   BOLL      00881635210810EPOXY95         MORIBUND VEXES S FOMALHAUT,USD_2023-01-27_ACC#00001_66912     0156001560881635210810EPOXY95         MORIBUND VEXES WHUFF SMILAX   BOLL      00881635210810EPOXY95         MORIBUND VEXES S FOMALHAUT,RULE 1,A=0;B=0,008816352 10810 EPOXY95                                                                         LAC FRUZ CUBICLES WF,VOLERY 3180803666FP,-705792.00,-705792.00,0.00,0.00,2023-01-27,2023-01-27,0,"Publisher-labeled 1:1 match; numerical differences are review evidence, not a fraud/loss label."
132850578076,304531418062,246652852843,USD_2023-01-01_ACC#00001_66912     66325663250 32566EH4HG 088            JOQVY - ELUVIA - SMILAX   GFG       VC0 32566EH4HG 088            JOQVY - ELUVIA -,USD_2023-01-01_ACC#00001_66912     66325663250 32566EH4HG 088            JOQVY - ELUVIA - SMILAX   GFG       VC0 32566EH4HG 088            JOQVY - ELUVIA -,RULE 3,A=0;B=0,32566EH4HG 32566EH4HG                                                                      JOQVY - ELUVIA -,32566EH4HG 1097166738VI,91862.26,91862.26,0.00,0.00,2023-01-01,2023-01-01,0,"Publisher-labeled 1:1 match; numerical differences are review evidence, not a fraud/loss label."
132865400578,950454218787,249940152514,USD_2023-03-02_ACC#00001_66912     0608706087842826615601EPEE553         MORIBUND ROTENONES S SMILAX   BOLL      00842826615601EPEE553         MORIBUND ZYGNEMA SK HYRACIFORM,USD_2023-03-02_ACC#00001_66912     0608706087842826615601EPEE553         MORIBUND ROTENONES S SMILAX   BOLL      00842826615601EPEE553         MORIBUND ZYGNEMA SK HYRACIFORM,RULE 1,A=0;B=0,008428266 15601 EPEE553                                                                         ELUVIA ANNONCE AS GODHOOD,VOLERY 3356086666FP,2860516.70,2860516.70,0.00,0.00,2023-03-02,2023-03-02,0,"Publisher-labeled 1:1 match; numerical differences are review evidence, not a fraud/loss label."
132935073955,653007196376,359890301120,USD_2023-03-04_ACC#00001_66912     0156801568848395917661CUTIN95         MORIBUND ROTENONES S SMILAX   BOLL      00848395917661CUTIN95         MORIBUND ZYGNEMA SK HYRACIFORM,USD_2023-03-04_ACC#00001_66912     0156801568848395917661CUTIN95         MORIBUND ROTENONES S SMILAX   BOLL      00848395917661CUTIN95         MORIBUND ZYGNEMA SK HYRACIFORM,RULE 1,A=0;B=0,008483959 17661 CUTIN95                                                                         VERANDAH KEF QMQF STRETCH,VOLERY 3359216666FP,3641140.00,3641140.00,0.00,0.00,2023-03-04,2023-03-04,0,"Publisher-labeled 1:1 match; numerical differences are review evidence, not a fraud/loss label."
1329807264,40737321541,426090881376,USD_2023-02-16_ACC#00001_66912     0603606036832910467888NAPE703         IF TMH SEE FAMES SMILAX   BOLL      00832910467888NAPE703         IF TMH SEE FAMES,USD_2023-02-16_ACC#00001_66912     0603606036832910467888NAPE703         IF TMH SEE FAMES SMILAX   BOLL      00832910467888NAPE703         IF TMH SEE FAMES,RULE 1,A=0;B=0,008329104 67888 NAPE703 L9HP5HG                                                                 JO TONITE ETHERIFIES GAB,VOLERY 3850014666FP,58062258.00,58062258.00,0.00,0.00,2023-02-16,2023-02-16,0,"Publisher-labeled 1:1 match; numerical differences are review evidence, not a fraud/loss label."
133034522342,202443603644,295738515592,USD_2023-01-11_ACC#00001_66912     66325663250 37266J82YL 088            INKROOT LIKED BY SMILAX   GFG       VC0 37266J82YL 088            INKROOT LIKED BY,USD_2023-01-11_ACC#00001_66912     66325663250 37266J82YL 088            INKROOT LIKED BY SMILAX   GFG       VC0 37266J82YL 088            INKROOT LIKED BY,RULE 3,A=0;B=0,37266J82YL 37266J82YL                                                                      INKROOT LIKED BY,37266J82YL 9991666748VI,4683.48,4683.48,0.00,0.00,2023-01-11,2023-01-11,0,"Publisher-labeled 1:1 match; numerical differences are review evidence, not a fraud/loss label."
133057232640,76732513084,848906151606,USD_2023-01-13_ACC#00001_66912     0676506765810281755570NAPE703         MORIBUND VEXES WHUFF SMILAX   BOLL      00810281755570NAPE703         MORIBUND VEXES S FOMALHAUT,USD_2023-01-13_ACC#00001_66912     0676506765810281755570NAPE703         MORIBUND VEXES WHUFF SMILAX   BOLL      00810281755570NAPE703         MORIBUND VEXES S FOMALHAUT,RULE 1,A=0;B=0,008102817 55570 NAPE703                                                                         OXEOTE MUTUALITY THRESHAL,VOLERY 3713988666FP,-3832416.50,-3832416.50,0.00,0.00,2023-01-13,2023-01-13,0,"Publisher-labeled 1:1 match; numerical differences are review evidence, not a fraud/loss label."
133150590040,599896789940,200277482004,USD_2023-02-02_ACC#00001_66912     0670806708882733314484NAPE580         MORIBUND ROTENONES S SMILAX   BOLL      00882733314484NAPE580         MORIBUND ZYGNEMA SK HYRACIFORM,USD_2023-02-02_ACC#00001_66912     0670806708882733314484NAPE580         MORIBUND ROTENONES S SMILAX   BOLL      00882733314484NAPE580         MORIBUND ZYGNEMA SK HYRACIFORM,RULE 1,A=0;B=0,008827333 14484 NAPE580                                                                         UPCLOSER MONOCOQUE GAB -,VOLERY 3156791666FP,4578444.61,4578444.61,0.00,0.00,2023-02-02,2023-02-02,0,"Publisher-labeled 1:1 match; numerical differences are review evidence, not a fraud/loss label."
133212368182,214680086353,34150148418,USD_2023-01-15_ACC#00001_66912     0670806708817808714407RUMBO27         MORIBUND VEXES WHUFF SMILAX   BOLL      00817808714407RUMBO27         MORIBUND VEXES S FOMALHAUT,USD_2023-01-15_ACC#00001_66912     0670806708817808714407RUMBO27         MORIBUND VEXES WHUFF SMILAX   BOLL      00817808714407RUMBO27         MORIBUND VEXES S FOMALHAUT,RULE 1,A=0;B=0,008178087 14407 RUMBO27                                                                         UPCLOSER MONOCOQUE GAB -,VOLERY 3735149666FP,-40096.12,-40096.12,0.00,0.00,2023-01-15,2023-01-15,0,"Publisher-labeled 1:1 match; numerical differences are review evidence, not a fraud/loss label."
133227955649,578621523775,473427801237,USD_2023-02-03_ACC#00001_66912     6682866828SHAMESICK FROM JAUN UNFED   BHOOSA- DESINENT SMILAX   FGGQQ     PHOTOACTIVE FROM JAUN UNFED   BHOOSA- DESINENT               029666175660691111,USD_2023-02-03_ACC#00001_66912     6682866828SHAMESICK FROM JAUN UNFED   BHOOSA- DESINENT SMILAX   FGGQQ     PHOTOACTIVE FROM JAUN UNFED   BHOOSA- DESINENT               029666175660691111,RULE 3,A=0;B=0,6666666662401876 P624018760874121                                                                BHOOSA- DESINENT,P624018760874121 8045366752VI,3268182893.00,3268182893.00,0.00,0.00,2023-02-03,2023-02-03,0,"Publisher-labeled 1:1 match; numerical differences are review evidence, not a fraud/loss label."
133319577577,7357630173,354693806297,USD_2023-01-19_ACC#00001_66912     0670806708818431914407OKET701         MORIBUND ROTENONES S SMILAX   BOLL      00818431914407OKET701         MORIBUND ZYGNEMA SK HYRACIFORM,USD_2023-01-19_ACC#00001_66912     0670806708818431914407OKET701         MORIBUND ROTENONES S SMILAX   BOLL      00818431914407OKET701         MORIBUND ZYGNEMA SK HYRACIFORM,RULE 1,A=0;B=0,008184319 14407 OKET701                                                                         UPCLOSER MONOCOQUE GAB -,VOLERY 3724705666FP,261993.77,261993.77,0.00,0.00,2023-01-19,2023-01-19,0,"Publisher-labeled 1:1 match; numerical differences are review evidence, not a fraud/loss label."
133351921067,974262344444,966429208005,USD_2023-01-13_ACC#00001_66912     0670806708638165714407                IPL MARACAN COMPRISE SMILAX   BOLL      VU638165714407                IPL MARACAN SACS RUMMLE,USD_2023-01-13_ACC#00001_66912     0670806708638165714407                IPL MARACAN COMPRISE SMILAX   BOLL      VU638165714407                IPL MARACAN SACS RUMMLE,RULE 1,A=0;B=0,VU6381657 14407 UPCLOSER MONOCOQUE GAB -,VOLERY 3713329666FP,72.00,72.00,0.00,0.00,2023-01-13,2023-01-13,0,"Publisher-labeled 1:1 match; numerical differences are review evidence, not a fraud/loss label."
1333868093,573464427236,486026612194,USD_2023-02-19_ACC#00001_66912     66325663250 32566RO47S 088            JOQVY - ELUVIA - SMILAX   GFG       VC0 32566RO47S 088            JOQVY - ELUVIA -,USD_2023-02-19_ACC#00001_66912     66325663250 32566RO47S 088            JOQVY - ELUVIA - SMILAX   GFG       VC0 32566RO47S 088            JOQVY - ELUVIA -,RULE 1,A=0;B=0,32566RO47S 32566RO47S                                                                      JOQVY - ELUVIA -,322746AL68170602 0382066167VI,-0.01,-0.01,0.00,0.00,2023-02-19,2023-02-19,0,"Publisher-labeled 1:1 match; numerical differences are review evidence, not a fraud/loss label."
133426523580,101529533129,860252061207,USD_2023-02-23_ACC#00001_66912     0147701477841092441477NAPE150         IF TMH SEE FAMES SMILAX   BOLL      00841092441477NAPE150         IF TMH SEE FAMES,USD_2023-02-23_ACC#00001_66912     0147701477841092441477NAPE150         IF TMH SEE FAMES SMILAX   BOLL      00841092441477NAPE150         IF TMH SEE FAMES,RULE 1,A=0;B=0,008410924 41477 NAPE150 L9HG6NE                                                                 UPCLOSER MONOCOQUE GAB -,VOLERY 3317736666FP,40000000.00,40000000.00,0.00,0.00,2023-02-23,2023-02-23,0,"Publisher-labeled 1:1 match; numerical differences are review evidence, not a fraud/loss label."
133531221553,101005639966,529214940662,USD_2023-02-09_ACC#00001_66912     66325663250 37266RH6BY 088            TOURNOIS NONFARM SMILAX   GFG       VC0 37266RH6BY 088            TOURNOIS NONFARM,USD_2023-02-09_ACC#00001_66912     66325663250 37266RH6BY 088            TOURNOIS NONFARM SMILAX   GFG       VC0 37266RH6BY 088            TOURNOIS NONFARM,RULE 3,A=0;B=0,37266RH6BY 37266RH6BY                                                                      TOURNOIS NONFARM,37266RH6BY 0335466791VI,4229.70,4229.70,0.00,0.00,2023-02-09,2023-02-09,0,"Publisher-labeled 1:1 match; numerical differences are review evidence, not a fraud/loss label."
133547696644,4636368476,751075016666,USD_2023-02-05_ACC#00001_66912     0156801568885321017661OKET746         MORIBUND VEXES WHUFF SMILAX   BOLL      00885321017661OKET746         MORIBUND VEXES S FOMALHAUT,USD_2023-02-05_ACC#00001_66912     0156801568885321017661OKET746         MORIBUND VEXES WHUFF SMILAX   BOLL      00885321017661OKET746         MORIBUND VEXES S FOMALHAUT,RULE 1,A=0;B=0,008853210 17661 OKET746                                                                         TAPU ETHERIFIES AUANTIC,VOLERY 3806447666FP,-2571633.00,-2571633.00,0.00,0.00,2023-02-05,2023-02-05,0,"Publisher-labeled 1:1 match; numerical differences are review evidence, not a fraud/loss label."
133623523175,395962452201,638871004867,USD_2023-03-04_ACC#00001_66912     02566025660696 SMILAX   FGGKR     FW0696,USD_2023-03-04_ACC#00001_66912     02566025660696 SMILAX   FGGKR     FW0696,MANUAL,A=0;B=0,76094596 RUCKER11                                                                        WINELIKE INCHER 666905713,INTERNIDAL 2742866104VI,-163813148.20,-163813148.20,0.00,0.00,2023-03-04,2023-03-04,0,"Publisher-labeled 1:1 match; numerical differences are review evidence, not a fraud/loss label."
133680826225,439972199325,153103055051,USD_2023-03-05_ACC#00001_66912     0147601476820749641476                IF TMH ENQUIRE WOLD SMILAX   BOLL      00820749641476                IF TMH ENQUIRE C TCK,USD_2023-03-05_ACC#00001_66912     0147601476820749641476                IF TMH ENQUIRE WOLD SMILAX   BOLL      00820749641476                IF TMH ENQUIRE C TCK,RULE 1,A=0;B=0,008207496 41476 L9IE2FF                                                                 JIBED WUZZLE AIRY AUANTIC,VOLERY 1190166102VI,-819000.00,-819000.00,0.00,0.00,2023-03-05,2023-03-05,0,"Publisher-labeled 1:1 match; numerical differences are review evidence, not a fraud/loss label."
133727213078,527055040728,561290705098,USD_2023-02-25_ACC#00001_66912     0638106381841072288856VELIC90         MORIBUND ROTENONES S SMILAX   BOLL      00841072288856VELIC90         MORIBUND ZYGNEMA SK HYRACIFORM,USD_2023-02-25_ACC#00001_66912     0638106381841072288856VELIC90         MORIBUND ROTENONES S SMILAX   BOLL      00841072288856VELIC90         MORIBUND ZYGNEMA SK HYRACIFORM,RULE 1,A=0;B=0,008410722 88856 VELIC90                                                                         SLATTERN AVIARY ENNOBLERS,VOLERY 3330427666FP,4584742.10,4584742.10,0.00,0.00,2023-02-25,2023-02-25,0,"Publisher-labeled 1:1 match; numerical differences are review evidence, not a fraud/loss label."
133769863648,779339972122,625174547205,USD_2023-01-11_ACC#00001_66912     66325663250 32566J31VB 088            JOQVY - BAS - DG SMILAX   GFG       VC0 32566J31VB 088            JOQVY - BAS - DG,USD_2023-01-11_ACC#00001_66912     66325663250 32566J31VB 088            JOQVY - BAS - DG SMILAX   GFG       VC0 32566J31VB 088            JOQVY - BAS - DG,RULE 1,A=0;B=0,32566J31VB 32566J31VB                                                                      JOQVY - BAS - DG,322756AL61143237 9775466748VI,-38225.07,-38225.07,0.00,0.00,2023-01-11,2023-01-11,0,"Publisher-labeled 1:1 match; numerical differences are review evidence, not a fraud/loss label."
133783401732,636374775115,437481503451,USD_2023-01-15_ACC#00001_66912     0638106381817360488856EPEE857         MORIBUND ROTENONES S SMILAX   BOLL      00817360488856EPEE857         MORIBUND ZYGNEMA SK HYRACIFORM,USD_2023-01-15_ACC#00001_66912     0638106381817360488856EPEE857         MORIBUND ROTENONES S SMILAX   BOLL      00817360488856EPEE857         MORIBUND ZYGNEMA SK HYRACIFORM,RULE 1,A=0;B=0,008173604 88856 EPEE857                                                                         DIANITE ANIMI VOWED QMQF,VOLERY 3732240666FP,11761603.00,11761603.00,0.00,0.00,2023-01-15,2023-01-15,0,"Publisher-labeled 1:1 match; numerical differences are review evidence, not a fraud/loss label."
133810278271,264005883286,409620888745,USD_2023-01-28_ACC#00001_66912     66325663250 32566RIJ9S 088            JOQVY - ELUVIA - SMILAX   GFG       VC0 32566RIJ9S 088            JOQVY - ELUVIA -,USD_2023-01-28_ACC#00001_66912     66325663250 32566RIJ9S 088            JOQVY - ELUVIA - SMILAX   GFG       VC0 32566RIJ9S 088            JOQVY - ELUVIA -,RULE 3,A=0;B=0,32566RIJ9S 32566RIJ9S                                                                      JOQVY - ELUVIA -,32566RIJ9S 5276366756VI,99311.12,99311.12,0.00,0.00,2023-01-28,2023-01-28,0,"Publisher-labeled 1:1 match; numerical differences are review evidence, not a fraud/loss label."
133916974640,142887304115,715629199367,USD_2023-01-12_ACC#00001_66912     66071660710 07166J3LEA 088            JOQVY - DP - DAY SMILAX   GFG       VC0 07166J3LEA 088            JOQVY - DP - DAY,USD_2023-01-12_ACC#00001_66912     66071660710 07166J3LEA 088            JOQVY - DP - DAY SMILAX   GFG       VC0 07166J3LEA 088            JOQVY - DP - DAY,MANUAL,A=0;B=0,07166J3LEA 07166J3LEA                                                                      JOQVY - DP - DAY,VOLERY 1614866748CQ,-116023.90,-116023.90,0.00,0.00,2023-01-12,2023-01-11,1,"Publisher-labeled 1:1 match; numerical differences are review evidence, not a fraud/loss label."
133923322065,104275838864,136925782245,USD_2023-01-28_ACC#00001_66912     66325663250 32566RILIB 088            JOQVY - ELUVIA - SMILAX   GFG       VC0 32566RILIB 088            JOQVY - ELUVIA -,USD_2023-01-28_ACC#00001_66912     66325663250 32566RILIB 088            JOQVY - ELUVIA - SMILAX   GFG       VC0 32566RILIB 088            JOQVY - ELUVIA -,RULE 3,A=0;B=0,32566RILIB 32566RILIB                                                                      JOQVY - ELUVIA -,32566RILIB 5492266756VI,1587.50,1587.50,0.00,0.00,2023-01-28,2023-01-28,0,"Publisher-labeled 1:1 match; numerical differences are review evidence, not a fraud/loss label."
133925801479,538330477755,862338194800,USD_2023-01-29_ACC#00001_66912     0147701477888835941477NAPE703         OFF TMH TIRO FAMES SMILAX   BOLL      00888835941477NAPE703         OFF TMH TIRO HAU BT,USD_2023-01-29_ACC#00001_66912     0147701477888835941477NAPE703         OFF TMH TIRO FAMES SMILAX   BOLL      00888835941477NAPE703         OFF TMH TIRO HAU BT,RULE 1,A=0;B=0,008888359 41477 NAPE703 L9HY5TV                                                                 UPCLOSER MONOCOQUE GAB -,VOLERY 3139363666FP,-21043538.90,-21043538.90,0.00,0.00,2023-01-29,2023-01-29,0,"Publisher-labeled 1:1 match; numerical differences are review evidence, not a fraud/loss label."
134016971681,529722323571,950721411798,USD_2023-01-28_ACC#00001_66912     0617806178880248067387NINA037         MORIBUND ROTENONES S SMILAX   BOLL      00880248067387NINA037         MORIBUND ZYGNEMA SK HYRACIFORM,USD_2023-01-28_ACC#00001_66912     0617806178880248067387NINA037         MORIBUND ROTENONES S SMILAX   BOLL      00880248067387NINA037         MORIBUND ZYGNEMA SK HYRACIFORM,RULE 1,A=0;B=0,008802480 67387 NINA037                                                                         RHODIZITE UNSOLACED AGHAN,VOLERY 3189846666FP,70625.00,70625.00,0.00,0.00,2023-01-28,2023-01-28,0,"Publisher-labeled 1:1 match; numerical differences are review evidence, not a fraud/loss label."
134042272507,149985284444,215760756919,USD_2023-03-01_ACC#00001_66912     0670806708848213014476RIGHT40         MORIBUND VEXES WHUFF SMILAX   BOLL      00848213014476RIGHT40         MORIBUND VEXES S FOMALHAUT,USD_2023-03-01_ACC#00001_66912     0670806708848213014476RIGHT40         MORIBUND VEXES WHUFF SMILAX   BOLL      00848213014476RIGHT40         MORIBUND VEXES S FOMALHAUT,RULE 1,A=0;B=0,008482130 14476 RIGHT40                                                                         UPCLOSER MONOCOQUE GAB -,VOLERY 3320011666FP,-215272.71,-215272.71,0.00,0.00,2023-03-01,2023-03-01,0,"Publisher-labeled 1:1 match; numerical differences are review evidence, not a fraud/loss label."
134214229007,829372389195,200227098222,USD_2023-01-22_ACC#00001_66912     0670806708815447814407SYNE463         MORIBUND ROTENONES S SMILAX   BOLL      00815447814407SYNE463         MORIBUND ZYGNEMA SK HYRACIFORM,USD_2023-01-22_ACC#00001_66912     0670806708815447814407SYNE463         MORIBUND ROTENONES S SMILAX   BOLL      00815447814407SYNE463         MORIBUND ZYGNEMA SK HYRACIFORM,RULE 1,A=0;B=0,008154478 14407 SYNE463                                                                         UPCLOSER MONOCOQUE GAB -,VOLERY 3169216666FP,35694.77,35694.77,0.00,0.00,2023-01-22,2023-01-22,0,"Publisher-labeled 1:1 match; numerical differences are review evidence, not a fraud/loss label."
134232663336,86148718920,484564183135,USD_2023-03-01_ACC#00001_66912     0617806178844243267387MOZO891         MORIBUND ROTENONES S SMILAX   BOLL      00844243267387MOZO891         MORIBUND ZYGNEMA SK HYRACIFORM,USD_2023-03-01_ACC#00001_66912     0617806178844243267387MOZO891         MORIBUND ROTENONES S SMILAX   BOLL      00844243267387MOZO891         MORIBUND ZYGNEMA SK HYRACIFORM,RULE 1,A=0;B=0,008442432 67387 MOZO891                                                                         CHINOL BUT STIVY,VOLERY 3349191666FP,45691.74,45691.74,0.00,0.00,2023-03-01,2023-03-01,0,"Publisher-labeled 1:1 match; numerical differences are review evidence, not a fraud/loss label."
134312077215,515809035888,774405453479,USD_2023-02-26_ACC#00001_66912     66325663250 32566BM5UK 088            JOQVY DE -ELUVIA SMILAX   GFG       VC0 32566BM5UK 088            JOQVY DE -ELUVIA,USD_2023-02-26_ACC#00001_66912     66325663250 32566BM5UK 088            JOQVY DE -ELUVIA SMILAX   GFG       VC0 32566BM5UK 088            JOQVY DE -ELUVIA,RULE 3,A=0;B=0,32566BM5UK 32566BM5UK                                                                      JOQVY DE -ELUVIA,32566BM5UK 8979466106VI,1048900.00,1048900.00,0.00,0.00,2023-02-26,2023-02-26,0,"Publisher-labeled 1:1 match; numerical differences are review evidence, not a fraud/loss label."
134409028482,131573016375,232392720392,USD_2023-01-29_ACC#00001_66912     0976909769887132319262AUG0741         MORIBUND ROTENONES S SMILAX   BOLL      00887132319262AUG0741         MORIBUND ZYGNEMA SK HYRACIFORM,USD_2023-01-29_ACC#00001_66912     0976909769887132319262AUG0741         MORIBUND ROTENONES S SMILAX   BOLL      00887132319262AUG0741         MORIBUND ZYGNEMA SK HYRACIFORM,MANUAL,A=0;B=0,008871323 19262 AUG0741                                                                         UPCLOSER MONOCOQUE GAB -,VOLERY 3139133666FP,466757.50,466757.50,0.00,0.00,2023-01-29,2023-01-29,0,"Publisher-labeled 1:1 match; numerical differences are review evidence, not a fraud/loss label."
13448048282,71278272349,567408011819,USD_2023-01-04_ACC#00001_66912     0156801568871452517661NAPE825         MORIBUND ROTENONES S SMILAX   BOLL      00871452517661NAPE825         MORIBUND ZYGNEMA SK HYRACIFORM,USD_2023-01-04_ACC#00001_66912     0156801568871452517661NAPE825         MORIBUND ROTENONES S SMILAX   BOLL      00871452517661NAPE825         MORIBUND ZYGNEMA SK HYRACIFORM,RULE 1,A=0;B=0,008714525 17661 NAPE825                                                                         DIANITE ANIMI VOWED AGHAN,VOLERY 3041386666FP,1795039.21,1795039.21,0.00,0.00,2023-01-04,2023-01-04,0,"Publisher-labeled 1:1 match; numerical differences are review evidence, not a fraud/loss label."
134610506042,540613194108,659359671330,USD_2023-03-04_ACC#00001_66912     0147701477845143241477OKET487         OFF TMH TIRO FAMES SMILAX   BOLL      00845143241477OKET487         OFF TMH TIRO HAU BT,USD_2023-03-04_ACC#00001_66912     0147701477845143241477OKET487         OFF TMH TIRO FAMES SMILAX   BOLL      00845143241477OKET487         OFF TMH TIRO HAU BT,RULE 1,A=0;B=0,008451432 41477 OKET487 L9IE0DY                                                                 UPCLOSER MONOCOQUE GAB -,VOLERY 3355554666FP,-28629505.39,-28629505.39,0.00,0.00,2023-03-04,2023-03-04,0,"Publisher-labeled 1:1 match; numerical differences are review evidence, not a fraud/loss label."
134676665575,484677501490,375783510338,USD_2023-01-20_ACC#00001_66912     0156801568813418417661NAPE580         MORIBUND VEXES WHUFF SMILAX   BOLL      00813418417661NAPE580         MORIBUND VEXES S FOMALHAUT,USD_2023-01-20_ACC#00001_66912     0156801568813418417661NAPE580         MORIBUND VEXES WHUFF SMILAX   BOLL      00813418417661NAPE580         MORIBUND VEXES S FOMALHAUT,RULE 1,A=0;B=0,008134184 17661 NAPE580                                                                         DIANITE ANIMI VOWED AGHAN,VOLERY 3752848666FP,-572135.37,-572135.37,0.00,0.00,2023-01-20,2023-01-20,0,"Publisher-labeled 1:1 match; numerical differences are review evidence, not a fraud/loss label."
134784104656,25628862259,389695496650,USD_2023-02-10_ACC#00001_66912     66325663250 32566RHLG8 088            JOQVY DE -ELUVIA SMILAX   GFG       VC0 32566RHLG8 088            JOQVY DE -ELUVIA,USD_2023-02-10_ACC#00001_66912     66325663250 32566RHLG8 088            JOQVY DE -ELUVIA SMILAX   GFG       VC0 32566RHLG8 088            JOQVY DE -ELUVIA,RULE 3,A=0;B=0,32566RHLG8 32566RHLG8                                                                      JOQVY DE -ELUVIA,32566RHLG8 3903766798VI,7043.00,7043.00,0.00,0.00,2023-02-10,2023-02-10,0,"Publisher-labeled 1:1 match; numerical differences are review evidence, not a fraud/loss label."
134846545808,686511889204,216852797498,USD_2023-02-22_ACC#00001_66912     0600306003846977067609NAPE703         MORIBUND ROTENONES S SMILAX   BOLL      00846977067609NAPE703         MORIBUND ZYGNEMA SK HYRACIFORM,USD_2023-02-22_ACC#00001_66912     0600306003846977067609NAPE703         MORIBUND ROTENONES S SMILAX   BOLL      00846977067609NAPE703         MORIBUND ZYGNEMA SK HYRACIFORM,RULE 1,A=0;B=0,008469770 67609 NAPE703                                                                         PALOUR PROMINIMUM BUT EYL,VOLERY 3370998666FP,5036633.19,5036633.19,0.00,0.00,2023-02-22,2023-02-22,0,"Publisher-labeled 1:1 match; numerical differences are review evidence, not a fraud/loss label."
134901702110,734891093710,45703935292,USD_2023-01-11_ACC#00001_66912     66325663250 37266J3928 088            INFL MEZZO SAME SMILAX   GFG       VC0 37266J3928 088            INFL MEZZO SAME,USD_2023-01-11_ACC#00001_66912     66325663250 37266J3928 088            INFL MEZZO SAME SMILAX   GFG       VC0 37266J3928 088            INFL MEZZO SAME,RULE 3,A=0;B=0,37266J3928 37266J3928                                                                      INFL MEZZO SAME,37266J3928 6118266748VI,2249.00,2249.00,0.00,0.00,2023-01-11,2023-01-11,0,"Publisher-labeled 1:1 match; numerical differences are review evidence, not a fraud/loss label."
13492642752,662308854471,341828970918,USD_2023-01-13_ACC#00001_66912     0147701477811711841477NAPE703         IF TMH SEE FAMES SMILAX   BOLL      00811711841477NAPE703         IF TMH SEE FAMES,USD_2023-01-13_ACC#00001_66912     0147701477811711841477NAPE703         IF TMH SEE FAMES SMILAX   BOLL      00811711841477NAPE703         IF TMH SEE FAMES,RULE 1,A=0;B=0,008117118 41477 NAPE703 L9FR8O2                                                                 UPCLOSER MONOCOQUE GAB -,VOLERY 3712637666FP,50663095.00,50663095.00,0.00,0.00,2023-01-13,2023-01-13,0,"Publisher-labeled 1:1 match; numerical differences are review evidence, not a fraud/loss label."
13504218955,499850887382,13390996074,USD_2023-02-15_ACC#00001_66912     0156801568834178017661OKET746         MORIBUND VEXES WHUFF SMILAX   BOLL      00834178017661OKET746         MORIBUND VEXES S FOMALHAUT,USD_2023-02-15_ACC#00001_66912     0156801568834178017661OKET746         MORIBUND VEXES WHUFF SMILAX   BOLL      00834178017661OKET746         MORIBUND VEXES S FOMALHAUT,RULE 1,A=0;B=0,008341780 17661 OKET746                                                                         JOQVY ELUVIA DESINENT,VOLERY 3820167666FP,-21049887.76,-21049887.76,0.00,0.00,2023-02-15,2023-02-15,0,"Publisher-labeled 1:1 match; numerical differences are review evidence, not a fraud/loss label."
135069398462,391833612928,116959404205,USD_2023-01-25_ACC#00001_66912     66325663250 32566KA7D3 088            JOQVY-BAS-LG FIM SMILAX   GFG       VC0 32566KA7D3 088            JOQVY-BAS-LG FIM,USD_2023-01-25_ACC#00001_66912     66325663250 32566KA7D3 088            JOQVY-BAS-LG FIM SMILAX   GFG       VC0 32566KA7D3 088            JOQVY-BAS-LG FIM,RULE 3,A=0;B=0,32566KA7D3 32566KA7D3                                                                      JOQVY-BAS-LG FIM,32566KA7D3 9458766725VI,244.00,244.00,0.00,0.00,2023-01-25,2023-01-25,0,"Publisher-labeled 1:1 match; numerical differences are review evidence, not a fraud/loss label."
135155929965,652849157010,699539635496,USD_2023-01-06_ACC#00001_66912     0147701477871716141477DYNAM98         OFF TMH TIRO FAMES SMILAX   BOLL      00871716141477DYNAM98         OFF TMH TIRO HAU BT,USD_2023-01-06_ACC#00001_66912     0147701477871716141477DYNAM98         OFF TMH TIRO FAMES SMILAX   BOLL      00871716141477DYNAM98         OFF TMH TIRO HAU BT,RULE 1,A=0;B=0,008717161 41477 DYNAM98 L9HJ7MY                                                                 UPCLOSER MONOCOQUE GAB -,VOLERY 3053469666FP,-119743.22,-119743.22,0.00,0.00,2023-01-06,2023-01-06,0,"Publisher-labeled 1:1 match; numerical differences are review evidence, not a fraud/loss label."
135179600694,401508823368,354127718028,USD_2023-01-18_ACC#00001_66912     02566025667313           6666666666 SMILAX   FGGKR     KR7313           6666666666                                     666666666666666,USD_2023-01-18_ACC#00001_66912     02566025667313           6666666666 SMILAX   FGGKR     KR7313           6666666666                                     666666666666666,RULE 3,A=0;B=0,12954888 V12954888                                                                       VERANDAH AI     103618748,MG12954888L600MK 3671666745VI,1703577.90,1703577.90,0.00,0.00,2023-01-18,2023-01-18,0,"Publisher-labeled 1:1 match; numerical differences are review evidence, not a fraud/loss label."
135189756492,839732962179,502855497765,USD_2023-02-04_ACC#00001_66912     6692666926TC STID 7669                N627726 SMILAX   GESS      FQOM STID 7669                N627726,USD_2023-02-04_ACC#00001_66912     6692666926TC STID 7669                N627726 SMILAX   GESS      FQOM STID 7669                N627726,RULE 1,A=0;B=0,666766 666666667944220,6110566755RN 6110566755RN,3626.34,3626.34,0.00,0.00,2023-02-04,2023-02-04,0,"Publisher-labeled 1:1 match; numerical differences are review evidence, not a fraud/loss label."
135353681164,340690246082,623048266237,USD_2023-01-29_ACC#00001_66912     66325663250 32566RKV57 088            JOQVY - BAS - DG SMILAX   GFG       VC0 32566RKV57 088            JOQVY - BAS - DG,USD_2023-01-29_ACC#00001_66912     66325663250 32566RKV57 088            JOQVY - BAS - DG SMILAX   GFG       VC0 32566RKV57 088            JOQVY - BAS - DG,RULE 3,A=0;B=0,32566RKV57 32566RKV57                                                                      JOQVY - BAS - DG,32566RKV57 3355866757VI,59846.96,59846.96,0.00,0.00,2023-01-29,2023-01-29,0,"Publisher-labeled 1:1 match; numerical differences are review evidence, not a fraud/loss label."
13537967893,303282519498,177325933018,USD_2023-02-03_ACC#00001_66912     0670806708883931514476VINYL90         MORIBUND ROTENONES S SMILAX   BOLL      00883931514476VINYL90         MORIBUND ZYGNEMA SK HYRACIFORM,USD_2023-02-03_ACC#00001_66912     0670806708883931514476VINYL90         MORIBUND ROTENONES S SMILAX   BOLL      00883931514476VINYL90         MORIBUND ZYGNEMA SK HYRACIFORM,RULE 1,A=0;B=0,008839315 14476 VINYL90                                                                         UPCLOSER MONOCOQUE GAB -,VOLERY 3150383666FP,124409.31,124409.31,0.00,0.00,2023-02-03,2023-02-03,0,"Publisher-labeled 1:1 match; numerical differences are review evidence, not a fraud/loss label."
135387862223,789344393350,701145954695,USD_2023-02-24_ACC#00001_66912     0670806708840099514476OKET328         MORIBUND VEXES WHUFF SMILAX   BOLL      00840099514476OKET328         MORIBUND VEXES S FOMALHAUT,USD_2023-02-24_ACC#00001_66912     0670806708840099514476OKET328         MORIBUND VEXES WHUFF SMILAX   BOLL      00840099514476OKET328         MORIBUND VEXES S FOMALHAUT,RULE 1,A=0;B=0,008400995 14476 OKET328                                                                         UPCLOSER MONOCOQUE GAB -,VOLERY 3387176666FP,-188505.34,-188505.34,0.00,0.00,2023-02-24,2023-02-24,0,"Publisher-labeled 1:1 match; numerical differences are review evidence, not a fraud/loss label."
135413503398,841572802862,290096205928,USD_2023-01-13_ACC#00001_66912     66325663250 32566J415R 088            JOQVY - BAS - DG SMILAX   GFG       VC0 32566J415R 088            JOQVY - BAS - DG,USD_2023-01-13_ACC#00001_66912     66325663250 32566J415R 088            JOQVY - BAS - DG SMILAX   GFG       VC0 32566J415R 088            JOQVY - BAS - DG,RULE 3,A=0;B=0,32566J415R 32566J415R                                                                      JOQVY - BAS - DG,32566J415R 2342566744VI,12837.61,12837.61,0.00,0.00,2023-01-13,2023-01-13,0,"Publisher-labeled 1:1 match; numerical differences are review evidence, not a fraud/loss label."
135478660874,622138049185,778322296055,USD_2023-01-07_ACC#00001_66912     0670806708874427414407BRAVI84         MORIBUND ROTENONES S SMILAX   BOLL      00874427414407BRAVI84         MORIBUND ZYGNEMA SK HYRACIFORM,USD_2023-01-07_ACC#00001_66912     0670806708874427414407BRAVI84         MORIBUND ROTENONES S SMILAX   BOLL      00874427414407BRAVI84         MORIBUND ZYGNEMA SK HYRACIFORM,RULE 1,A=0;B=0,008744274 14407 BRAVI84                                                                         VERANDAH VOWED DIE GOLOKA,VOLERY 3093843666FP,382824.17,382824.17,0.00,0.00,2023-01-07,2023-01-07,0,"Publisher-labeled 1:1 match; numerical differences are review evidence, not a fraud/loss label."
135532562581,839139717176,744759859960,USD_2023-01-29_ACC#00001_66912     0156801568888882717661AUG0762         MORIBUND ROTENONES S SMILAX   BOLL      00888882717661AUG0762         MORIBUND ZYGNEMA SK HYRACIFORM,USD_2023-01-29_ACC#00001_66912     0156801568888882717661AUG0762         MORIBUND ROTENONES S SMILAX   BOLL      00888882717661AUG0762         MORIBUND ZYGNEMA SK HYRACIFORM,RULE 1,A=0;B=0,008888827 17661 AUG0762                                                                         UPCLOSER MONOCOQUE GAB -,VOLERY 3146219666FP,2115538.68,2115538.68,0.00,0.00,2023-01-29,2023-01-29,0,"Publisher-labeled 1:1 match; numerical differences are review evidence, not a fraud/loss label."
135548885347,326519815672,343698878388,USD_2023-01-01_ACC#00001_66912     0600106001816633167717JAUP842         MORIBUND VEXES WHUFF SMILAX   BOLL      00816633167717JAUP842         MORIBUND VEXES S FOMALHAUT,USD_2023-01-01_ACC#00001_66912     0600106001816633167717JAUP842         MORIBUND VEXES WHUFF SMILAX   BOLL      00816633167717JAUP842         MORIBUND VEXES S FOMALHAUT,RULE 1,A=0;B=0,008166331 67717 JAUP842                                                                         JOQGE CHIMERAL DRUTHER,VOLERY 3033407666FP,-170.46,-170.46,0.00,0.00,2023-01-01,2023-01-01,0,"Publisher-labeled 1:1 match; numerical differences are review evidence, not a fraud/loss label."
135559345608,320154037246,129538541633,USD_2023-01-14_ACC#00001_66912     66325663250 32566J4JBU 088            JOQVY - ELUVIA - SMILAX   GFG       VC0 32566J4JBU 088            JOQVY - ELUVIA -,USD_2023-01-14_ACC#00001_66912     66325663250 32566J4JBU 088            JOQVY - ELUVIA - SMILAX   GFG       VC0 32566J4JBU 088            JOQVY - ELUVIA -,RULE 3,A=0;B=0,32566J4JBU 32566J4JBU                                                                      JOQVY - ELUVIA -,32566J4JBU 5512066744VI,24060.00,24060.00,0.00,0.00,2023-01-14,2023-01-14,0,"Publisher-labeled 1:1 match; numerical differences are review evidence, not a fraud/loss label."
135594654931,887920596983,960318101354,USD_2023-01-22_ACC#00001_66912     0670806708819911914407MARCS59         MORIBUND ROTENONES S SMILAX   BOLL      00819911914407MARCS59         MORIBUND ZYGNEMA SK HYRACIFORM,USD_2023-01-22_ACC#00001_66912     0670806708819911914407MARCS59         MORIBUND ROTENONES S SMILAX   BOLL      00819911914407MARCS59         MORIBUND ZYGNEMA SK HYRACIFORM,RULE 1,A=0;B=0,008199119 14407 MARCS59                                                                         UPCLOSER MONOCOQUE GAB -,VOLERY 3169280666FP,136805.65,136805.65,0.00,0.00,2023-01-22,2023-01-22,0,"Publisher-labeled 1:1 match; numerical differences are review evidence, not a fraud/loss label."
135702726466,139168087350,521256202545,USD_2023-01-07_ACC#00001_66912     0112401124874347867327JADE521         MORIBUND ROTENONES S SMILAX   BOLL      00874347867327JADE521         MORIBUND ZYGNEMA SK HYRACIFORM,USD_2023-01-07_ACC#00001_66912     0112401124874347867327JADE521         MORIBUND ROTENONES S SMILAX   BOLL      00874347867327JADE521         MORIBUND ZYGNEMA SK HYRACIFORM,RULE 1,A=0;B=0,008743478 67327 JADE521                                                                         VOLUPT NAPKIN & RESSAUT,VOLERY 3093398666FP,21808.92,21808.92,0.00,0.00,2023-01-07,2023-01-07,0,"Publisher-labeled 1:1 match; numerical differences are review evidence, not a fraud/loss label."
135718215927,646151745548,837020551028,USD_2023-01-06_ACC#00001_66912     0156801568872324417667CHARE00         MORIBUND ROTENONES S SMILAX   BOLL      00872324417667CHARE00         MORIBUND ZYGNEMA SK HYRACIFORM,USD_2023-01-06_ACC#00001_66912     0156801568872324417667CHARE00         MORIBUND ROTENONES S SMILAX   BOLL      00872324417667CHARE00         MORIBUND ZYGNEMA SK HYRACIFORM,RULE 1,A=0;B=0,008723244 17667 CHARE00                                                                         ASCIDIA GEOMETRINE MOGGIO,VOLERY 3053091666FP,2216290.00,2216290.00,0.00,0.00,2023-01-06,2023-01-06,0,"Publisher-labeled 1:1 match; numerical differences are review evidence, not a fraud/loss label."
135735358908,96239846565,695187495443,USD_2023-02-22_ACC#00001_66912     0147701477846968841477NAPE150         OFF TMH TIRO FAMES SMILAX   BOLL      00846968841477NAPE150         OFF TMH TIRO HAU BT,USD_2023-02-22_ACC#00001_66912     0147701477846968841477NAPE150         OFF TMH TIRO FAMES SMILAX   BOLL      00846968841477NAPE150         OFF TMH TIRO HAU BT,RULE 1,A=0;B=0,008469688 41477 NAPE150 L9WA88X                                                                 UPCLOSER MONOCOQUE GAB -,VOLERY 3370064666FP,-36135213.15,-36135213.15,0.00,0.00,2023-02-22,2023-02-22,0,"Publisher-labeled 1:1 match; numerical differences are review evidence, not a fraud/loss label."
135808816306,556657828004,468637669255,USD_2023-01-29_ACC#00001_66912     0147701477883397941477NAPE703         IF TMH SEE FAMES SMILAX   BOLL      00883397941477NAPE703         IF TMH SEE FAMES,USD_2023-01-29_ACC#00001_66912     0147701477883397941477NAPE703         IF TMH SEE FAMES SMILAX   BOLL      00883397941477NAPE703         IF TMH SEE FAMES,RULE 1,A=0;B=0,008833979 41477 NAPE703 L9CY0SW                                                                 UPCLOSER MONOCOQUE GAB -,VOLERY 3146425666FP,21108125.00,21108125.00,0.00,0.00,2023-01-29,2023-01-29,0,"Publisher-labeled 1:1 match; numerical differences are review evidence, not a fraud/loss label."
135814669242,516839957238,831247856099,USD_2023-03-04_ACC#00001_66912     0676506765842224615574OKET481         MORIBUND ROTENONES S SMILAX   BOLL      00842224615574OKET481         MORIBUND ZYGNEMA SK HYRACIFORM,USD_2023-03-04_ACC#00001_66912     0676506765842224615574OKET481         MORIBUND ROTENONES S SMILAX   BOLL      00842224615574OKET481         MORIBUND ZYGNEMA SK HYRACIFORM,RULE 1,A=0;B=0,008422246 15574 OKET481                                                                         YMV NONREGULATIVE,VOLERY 3359456666FP,1033001.51,1033001.51,0.00,0.00,2023-03-04,2023-03-04,0,"Publisher-labeled 1:1 match; numerical differences are review evidence, not a fraud/loss label."
13585967516,686001693500,740717330611,USD_2023-02-11_ACC#00001_66912     66325663250 32566RHF39 088            JOQVY - ELUVIA - SMILAX   GFG       VC0 32566RHF39 088            JOQVY - ELUVIA -,USD_2023-02-11_ACC#00001_66912     66325663250 32566RHF39 088            JOQVY - ELUVIA - SMILAX   GFG       VC0 32566RHF39 088            JOQVY - ELUVIA -,RULE 1,A=0;B=0,32566RHF39 32566RHF39                                                                      JOQVY - ELUVIA -,322746AL68127247 2526566798VI,-35157.65,-35157.65,0.00,0.00,2023-02-11,2023-02-11,0,"Publisher-labeled 1:1 match; numerical differences are review evidence, not a fraud/loss label."
135923119636,724742597136,423087937934,USD_2023-01-21_ACC#00001_66912     66325663250 32566J9H52 088            JOQVY - ELUVIA - SMILAX   GFG       VC0 32566J9H52 088            JOQVY - ELUVIA -,USD_2023-01-21_ACC#00001_66912     66325663250 32566J9H52 088            JOQVY - ELUVIA - SMILAX   GFG       VC0 32566J9H52 088            JOQVY - ELUVIA -,RULE 1,A=0;B=0,32566J9H52 32566J9H52                                                                      JOQVY - ELUVIA -,322746AL68148418 9183166721VI,-78636.00,-78636.00,0.00,0.00,2023-01-21,2023-01-21,0,"Publisher-labeled 1:1 match; numerical differences are review evidence, not a fraud/loss label."
13615066024,274130195295,476741759581,USD_2023-02-26_ACC#00001_66912     0670806708848498414407FALX821         MORIBUND ROTENONES S SMILAX   BOLL      00848498414407FALX821         MORIBUND ZYGNEMA SK HYRACIFORM,USD_2023-02-26_ACC#00001_66912     0670806708848498414407FALX821         MORIBUND ROTENONES S SMILAX   BOLL      00848498414407FALX821         MORIBUND ZYGNEMA SK HYRACIFORM,RULE 1,A=0;B=0,008484984 14407 FALX821                                                                         UPCLOSER MONOCOQUE GAB -,VOLERY 3339552666FP,49075.00,49075.00,0.00,0.00,2023-02-26,2023-02-26,0,"Publisher-labeled 1:1 match; numerical differences are review evidence, not a fraud/loss label."
136203248143,724259258760,7982018009,USD_2023-01-13_ACC#00001_66912     0122001220879351212660NAPE245         MORIBUND ROTENONES S SMILAX   BOLL      00879351212660NAPE245         MORIBUND ZYGNEMA SK HYRACIFORM,USD_2023-01-13_ACC#00001_66912     0122001220879351212660NAPE245         MORIBUND ROTENONES S SMILAX   BOLL      00879351212660NAPE245         MORIBUND ZYGNEMA SK HYRACIFORM,RULE 1,A=0;B=0,008793512 12660 NAPE245                                                                         UPCLOSER MONOCOQUE GAB -,VOLERY 3713359666FP,433400.00,433400.00,0.00,0.00,2023-01-13,2023-01-13,0,"Publisher-labeled 1:1 match; numerical differences are review evidence, not a fraud/loss label."
136272714234,873226825897,231858128544,USD_2023-03-04_ACC#00001_66912     0156801568845835517661OKET481         MORIBUND VEXES WHUFF SMILAX   BOLL      00845835517661OKET481         MORIBUND VEXES S FOMALHAUT,USD_2023-03-04_ACC#00001_66912     0156801568845835517661OKET481         MORIBUND VEXES WHUFF SMILAX   BOLL      00845835517661OKET481         MORIBUND VEXES S FOMALHAUT,RULE 1,A=0;B=0,008458355 17661 OKET481                                                                         JOQVY ELUVIA DESINENT,VOLERY 3359411666FP,-11973484.30,-11973484.30,0.00,0.00,2023-03-04,2023-03-04,0,"Publisher-labeled 1:1 match; numerical differences are review evidence, not a fraud/loss label."
136286252834,398317173430,946247284373,USD_2023-02-26_ACC#00001_66912     66325663250 32566RGI4M 088            JOQVY DE -ELUVIA SMILAX   GFG       VC0 32566RGI4M 088            JOQVY DE -ELUVIA,USD_2023-02-26_ACC#00001_66912     66325663250 32566RGI4M 088            JOQVY DE -ELUVIA SMILAX   GFG       VC0 32566RGI4M 088            JOQVY DE -ELUVIA,MANUAL,A=0;B=0,32566RGI4M 32566RGI4M                                                                      JOQVY DE -ELUVIA,322746AL68189825 5006266101VI,-127.74,-127.74,0.00,0.00,2023-02-26,2023-03-01,3,"Publisher-labeled 1:1 match; numerical differences are review evidence, not a fraud/loss label."
136322544150,566583934664,16973313534,USD_2023-01-12_ACC#00001_66912     0976909769810690019262EPEE857         MORIBUND VEXES WHUFF SMILAX   BOLL      00810690019262EPEE857         MORIBUND VEXES S FOMALHAUT,USD_2023-01-12_ACC#00001_66912     0976909769810690019262EPEE857         MORIBUND VEXES WHUFF SMILAX   BOLL      00810690019262EPEE857         MORIBUND VEXES S FOMALHAUT,RULE 1,A=0;B=0,008106900 19262 EPEE857                                                                         SLATTERN BAA YEAN EFI,VOLERY 3774193666FP,-1176153.10,-1176153.10,0.00,0.00,2023-01-12,2023-01-12,0,"Publisher-labeled 1:1 match; numerical differences are review evidence, not a fraud/loss label."
136472910986,467942652712,658713398626,USD_2023-02-18_ACC#00001_66912     09999099997313           6666666666 SMILAX   FGGKR     KR7313           6666666666                                     666666666666666,USD_2023-02-18_ACC#00001_66912     09999099997313           6666666666 SMILAX   FGGKR     KR7313           6666666666                                     666666666666666,RULE 3,A=0;B=0,48155710 V48155710                                                                       WUR AI-WHINNY   669267817,MG48155710M600MK 5260066167VI,26268000.00,26268000.00,0.00,0.00,2023-02-18,2023-02-18,0,"Publisher-labeled 1:1 match; numerical differences are review evidence, not a fraud/loss label."
136476270127,474311703578,951899065391,USD_2023-01-13_ACC#00001_66912     0147701477811775241477AUG0698         IF TMH SEE FAMES SMILAX   BOLL      00811775241477AUG0698         IF TMH SEE FAMES,USD_2023-01-13_ACC#00001_66912     0147701477811775241477AUG0698         IF TMH SEE FAMES SMILAX   BOLL      00811775241477AUG0698         IF TMH SEE FAMES,RULE 1,A=0;B=0,008117752 41477 AUG0698 L9FR8GP                                                                 UPCLOSER MONOCOQUE GAB -,VOLERY 3714990666FP,1864600.00,1864600.00,0.00,0.00,2023-01-13,2023-01-13,0,"Publisher-labeled 1:1 match; numerical differences are review evidence, not a fraud/loss label."
13650652516,5254125175,777970024670,USD_2023-01-21_ACC#00001_66912     66325663250 32566J9H7M 088            JOQVY - ELUVIA - SMILAX   GFG       VC0 32566J9H7M 088            JOQVY - ELUVIA -,USD_2023-01-21_ACC#00001_66912     66325663250 32566J9H7M 088            JOQVY - ELUVIA - SMILAX   GFG       VC0 32566J9H7M 088            JOQVY - ELUVIA -,RULE 3,A=0;B=0,32566J9H7M 32566J9H7M                                                                      JOQVY - ELUVIA -,32566J9H7M 9119466721VI,147300.00,147300.00,0.00,0.00,2023-01-21,2023-01-21,0,"Publisher-labeled 1:1 match; numerical differences are review evidence, not a fraud/loss label."
136543811634,300123670484,816724450152,USD_2023-01-13_ACC#00001_66912     66325663250 32566J3RYV 088            JOQVY DE-BAS - T SMILAX   GFG       VC0 32566J3RYV 088            JOQVY DE-BAS - T,USD_2023-01-13_ACC#00001_66912     66325663250 32566J3RYV 088            JOQVY DE-BAS - T SMILAX   GFG       VC0 32566J3RYV 088            JOQVY DE-BAS - T,RULE 3,A=0;B=0,32566J3RYV 32566J3RYV                                                                      JOQVY DE-BAS - T,32566J3RYV 3074766743VI,136459511.50,136459511.50,0.00,0.00,2023-01-13,2023-01-13,0,"Publisher-labeled 1:1 match; numerical differences are review evidence, not a fraud/loss label."
136568792744,815330852889,960484212693,USD_2023-02-05_ACC#00001_66912     09999099997313           6666666666 SMILAX   FGGKR     KR7313           6666666666                                     666666666666666,USD_2023-02-05_ACC#00001_66912     09999099997313           6666666666 SMILAX   FGGKR     KR7313           6666666666                                     666666666666666,RULE 3,A=0;B=0,47618695 V47618695                                                                       GVKYHE          666610809,MG47618695M600MK 1228966759VI,6014635.86,6014635.86,0.00,0.00,2023-02-05,2023-02-05,0,"Publisher-labeled 1:1 match; numerical differences are review evidence, not a fraud/loss label."
136603016804,437394741567,515487856844,USD_2023-02-19_ACC#00001_66912     6692666926 SMILAX   GPD,USD_2023-02-19_ACC#00001_66912     6692666926 SMILAX   GPD,RULE 3,A=0;B=0,IYO9126666168175 IYO9126666168175,IYO9126666168175 3646466161VI,53957.00,53957.00,0.00,0.00,2023-02-19,2023-02-19,0,"Publisher-labeled 1:1 match; numerical differences are review evidence, not a fraud/loss label."
136666156781,933129311863,477689961632,USD_2023-02-25_ACC#00001_66912     0638106381847059888856HEDER36         MORIBUND VEXES WHUFF SMILAX   BOLL      00847059888856HEDER36         MORIBUND VEXES S FOMALHAUT,USD_2023-02-25_ACC#00001_66912     0638106381847059888856HEDER36         MORIBUND VEXES WHUFF SMILAX   BOLL      00847059888856HEDER36         MORIBUND VEXES S FOMALHAUT,RULE 1,A=0;B=0,008470598 88856 HEDER36                                                                         UPCLOSER MONOCOQUE GAB -,VOLERY 3336420666FP,-368631.84,-368631.84,0.00,0.00,2023-02-25,2023-02-25,0,"Publisher-labeled 1:1 match; numerical differences are review evidence, not a fraud/loss label."
136704668379,814023657530,484265840180,USD_2023-02-09_ACC#00001_66912     09999099997313           6666666666 SMILAX   FGGKR     KR7313           6666666666                                     666666666666666,USD_2023-02-09_ACC#00001_66912     09999099997313           6666666666 SMILAX   FGGKR     KR7313           6666666666                                     666666666666666,RULE 3,A=0;B=0,89162656 V89162656                                                                       WUR AI-WHINNY   669267817,MG89162656L600MK 0658666791VI,30763071.00,30763071.00,0.00,0.00,2023-02-09,2023-02-09,0,"Publisher-labeled 1:1 match; numerical differences are review evidence, not a fraud/loss label."
136730037192,444885955940,556271764192,USD_2023-01-26_ACC#00001_66912     0603606036880300267888SHOWD61         OFF TMH TIRO FAMES SMILAX   BOLL      00880300267888SHOWD61         OFF TMH TIRO HAU BT,USD_2023-01-26_ACC#00001_66912     0603606036880300267888SHOWD61         OFF TMH TIRO FAMES SMILAX   BOLL      00880300267888SHOWD61         OFF TMH TIRO HAU BT,RULE 1,A=0;B=0,008803002 67888 SHOWD61 L9HY7UM                                                                 JO TONITE ETHERIFIES GAB,VOLERY 3116001666FP,-4396616.37,-4396616.37,0.00,0.00,2023-01-26,2023-01-26,0,"Publisher-labeled 1:1 match; numerical differences are review evidence, not a fraud/loss label."
136872870184,283645971442,113055242675,USD_2023-01-05_ACC#00001_66912     66325663250 32566J662I 088            JOQTK GAB-BAS LP SMILAX   GFG       VC0 32566J662I 088            JOQTK GAB-BAS LP,USD_2023-01-05_ACC#00001_66912     66325663250 32566J662I 088            JOQTK GAB-BAS LP SMILAX   GFG       VC0 32566J662I 088            JOQTK GAB-BAS LP,RULE 3,A=0;B=0,32566J662I 32566J662I                                                                      JOQTK GAB-BAS LP,32566J662I 0545266735VI,36508.87,36508.87,0.00,0.00,2023-01-05,2023-01-05,0,"Publisher-labeled 1:1 match; numerical differences are review evidence, not a fraud/loss label."
136950227378,534278315609,684330876588,USD_2023-02-26_ACC#00001_66912     0670806708848215314476ATMA988         MORIBUND ROTENONES S SMILAX   BOLL      00848215314476ATMA988         MORIBUND ZYGNEMA SK HYRACIFORM,USD_2023-02-26_ACC#00001_66912     0670806708848215314476ATMA988         MORIBUND ROTENONES S SMILAX   BOLL      00848215314476ATMA988         MORIBUND ZYGNEMA SK HYRACIFORM,RULE 1,A=0;B=0,008482153 14476 ATMA988                                                                         UPCLOSER MONOCOQUE GAB -,VOLERY 3339964666FP,107902.70,107902.70,0.00,0.00,2023-02-26,2023-02-26,0,"Publisher-labeled 1:1 match; numerical differences are review evidence, not a fraud/loss label."
136966120369,78227809545,922789846112,USD_2023-01-15_ACC#00001_66912     0122001220810990912660OKET655         MORIBUND ROTENONES S SMILAX   BOLL      00810990912660OKET655         MORIBUND ZYGNEMA SK HYRACIFORM,USD_2023-01-15_ACC#00001_66912     0122001220810990912660OKET655         MORIBUND ROTENONES S SMILAX   BOLL      00810990912660OKET655         MORIBUND ZYGNEMA SK HYRACIFORM,RULE 1,A=0;B=0,008109909 12660 OKET655                                                                         UPCLOSER MONOCOQUE GAB -,VOLERY 3734471666FP,4723896.95,4723896.95,0.00,0.00,2023-01-15,2023-01-15,0,"Publisher-labeled 1:1 match; numerical differences are review evidence, not a fraud/loss label."
137111460004,741502979949,756524952607,USD_2023-01-21_ACC#00001_66912     66071660710 07166J9UGV 088            JOQVY - DP - HAK SMILAX   GFG       VC0 07166J9UGV 088            JOQVY - DP - HAK,USD_2023-01-21_ACC#00001_66912     66071660710 07166J9UGV 088            JOQVY - DP - HAK SMILAX   GFG       VC0 07166J9UGV 088            JOQVY - DP - HAK,MANUAL,A=0;B=0,07166J9UGV 07166J9UGV                                                                      JOQVY - DP - HAK,6976366652671413 3906866727VI,-6000.00,-6000.00,0.00,0.00,2023-01-21,2023-01-20,1,"Publisher-labeled 1:1 match; numerical differences are review evidence, not a fraud/loss label."
137145705227,686332976711,868291385477,USD_2023-01-20_ACC#00001_66912     0779507795 SMILAX   WAP,USD_2023-01-20_ACC#00001_66912     0779507795 SMILAX   WAP,RULE 1,A=0;B=0,6M62656G6U676966 886S656G6P6T6964                                                                TABID TYPY AS SCAREFUL FB,6969166720947 3156866721FW,-13310.20,-13310.20,0.00,0.00,2023-01-20,2023-01-20,0,"Publisher-labeled 1:1 match; numerical differences are review evidence, not a fraud/loss label."
137218982309,981974211453,838694562438,USD_2023-01-25_ACC#00001_66912     02566025660666H3         6666666666 SMILAX   FGGKR     FW0666H3         6666666666,USD_2023-01-25_ACC#00001_66912     02566025660666H3         6666666666 SMILAX   FGGKR     FW0666H3         6666666666,RULE 3,A=0;B=0,44594216 V44594216                                                                       SHALE           667933724,V445942166318106 5314066725VI,2000000.00,2000000.00,0.00,0.00,2023-01-25,2023-01-25,0,"Publisher-labeled 1:1 match; numerical differences are review evidence, not a fraud/loss label."
137220443934,988129339755,979934129347,USD_2023-01-25_ACC#00001_66912     0670806708815440414407SYNE463         MORIBUND VEXES WHUFF SMILAX   BOLL      00815440414407SYNE463         MORIBUND VEXES S FOMALHAUT,USD_2023-01-25_ACC#00001_66912     0670806708815440414407SYNE463         MORIBUND VEXES WHUFF SMILAX   BOLL      00815440414407SYNE463         MORIBUND VEXES S FOMALHAUT,RULE 1,A=0;B=0,008154404 14407 SYNE463                                                                         BEDOWN AMAINE CRYOCHORIC,VOLERY 3170425666FP,-35709.15,-35709.15,0.00,0.00,2023-01-25,2023-01-25,0,"Publisher-labeled 1:1 match; numerical differences are review evidence, not a fraud/loss label."
137237019935,359272865521,778826590336,USD_2023-02-26_ACC#00001_66912     0179001790843843714289CROWL59         MORIBUND ROTENONES S SMILAX   BOLL      00843843714289CROWL59         MORIBUND ZYGNEMA SK HYRACIFORM,USD_2023-02-26_ACC#00001_66912     0179001790843843714289CROWL59         MORIBUND ROTENONES S SMILAX   BOLL      00843843714289CROWL59         MORIBUND ZYGNEMA SK HYRACIFORM,RULE 1,A=0;B=0,008438437 14289 CROWL59                                                                         UPCLOSER MONOCOQUE GAB -,VOLERY 3339972666FP,4701967.36,4701967.36,0.00,0.00,2023-02-26,2023-02-26,0,"Publisher-labeled 1:1 match; numerical differences are review evidence, not a fraud/loss label."
137244331777,628608870846,822922734666,USD_2023-02-22_ACC#00001_66912     0141601416819133041416EPEE172         OFF TMH TIRO FAMES SMILAX   BOLL      00819133041416EPEE172         OFF TMH TIRO HAU BT,USD_2023-02-22_ACC#00001_66912     0141601416819133041416EPEE172         OFF TMH TIRO FAMES SMILAX   BOLL      00819133041416EPEE172         OFF TMH TIRO HAU BT,RULE 1,A=0;B=0,008191330 41416 EPEE172 L9XU2L9                                                                 UPCLOSER MONOCOQUE GAB -,VOLERY 3370085666FP,-29590321.71,-29590321.71,0.00,0.00,2023-02-22,2023-02-22,0,"Publisher-labeled 1:1 match; numerical differences are review evidence, not a fraud/loss label."
137262039744,776572932244,130783933849,USD_2023-01-12_ACC#00001_66912     0147701477810074941477NAPE150         OFF TMH TIRO FAMES SMILAX   BOLL      00810074941477NAPE150         OFF TMH TIRO HAU BT,USD_2023-01-12_ACC#00001_66912     0147701477810074941477NAPE150         OFF TMH TIRO FAMES SMILAX   BOLL      00810074941477NAPE150         OFF TMH TIRO HAU BT,RULE 1,A=0;B=0,008100749 41477 NAPE150 L9HH90P                                                                 UPCLOSER MONOCOQUE GAB -,VOLERY 3774803666FP,-35154802.24,-35154802.24,0.00,0.00,2023-01-12,2023-01-12,0,"Publisher-labeled 1:1 match; numerical differences are review evidence, not a fraud/loss label."
137291615219,270589669623,862829725465,USD_2023-03-02_ACC#00001_66912     0608706087842829615601NAPE718         MORIBUND ROTENONES S SMILAX   BOLL      00842829615601NAPE718         MORIBUND ZYGNEMA SK HYRACIFORM,USD_2023-03-02_ACC#00001_66912     0608706087842829615601NAPE718         MORIBUND ROTENONES S SMILAX   BOLL      00842829615601NAPE718         MORIBUND ZYGNEMA SK HYRACIFORM,RULE 1,A=0;B=0,008428296 15601 NAPE718                                                                         ELUVIA ANNONCE AS GODHOOD,VOLERY 3356080666FP,3855151.78,3855151.78,0.00,0.00,2023-03-02,2023-03-02,0,"Publisher-labeled 1:1 match; numerical differences are review evidence, not a fraud/loss label."
137385131996,560185533846,500435643244,USD_2023-02-04_ACC#00001_66912     6682866828SHAMESICK FROM JAUN UNFED   JEE - DESINENT SMILAX   FGGQQ     PHOTOACTIVE FROM JAUN UNFED   JEE - DESINENT                 029666053566666666,USD_2023-02-04_ACC#00001_66912     6682866828SHAMESICK FROM JAUN UNFED   JEE - DESINENT SMILAX   FGGQQ     PHOTOACTIVE FROM JAUN UNFED   JEE - DESINENT                 029666053566666666,RULE 1,A=0;B=0,6666666662529762 JEE - DESINENT,62529767 6824566755VI,-2091000000.00,-2091000000.00,0.00,0.00,2023-02-04,2023-02-04,0,"Publisher-labeled 1:1 match; numerical differences are review evidence, not a fraud/loss label."
137421609851,773531385484,844834128619,USD_2023-01-04_ACC#00001_66912     0676506765878962155570NAPE703         MORIBUND VEXES WHUFF SMILAX   BOLL      00878962155570NAPE703         MORIBUND VEXES S FOMALHAUT,USD_2023-01-04_ACC#00001_66912     0676506765878962155570NAPE703         MORIBUND VEXES WHUFF SMILAX   BOLL      00878962155570NAPE703         MORIBUND VEXES S FOMALHAUT,RULE 1,A=0;B=0,008789621 55570 NAPE703                                                                         FREELANCER ACHOO PROCHOOI,VOLERY 3048691666FP,-743310.42,-743310.42,0.00,0.00,2023-01-04,2023-01-04,0,"Publisher-labeled 1:1 match; numerical differences are review evidence, not a fraud/loss label."
137521828247,643407651207,314615977205,USD_2023-01-04_ACC#00001_66912     02566025660666H3         6666666666 SMILAX   FGGKR     FW0666H3         6666666666,USD_2023-01-04_ACC#00001_66912     02566025660666H3         6666666666 SMILAX   FGGKR     FW0666H3         6666666666,RULE 3,A=0;B=0,36468446 V36468446                                                                       SHALE           667933724,V364684460811038 4751866732VI,2000000.00,2000000.00,0.00,0.00,2023-01-04,2023-01-04,0,"Publisher-labeled 1:1 match; numerical differences are review evidence, not a fraud/loss label."
137583586729,392426759521,652117719273,USD_2023-02-17_ACC#00001_66912     66325663250 32566RUVH1 088            JOQVY - BAS - SF SMILAX   GFG       VC0 32566RUVH1 088            JOQVY - BAS - SF,USD_2023-02-17_ACC#00001_66912     66325663250 32566RUVH1 088            JOQVY - BAS - SF SMILAX   GFG       VC0 32566RUVH1 088            JOQVY - BAS - SF,RULE 1,A=0;B=0,32566RUVH1 32566RUVH1                                                                      JOQVY - BAS - SF,322746MI60539923 3524266160VI,-14.43,-14.43,0.00,0.00,2023-02-17,2023-02-17,0,"Publisher-labeled 1:1 match; numerical differences are review evidence, not a fraud/loss label."
137635534035,411037341109,921158280078,USD_2023-02-24_ACC#00001_66912     0156801568847904417661OKET481         MORIBUND ROTENONES S SMILAX   BOLL      00847904417661OKET481         MORIBUND ZYGNEMA SK HYRACIFORM,USD_2023-02-24_ACC#00001_66912     0156801568847904417661OKET481         MORIBUND ROTENONES S SMILAX   BOLL      00847904417661OKET481         MORIBUND ZYGNEMA SK HYRACIFORM,RULE 1,A=0;B=0,008479044 17661 OKET481                                                                         STEREOM BUT HIATE PENNINE,VOLERY 3380525666FP,1620052.96,1620052.96,0.00,0.00,2023-02-24,2023-02-24,0,"Publisher-labeled 1:1 match; numerical differences are review evidence, not a fraud/loss label."
137638363092,171389028410,109147010598,USD_2023-01-08_ACC#00001_66912     0112401124872338767327JADE521         MORIBUND ROTENONES S SMILAX   BOLL      00872338767327JADE521         MORIBUND ZYGNEMA SK HYRACIFORM,USD_2023-01-08_ACC#00001_66912     0112401124872338767327JADE521         MORIBUND ROTENONES S SMILAX   BOLL      00872338767327JADE521         MORIBUND ZYGNEMA SK HYRACIFORM,RULE 1,A=0;B=0,008723387 67327 JADE521                                                                         VOLUPT NAPKIN & RESSAUT,VOLERY 3763253666FP,209835.15,209835.15,0.00,0.00,2023-01-08,2023-01-08,0,"Publisher-labeled 1:1 match; numerical differences are review evidence, not a fraud/loss label."
137652310522,271866168161,902204089008,USD_2023-03-02_ACC#00001_66912     66325663250 32566RF9AH 088            JOQVY DE -ELUVIA SMILAX   GFG       VC0 32566RF9AH 088            JOQVY DE -ELUVIA,USD_2023-03-02_ACC#00001_66912     66325663250 32566RF9AH 088            JOQVY DE -ELUVIA SMILAX   GFG       VC0 32566RF9AH 088            JOQVY DE -ELUVIA,RULE 1,A=0;B=0,32566RF9AH 32566RF9AH                                                                      JOQVY DE -ELUVIA,322746AL68187511 7209766108VI,-326.99,-326.99,0.00,0.00,2023-03-02,2023-03-02,0,"Publisher-labeled 1:1 match; numerical differences are review evidence, not a fraud/loss label."
137776339478,308353523488,43818780901,USD_2023-02-24_ACC#00001_66912     0675406754840199467323NAPE505         MORIBUND ROTENONES S SMILAX   BOLL      00840199467323NAPE505         MORIBUND ZYGNEMA SK HYRACIFORM,USD_2023-02-24_ACC#00001_66912     0675406754840199467323NAPE505         MORIBUND ROTENONES S SMILAX   BOLL      00840199467323NAPE505         MORIBUND ZYGNEMA SK HYRACIFORM,RULE 1,A=0;B=0,008401994 67323 NAPE505                                                                         TONITE ARRIAGE BUT VOLENT,VOLERY 3386322666FP,13277071.47,13277071.47,0.00,0.00,2023-02-24,2023-02-24,0,"Publisher-labeled 1:1 match; numerical differences are review evidence, not a fraud/loss label."
137783582253,821034154141,825564770882,USD_2023-01-19_ACC#00001_66912     02566025660666H3         6666666666 SMILAX   FGGKR     FW0666H3         6666666666,USD_2023-01-19_ACC#00001_66912     02566025660666H3         6666666666 SMILAX   FGGKR     FW0666H3         6666666666,RULE 3,A=0;B=0,47107836 V47107836                                                                       SHALE           667933724,V471078367917474 7866666727VI,940340.00,940340.00,0.00,0.00,2023-01-19,2023-01-19,0,"Publisher-labeled 1:1 match; numerical differences are review evidence, not a fraud/loss label."
137892673180,713042762940,48936878819,USD_2023-01-29_ACC#00001_66912     0600306003887525867609DOYST02         MORIBUND ROTENONES S SMILAX   BOLL      00887525867609DOYST02         MORIBUND ZYGNEMA SK HYRACIFORM,USD_2023-01-29_ACC#00001_66912     0600306003887525867609DOYST02         MORIBUND ROTENONES S SMILAX   BOLL      00887525867609DOYST02         MORIBUND ZYGNEMA SK HYRACIFORM,RULE 1,A=0;B=0,008875258 67609 DOYST02                                                                         FVT IHP NIX ARAWA WF,VOLERY 3139155666FP,2120543.23,2120543.23,0.00,0.00,2023-01-29,2023-01-29,0,"Publisher-labeled 1:1 match; numerical differences are review evidence, not a fraud/loss label."
137903108927,558798641952,893537438721,USD_2023-02-17_ACC#00001_66912     66325663250 32566RULY6 088            JOQVY - ELUVIA - SMILAX   GFG       VC0 32566RULY6 088            JOQVY - ELUVIA -,USD_2023-02-17_ACC#00001_66912     66325663250 32566RULY6 088            JOQVY - ELUVIA - SMILAX   GFG       VC0 32566RULY6 088            JOQVY - ELUVIA -,RULE 1,A=0;B=0,32566RULY6 32566RULY6                                                                      JOQVY - ELUVIA -,322746AL68126094 4104366160VI,-10555.01,-10555.01,0.00,0.00,2023-02-17,2023-02-17,0,"Publisher-labeled 1:1 match; numerical differences are review evidence, not a fraud/loss label."
137946502443,512186286207,967297980393,USD_2023-01-19_ACC#00001_66912     0676506765814229915574NAPE159         MORIBUND ROTENONES S SMILAX   BOLL      00814229915574NAPE159         MORIBUND ZYGNEMA SK HYRACIFORM,USD_2023-01-19_ACC#00001_66912     0676506765814229915574NAPE159         MORIBUND ROTENONES S SMILAX   BOLL      00814229915574NAPE159         MORIBUND ZYGNEMA SK HYRACIFORM,RULE 1,A=0;B=0,008142299 15574 NAPE159                                                                         SLATTERN TYPY OEV,VOLERY 3722864666FP,3119746.20,3119746.20,0.00,0.00,2023-01-19,2023-01-19,0,"Publisher-labeled 1:1 match; numerical differences are review evidence, not a fraud/loss label."
1379787637,745587226290,862083878881,USD_2023-01-15_ACC#00001_66912     0607606076810153167674RAKEE07         MORIBUND ROTENONES S SMILAX   BOLL      00810153167674RAKEE07         MORIBUND ZYGNEMA SK HYRACIFORM,USD_2023-01-15_ACC#00001_66912     0607606076810153167674RAKEE07         MORIBUND ROTENONES S SMILAX   BOLL      00810153167674RAKEE07         MORIBUND ZYGNEMA SK HYRACIFORM,RULE 1,A=0;B=0,008101531 67674 RAKEE07                                                                         JO TONITE ETHERIFIES GAB,VOLERY 3734438666FP,6877685.51,6877685.51,0.00,0.00,2023-01-15,2023-01-15,0,"Publisher-labeled 1:1 match; numerical differences are review evidence, not a fraud/loss label."
137982418297,90221121941,490483701486,USD_2023-02-18_ACC#00001_66912     66325663250 32566RUGKF 088            JOQVY - BAS - DG SMILAX   GFG       VC0 32566RUGKF 088            JOQVY - BAS - DG,USD_2023-02-18_ACC#00001_66912     66325663250 32566RUGKF 088            JOQVY - BAS - DG SMILAX   GFG       VC0 32566RUGKF 088            JOQVY - BAS - DG,RULE 1,A=0;B=0,32566RUGKF 32566RUGKF                                                                      JOQVY - BAS - DG,322756AL61870630 9472866167VI,-215.82,-215.82,0.00,0.00,2023-02-18,2023-02-18,0,"Publisher-labeled 1:1 match; numerical differences are review evidence, not a fraud/loss label."
138012916028,865916942723,314384022681,USD_2023-01-28_ACC#00001_66912     66325663250 32566RIUJR 088            JOQVY - BAS - DG SMILAX   GFG       VC0 32566RIUJR 088            JOQVY - BAS - DG,USD_2023-01-28_ACC#00001_66912     66325663250 32566RIUJR 088            JOQVY - BAS - DG SMILAX   GFG       VC0 32566RIUJR 088            JOQVY - BAS - DG,RULE 3,A=0;B=0,32566RIUJR 32566RIUJR                                                                      JOQVY - BAS - DG,32566RIUJR 6836766750VI,31384.11,31384.11,0.00,0.00,2023-01-28,2023-01-28,0,"Publisher-labeled 1:1 match; numerical differences are review evidence, not a fraud/loss label."
138051875398,461725584221,303450896295,USD_2023-01-11_ACC#00001_66912     6670866708P 7084224904 602            OARS PISTRIX -V&F TO SMILAX   OARS      IGN 7084224904 602            OARS PISTRIX -V& F SHY         F SHY,USD_2023-01-11_ACC#00001_66912     6670866708P 7084224904 602            OARS PISTRIX -V&F TO SMILAX   OARS      IGN 7084224904 602            OARS PISTRIX -V& F SHY         F SHY,RULE 3,A=0;B=0,7084224904 7084224904                                                                      OARS PISTRIX -V&F SHY,7084224904 6378366748VI,-203237449.70,-203237449.70,0.00,0.00,2023-01-11,2023-01-11,0,"Publisher-labeled 1:1 match; numerical differences are review evidence, not a fraud/loss label."
138114014989,252190602623,491830928142,USD_2023-01-22_ACC#00001_66912     0608206082813283167399NAPE778         MORIBUND ROTENONES S SMILAX   BOLL      00813283167399NAPE778         MORIBUND ZYGNEMA SK HYRACIFORM,USD_2023-01-22_ACC#00001_66912     0608206082813283167399NAPE778         MORIBUND ROTENONES S SMILAX   BOLL      00813283167399NAPE778         MORIBUND ZYGNEMA SK HYRACIFORM,RULE 1,A=0;B=0,008132831 67399 NAPE778                                                                         MACULA ASSUMER CUBICLES U,VOLERY 3169282666FP,1695619.13,1695619.13,0.00,0.00,2023-01-22,2023-01-22,0,"Publisher-labeled 1:1 match; numerical differences are review evidence, not a fraud/loss label."
138117554786,233112469412,280772086662,USD_2023-01-21_ACC#00001_66912     0147701477815889941477NAPE509         OFF TMH TIRO FAMES SMILAX   BOLL      00815889941477NAPE509         OFF TMH TIRO HAU BT,USD_2023-01-21_ACC#00001_66912     0147701477815889941477NAPE509         OFF TMH TIRO FAMES SMILAX   BOLL      00815889941477NAPE509         OFF TMH TIRO HAU BT,RULE 1,A=0;B=0,008158899 41477 NAPE509 L9XU3TP                                                                 UPCLOSER MONOCOQUE GAB -,VOLERY 3799222666FP,-36065502.69,-36065502.69,0.00,0.00,2023-01-21,2023-01-21,0,"Publisher-labeled 1:1 match; numerical differences are review evidence, not a fraud/loss label."
138207253994,515626233168,645631327932,USD_2023-02-08_ACC#00001_66912     02566025660666H3         6666666666 SMILAX   FGGKR     FW0666H3         6666666666,USD_2023-02-08_ACC#00001_66912     02566025660666H3         6666666666 SMILAX   FGGKR     FW0666H3         6666666666,RULE 1,A=0;B=0,075916 V66075916                                                                       JO TONITE SAUNT 664952723,V660759160916055 4519666797VI,14562847.83,14562847.83,0.00,0.00,2023-02-08,2023-02-08,0,"Publisher-labeled 1:1 match; numerical differences are review evidence, not a fraud/loss label."
138207776286,291204265946,885286804718,USD_2023-02-26_ACC#00001_66912     0670806708847359614409KELD512         MORIBUND VEXES WHUFF SMILAX   BOLL      00847359614409KELD512         MORIBUND VEXES S FOMALHAUT,USD_2023-02-26_ACC#00001_66912     0670806708847359614409KELD512         MORIBUND VEXES WHUFF SMILAX   BOLL      00847359614409KELD512         MORIBUND VEXES S FOMALHAUT,RULE 1,A=0;B=0,008473596 14409 KELD512                                                                         UPCLOSER MONOCOQUE GAB -,VOLERY 3340340666FP,-66322.59,-66322.59,0.00,0.00,2023-02-26,2023-02-26,0,"Publisher-labeled 1:1 match; numerical differences are review evidence, not a fraud/loss label."
138328128571,765709169119,215548956728,USD_2023-01-04_ACC#00001_66912     0609306093871276567005RIGHT76         MORIBUND VEXES WHUFF SMILAX   BOLL      00871276567005RIGHT76         MORIBUND VEXES S FOMALHAUT,USD_2023-01-04_ACC#00001_66912     0609306093871276567005RIGHT76         MORIBUND VEXES WHUFF SMILAX   BOLL      00871276567005RIGHT76         MORIBUND VEXES S FOMALHAUT,RULE 1,A=0;B=0,008712765 67005 RIGHT76                                                                         CHINOL BUT STIVY,VOLERY 3043530666FP,-584007.81,-584007.81,0.00,0.00,2023-01-04,2023-01-04,0,"Publisher-labeled 1:1 match; numerical differences are review evidence, not a fraud/loss label."
13851839138,606471555611,301535699760,USD_2023-01-04_ACC#00001_66912     0608206082871209767399NAPE405         MORIBUND ROTENONES S SMILAX   BOLL      00871209767399NAPE405         MORIBUND ZYGNEMA SK HYRACIFORM,USD_2023-01-04_ACC#00001_66912     0608206082871209767399NAPE405         MORIBUND ROTENONES S SMILAX   BOLL      00871209767399NAPE405         MORIBUND ZYGNEMA SK HYRACIFORM,RULE 1,A=0;B=0,008712097 67399 NAPE405                                                                         REPAGANIZER GEOMETRINE AP,VOLERY 3041332666FP,217870.11,217870.11,0.00,0.00,2023-01-04,2023-01-04,0,"Publisher-labeled 1:1 match; numerical differences are review evidence, not a fraud/loss label."
138660628315,759971960800,425403520165,USD_2023-02-10_ACC#00001_66912     0609306093830070567005CUTIN24         MORIBUND ROTENONES S SMILAX   BOLL      00830070567005CUTIN24         MORIBUND ZYGNEMA SK HYRACIFORM,USD_2023-02-10_ACC#00001_66912     0609306093830070567005CUTIN24         MORIBUND ROTENONES S SMILAX   BOLL      00830070567005CUTIN24         MORIBUND ZYGNEMA SK HYRACIFORM,RULE 1,A=0;B=0,008300705 67005 CUTIN24                                                                         JO TONITE ETHERIFIES GAB,VOLERY 3886110666FP,5424465.69,5424465.69,0.00,0.00,2023-02-10,2023-02-10,0,"Publisher-labeled 1:1 match; numerical differences are review evidence, not a fraud/loss label."
13868618322,579890572473,830385047985,USD_2023-02-12_ACC#00001_66912     0670806708837644014476LOCHY20         MORIBUND VEXES WHUFF SMILAX   BOLL      00837644014476LOCHY20         MORIBUND VEXES S FOMALHAUT,USD_2023-02-12_ACC#00001_66912     0670806708837644014476LOCHY20         MORIBUND VEXES WHUFF SMILAX   BOLL      00837644014476LOCHY20         MORIBUND VEXES S FOMALHAUT,RULE 1,A=0;B=0,008376440 14476 LOCHY20                                                                         UPCLOSER MONOCOQUE GAB -,VOLERY 3840857666FP,-63091.20,-63091.20,0.00,0.00,2023-02-12,2023-02-12,0,"Publisher-labeled 1:1 match; numerical differences are review evidence, not a fraud/loss label."
138695727086,811436248277,152854937972,USD_2023-02-23_ACC#00001_66912     02566025660666H3         6666666666 SMILAX   FGGKR     FW0666H3         6666666666,USD_2023-02-23_ACC#00001_66912     02566025660666H3         6666666666 SMILAX   FGGKR     FW0666H3         6666666666,RULE 1,A=0;B=0,2262826 V62262826                                                                       JO TONITE SAUNT 664952723,V622628266117045 7087266162VI,1918330.00,1918330.00,0.00,0.00,2023-02-23,2023-02-23,0,"Publisher-labeled 1:1 match; numerical differences are review evidence, not a fraud/loss label."
138868895359,965972415161,137594309516,USD_2023-01-28_ACC#00001_66912     66325663250 32566RIJ6E 088            JOQVY - ELUVIA - SMILAX   GFG       VC0 32566RIJ6E 088            JOQVY - ELUVIA -,USD_2023-01-28_ACC#00001_66912     66325663250 32566RIJ6E 088            JOQVY - ELUVIA - SMILAX   GFG       VC0 32566RIJ6E 088            JOQVY - ELUVIA -,RULE 3,A=0;B=0,32566RIJ6E 32566RIJ6E                                                                      JOQVY - ELUVIA -,32566RIJ6E 5494066756VI,107694.69,107694.69,0.00,0.00,2023-01-28,2023-01-28,0,"Publisher-labeled 1:1 match; numerical differences are review evidence, not a fraud/loss label."
138884962532,680258138980,662423567684,USD_2023-01-11_ACC#00001_66912     66325663250 37266J1EE7 088            INKROOT LIKED BY SMILAX   GFG       VC0 37266J1EE7 088            INKROOT LIKED BY,USD_2023-01-11_ACC#00001_66912     66325663250 37266J1EE7 088            INKROOT LIKED BY SMILAX   GFG       VC0 37266J1EE7 088            INKROOT LIKED BY,RULE 3,A=0;B=0,37266J1EE7 37266J1EE7                                                                      INKROOT LIKED BY,37266J1EE7 5481866748VI,3427.80,3427.80,0.00,0.00,2023-01-11,2023-01-11,0,"Publisher-labeled 1:1 match; numerical differences are review evidence, not a fraud/loss label."
138917731879,744648524951,799902023278,USD_2023-02-12_ACC#00001_66912     0670806708831062514409EPEE517         MORIBUND VEXES WHUFF SMILAX   BOLL      00831062514409EPEE517         MORIBUND VEXES S FOMALHAUT,USD_2023-02-12_ACC#00001_66912     0670806708831062514409EPEE517         MORIBUND VEXES WHUFF SMILAX   BOLL      00831062514409EPEE517         MORIBUND VEXES S FOMALHAUT,RULE 1,A=0;B=0,008310625 14409 EPEE517                                                                         UPCLOSER MONOCOQUE GAB -,VOLERY 3840369666FP,-179303.03,-179303.03,0.00,0.00,2023-02-12,2023-02-12,0,"Publisher-labeled 1:1 match; numerical differences are review evidence, not a fraud/loss label."
139084220107,744948624233,82873659479,USD_2023-01-21_ACC#00001_66912     0256602566 SMILAX   FGGKR,USD_2023-01-21_ACC#00001_66912     0256602566 SMILAX   FGGKR,RULE 1,A=0;B=0,48470106 ALME7U0394JOQG7U                                                                JO TONITE SAUNT 664952723,V484707967981310 6561066728VI,-1600200.00,-1600200.00,0.00,0.00,2023-01-21,2023-01-21,0,"Publisher-labeled 1:1 match; numerical differences are review evidence, not a fraud/loss label."
139105993927,197037054553,375771374865,USD_2023-02-22_ACC#00001_66912     0147701477847062741477NAPE718         IF TMH SEE FAMES SMILAX   BOLL      00847062741477NAPE718         IF TMH SEE FAMES,USD_2023-02-22_ACC#00001_66912     0147701477847062741477NAPE718         IF TMH SEE FAMES SMILAX   BOLL      00847062741477NAPE718         IF TMH SEE FAMES,RULE 1,A=0;B=0,008470627 41477 NAPE718 L9WA2ND                                                                 UPCLOSER MONOCOQUE GAB -,VOLERY 3377619666FP,2644890.00,2644890.00,0.00,0.00,2023-02-22,2023-02-22,0,"Publisher-labeled 1:1 match; numerical differences are review evidence, not a fraud/loss label."
13916861944,131776940212,895915115166,USD_2023-02-12_ACC#00001_66912     02566025660666H3         6666666666 SMILAX   FGGKR     FW0666H3         6666666666,USD_2023-02-12_ACC#00001_66912     02566025660666H3         6666666666 SMILAX   FGGKR     FW0666H3         6666666666,RULE 1,A=0;B=0,0598586 V60598586                                                                       SHALE           667933724,V605985867117732 7906466794VI,2026900.00,2026900.00,0.00,0.00,2023-02-12,2023-02-12,0,"Publisher-labeled 1:1 match; numerical differences are review evidence, not a fraud/loss label."
139318508846,683450571445,939485338745,USD_2023-01-04_ACC#00001_66912     0607406074873077914726NAPE703         MORIBUND ROTENONES S SMILAX   BOLL      00873077914726NAPE703         MORIBUND ZYGNEMA SK HYRACIFORM,USD_2023-01-04_ACC#00001_66912     0607406074873077914726NAPE703         MORIBUND ROTENONES S SMILAX   BOLL      00873077914726NAPE703         MORIBUND ZYGNEMA SK HYRACIFORM,RULE 1,A=0;B=0,008730779 14726 NAPE703                                                                         BUFFY ETHERIFIES EEO,VOLERY 3043172666FP,758349.65,758349.65,0.00,0.00,2023-01-04,2023-01-04,0,"Publisher-labeled 1:1 match; numerical differences are review evidence, not a fraud/loss label."
139367870672,641504560268,753255850310,USD_2023-01-05_ACC#00001_66912     0156801568873832317661AUG0762         MORIBUND VEXES WHUFF SMILAX   BOLL      00873832317661AUG0762         MORIBUND VEXES S FOMALHAUT,USD_2023-01-05_ACC#00001_66912     0156801568873832317661AUG0762         MORIBUND VEXES WHUFF SMILAX   BOLL      00873832317661AUG0762         MORIBUND VEXES S FOMALHAUT,RULE 1,A=0;B=0,008738323 17661 AUG0762                                                                         YMV NONREGULATIVE,VOLERY 3023771666FP,-5057374.00,-5057374.00,0.00,0.00,2023-01-05,2023-01-05,0,"Publisher-labeled 1:1 match; numerical differences are review evidence, not a fraud/loss label."
139401678923,197042799034,8532318016,USD_2023-01-15_ACC#00001_66912     02566025660666H3         6666666666 SMILAX   FGGKR     FW0666H3         6666666666,USD_2023-01-15_ACC#00001_66912     02566025660666H3         6666666666 SMILAX   FGGKR     FW0666H3         6666666666,RULE 3,A=0;B=0,32987932 V32987932                                                                       JO TONITE SAUNT 664952723,V329879327310771 8620766745VI,986736.24,986736.24,0.00,0.00,2023-01-15,2023-01-15,0,"Publisher-labeled 1:1 match; numerical differences are review evidence, not a fraud/loss label."
139436208925,745402227775,949247586963,USD_2023-01-21_ACC#00001_66912     0670806708812705714484BOAS731         MORIBUND VEXES WHUFF SMILAX   BOLL      00812705714484BOAS731         MORIBUND VEXES S FOMALHAUT,USD_2023-01-21_ACC#00001_66912     0670806708812705714484BOAS731         MORIBUND VEXES WHUFF SMILAX   BOLL      00812705714484BOAS731         MORIBUND VEXES S FOMALHAUT,RULE 1,A=0;B=0,008127057 14484 BOAS731                                                                         UPCLOSER MONOCOQUE GAB -,VOLERY 3160002666FP,-2255571.47,-2255571.47,0.00,0.00,2023-01-21,2023-01-21,0,"Publisher-labeled 1:1 match; numerical differences are review evidence, not a fraud/loss label."
13954004218,66939026326,873508130543,USD_2023-01-28_ACC#00001_66912     0147701477888293341477GULA414         IF TMH SEE FAMES SMILAX   BOLL      00888293341477GULA414         IF TMH SEE FAMES,USD_2023-01-28_ACC#00001_66912     0147701477888293341477GULA414         IF TMH SEE FAMES SMILAX   BOLL      00888293341477GULA414         IF TMH SEE FAMES,RULE 1,A=0;B=0,008882933 41477 GULA414 L9HY9KC                                                                 JOQVY H.C. ZUCCHINIS TENT,VOLERY 3136947666FP,1135751.65,1135751.65,0.00,0.00,2023-01-28,2023-01-28,0,"Publisher-labeled 1:1 match; numerical differences are review evidence, not a fraud/loss label."
139575073520,389633155670,857422280522,USD_2023-02-16_ACC#00001_66912     6602466024DM CRYOGENS                 TX7564 SB SMILAX   GESS      OGPU CRYOGENS                 TX7564 SB,USD_2023-02-16_ACC#00001_66912     6602466024DM CRYOGENS                 TX7564 SB SMILAX   GESS      OGPU CRYOGENS                 TX7564 SB,RULE 1,A=0;B=0,720669 666666661601706,912DIP212 0752566166VI,945714.00,945714.00,0.00,0.00,2023-02-16,2023-02-16,0,"Publisher-labeled 1:1 match; numerical differences are review evidence, not a fraud/loss label."
139590848427,677470923510,762238353502,USD_2023-01-08_ACC#00001_66912     0702807028872687267463KAVI250         MORIBUND ROTENONES S SMILAX   BOLL      00872687267463KAVI250         MORIBUND ZYGNEMA SK HYRACIFORM,USD_2023-01-08_ACC#00001_66912     0702807028872687267463KAVI250         MORIBUND ROTENONES S SMILAX   BOLL      00872687267463KAVI250         MORIBUND ZYGNEMA SK HYRACIFORM,RULE 1,A=0;B=0,008726872 67463 KAVI250                                                                         ASSUMER NONREGULATIVE EFI,VOLERY 3763282666FP,3986800.00,3986800.00,0.00,0.00,2023-01-08,2023-01-08,0,"Publisher-labeled 1:1 match; numerical differences are review evidence, not a fraud/loss label."
139716845345,205296919086,400215722364,USD_2023-01-15_ACC#00001_66912     66325663250 32566J2MLY 088            JOQVY - BAS - DG SMILAX   GFG       VC0 32566J2MLY 088            JOQVY - BAS - DG,USD_2023-01-15_ACC#00001_66912     66325663250 32566J2MLY 088            JOQVY - BAS - DG SMILAX   GFG       VC0 32566J2MLY 088            JOQVY - BAS - DG,RULE 3,A=0;B=0,32566J2MLY 32566J2MLY                                                                      JOQVY - BAS - DG,32566J2MLY 3242466745VI,116804.92,116804.92,0.00,0.00,2023-01-15,2023-01-15,0,"Publisher-labeled 1:1 match; numerical differences are review evidence, not a fraud/loss label."
139799904280,559770911540,577486446080,USD_2023-02-17_ACC#00001_66912     0147701477835543741477DYNAM98         IF TMH SEE FAMES SMILAX   BOLL      00835543741477DYNAM98         IF TMH SEE FAMES,USD_2023-02-17_ACC#00001_66912     0147701477835543741477DYNAM98         IF TMH SEE FAMES SMILAX   BOLL      00835543741477DYNAM98         IF TMH SEE FAMES,RULE 1,A=0;B=0,008355437 41477 DYNAM98 L9WA6AG                                                                 UPCLOSER MONOCOQUE GAB -,VOLERY 3890700666FP,2600.00,2600.00,0.00,0.00,2023-02-17,2023-02-17,0,"Publisher-labeled 1:1 match; numerical differences are review evidence, not a fraud/loss label."
139846612918,977210399724,466027903961,USD_2023-02-02_ACC#00001_66912     0147701477883479641477GULA414         OFF TMH TIRO FAMES SMILAX   BOLL      00883479641477GULA414         OFF TMH TIRO HAU BT,USD_2023-02-02_ACC#00001_66912     0147701477883479641477GULA414         OFF TMH TIRO FAMES SMILAX   BOLL      00883479641477GULA414         OFF TMH TIRO HAU BT,RULE 1,A=0;B=0,008834796 41477 GULA414 L9CY0HY                                                                 JOQVY H.C. ZUCCHINIS TENT,VOLERY 3156707666FP,-1136255.78,-1136255.78,0.00,0.00,2023-02-02,2023-02-02,0,"Publisher-labeled 1:1 match; numerical differences are review evidence, not a fraud/loss label."
139878966106,512810921184,359316159646,USD_2023-01-11_ACC#00001_66912     0256602566 SMILAX   FGGKR,USD_2023-01-11_ACC#00001_66912     0256602566 SMILAX   FGGKR,RULE 1,A=0;B=0,32900751 ALME7U5375JOQG7U                                                                JO TONITE SAUNT 664952723,V347264060246830 5532766748VI,-3016261.60,-3016261.60,0.00,0.00,2023-01-11,2023-01-11,0,"Publisher-labeled 1:1 match; numerical differences are review evidence, not a fraud/loss label."
139914836527,787155448337,226431667432,USD_2023-01-11_ACC#00001_66912     0122001220875363012660MBAYA01         MORIBUND VEXES WHUFF SMILAX   BOLL      00875363012660MBAYA01         MORIBUND VEXES S FOMALHAUT,USD_2023-01-11_ACC#00001_66912     0122001220875363012660MBAYA01         MORIBUND VEXES WHUFF SMILAX   BOLL      00875363012660MBAYA01         MORIBUND VEXES S FOMALHAUT,RULE 1,A=0;B=0,008753630 12660 MBAYA01                                                                         UPCLOSER MONOCOQUE GAB -,VOLERY 3702352666FP,-1765587.02,-1765587.02,0.00,0.00,2023-01-11,2023-01-11,0,"Publisher-labeled 1:1 match; numerical differences are review evidence, not a fraud/loss label."
140047223996,568232405899,436462077931,USD_2023-01-29_ACC#00001_66912     0122001220881132112660ELVAN20         MORIBUND ROTENONES S SMILAX   BOLL      00881132112660ELVAN20         MORIBUND ZYGNEMA SK HYRACIFORM,USD_2023-01-29_ACC#00001_66912     0122001220881132112660ELVAN20         MORIBUND ROTENONES S SMILAX   BOLL      00881132112660ELVAN20         MORIBUND ZYGNEMA SK HYRACIFORM,RULE 1,A=0;B=0,008811321 12660 ELVAN20                                                                         SCOTALE KEF QMQF HINEY,VOLERY 3139191666FP,55931.48,55931.48,0.00,0.00,2023-01-29,2023-01-29,0,"Publisher-labeled 1:1 match; numerical differences are review evidence, not a fraud/loss label."
140080249665,198813708604,633792414539,USD_2023-01-05_ACC#00001_66912     66325663250 32566J663H 088            JOQVY DE -ELUVIA SMILAX   GFG       VC0 32566J663H 088            JOQVY DE -ELUVIA,USD_2023-01-05_ACC#00001_66912     66325663250 32566J663H 088            JOQVY DE -ELUVIA SMILAX   GFG       VC0 32566J663H 088            JOQVY DE -ELUVIA,RULE 3,A=0;B=0,32566J663H 32566J663H                                                                      JOQVY DE -ELUVIA,32566J663H 0527466735VI,5800.29,5800.29,0.00,0.00,2023-01-05,2023-01-05,0,"Publisher-labeled 1:1 match; numerical differences are review evidence, not a fraud/loss label."
14011700268,704803924463,470452345606,USD_2023-01-29_ACC#00001_66912     0250702507887599167666                ANDI SEMSEM DIP WOLD SMILAX   BOLL      00887599167666                ANDI SEMSEM DIP  WOLD,USD_2023-01-29_ACC#00001_66912     0250702507887599167666                ANDI SEMSEM DIP WOLD SMILAX   BOLL      00887599167666                ANDI SEMSEM DIP  WOLD,RULE 3,A=0;B=0,008875991 67666 SAUM082 L9XU505                                                                 UPCLOSER SAUNT TYPY DE -,008875991-767-0 8588666757VI,42930.00,42930.00,0.00,0.00,2023-01-29,2023-01-29,0,"Publisher-labeled 1:1 match; numerical differences are review evidence, not a fraud/loss label."
140139821354,833550233770,430986593281,USD_2023-01-05_ACC#00001_66912     6670866708P 7084221688 602            OARS PISTRIX -V&F TO SMILAX   OARS      IGN 7084221688 602            OARS PISTRIX -V& F SHY         F SHY,USD_2023-01-05_ACC#00001_66912     6670866708P 7084221688 602            OARS PISTRIX -V&F TO SMILAX   OARS      IGN 7084221688 602            OARS PISTRIX -V& F SHY         F SHY,RULE 3,A=0;B=0,7084221688 7084221688                                                                      OARS PISTRIX -V&F SHY,7084221683 7002366735VI,52790428.87,52790428.87,0.00,0.00,2023-01-05,2023-01-05,0,"Publisher-labeled 1:1 match; numerical differences are review evidence, not a fraud/loss label."
140154650010,445150886770,49346235752,USD_2023-01-11_ACC#00001_66912     0646406464875393761008PUDGY75         MORIBUND VEXES WHUFF SMILAX   BOLL      00875393761008PUDGY75         MORIBUND VEXES S FOMALHAUT,USD_2023-01-11_ACC#00001_66912     0646406464875393761008PUDGY75         MORIBUND VEXES WHUFF SMILAX   BOLL      00875393761008PUDGY75         MORIBUND VEXES S FOMALHAUT,RULE 1,A=0;B=0,008753937 61008 PUDGY75                                                                         MUTUALITY AVIARY DEFENSER,VOLERY 3702477666FP,-375068.50,-375068.50,0.00,0.00,2023-01-11,2023-01-11,0,"Publisher-labeled 1:1 match; numerical differences are review evidence, not a fraud/loss label."
140371022064,110947911168,343383751581,USD_2023-01-18_ACC#00001_66912     6602466024J UNPURSE - ELUVIA TO JOQGE UH1650743 SMILAX   GESS      TOA UNPURSE - ELUVIA TO JOQGE UH1650743,USD_2023-01-18_ACC#00001_66912     6602466024J UNPURSE - ELUVIA TO JOQGE UH1650743 SMILAX   GESS      TOA UNPURSE - ELUVIA TO JOQGE UH1650743,MANUAL,A=0;B=0,756969 666666667507026,420DIP912DR 5815866720VI,-7224063.13,-7224060.00,3.13,-3.13,2023-01-18,2023-01-18,0,"Publisher-labeled 1:1 match; numerical differences are review evidence, not a fraud/loss label."
140555577993,962221361278,575203887044,USD_2023-02-05_ACC#00001_66912     66325663250 32566RLQD7 088            JOQVY - ELUVIA - SMILAX   GFG       VC0 32566RLQD7 088            JOQVY - ELUVIA -,USD_2023-02-05_ACC#00001_66912     66325663250 32566RLQD7 088            JOQVY - ELUVIA - SMILAX   GFG       VC0 32566RLQD7 088            JOQVY - ELUVIA -,RULE 1,A=0;B=0,32566RLQD7 32566RLQD7                                                                      JOQVY - ELUVIA -,322746AL68115111 0382966755VI,-21057.05,-21057.05,0.00,0.00,2023-02-05,2023-02-05,0,"Publisher-labeled 1:1 match; numerical differences are review evidence, not a fraud/loss label."
140615893637,410033797300,389545715481,USD_2023-01-22_ACC#00001_66912     0147701477819303041477NAPE150         OFF TMH SEE FAMES SMILAX   BOLL      00819303041477NAPE150         OFF TMH SEE EMEU S,USD_2023-01-22_ACC#00001_66912     0147701477819303041477NAPE150         OFF TMH SEE FAMES SMILAX   BOLL      00819303041477NAPE150         OFF TMH SEE EMEU S,RULE 1,A=0;B=0,008193030 41477 NAPE150 L9XU26Q                                                                 UPCLOSER MONOCOQUE GAB -,VOLERY 3100087666FP,34270716.01,34270716.01,0.00,0.00,2023-01-22,2023-01-22,0,"Publisher-labeled 1:1 match; numerical differences are review evidence, not a fraud/loss label."
140661073361,26443246174,105608318683,USD_2023-01-21_ACC#00001_66912     66325663250 32566J9DO1 088            JOQVY - BAS - DG SMILAX   GFG       VC0 32566J9DO1 088            JOQVY - BAS - DG,USD_2023-01-21_ACC#00001_66912     66325663250 32566J9DO1 088            JOQVY - BAS - DG SMILAX   GFG       VC0 32566J9DO1 088            JOQVY - BAS - DG,RULE 1,A=0;B=0,32566J9DO1 32566J9DO1                                                                      JOQVY - BAS - DG,322756AL61373193 0292666728VI,-8474.74,-8474.74,0.00,0.00,2023-01-21,2023-01-21,0,"Publisher-labeled 1:1 match; numerical differences are review evidence, not a fraud/loss label."
140691475350,277652203250,466585597874,USD_2023-02-17_ACC#00001_66912     0122001220832321712660NAPE703         MORIBUND ROTENONES S SMILAX   BOLL      00832321712660NAPE703         MORIBUND ZYGNEMA SK HYRACIFORM,USD_2023-02-17_ACC#00001_66912     0122001220832321712660NAPE703         MORIBUND ROTENONES S SMILAX   BOLL      00832321712660NAPE703         MORIBUND ZYGNEMA SK HYRACIFORM,RULE 1,A=0;B=0,008323217 12660 NAPE703                                                                         UPCLOSER MONOCOQUE GAB -,VOLERY 3890711666FP,5708318.41,5708318.41,0.00,0.00,2023-02-17,2023-02-17,0,"Publisher-labeled 1:1 match; numerical differences are review evidence, not a fraud/loss label."
140720779538,139364994724,900082592194,USD_2023-02-09_ACC#00001_66912     0670806708837960214407GULA646         MORIBUND ROTENONES S SMILAX   BOLL      00837960214407GULA646         MORIBUND ZYGNEMA SK HYRACIFORM,USD_2023-02-09_ACC#00001_66912     0670806708837960214407GULA646         MORIBUND ROTENONES S SMILAX   BOLL      00837960214407GULA646         MORIBUND ZYGNEMA SK HYRACIFORM,RULE 1,A=0;B=0,008379602 14407 GULA646                                                                         UPCLOSER MONOCOQUE GAB -,VOLERY 3816480666FP,25155.95,25155.95,0.00,0.00,2023-02-09,2023-02-09,0,"Publisher-labeled 1:1 match; numerical differences are review evidence, not a fraud/loss label."
140751476129,147797629558,696523476587,USD_2023-02-11_ACC#00001_66912     0147601476838303141476                IF TMH ENQUIRE WOLD SMILAX   BOLL      00838303141476                IF TMH ENQUIRE C TCK,USD_2023-02-11_ACC#00001_66912     0147601476838303141476                IF TMH ENQUIRE WOLD SMILAX   BOLL      00838303141476                IF TMH ENQUIRE C TCK,RULE 1,A=0;B=0,008383031 41476 L9HP0SP                                                                 SLATTERN AVIARY ENNOBLERS,V606807167681477 9811666793VI,-1000000.00,-1000000.00,0.00,0.00,2023-02-11,2023-02-11,0,"Publisher-labeled 1:1 match; numerical differences are review evidence, not a fraud/loss label."
140793549917,126937695859,807597582968,USD_2023-01-11_ACC#00001_66912     66325663250 37266J83Y5 088            GLONOIN FLAYS KY SMILAX   GFG       VC0 37266J83Y5 088            GLONOIN FLAYS KY,USD_2023-01-11_ACC#00001_66912     66325663250 37266J83Y5 088            GLONOIN FLAYS KY SMILAX   GFG       VC0 37266J83Y5 088            GLONOIN FLAYS KY,RULE 3,A=0;B=0,37266J83Y5 37266J83Y5                                                                      GLONOIN FLAYS KY,37266J83Y5 5709066741VI,9698.34,9698.34,0.00,0.00,2023-01-11,2023-01-11,0,"Publisher-labeled 1:1 match; numerical differences are review evidence, not a fraud/loss label."
14085487661,334686616136,878991540555,USD_2023-03-04_ACC#00001_66912     0147701477826742241477VELIC90         IF TMH TIRO FAMES SMILAX   BOLL      00826742241477VELIC90         IF TMH TIRO EMEU S,USD_2023-03-04_ACC#00001_66912     0147701477826742241477VELIC90         IF TMH TIRO FAMES SMILAX   BOLL      00826742241477VELIC90         IF TMH TIRO EMEU S,RULE 1,A=0;B=0,008267422 41477 VELIC90 L9IE3F8                                                                 UPCLOSER MONOCOQUE GAB -,VOLERY 3355903666FP,-4026430.00,-4026430.00,0.00,0.00,2023-03-04,2023-03-04,0,"Publisher-labeled 1:1 match; numerical differences are review evidence, not a fraud/loss label."
140899167750,944243162094,52137995960,USD_2023-01-12_ACC#00001_66912     66325663250 32566J3KL1 088            JOQVY - ELUVIA - SMILAX   GFG       VC0 32566J3KL1 088            JOQVY - ELUVIA -,USD_2023-01-12_ACC#00001_66912     66325663250 32566J3KL1 088            JOQVY - ELUVIA - SMILAX   GFG       VC0 32566J3KL1 088            JOQVY - ELUVIA -,RULE 3,A=0;B=0,32566J3KL1 32566J3KL1                                                                      JOQVY - ELUVIA -,32566J3KL1 0155566748VI,4635.75,4635.75,0.00,0.00,2023-01-12,2023-01-12,0,"Publisher-labeled 1:1 match; numerical differences are review evidence, not a fraud/loss label."
140947061977,440520843293,544566558114,USD_2023-02-24_ACC#00001_66912     66325663250 32566RBVOT 088            JOQVY DE -ELUVIA SMILAX   GFG       VC0 32566RBVOT 088            JOQVY DE -ELUVIA,USD_2023-02-24_ACC#00001_66912     66325663250 32566RBVOT 088            JOQVY DE -ELUVIA SMILAX   GFG       VC0 32566RBVOT 088            JOQVY DE -ELUVIA,RULE 1,A=0;B=0,32566RBVOT 32566RBVOT                                                                      JOQVY DE -ELUVIA,322746AL68715855 2462166165VI,-7.36,-7.36,0.00,0.00,2023-02-24,2023-02-24,0,"Publisher-labeled 1:1 match; numerical differences are review evidence, not a fraud/loss label."
140950208043,622942282536,359142983824,USD_2023-02-04_ACC#00001_66912     02566025660666H3         6666666666 SMILAX   FGGKR     FW0666H3         6666666666,USD_2023-02-04_ACC#00001_66912     02566025660666H3         6666666666 SMILAX   FGGKR     FW0666H3         6666666666,RULE 3,A=0;B=0,35650153 V35650153                                                                       JO TONITE SAUNT 664952723,V356501530317291 5425966755VI,780000.00,780000.00,0.00,0.00,2023-02-04,2023-02-04,0,"Publisher-labeled 1:1 match; numerical differences are review evidence, not a fraud/loss label."
141103818882,398924577388,214452876796,USD_2023-03-01_ACC#00001_66912     0976109761848263667752OKET782         MORIBUND ROTENONES S SMILAX   BOLL      00848263667752OKET782         MORIBUND ZYGNEMA SK HYRACIFORM,USD_2023-03-01_ACC#00001_66912     0976109761848263667752OKET782         MORIBUND ROTENONES S SMILAX   BOLL      00848263667752OKET782         MORIBUND ZYGNEMA SK HYRACIFORM,RULE 1,A=0;B=0,008482636 67752 OKET782                                                                         COG-MB/HARPLESS ARF NA MG,VOLERY 3349806666FP,1152.00,1152.00,0.00,0.00,2023-03-01,2023-03-01,0,"Publisher-labeled 1:1 match; numerical differences are review evidence, not a fraud/loss label."
141178768341,728636262612,96192023070,USD_2023-02-12_ACC#00001_66912     02566025660666H3         6666666666 SMILAX   FGGKR     FW0666H3         6666666666,USD_2023-02-12_ACC#00001_66912     02566025660666H3         6666666666 SMILAX   FGGKR     FW0666H3         6666666666,RULE 1,A=0;B=0,0968876 V60968876                                                                       SHALE           667933724,V609688767117732 7900266794VI,2184240.00,2184240.00,0.00,0.00,2023-02-12,2023-02-12,0,"Publisher-labeled 1:1 match; numerical differences are review evidence, not a fraud/loss label."
141206162491,130047486859,253397462233,USD_2023-02-17_ACC#00001_66912     0147701477835963341477MOZO702         IF TMH SEE FAMES SMILAX   BOLL      00835963341477MOZO702         IF TMH SEE FAMES,USD_2023-02-17_ACC#00001_66912     0147701477835963341477MOZO702         IF TMH SEE FAMES SMILAX   BOLL      00835963341477MOZO702         IF TMH SEE FAMES,RULE 1,A=0;B=0,008359633 41477 MOZO702 L9WA6FF                                                                 JOQVY H.C. ZUCCHINIS TENT,VOLERY 3890729666FP,3419325.20,3419325.20,0.00,0.00,2023-02-17,2023-02-17,0,"Publisher-labeled 1:1 match; numerical differences are review evidence, not a fraud/loss label."
141247428729,334631011938,933619543193,USD_2023-01-08_ACC#00001_66912     0608206082872381567399JADE857         MORIBUND VEXES WHUFF SMILAX   BOLL      00872381567399JADE857         MORIBUND VEXES S FOMALHAUT,USD_2023-01-08_ACC#00001_66912     0608206082872381567399JADE857         MORIBUND VEXES WHUFF SMILAX   BOLL      00872381567399JADE857         MORIBUND VEXES S FOMALHAUT,RULE 1,A=0;B=0,008723815 67399 JADE857                                                                         MUTUALITY AVIARY DEFENSER,VOLERY 3762152666FP,-121460.70,-121460.70,0.00,0.00,2023-01-08,2023-01-08,0,"Publisher-labeled 1:1 match; numerical differences are review evidence, not a fraud/loss label."
141269378371,846144973328,719930567213,USD_2023-01-27_ACC#00001_66912     0256602566 SMILAX   FGGKR,USD_2023-01-27_ACC#00001_66912     0256602566 SMILAX   FGGKR,RULE 1,A=0;B=0,49887166 ALME7U3224JOQG7U                                                                JO TONITE SAUNT 664952723,V498854066332489 4124666756VI,-116988.68,-116988.68,0.00,0.00,2023-01-27,2023-01-27,0,"Publisher-labeled 1:1 match; numerical differences are review evidence, not a fraud/loss label."
141333875091,404053564059,35236405679,USD_2023-01-27_ACC#00001_66912     6682866828SHAMESICK FROM JAUN UNFED   JOQ ANNAT CITE SMILAX   FGGQQ     PHOTOACTIVE FROM JAUN UNFED   JOQ ANNAT CITE                 029666661366666666,USD_2023-01-27_ACC#00001_66912     6682866828SHAMESICK FROM JAUN UNFED   JOQ ANNAT CITE SMILAX   FGGQQ     PHOTOACTIVE FROM JAUN UNFED   JOQ ANNAT CITE                 029666661366666666,RULE 1,A=0;B=0,6666666662094463 JOQ ANNAT CITE,62094462 2462366756VI,-41000000.00,-41000000.00,0.00,0.00,2023-01-27,2023-01-27,0,"Publisher-labeled 1:1 match; numerical differences are review evidence, not a fraud/loss label."
141369803528,164126691107,651109307183,USD_2023-02-19_ACC#00001_66912     0156801568835536417661AUG0618         MORIBUND ROTENONES S SMILAX   BOLL      00835536417661AUG0618         MORIBUND ZYGNEMA SK HYRACIFORM,USD_2023-02-19_ACC#00001_66912     0156801568835536417661AUG0618         MORIBUND ROTENONES S SMILAX   BOLL      00835536417661AUG0618         MORIBUND ZYGNEMA SK HYRACIFORM,RULE 1,A=0;B=0,008355364 17661 AUG0618                                                                         DIANITE ANIMI VOWED AGHAN,VOLERY 3369332666FP,2673421.80,2673421.80,0.00,0.00,2023-02-19,2023-02-19,0,"Publisher-labeled 1:1 match; numerical differences are review evidence, not a fraud/loss label."
141443425239,238364822572,345562873261,USD_2023-02-11_ACC#00001_66912     66325663250 32566RHFRG 088            JOQVY - ELUVIA - SMILAX   GFG       VC0 32566RHFRG 088            JOQVY - ELUVIA -,USD_2023-02-11_ACC#00001_66912     66325663250 32566RHFRG 088            JOQVY - ELUVIA - SMILAX   GFG       VC0 32566RHFRG 088            JOQVY - ELUVIA -,RULE 3,A=0;B=0,32566RHFRG 32566RHFRG                                                                      JOQVY - ELUVIA -,32566RHFRG 2546966798VI,251452.44,251452.44,0.00,0.00,2023-02-11,2023-02-11,0,"Publisher-labeled 1:1 match; numerical differences are review evidence, not a fraud/loss label."
141447631896,727114868159,814265301707,USD_2023-02-11_ACC#00001_66912     0156801568837280517661MBAYA57         MORIBUND VEXES WHUFF SMILAX   BOLL      00837280517661MBAYA57         MORIBUND VEXES S FOMALHAUT,USD_2023-02-11_ACC#00001_66912     0156801568837280517661MBAYA57         MORIBUND VEXES WHUFF SMILAX   BOLL      00837280517661MBAYA57         MORIBUND VEXES S FOMALHAUT,RULE 1,A=0;B=0,008372805 17661 MBAYA57                                                                         RHODIZITE UNSOLACED AGHAN,VOLERY 3830916666FP,-89807.21,-89807.21,0.00,0.00,2023-02-11,2023-02-11,0,"Publisher-labeled 1:1 match; numerical differences are review evidence, not a fraud/loss label."
141454776344,315974376539,12262783,USD_2023-03-04_ACC#00001_66912     0147701477826741641477JADE104         IF TMH TIRO FAMES SMILAX   BOLL      00826741641477JADE104         IF TMH TIRO EMEU S,USD_2023-03-04_ACC#00001_66912     0147701477826741641477JADE104         IF TMH TIRO FAMES SMILAX   BOLL      00826741641477JADE104         IF TMH TIRO EMEU S,RULE 1,A=0;B=0,008267416 41477 JADE104 L9IE3BZ                                                                 UPCLOSER MONOCOQUE GAB -,VOLERY 3355967666FP,-5508250.00,-5508250.00,0.00,0.00,2023-03-04,2023-03-04,0,"Publisher-labeled 1:1 match; numerical differences are review evidence, not a fraud/loss label."
141509438702,261357048719,885039611435,USD_2023-01-27_ACC#00001_66912     0147701477887870341477EPEE553         OFF TMH TIRO FAMES SMILAX   BOLL      00887870341477EPEE553         OFF TMH TIRO HAU BT,USD_2023-01-27_ACC#00001_66912     0147701477887870341477EPEE553         OFF TMH TIRO FAMES SMILAX   BOLL      00887870341477EPEE553         OFF TMH TIRO HAU BT,RULE 1,A=0;B=0,008878703 41477 EPEE553 L9HY8EQ                                                                 UPCLOSER MONOCOQUE GAB -,VOLERY 3119921666FP,-39831045.30,-39831045.30,0.00,0.00,2023-01-27,2023-01-27,0,"Publisher-labeled 1:1 match; numerical differences are review evidence, not a fraud/loss label."
141521752732,254208016656,667077340207,USD_2023-02-26_ACC#00001_66912     0156801568843820317661OKET746         MORIBUND VEXES WHUFF SMILAX   BOLL      00843820317661OKET746         MORIBUND VEXES S FOMALHAUT,USD_2023-02-26_ACC#00001_66912     0156801568843820317661OKET746         MORIBUND VEXES WHUFF SMILAX   BOLL      00843820317661OKET746         MORIBUND VEXES S FOMALHAUT,RULE 1,A=0;B=0,008438203 17661 OKET746                                                                         UPCLOSER MONOCOQUE GAB -,VOLERY 3346433666FP,-2234927.61,-2234927.61,0.00,0.00,2023-02-26,2023-02-26,0,"Publisher-labeled 1:1 match; numerical differences are review evidence, not a fraud/loss label."
141608259973,959617414902,478465551820,USD_2023-01-27_ACC#00001_66912     0147701477881856141477NAPE580         IF TMH SEE FAMES SMILAX   BOLL      00881856141477NAPE580         IF TMH SEE FAMES,USD_2023-01-27_ACC#00001_66912     0147701477881856141477NAPE580         IF TMH SEE FAMES SMILAX   BOLL      00881856141477NAPE580         IF TMH SEE FAMES,RULE 1,A=0;B=0,008818561 41477 NAPE580 L9HY4I4                                                                 UPCLOSER MONOCOQUE GAB -,VOLERY 3186538666FP,40708450.00,40708450.00,0.00,0.00,2023-01-27,2023-01-27,0,"Publisher-labeled 1:1 match; numerical differences are review evidence, not a fraud/loss label."
141609578696,74102215172,202878735517,USD_2023-01-07_ACC#00001_66912     66325663250 32566J08AL 088            JOQVY - BAS - DG SMILAX   GFG       VC0 32566J08AL 088            JOQVY - BAS - DG,USD_2023-01-07_ACC#00001_66912     66325663250 32566J08AL 088            JOQVY - BAS - DG SMILAX   GFG       VC0 32566J08AL 088            JOQVY - BAS - DG,RULE 1,A=0;B=0,32566J08AL 32566J08AL                                                                      JOQVY - BAS - DG,322756AL61896874 9785766746VI,-608.73,-608.73,0.00,0.00,2023-01-07,2023-01-07,0,"Publisher-labeled 1:1 match; numerical differences are review evidence, not a fraud/loss label."
141619784310,251448148342,628534607959,USD_2023-02-03_ACC#00001_66912     0122001220883690112660OKET755         MORIBUND VEXES WHUFF SMILAX   BOLL      00883690112660OKET755         MORIBUND VEXES S FOMALHAUT,USD_2023-02-03_ACC#00001_66912     0122001220883690112660OKET755         MORIBUND VEXES WHUFF SMILAX   BOLL      00883690112660OKET755         MORIBUND VEXES S FOMALHAUT,RULE 1,A=0;B=0,008836901 12660 OKET755                                                                         UPCLOSER MONOCOQUE GAB -,VOLERY 3196452666FP,-1688259.58,-1688259.58,0.00,0.00,2023-02-03,2023-02-03,0,"Publisher-labeled 1:1 match; numerical differences are review evidence, not a fraud/loss label."
141636318084,96862308989,694910533585,USD_2023-02-11_ACC#00001_66912     66325663250 32566RHGDY 088            JOQVY DE-BAS - T SMILAX   GFG       VC0 32566RHGDY 088            JOQVY DE-BAS - T,USD_2023-02-11_ACC#00001_66912     66325663250 32566RHGDY 088            JOQVY DE-BAS - T SMILAX   GFG       VC0 32566RHGDY 088            JOQVY DE-BAS - T,RULE 1,A=0;B=0,32566RHGDY 32566RHGDY                                                                      JOQVY DE-BAS - T,322746AL68186807 2530266798VI,-11052962.83,-11052962.83,0.00,0.00,2023-02-11,2023-02-11,0,"Publisher-labeled 1:1 match; numerical differences are review evidence, not a fraud/loss label."
141710802937,968680744489,997936422472,USD_2023-02-17_ACC#00001_66912     66325663250 32566RUYBK 088            JOQVY - ELUVIA - SMILAX   GFG       VC0 32566RUYBK 088            JOQVY - ELUVIA -,USD_2023-02-17_ACC#00001_66912     66325663250 32566RUYBK 088            JOQVY - ELUVIA - SMILAX   GFG       VC0 32566RUYBK 088            JOQVY - ELUVIA -,RULE 1,A=0;B=0,32566RUYBK 32566RUYBK                                                                      JOQVY - ELUVIA -,325746AL68057890 3937166160VI,-5209450.85,-5209450.85,0.00,0.00,2023-02-17,2023-02-17,0,"Publisher-labeled 1:1 match; numerical differences are review evidence, not a fraud/loss label."
141712000308,455573940094,629486833749,USD_2023-01-08_ACC#00001_66912     0112401124872336067327JADE521         MORIBUND ROTENONES S SMILAX   BOLL      00872336067327JADE521         MORIBUND ZYGNEMA SK HYRACIFORM,USD_2023-01-08_ACC#00001_66912     0112401124872336067327JADE521         MORIBUND ROTENONES S SMILAX   BOLL      00872336067327JADE521         MORIBUND ZYGNEMA SK HYRACIFORM,RULE 1,A=0;B=0,008723360 67327 JADE521                                                                         VOLUPT NAPKIN & RESSAUT,VOLERY 3763222666FP,53318.89,53318.89,0.00,0.00,2023-01-08,2023-01-08,0,"Publisher-labeled 1:1 match; numerical differences are review evidence, not a fraud/loss label."
141730133521,766249776003,658721143846,USD_2023-02-23_ACC#00001_66912     0600306003835722767609OKET466         MORIBUND VEXES WHUFF SMILAX   BOLL      00835722767609OKET466         MORIBUND VEXES S FOMALHAUT,USD_2023-02-23_ACC#00001_66912     0600306003835722767609OKET466         MORIBUND VEXES WHUFF SMILAX   BOLL      00835722767609OKET466         MORIBUND VEXES S FOMALHAUT,RULE 1,A=0;B=0,008357227 67609 OKET466                                                                         NIGROUS VOWED AVIARY BETA,VOLERY 3317455666FP,-22270.00,-22270.00,0.00,0.00,2023-02-23,2023-02-23,0,"Publisher-labeled 1:1 match; numerical differences are review evidence, not a fraud/loss label."
141778795800,364532318869,15754534341,USD_2023-01-28_ACC#00001_66912     0156801568887526317804NAPE993         MORIBUND VEXES WHUFF SMILAX   BOLL      00887526317804NAPE993         MORIBUND VEXES S FOMALHAUT,USD_2023-01-28_ACC#00001_66912     0156801568887526317804NAPE993         MORIBUND VEXES WHUFF SMILAX   BOLL      00887526317804NAPE993         MORIBUND VEXES S FOMALHAUT,RULE 1,A=0;B=0,008875263 17804 NAPE993                                                                         BOOMLESS VOWED FUTHERMORE,VOLERY 3130866666FP,-1883384.15,-1883384.15,0.00,0.00,2023-01-28,2023-01-28,0,"Publisher-labeled 1:1 match; numerical differences are review evidence, not a fraud/loss label."
141794823087,70673405824,522653741091,USD_2023-02-02_ACC#00001_66912     0670806708881204014407TABAC12         MORIBUND VEXES WHUFF SMILAX   BOLL      00881204014407TABAC12         MORIBUND VEXES S FOMALHAUT,USD_2023-02-02_ACC#00001_66912     0670806708881204014407TABAC12         MORIBUND VEXES WHUFF SMILAX   BOLL      00881204014407TABAC12         MORIBUND VEXES S FOMALHAUT,RULE 1,A=0;B=0,008812040 14407 TABAC12                                                                         UPCLOSER MONOCOQUE GAB -,VOLERY 3156270666FP,-103703.00,-103703.00,0.00,0.00,2023-02-02,2023-02-02,0,"Publisher-labeled 1:1 match; numerical differences are review evidence, not a fraud/loss label."
141834357413,714170025847,533489860061,USD_2023-01-12_ACC#00001_66912     02566025660666H3         6666666666 SMILAX   FGGKR     FW0666H3         6666666666,USD_2023-01-12_ACC#00001_66912     02566025660666H3         6666666666 SMILAX   FGGKR     FW0666H3         6666666666,RULE 3,A=0;B=0,33485190 V33485190                                                                       JO TONITE SAUNT 664952723,V334851907710464 7127966743VI,348410200.00,348410200.00,0.00,0.00,2023-01-12,2023-01-12,0,"Publisher-labeled 1:1 match; numerical differences are review evidence, not a fraud/loss label."
141859349148,117162459383,262590587712,USD_2023-02-05_ACC#00001_66912     0670806708882379414407GULA087         MORIBUND VEXES WHUFF SMILAX   BOLL      00882379414407GULA087         MORIBUND VEXES S FOMALHAUT,USD_2023-02-05_ACC#00001_66912     0670806708882379414407GULA087         MORIBUND VEXES WHUFF SMILAX   BOLL      00882379414407GULA087         MORIBUND VEXES S FOMALHAUT,RULE 1,A=0;B=0,008823794 14407 GULA087                                                                         UPCLOSER MONOCOQUE GAB -,VOLERY 3807012666FP,-4286.67,-4286.67,0.00,0.00,2023-02-05,2023-02-05,0,"Publisher-labeled 1:1 match; numerical differences are review evidence, not a fraud/loss label."
14187291103,148582870224,388332987949,USD_2023-01-04_ACC#00001_66912     0676506765878505255570NAPE703         MORIBUND VEXES WHUFF SMILAX   BOLL      00878505255570NAPE703         MORIBUND VEXES S FOMALHAUT,USD_2023-01-04_ACC#00001_66912     0676506765878505255570NAPE703         MORIBUND VEXES WHUFF SMILAX   BOLL      00878505255570NAPE703         MORIBUND VEXES S FOMALHAUT,RULE 1,A=0;B=0,008785052 55570 NAPE703                                                                         SLATTERN ASSUMER OPUSCULA,VOLERY 3048690666FP,-1905450.81,-1905450.81,0.00,0.00,2023-01-04,2023-01-04,0,"Publisher-labeled 1:1 match; numerical differences are review evidence, not a fraud/loss label."
141932510820,574259220187,565702916697,USD_2023-02-24_ACC#00001_66912     0179001790847536614282AUG0795         MORIBUND VEXES WHUFF SMILAX   BOLL      00847536614282AUG0795         MORIBUND VEXES S FOMALHAUT,USD_2023-02-24_ACC#00001_66912     0179001790847536614282AUG0795         MORIBUND VEXES WHUFF SMILAX   BOLL      00847536614282AUG0795         MORIBUND VEXES S FOMALHAUT,MANUAL,A=0;B=0,008475366 14282 AUG0795                                                                         UPCLOSER MONOCOQUE GAB -,VOLERY 3317272666FP,-80882343.30,-80882343.30,0.00,0.00,2023-02-24,2023-02-23,1,"Publisher-labeled 1:1 match; numerical differences are review evidence, not a fraud/loss label."
141979931832,646649011962,721433275241,USD_2023-02-16_ACC#00001_66912     6602466024MOY MIGS JOQGE SIBYLLINE    TX7564 SB SMILAX   GESS      JOQGE MIGS JOQGE SIBYLLINE    TX7564 SB,USD_2023-02-16_ACC#00001_66912     6602466024MOY MIGS JOQGE SIBYLLINE    TX7564 SB SMILAX   GESS      JOQGE MIGS JOQGE SIBYLLINE    TX7564 SB,RULE 1,A=0;B=0,720669 666666661601792,912DIP12721 0176066166VI,15246000.00,15246000.00,0.00,0.00,2023-02-16,2023-02-16,0,"Publisher-labeled 1:1 match; numerical differences are review evidence, not a fraud/loss label."
141990771600,868054296027,951807292975,USD_2023-02-10_ACC#00001_66912     6692666926TEW84                       YT7501 SMILAX   GESS      THAVE84                       YT7501,USD_2023-02-10_ACC#00001_66912     6692666926TEW84                       YT7501 SMILAX   GESS      THAVE84                       YT7501,RULE 1,A=0;B=0,667501 666666667928170,THAVE84BUSHELER 4302666798VI,121820.20,121820.20,0.00,0.00,2023-02-10,2023-02-10,0,"Publisher-labeled 1:1 match; numerical differences are review evidence, not a fraud/loss label."
142017271932,713825581255,811429784720,USD_2023-01-25_ACC#00001_66912     0670806708815467014407NAPE532         MORIBUND VEXES WHUFF SMILAX   BOLL      00815467014407NAPE532         MORIBUND VEXES S FOMALHAUT,USD_2023-01-25_ACC#00001_66912     0670806708815467014407NAPE532         MORIBUND VEXES WHUFF SMILAX   BOLL      00815467014407NAPE532         MORIBUND VEXES S FOMALHAUT,RULE 1,A=0;B=0,008154670 14407 NAPE532                                                                         TYPY IMBER TA CARENE (RHD,VOLERY 3170440666FP,-333253.00,-333253.00,0.00,0.00,2023-01-25,2023-01-25,0,"Publisher-labeled 1:1 match; numerical differences are review evidence, not a fraud/loss label."
142048873267,679026138596,685731558177,USD_2023-01-18_ACC#00001_66912     06412064120666H3         6666666666 SMILAX   FGGKR     FW0666H3         6666666666,USD_2023-01-18_ACC#00001_66912     06412064120666H3         6666666666 SMILAX   FGGKR     FW0666H3         6666666666,RULE 3,A=0;B=0,15814651 V15814651                                                                       LGYV EU RUSA ETY666417429,V158146517521932 6733866720VI,119651.10,119651.10,0.00,0.00,2023-01-18,2023-01-18,0,"Publisher-labeled 1:1 match; numerical differences are review evidence, not a fraud/loss label."
142098556519,357642758085,244628760170,USD_2023-01-04_ACC#00001_66912     0638106381878024288856NAPE610         MORIBUND ROTENONES S SMILAX   BOLL      00878024288856NAPE610         MORIBUND ZYGNEMA SK HYRACIFORM,USD_2023-01-04_ACC#00001_66912     0638106381878024288856NAPE610         MORIBUND ROTENONES S SMILAX   BOLL      00878024288856NAPE610         MORIBUND ZYGNEMA SK HYRACIFORM,RULE 1,A=0;B=0,008780242 88856 NAPE610                                                                         DIANITE ANIMI VOWED AGHAN,VOLERY 3043798666FP,8034535.10,8034535.10,0.00,0.00,2023-01-04,2023-01-04,0,"Publisher-labeled 1:1 match; numerical differences are review evidence, not a fraud/loss label."
142125399452,281552618924,216210455223,USD_2023-02-05_ACC#00001_66912     09999099997313           6666666666 SMILAX   FGGKR     KR7313           6666666666                                     666666666666666,USD_2023-02-05_ACC#00001_66912     09999099997313           6666666666 SMILAX   FGGKR     KR7313           6666666666                                     666666666666666,RULE 3,A=0;B=0,31976720 V31976720                                                                       GRENELLE U.P.C/Q136666971,MG31976720M600MK 9684666755VI,45000000.00,45000000.00,0.00,0.00,2023-02-05,2023-02-05,0,"Publisher-labeled 1:1 match; numerical differences are review evidence, not a fraud/loss label."
142146422414,480388090348,181248892092,USD_2023-03-04_ACC#00001_66912     66325663250 32566RA1PI 088            JOQVY - BAS - DG SMILAX   GFG       VC0 32566RA1PI 088            JOQVY - BAS - DG,USD_2023-03-04_ACC#00001_66912     66325663250 32566RA1PI 088            JOQVY - BAS - DG SMILAX   GFG       VC0 32566RA1PI 088            JOQVY - BAS - DG,RULE 1,A=0;B=0,32566RA1PI 32566RA1PI                                                                      JOQVY - BAS - DG,322756AL61337393 9021266104VI,-325.16,-325.16,0.00,0.00,2023-03-04,2023-03-04,0,"Publisher-labeled 1:1 match; numerical differences are review evidence, not a fraud/loss label."
142192996427,344074862672,229875393479,USD_2023-01-14_ACC#00001_66912     66325663250 32566J4HGI 088            JOQVY - ELUVIA - SMILAX   GFG       VC0 32566J4HGI 088            JOQVY - ELUVIA -,USD_2023-01-14_ACC#00001_66912     66325663250 32566J4HGI 088            JOQVY - ELUVIA - SMILAX   GFG       VC0 32566J4HGI 088            JOQVY - ELUVIA -,RULE 1,A=0;B=0,32566J4HGI 32566J4HGI                                                                      JOQVY - ELUVIA -,322746AL68140006 5581066744VI,-230450.72,-230450.72,0.00,0.00,2023-01-14,2023-01-14,0,"Publisher-labeled 1:1 match; numerical differences are review evidence, not a fraud/loss label."
142299730823,379057075285,930776452264,USD_2023-02-17_ACC#00001_66912     0603606036832233967888NAPE703         OFF TMH TIRO FAMES SMILAX   BOLL      00832233967888NAPE703         OFF TMH TIRO HAU BT,USD_2023-02-17_ACC#00001_66912     0603606036832233967888NAPE703         OFF TMH TIRO FAMES SMILAX   BOLL      00832233967888NAPE703         OFF TMH TIRO HAU BT,RULE 1,A=0;B=0,008322339 67888 NAPE703 L9HP5Q3                                                                 JO TONITE ETHERIFIES GAB,VOLERY 3896700666FP,-12425197.81,-12425197.81,0.00,0.00,2023-02-17,2023-02-17,0,"Publisher-labeled 1:1 match; numerical differences are review evidence, not a fraud/loss label."
142344680018,693140247153,769117013746,USD_2023-03-04_ACC#00001_66912     0122001220842006312660AUG0629         MORIBUND ROTENONES S SMILAX   BOLL      00842006312660AUG0629         MORIBUND ZYGNEMA SK HYRACIFORM,USD_2023-03-04_ACC#00001_66912     0122001220842006312660AUG0629         MORIBUND ROTENONES S SMILAX   BOLL      00842006312660AUG0629         MORIBUND ZYGNEMA SK HYRACIFORM,RULE 1,A=0;B=0,008420063 12660 AUG0629                                                                         PREOCCUR CROM KEF LEK (ZH,VOLERY 3355156666FP,796832.00,796832.00,0.00,0.00,2023-03-04,2023-03-04,0,"Publisher-labeled 1:1 match; numerical differences are review evidence, not a fraud/loss label."
142391897978,705879367825,45060592854,USD_2023-01-18_ACC#00001_66912     0670806708811340514407KELD388         MORIBUND VEXES WHUFF SMILAX   BOLL      00811340514407KELD388         MORIBUND VEXES S FOMALHAUT,USD_2023-01-18_ACC#00001_66912     0670806708811340514407KELD388         MORIBUND VEXES WHUFF SMILAX   BOLL      00811340514407KELD388         MORIBUND VEXES S FOMALHAUT,RULE 1,A=0;B=0,008113405 14407 KELD388                                                                         VERANDAH TYPY (GOLACH) NM,VOLERY 3745653666FP,-60125.81,-60125.81,0.00,0.00,2023-01-18,2023-01-18,0,"Publisher-labeled 1:1 match; numerical differences are review evidence, not a fraud/loss label."
142471808133,666988714777,414011916408,USD_2023-01-08_ACC#00001_66912     02787027870666H3         6666666666 SMILAX   FGGKR     FW0666H3         6666666666,USD_2023-01-08_ACC#00001_66912     02787027870666H3         6666666666 SMILAX   FGGKR     FW0666H3         6666666666,RULE 3,A=0;B=0,40568730 V40568730                                                                       GUAXIMA         666314547,V405687300517415 1681866740VI,136405.00,136405.00,0.00,0.00,2023-01-08,2023-01-08,0,"Publisher-labeled 1:1 match; numerical differences are review evidence, not a fraud/loss label."
142515941453,959503730520,303815286289,USD_2023-02-05_ACC#00001_66912     0122001220882736712660KAVI167         MORIBUND VEXES WHUFF SMILAX   BOLL      00882736712660KAVI167         MORIBUND VEXES S FOMALHAUT,USD_2023-02-05_ACC#00001_66912     0122001220882736712660KAVI167         MORIBUND VEXES WHUFF SMILAX   BOLL      00882736712660KAVI167         MORIBUND VEXES S FOMALHAUT,RULE 1,A=0;B=0,008827367 12660 KAVI167                                                                         UPCLOSER MONOCOQUE GAB -,VOLERY 3807765666FP,-1588567.30,-1588567.30,0.00,0.00,2023-02-05,2023-02-05,0,"Publisher-labeled 1:1 match; numerical differences are review evidence, not a fraud/loss label."
142518125877,375213090073,351466454802,USD_2023-01-19_ACC#00001_66912     66325663250 32566J5H05 088            JOQVY - BAS - DG SMILAX   GFG       VC0 32566J5H05 088            JOQVY - BAS - DG,USD_2023-01-19_ACC#00001_66912     66325663250 32566J5H05 088            JOQVY - BAS - DG SMILAX   GFG       VC0 32566J5H05 088            JOQVY - BAS - DG,RULE 1,A=0;B=0,32566J5H05 32566J5H05                                                                      JOQVY - BAS - DG,322756AL61897832 1028766727VI,-4241.61,-4241.61,0.00,0.00,2023-01-19,2023-01-19,0,"Publisher-labeled 1:1 match; numerical differences are review evidence, not a fraud/loss label."
142620859926,950967207673,740470374381,USD_2023-01-25_ACC#00001_66912     0147701477886336341477NAPE150         OFF TMH SEE FAMES SMILAX   BOLL      00886336341477NAPE150         OFF TMH SEE EMEU S,USD_2023-01-25_ACC#00001_66912     0147701477886336341477NAPE150         OFF TMH SEE FAMES SMILAX   BOLL      00886336341477NAPE150         OFF TMH SEE EMEU S,RULE 1,A=0;B=0,008863363 41477 NAPE150 L9XU94D                                                                 UPCLOSER MONOCOQUE GAB -,VOLERY 3170077666FP,39919069.00,39919069.00,0.00,0.00,2023-01-25,2023-01-25,0,"Publisher-labeled 1:1 match; numerical differences are review evidence, not a fraud/loss label."
142628210644,538799044481,5392923642,USD_2023-01-11_ACC#00001_66912     66325663250 37266J1I95 088            INKROOT LIKED BY SMILAX   GFG       VC0 37266J1I95 088            INKROOT LIKED BY,USD_2023-01-11_ACC#00001_66912     66325663250 37266J1I95 088            INKROOT LIKED BY SMILAX   GFG       VC0 37266J1I95 088            INKROOT LIKED BY,RULE 3,A=0;B=0,37266J1I95 37266J1I95                                                                      INKROOT LIKED BY,37266J1I95 5472066748VI,7279.46,7279.46,0.00,0.00,2023-01-11,2023-01-11,0,"Publisher-labeled 1:1 match; numerical differences are review evidence, not a fraud/loss label."
142712216975,240186233506,81766175006,USD_2023-01-27_ACC#00001_66912     0646006460S                           BURO JADY GAT AUG - SMILAX   RAMON     GFG                           BURO JADY GAT IT X - T         TOBY - TA                     JOQGE_TA,USD_2023-01-27_ACC#00001_66912     0646006460S                           BURO JADY GAT AUG - SMILAX   RAMON     GFG                           BURO JADY GAT IT X - T         TOBY - TA                     JOQGE_TA,RULE 1,A=0;B=0,HEY RAMON DISNEY TOBY - TA,7669066266001066 6801169756WT,-177100.00,-177100.00,0.00,0.00,2023-01-27,2023-01-27,0,"Publisher-labeled 1:1 match; numerical differences are review evidence, not a fraud/loss label."
142819971600,433260743382,747331033628,USD_2023-01-05_ACC#00001_66912     0122001220878025712660REOWN03         MORIBUND ROTENONES S SMILAX   BOLL      00878025712660REOWN03         MORIBUND ZYGNEMA SK HYRACIFORM,USD_2023-01-05_ACC#00001_66912     0122001220878025712660REOWN03         MORIBUND ROTENONES S SMILAX   BOLL      00878025712660REOWN03         MORIBUND ZYGNEMA SK HYRACIFORM,RULE 1,A=0;B=0,008780257 12660 REOWN03                                                                         UPCLOSER MONOCOQUE GAB -,VOLERY 3028322666FP,10868483.56,10868483.56,0.00,0.00,2023-01-05,2023-01-05,0,"Publisher-labeled 1:1 match; numerical differences are review evidence, not a fraud/loss label."
142868630776,49224434659,603807081123,USD_2023-01-14_ACC#00001_66912     0779507795 SMILAX   WAP,USD_2023-01-14_ACC#00001_66912     0779507795 SMILAX   WAP,MANUAL,A=0;B=0,6399656G6Q6E6767 6399656G6Q6H616P                                                                UPCLOSER QUETCH EFI (WYE-,6K6C656M6W6P6L65 9263466746VI,-70.63,-70.63,0.00,0.00,2023-01-14,2023-01-07,7,"Publisher-labeled 1:1 match; numerical differences are review evidence, not a fraud/loss label."
142886458206,525715704887,331946075126,USD_2023-02-04_ACC#00001_66912     0646006460S                           BURO JADY GAT AUG - SMILAX   RAMON     GFG                           BURO JADY GAT IT X - T         JOQ ELUVIA KR - TA            JOQGE_TA,USD_2023-02-04_ACC#00001_66912     0646006460S                           BURO JADY GAT AUG - SMILAX   RAMON     GFG                           BURO JADY GAT IT X - T         JOQ ELUVIA KR - TA            JOQGE_TA,RULE 1,A=0;B=0,HEY RAMON DISNEY JOQ ELUVIA KR - TA,GYNOMONOECISM 9928266755VI,542490.30,542490.30,0.00,0.00,2023-02-04,2023-02-04,0,"Publisher-labeled 1:1 match; numerical differences are review evidence, not a fraud/loss label."
142953399307,510945259196,635008258795,USD_2023-03-04_ACC#00001_66912     0122001220844491912660CHOIL51         MORIBUND ROTENONES S SMILAX   BOLL      00844491912660CHOIL51         MORIBUND ZYGNEMA SK HYRACIFORM,USD_2023-03-04_ACC#00001_66912     0122001220844491912660CHOIL51         MORIBUND ROTENONES S SMILAX   BOLL      00844491912660CHOIL51         MORIBUND ZYGNEMA SK HYRACIFORM,MANUAL,A=0;B=0,008444919 12660 CHOIL51                                                                         UPCLOSER MONOCOQUE GAB -,VOLERY 3355120666FP,173578.88,173578.90,0.02,0.02,2023-03-04,2023-03-04,0,"Publisher-labeled 1:1 match; numerical differences are review evidence, not a fraud/loss label."
143007112620,298513944450,194427386672,USD_2023-02-23_ACC#00001_66912     02566025660666H3         6666666666 SMILAX   FGGKR     FW0666H3         6666666666,USD_2023-02-23_ACC#00001_66912     02566025660666H3         6666666666 SMILAX   FGGKR     FW0666H3         6666666666,RULE 1,A=0;B=0,2205356 V62205356                                                                       JO TONITE SAUNT 664952723,V622053566117045 7087966162VI,1916000.00,1916000.00,0.00,0.00,2023-02-23,2023-02-23,0,"Publisher-labeled 1:1 match; numerical differences are review evidence, not a fraud/loss label."
143113357167,936332775476,849088039962,USD_2023-02-15_ACC#00001_66912     6692666926 SMILAX   GPD,USD_2023-02-15_ACC#00001_66912     6692666926 SMILAX   GPD,RULE 3,A=0;B=0,IYO9126666167385 IYO9126666167385,IYO9126666167385 5256766799VI,-110278058.00,-110278058.00,0.00,0.00,2023-02-15,2023-02-15,0,"Publisher-labeled 1:1 match; numerical differences are review evidence, not a fraud/loss label."
143181588803,219092169133,172464649464,USD_2023-01-22_ACC#00001_66912     66325663250 32566RYEMQ 088            JOQVY - BAS - DG SMILAX   GFG       VC0 32566RYEMQ 088            JOQVY - BAS - DG,USD_2023-01-22_ACC#00001_66912     66325663250 32566RYEMQ 088            JOQVY - BAS - DG SMILAX   GFG       VC0 32566RYEMQ 088            JOQVY - BAS - DG,RULE 3,A=0;B=0,32566RYEMQ 32566RYEMQ                                                                      JOQVY - BAS - DG,32566RYEMQ 4035466723VI,234660.17,234660.17,0.00,0.00,2023-01-22,2023-01-22,0,"Publisher-labeled 1:1 match; numerical differences are review evidence, not a fraud/loss label."
143248363623,370161346308,606481124628,USD_2023-01-06_ACC#00001_66912     6682866828SHAMESICK FROM JAUN UNFED   JEE - DESINENT SMILAX   FGGQQ     PHOTOACTIVE FROM JAUN UNFED   JEE - DESINENT                 029666618266666666,USD_2023-01-06_ACC#00001_66912     6682866828SHAMESICK FROM JAUN UNFED   JEE - DESINENT SMILAX   FGGQQ     PHOTOACTIVE FROM JAUN UNFED   JEE - DESINENT                 029666618266666666,RULE 1,A=0;B=0,6666666663377937 JEE - DESINENT,63377930 4005566739VI,-399000000.00,-399000000.00,0.00,0.00,2023-01-06,2023-01-06,0,"Publisher-labeled 1:1 match; numerical differences are review evidence, not a fraud/loss label."
143328702195,676852652450,804808638882,USD_2023-01-15_ACC#00001_66912     0607606076810608867674CHARE18         MORIBUND ROTENONES S SMILAX   BOLL      00810608867674CHARE18         MORIBUND ZYGNEMA SK HYRACIFORM,USD_2023-01-15_ACC#00001_66912     0607606076810608867674CHARE18         MORIBUND ROTENONES S SMILAX   BOLL      00810608867674CHARE18         MORIBUND ZYGNEMA SK HYRACIFORM,RULE 1,A=0;B=0,008106088 67674 CHARE18                                                                         JO TONITE ETHERIFIES GAB,VOLERY 3732238666FP,678048.32,678048.32,0.00,0.00,2023-01-15,2023-01-15,0,"Publisher-labeled 1:1 match; numerical differences are review evidence, not a fraud/loss label."
143337619336,360700070537,478513556906,USD_2023-01-05_ACC#00001_66912     66325663250 32566TNQ9B 088            JOQVY DE -ELUVIA SMILAX   GFG       VC0 32566TNQ9B 088            JOQVY DE -ELUVIA,USD_2023-01-05_ACC#00001_66912     66325663250 32566TNQ9B 088            JOQVY DE -ELUVIA SMILAX   GFG       VC0 32566TNQ9B 088            JOQVY DE -ELUVIA,RULE 3,A=0;B=0,32566TNQ9B 32566TNQ9B                                                                      JOQVY DE -ELUVIA,32566TNQ9B 5221066732VI,5596.89,5596.89,0.00,0.00,2023-01-05,2023-01-05,0,"Publisher-labeled 1:1 match; numerical differences are review evidence, not a fraud/loss label."
143366270,673758902834,24661224987,USD_2023-02-04_ACC#00001_66912     66325663250 32566RL6L3 088               DE VIZIR LATA SMILAX   GFG       VC0 32566RL6L3 088               DE VIZIR LATA,USD_2023-02-04_ACC#00001_66912     66325663250 32566RL6L3 088               DE VIZIR LATA SMILAX   GFG       VC0 32566RL6L3 088               DE VIZIR LATA,RULE 3,A=0;B=0,32566RL6L3 32566RL6L3                                                                         DE VIZIR LATA,32566RL6L3 2751066752VI,839100.59,839100.59,0.00,0.00,2023-02-04,2023-02-04,0,"Publisher-labeled 1:1 match; numerical differences are review evidence, not a fraud/loss label."
143409193681,2318365862,450082111759,USD_2023-02-23_ACC#00001_66912     66325663250 32566RPQG4 088            JO TONITE AGGEST SMILAX   GFG       VC0 32566RPQG4 088            JO TONITE AGGEST,USD_2023-02-23_ACC#00001_66912     66325663250 32566RPQG4 088            JO TONITE AGGEST SMILAX   GFG       VC0 32566RPQG4 088            JO TONITE AGGEST,RULE 3,A=0;B=0,32566RPQG4 32566RPQG4                                                                      JO TONITE AGGEST,32566RPQG4 0072966164VI,2360.20,2360.20,0.00,0.00,2023-02-23,2023-02-23,0,"Publisher-labeled 1:1 match; numerical differences are review evidence, not a fraud/loss label."
143418447521,576335534832,165354612891,USD_2023-01-11_ACC#00001_66912     66325663250 32566J1JJU 088            JOQVY - BAS - DG SMILAX   GFG       VC0 32566J1JJU 088            JOQVY - BAS - DG,USD_2023-01-11_ACC#00001_66912     66325663250 32566J1JJU 088            JOQVY - BAS - DG SMILAX   GFG       VC0 32566J1JJU 088            JOQVY - BAS - DG,RULE 3,A=0;B=0,32566J1JJU 32566J1JJU                                                                      JOQVY - BAS - DG,32566J1JJU 4839166747VI,4864.40,4864.40,0.00,0.00,2023-01-11,2023-01-11,0,"Publisher-labeled 1:1 match; numerical differences are review evidence, not a fraud/loss label."
143582422333,910426793700,22107788208,USD_2023-02-05_ACC#00001_66912     0670806708882371714407BOAS695         MORIBUND VEXES WHUFF SMILAX   BOLL      00882371714407BOAS695         MORIBUND VEXES S FOMALHAUT,USD_2023-02-05_ACC#00001_66912     0670806708882371714407BOAS695         MORIBUND VEXES WHUFF SMILAX   BOLL      00882371714407BOAS695         MORIBUND VEXES S FOMALHAUT,RULE 1,A=0;B=0,008823717 14407 BOAS695                                                                         UPCLOSER MONOCOQUE GAB -,VOLERY 3807079666FP,-104650.59,-104650.59,0.00,0.00,2023-02-05,2023-02-05,0,"Publisher-labeled 1:1 match; numerical differences are review evidence, not a fraud/loss label."
143607666302,129419948861,573242391841,USD_2023-02-16_ACC#00001_66912     0147701477832228341477NAPE576         IF TMH SEE FAMES SMILAX   BOLL      00832228341477NAPE576         IF TMH SEE FAMES,USD_2023-02-16_ACC#00001_66912     0147701477832228341477NAPE576         IF TMH SEE FAMES SMILAX   BOLL      00832228341477NAPE576         IF TMH SEE FAMES,RULE 1,A=0;B=0,008322283 41477 NAPE576 L9HP5C7                                                                 UPCLOSER MONOCOQUE GAB -,VOLERY 3850765666FP,14750124.00,14750124.00,0.00,0.00,2023-02-16,2023-02-16,0,"Publisher-labeled 1:1 match; numerical differences are review evidence, not a fraud/loss label."
1436359438,915211306193,471119879084,USD_2023-03-01_ACC#00001_66912     0646406464841490061008KAVI296         MORIBUND VEXES WHUFF SMILAX   BOLL      00841490061008KAVI296         MORIBUND VEXES S FOMALHAUT,USD_2023-03-01_ACC#00001_66912     0646406464841490061008KAVI296         MORIBUND VEXES WHUFF SMILAX   BOLL      00841490061008KAVI296         MORIBUND VEXES S FOMALHAUT,RULE 1,A=0;B=0,008414900 61008 KAVI296                                                                         CHINOL BUT STIVY,VOLERY 3320065666FP,-308444.48,-308444.48,0.00,0.00,2023-03-01,2023-03-01,0,"Publisher-labeled 1:1 match; numerical differences are review evidence, not a fraud/loss label."
143647713945,167679044837,22614251970,USD_2023-02-17_ACC#00001_66912     09999099997313           6666666666 SMILAX   FGGKR     KR7313           6666666666                                     666666666666666,USD_2023-02-17_ACC#00001_66912     09999099997313           6666666666 SMILAX   FGGKR     KR7313           6666666666                                     666666666666666,RULE 3,A=0;B=0,8096936 V68096936                                                                       GRENELLE U.P.C/Q136666971,MG68096936M600MK 0746066166VI,40000000.00,40000000.00,0.00,0.00,2023-02-17,2023-02-17,0,"Publisher-labeled 1:1 match; numerical differences are review evidence, not a fraud/loss label."
143723661427,285156804935,611215206149,USD_2023-02-04_ACC#00001_66912     0676506765885762555570NAPE703         MORIBUND VEXES WHUFF SMILAX   BOLL      00885762555570NAPE703         MORIBUND VEXES S FOMALHAUT,USD_2023-02-04_ACC#00001_66912     0676506765885762555570NAPE703         MORIBUND VEXES WHUFF SMILAX   BOLL      00885762555570NAPE703         MORIBUND VEXES S FOMALHAUT,RULE 1,A=0;B=0,008857625 55570 NAPE703                                                                         LITUITE TYPY EFI.,VOLERY 3199530666FP,-2859475.90,-2859475.90,0.00,0.00,2023-02-04,2023-02-04,0,"Publisher-labeled 1:1 match; numerical differences are review evidence, not a fraud/loss label."
143793008888,459370806929,284218703629,USD_2023-02-11_ACC#00001_66912     0670806708837644814476NAUT308         MORIBUND ROTENONES S SMILAX   BOLL      00837644814476NAUT308         MORIBUND ZYGNEMA SK HYRACIFORM,USD_2023-02-11_ACC#00001_66912     0670806708837644814476NAUT308         MORIBUND ROTENONES S SMILAX   BOLL      00837644814476NAUT308         MORIBUND ZYGNEMA SK HYRACIFORM,RULE 1,A=0;B=0,008376448 14476 NAUT308                                                                         MEROTROPISM NM CRYOCHORIC,VOLERY 3836187666FP,10828.14,10828.14,0.00,0.00,2023-02-11,2023-02-11,0,"Publisher-labeled 1:1 match; numerical differences are review evidence, not a fraud/loss label."
143807961490,276873419649,60779129671,USD_2023-01-05_ACC#00001_66912     0122001220871427212660SHOWD22         MORIBUND VEXES WHUFF SMILAX   BOLL      00871427212660SHOWD22         MORIBUND VEXES S FOMALHAUT,USD_2023-01-05_ACC#00001_66912     0122001220871427212660SHOWD22         MORIBUND VEXES WHUFF SMILAX   BOLL      00871427212660SHOWD22         MORIBUND VEXES S FOMALHAUT,RULE 1,A=0;B=0,008714272 12660 SHOWD22                                                                         UPCLOSER MONOCOQUE GAB -,VOLERY 3024523666FP,-2180298.90,-2180298.90,0.00,0.00,2023-01-05,2023-01-05,0,"Publisher-labeled 1:1 match; numerical differences are review evidence, not a fraud/loss label."
143812911631,352580464328,530415483862,USD_2023-01-21_ACC#00001_66912     6692666926 SMILAX   GPD,USD_2023-01-21_ACC#00001_66912     6692666926 SMILAX   GPD,RULE 3,A=0;B=0,IYO9126666798592 IYO9126666798592,IYO9126666798592 7170166728VI,-7280000.00,-7280000.00,0.00,0.00,2023-01-21,2023-01-21,0,"Publisher-labeled 1:1 match; numerical differences are review evidence, not a fraud/loss label."
143823699212,494668407131,490368338744,USD_2023-03-02_ACC#00001_66912     0670806708844457814407CRIB135         MORIBUND ROTENONES S SMILAX   BOLL      00844457814407CRIB135         MORIBUND ZYGNEMA SK HYRACIFORM,USD_2023-03-02_ACC#00001_66912     0670806708844457814407CRIB135         MORIBUND ROTENONES S SMILAX   BOLL      00844457814407CRIB135         MORIBUND ZYGNEMA SK HYRACIFORM,RULE 1,A=0;B=0,008444578 14407 CRIB135                                                                         UPCLOSER MONOCOQUE GAB -,VOLERY 3329665666FP,17078.21,17078.21,0.00,0.00,2023-03-02,2023-03-02,0,"Publisher-labeled 1:1 match; numerical differences are review evidence, not a fraud/loss label."
143896401805,533764862905,312061309091,USD_2023-01-21_ACC#00001_66912     0147701477815837541477NAPE159         OFF TMH SEE FAMES SMILAX   BOLL      00815837541477NAPE159         OFF TMH SEE EMEU S,USD_2023-01-21_ACC#00001_66912     0147701477815837541477NAPE159         OFF TMH SEE FAMES SMILAX   BOLL      00815837541477NAPE159         OFF TMH SEE EMEU S,MANUAL,A=0;B=0,008158375 41477 NAPE159 L9XU3B0                                                                 UPCLOSER MONOCOQUE GAB -,VOLERY 3166414666FP,174803.78,174803.79,0.01,0.01,2023-01-21,2023-01-21,0,"Publisher-labeled 1:1 match; numerical differences are review evidence, not a fraud/loss label."
143918485915,373819968992,141982798199,USD_2023-02-25_ACC#00001_66912     0673506735847099767089OKET216         MORIBUND VEXES WHUFF SMILAX   BOLL      00847099767089OKET216         MORIBUND VEXES S FOMALHAUT,USD_2023-02-25_ACC#00001_66912     0673506735847099767089OKET216         MORIBUND VEXES WHUFF SMILAX   BOLL      00847099767089OKET216         MORIBUND VEXES S FOMALHAUT,RULE 1,A=0;B=0,008470997 67089 OKET216                                                                         DISACCORDANCE UNSOLACED S,VOLERY 3337030666FP,-108722.69,-108722.69,0.00,0.00,2023-02-25,2023-02-25,0,"Publisher-labeled 1:1 match; numerical differences are review evidence, not a fraud/loss label."
143971753571,712602005870,661230151736,USD_2023-02-04_ACC#00001_66912     0147701477889339841477NAPE580         IF TMH SEE FAMES SMILAX   BOLL      00889339841477NAPE580         IF TMH SEE FAMES,USD_2023-02-04_ACC#00001_66912     0147701477889339841477NAPE580         IF TMH SEE FAMES SMILAX   BOLL      00889339841477NAPE580         IF TMH SEE FAMES,RULE 1,A=0;B=0,008893398 41477 NAPE580 L9CY9B7                                                                 UPCLOSER MONOCOQUE GAB -,VOLERY 3860039666FP,16921100.00,16921100.00,0.00,0.00,2023-02-04,2023-02-04,0,"Publisher-labeled 1:1 match; numerical differences are review evidence, not a fraud/loss label."
143987015499,210256985433,994930059048,USD_2023-01-11_ACC#00001_66912     66325663250 37266J836E 088            INKROOT LIKED BY SMILAX   GFG       VC0 37266J836E 088            INKROOT LIKED BY,USD_2023-01-11_ACC#00001_66912     66325663250 37266J836E 088            INKROOT LIKED BY SMILAX   GFG       VC0 37266J836E 088            INKROOT LIKED BY,MANUAL,A=0;B=0,37266J836E 37266J836E                                                                      INKROOT LIKED BY,FLOEY006364006 8499866752XD,-12187.51,-12187.51,0.00,0.00,2023-01-11,2023-02-03,23,"Publisher-labeled 1:1 match; numerical differences are review evidence, not a fraud/loss label."
144078896953,377756790424,517680565170,USD_2023-02-16_ACC#00001_66912     6602466024 VEXES-INTERREGNUM FOX MACHINE7564 SB SMILAX   GESS      LG VEXES-INTERREGNUM FOX MACHINE7564 SB,USD_2023-02-16_ACC#00001_66912     6602466024 VEXES-INTERREGNUM FOX MACHINE7564 SB SMILAX   GESS      LG VEXES-INTERREGNUM FOX MACHINE7564 SB,RULE 1,A=0;B=0,720669 666666661601776,912DIP71 0790666166VI,20573.00,20573.00,0.00,0.00,2023-02-16,2023-02-16,0,"Publisher-labeled 1:1 match; numerical differences are review evidence, not a fraud/loss label."
144292428975,150916148651,267720167575,USD_2023-02-15_ACC#00001_66912     0670806708833217014476DEDAN53         MORIBUND VEXES WHUFF SMILAX   BOLL      00833217014476DEDAN53         MORIBUND VEXES S FOMALHAUT,USD_2023-02-15_ACC#00001_66912     0670806708833217014476DEDAN53         MORIBUND VEXES WHUFF SMILAX   BOLL      00833217014476DEDAN53         MORIBUND VEXES S FOMALHAUT,RULE 1,A=0;B=0,008332170 14476 DEDAN53                                                                         UPCLOSER MONOCOQUE GAB -,VOLERY 3820544666FP,-117586.60,-117586.60,0.00,0.00,2023-02-15,2023-02-15,0,"Publisher-labeled 1:1 match; numerical differences are review evidence, not a fraud/loss label."
144313775618,206824639537,190140290618,USD_2023-02-04_ACC#00001_66912     0600606006887597067040NOTUS16         MORIBUND VEXES WHUFF SMILAX   BOLL      00887597067040NOTUS16         MORIBUND VEXES S FOMALHAUT,USD_2023-02-04_ACC#00001_66912     0600606006887597067040NOTUS16         MORIBUND VEXES WHUFF SMILAX   BOLL      00887597067040NOTUS16         MORIBUND VEXES S FOMALHAUT,RULE 1,A=0;B=0,008875970 67040 NOTUS16                                                                         MUTUALITY AVIARY DEFENSER,VOLERY 3860251666FP,-127936.51,-127936.51,0.00,0.00,2023-02-04,2023-02-04,0,"Publisher-labeled 1:1 match; numerical differences are review evidence, not a fraud/loss label."
144325995010,76252242654,647588031665,USD_2023-02-02_ACC#00001_66912     66325663250 32566RKQEJ 088            JOQVY - BAS - DG SMILAX   GFG       VC0 32566RKQEJ 088            JOQVY - BAS - DG,USD_2023-02-02_ACC#00001_66912     66325663250 32566RKQEJ 088            JOQVY - BAS - DG SMILAX   GFG       VC0 32566RKQEJ 088            JOQVY - BAS - DG,RULE 3,A=0;B=0,32566RKQEJ 32566RKQEJ                                                                      JOQVY - BAS - DG,32566RKQEJ 4430366757VI,96310.90,96310.90,0.00,0.00,2023-02-02,2023-02-02,0,"Publisher-labeled 1:1 match; numerical differences are review evidence, not a fraud/loss label."
144351311084,165807859282,988646291806,USD_2023-01-18_ACC#00001_66912     0122001220873530412660GLG1234         MORIBUND ROTENONES S SMILAX   BOLL      00873530412660GLG1234         MORIBUND ZYGNEMA SK HYRACIFORM,USD_2023-01-18_ACC#00001_66912     0122001220873530412660GLG1234         MORIBUND ROTENONES S SMILAX   BOLL      00873530412660GLG1234         MORIBUND ZYGNEMA SK HYRACIFORM,RULE 1,A=0;B=0,008735304 12660 GLG1234                                                                         UPCLOSER MONOCOQUE GAB -,VOLERY 3744461666FP,418240.00,418240.00,0.00,0.00,2023-01-18,2023-01-18,0,"Publisher-labeled 1:1 match; numerical differences are review evidence, not a fraud/loss label."
144354186906,231219375617,66362862880,USD_2023-03-01_ACC#00001_66912     0156801568844610916792OKET487         MORIBUND ROTENONES S SMILAX   BOLL      00844610916792OKET487         MORIBUND ZYGNEMA SK HYRACIFORM,USD_2023-03-01_ACC#00001_66912     0156801568844610916792OKET487         MORIBUND ROTENONES S SMILAX   BOLL      00844610916792OKET487         MORIBUND ZYGNEMA SK HYRACIFORM,RULE 1,A=0;B=0,008446109 16792 OKET487                                                                         UPCLOSER MONOCOQUE GAB -,VOLERY 3326471666FP,7177857.15,7177857.15,0.00,0.00,2023-03-01,2023-03-01,0,"Publisher-labeled 1:1 match; numerical differences are review evidence, not a fraud/loss label."
144422802738,240772351891,117999326833,USD_2023-02-09_ACC#00001_66912     0147701477830457041477NAPE159         OFF TMH SEE FAMES SMILAX   BOLL      00830457041477NAPE159         OFF TMH SEE EMEU S,USD_2023-02-09_ACC#00001_66912     0147701477830457041477NAPE159         OFF TMH SEE FAMES SMILAX   BOLL      00830457041477NAPE159         OFF TMH SEE EMEU S,RULE 1,A=0;B=0,008304570 41477 NAPE159 L9HO8DE                                                                 UPCLOSER MONOCOQUE GAB -,VOLERY 3810296666FP,884461.50,884461.50,0.00,0.00,2023-02-09,2023-02-09,0,"Publisher-labeled 1:1 match; numerical differences are review evidence, not a fraud/loss label."
144433985,219935676866,588032584539,USD_2023-02-19_ACC#00001_66912     66325663250 32566RO2E7 088            JOQVY - BAS - DG SMILAX   GFG       VC0 32566RO2E7 088            JOQVY - BAS - DG,USD_2023-02-19_ACC#00001_66912     66325663250 32566RO2E7 088            JOQVY - BAS - DG SMILAX   GFG       VC0 32566RO2E7 088            JOQVY - BAS - DG,RULE 3,A=0;B=0,32566RO2E7 32566RO2E7                                                                      JOQVY - BAS - DG,32566RO2E7 0326066167VI,1101.73,1101.73,0.00,0.00,2023-02-19,2023-02-19,0,"Publisher-labeled 1:1 match; numerical differences are review evidence, not a fraud/loss label."
144545999312,155092305736,15183690366,USD_2023-01-27_ACC#00001_66912     6653566535OR DZO 69                   LX30700 SMILAX   GESS      LENE DZO 69                   LX30700,USD_2023-01-27_ACC#00001_66912     6653566535OR DZO 69                   LX30700 SMILAX   GESS      LENE DZO 69                   LX30700,RULE 1,A=0;B=0,666071 666666667903786,SEMIRIDDLE1HAN69 3198766757VI,145044000.00,145044000.00,0.00,0.00,2023-01-27,2023-01-27,0,"Publisher-labeled 1:1 match; numerical differences are review evidence, not a fraud/loss label."
144617097036,187175221648,825874452757,USD_2023-02-15_ACC#00001_66912     66325663250 32566RQ01K 088            JOQVY - BAS - DG SMILAX   GFG       VC0 32566RQ01K 088            JOQVY - BAS - DG,USD_2023-02-15_ACC#00001_66912     66325663250 32566RQ01K 088            JOQVY - BAS - DG SMILAX   GFG       VC0 32566RQ01K 088            JOQVY - BAS - DG,RULE 3,A=0;B=0,32566RQ01K 32566RQ01K                                                                      JOQVY - BAS - DG,32566RQ01K 3450366794VI,169000.00,169000.00,0.00,0.00,2023-02-15,2023-02-15,0,"Publisher-labeled 1:1 match; numerical differences are review evidence, not a fraud/loss label."
144624655108,547759788102,633241272182,USD_2023-01-18_ACC#00001_66912     6682866828SHAMESICK FROM JAUN UNFED   BHOOSA- DESINENT SMILAX   FGGQQ     PHOTOACTIVE FROM JAUN UNFED   BHOOSA- DESINENT               029666175768067366,USD_2023-01-18_ACC#00001_66912     6682866828SHAMESICK FROM JAUN UNFED   BHOOSA- DESINENT SMILAX   FGGQQ     PHOTOACTIVE FROM JAUN UNFED   BHOOSA- DESINENT               029666175768067366,RULE 3,A=0;B=0,6666666664724569 P647245697573851                                                                BHOOSA- DESINENT,P647245697573851 5707766720VI,3270205664.00,3270205664.00,0.00,0.00,2023-01-18,2023-01-18,0,"Publisher-labeled 1:1 match; numerical differences are review evidence, not a fraud/loss label."
144746577091,77310017514,288888049404,USD_2023-01-22_ACC#00001_66912     0670806708812871914407NAPE247         MORIBUND VEXES WHUFF SMILAX   BOLL      00812871914407NAPE247         MORIBUND VEXES S FOMALHAUT,USD_2023-01-22_ACC#00001_66912     0670806708812871914407NAPE247         MORIBUND VEXES WHUFF SMILAX   BOLL      00812871914407NAPE247         MORIBUND VEXES S FOMALHAUT,RULE 1,A=0;B=0,008128719 14407 NAPE247                                                                         UPCLOSER MONOCOQUE GAB -,VOLERY 3100382666FP,-4417404.38,-4417404.38,0.00,0.00,2023-01-22,2023-01-22,0,"Publisher-labeled 1:1 match; numerical differences are review evidence, not a fraud/loss label."
144768729223,541104970826,598437467671,USD_2023-01-19_ACC#00001_66912     0156001560814247510810EPOXY95         MORIBUND VEXES WHUFF SMILAX   BOLL      00814247510810EPOXY95         MORIBUND VEXES S FOMALHAUT,USD_2023-01-19_ACC#00001_66912     0156001560814247510810EPOXY95         MORIBUND VEXES WHUFF SMILAX   BOLL      00814247510810EPOXY95         MORIBUND VEXES S FOMALHAUT,RULE 1,A=0;B=0,008142475 10810 EPOXY95                                                                         LAC FRUZ CUBICLES WF,VOLERY 3722262666FP,-617804.59,-617804.59,0.00,0.00,2023-01-19,2023-01-19,0,"Publisher-labeled 1:1 match; numerical differences are review evidence, not a fraud/loss label."
144803245226,122968889060,822190422038,USD_2023-01-08_ACC#00001_66912     0603706037872328767050BRIST69         MORIBUND ROTENONES S SMILAX   BOLL      00872328767050BRIST69         MORIBUND ZYGNEMA SK HYRACIFORM,USD_2023-01-08_ACC#00001_66912     0603706037872328767050BRIST69         MORIBUND ROTENONES S SMILAX   BOLL      00872328767050BRIST69         MORIBUND ZYGNEMA SK HYRACIFORM,RULE 1,A=0;B=0,008723287 67050 BRIST69                                                                         PREOCCUR FUTHERMORE YARAY,VOLERY 3763441666FP,209158.90,209158.90,0.00,0.00,2023-01-08,2023-01-08,0,"Publisher-labeled 1:1 match; numerical differences are review evidence, not a fraud/loss label."
144809238350,960914959042,61104289515,USD_2023-01-14_ACC#00001_66912     0147601476818089041476                IF TMH DIP WOLD SMILAX   BOLL      00818089041476                IF TMH DIP WOLD,USD_2023-01-14_ACC#00001_66912     0147601476818089041476                IF TMH DIP WOLD SMILAX   BOLL      00818089041476                IF TMH DIP WOLD,RULE 1,A=0;B=0,008180890 41476 L9FR4SS                                                                 JON ASSUMER CUBICLES EEV,CORN-2B2HO4 0464966742VI,1230000.00,1230000.00,0.00,0.00,2023-01-14,2023-01-14,0,"Publisher-labeled 1:1 match; numerical differences are review evidence, not a fraud/loss label."
144882686341,982379665625,473076459307,USD_2023-02-05_ACC#00001_66912     66325663250 32566RLG80 088            JOQVY - BAS - DG SMILAX   GFG       VC0 32566RLG80 088            JOQVY - BAS - DG,USD_2023-02-05_ACC#00001_66912     66325663250 32566RLG80 088            JOQVY - BAS - DG SMILAX   GFG       VC0 32566RLG80 088            JOQVY - BAS - DG,RULE 1,A=0;B=0,32566RLG80 32566RLG80                                                                      JOQVY - BAS - DG,322756AL61307130 8824366759VI,-536590.14,-536590.14,0.00,0.00,2023-02-05,2023-02-05,0,"Publisher-labeled 1:1 match; numerical differences are review evidence, not a fraud/loss label."
144968443781,286659459713,626078955284,USD_2023-02-05_ACC#00001_66912     66325663250 32566RLF8X 088            JOQVY - BAS - DG SMILAX   GFG       VC0 32566RLF8X 088            JOQVY - BAS - DG,USD_2023-02-05_ACC#00001_66912     66325663250 32566RLF8X 088            JOQVY - BAS - DG SMILAX   GFG       VC0 32566RLF8X 088            JOQVY - BAS - DG,RULE 3,A=0;B=0,32566RLF8X 32566RLF8X                                                                      JOQVY - BAS - DG,32566RLF8X 8890266759VI,7907.57,7907.57,0.00,0.00,2023-02-05,2023-02-05,0,"Publisher-labeled 1:1 match; numerical differences are review evidence, not a fraud/loss label."
144975790323,890200823579,131696265317,USD_2023-01-20_ACC#00001_66912     0779507795 SMILAX   WAP,USD_2023-01-20_ACC#00001_66912     0779507795 SMILAX   WAP,RULE 5,A=0;B=0,6622656G6F6X6E66 6D6W656G6M636U64                                                                UPCLOSER QUETCH AUANTIC (,6622656G6F6X6V6R 1082566728VI,-3106.10,-3106.10,0.00,0.00,2023-01-20,2023-01-21,1,"Publisher-labeled 1:1 match; numerical differences are review evidence, not a fraud/loss label."
145004945495,542496157129,727935708638,USD_2023-02-22_ACC#00001_66912     0147701477847062241477NAPE703         IF TMH TIRO FAMES SMILAX   BOLL      00847062241477NAPE703         IF TMH TIRO EMEU S,USD_2023-02-22_ACC#00001_66912     0147701477847062241477NAPE703         IF TMH TIRO FAMES SMILAX   BOLL      00847062241477NAPE703         IF TMH TIRO EMEU S,RULE 1,A=0;B=0,008470622 41477 NAPE703 L9WA2R6                                                                 UPCLOSER MONOCOQUE GAB -,VOLERY 3370087666FP,-21775912.00,-21775912.00,0.00,0.00,2023-02-22,2023-02-22,0,"Publisher-labeled 1:1 match; numerical differences are review evidence, not a fraud/loss label."
145010270167,695549980641,562999498277,USD_2023-01-25_ACC#00001_66912     0147701477886330141477AUG0698         OFF TMH TIRO FAMES SMILAX   BOLL      00886330141477AUG0698         OFF TMH TIRO HAU BT,USD_2023-01-25_ACC#00001_66912     0147701477886330141477AUG0698         OFF TMH TIRO FAMES SMILAX   BOLL      00886330141477AUG0698         OFF TMH TIRO HAU BT,RULE 1,A=0;B=0,008863301 41477 AUG0698 L9XU94R                                                                 UPCLOSER MONOCOQUE GAB -,VOLERY 3176733666FP,-1834292.02,-1834292.02,0.00,0.00,2023-01-25,2023-01-25,0,"Publisher-labeled 1:1 match; numerical differences are review evidence, not a fraud/loss label."
145013463065,136718298233,566217287784,USD_2023-03-05_ACC#00001_66912     0256602566 SMILAX   FGGKR                                                                     666666666666666,USD_2023-03-05_ACC#00001_66912     0256602566 SMILAX   FGGKR                                                                     666666666666666,RULE 1,A=0;B=0,15848442 EGBA7U0553JOQG7U                                                                VERANDAH AI     103618748,KRU6900016136760 3133766102XD,-206822.52,-206822.52,0.00,0.00,2023-03-05,2023-03-05,0,"Publisher-labeled 1:1 match; numerical differences are review evidence, not a fraud/loss label."
145028741856,845245129057,755329632411,USD_2023-02-11_ACC#00001_66912     0156801568837830510111NAPE580         MORIBUND ROTENONES S SMILAX   BOLL      00837830510111NAPE580         MORIBUND ZYGNEMA SK HYRACIFORM,USD_2023-02-11_ACC#00001_66912     0156801568837830510111NAPE580         MORIBUND ROTENONES S SMILAX   BOLL      00837830510111NAPE580         MORIBUND ZYGNEMA SK HYRACIFORM,RULE 1,A=0;B=0,008378305 10111 NAPE580                                                                         TAPU ETHERIFIES AUANTIC,VOLERY 3830356666FP,1089730.08,1089730.08,0.00,0.00,2023-02-11,2023-02-11,0,"Publisher-labeled 1:1 match; numerical differences are review evidence, not a fraud/loss label."
145102124391,9878357141,165289301281,USD_2023-02-12_ACC#00001_66912     6682866828SHAMESICK FROM JAUN UNFED   JEE - DESINENT SMILAX   FGGQQ     PHOTOACTIVE FROM JAUN UNFED   JEE - DESINENT                 029666056466467666,USD_2023-02-12_ACC#00001_66912     6682866828SHAMESICK FROM JAUN UNFED   JEE - DESINENT SMILAX   FGGQQ     PHOTOACTIVE FROM JAUN UNFED   JEE - DESINENT                 029666056466467666,RULE 3,A=0;B=0,6666666666166020 P661660207173303                                                                JEE - DESINENT,P661660207173303 7489866794VI,1455431190.00,1455431190.00,0.00,0.00,2023-02-12,2023-02-12,0,"Publisher-labeled 1:1 match; numerical differences are review evidence, not a fraud/loss label."
145149635464,275850334610,759465562934,USD_2023-03-02_ACC#00001_66912     0608206082844392567399CLICH11         MORIBUND ROTENONES S SMILAX   BOLL      00844392567399CLICH11         MORIBUND ZYGNEMA SK HYRACIFORM,USD_2023-03-02_ACC#00001_66912     0608206082844392567399CLICH11         MORIBUND ROTENONES S SMILAX   BOLL      00844392567399CLICH11         MORIBUND ZYGNEMA SK HYRACIFORM,RULE 1,A=0;B=0,008443925 67399 CLICH11                                                                         VOLUPT NAPKIN & RESSAUT,VOLERY 3329671666FP,32321.48,32321.48,0.00,0.00,2023-03-02,2023-03-02,0,"Publisher-labeled 1:1 match; numerical differences are review evidence, not a fraud/loss label."
145200602163,956390704387,13362946404,USD_2023-01-08_ACC#00001_66912     0603606036879059667888NAPE159         OFF TMH TIRO FAMES SMILAX   BOLL      00879059667888NAPE159         OFF TMH TIRO HAU BT,USD_2023-01-08_ACC#00001_66912     0603606036879059667888NAPE159         OFF TMH TIRO FAMES SMILAX   BOLL      00879059667888NAPE159         OFF TMH TIRO HAU BT,RULE 1,A=0;B=0,008790596 67888 NAPE159 L9HH3JT                                                                 JO TONITE ETHERIFIES GAB,VOLERY 3764014666FP,-2094445.95,-2094445.95,0.00,0.00,2023-01-08,2023-01-08,0,"Publisher-labeled 1:1 match; numerical differences are review evidence, not a fraud/loss label."
145227604505,375913179689,775768335053,USD_2023-01-15_ACC#00001_66912     0607606076816468567674VINYL26         MORIBUND VEXES WHUFF SMILAX   BOLL      00816468567674VINYL26         MORIBUND VEXES S FOMALHAUT,USD_2023-01-15_ACC#00001_66912     0607606076816468567674VINYL26         MORIBUND VEXES WHUFF SMILAX   BOLL      00816468567674VINYL26         MORIBUND VEXES S FOMALHAUT,RULE 1,A=0;B=0,008164685 67674 VINYL26                                                                         SLATTERN TYPY OEV,VOLERY 3735117666FP,-13963900.00,-13963900.00,0.00,0.00,2023-01-15,2023-01-15,0,"Publisher-labeled 1:1 match; numerical differences are review evidence, not a fraud/loss label."
145237118407,537997739188,576975028149,USD_2023-02-23_ACC#00001_66912     0122001220846130712660DODOS98         MORIBUND VEXES WHUFF SMILAX   BOLL      00846130712660DODOS98         MORIBUND VEXES S FOMALHAUT,USD_2023-02-23_ACC#00001_66912     0122001220846130712660DODOS98         MORIBUND VEXES WHUFF SMILAX   BOLL      00846130712660DODOS98         MORIBUND VEXES S FOMALHAUT,RULE 1,A=0;B=0,008461307 12660 DODOS98                                                                         UPCLOSER MONOCOQUE GAB -,VOLERY 3317428666FP,-739638.64,-739638.64,0.00,0.00,2023-02-23,2023-02-23,0,"Publisher-labeled 1:1 match; numerical differences are review evidence, not a fraud/loss label."
145312986497,576517693261,793564027795,USD_2023-01-13_ACC#00001_66912     66325663257 29266J3FIG 088                HORAL BAA NM SMILAX   GFG       VC7 29266J3FIG 088                HORAL BAA NM,USD_2023-01-13_ACC#00001_66912     66325663257 29266J3FIG 088                HORAL BAA NM SMILAX   GFG       VC7 29266J3FIG 088                HORAL BAA NM,RULE 1,A=0;B=0,29266J3FIG 29266J3FIG                                                                          HORAL BAA NM,2924566668968069 9978566720VI,-477738.70,-477738.70,0.00,0.00,2023-01-13,2023-01-13,0,"Publisher-labeled 1:1 match; numerical differences are review evidence, not a fraud/loss label."
145317421684,65533043926,54040822619,USD_2023-01-01_ACC#00001_66912     02787027870666H3         6666666666 SMILAX   FGGKR     FW0666H3         6666666666,USD_2023-01-01_ACC#00001_66912     02787027870666H3         6666666666 SMILAX   FGGKR     FW0666H3         6666666666,RULE 3,A=0;B=0,40220823 V40220823                                                                       GUAXIMA         666314547,V402208230014285 7351366738VI,9742.00,9742.00,0.00,0.00,2023-01-01,2023-01-01,0,"Publisher-labeled 1:1 match; numerical differences are review evidence, not a fraud/loss label."
145344785857,193949033530,150814382961,USD_2023-02-04_ACC#00001_66912     0675406754885531267323MOZO148         MORIBUND VEXES WHUFF SMILAX   BOLL      00885531267323MOZO148         MORIBUND VEXES S FOMALHAUT,USD_2023-02-04_ACC#00001_66912     0675406754885531267323MOZO148         MORIBUND VEXES WHUFF SMILAX   BOLL      00885531267323MOZO148         MORIBUND VEXES S FOMALHAUT,RULE 1,A=0;B=0,008855312 67323 MOZO148                                                                         JO TONITE ETHERIFIES GAB,VOLERY 3860511666FP,-4570964.52,-4570964.52,0.00,0.00,2023-02-04,2023-02-04,0,"Publisher-labeled 1:1 match; numerical differences are review evidence, not a fraud/loss label."
145378134282,747432272959,52758948463,USD_2023-02-25_ACC#00001_66912     0779507795 SMILAX   WAP,USD_2023-02-25_ACC#00001_66912     0779507795 SMILAX   WAP,RULE 1,A=0;B=0,6160656S6Z6V6Y67 606Q656S6Z696R6Q                                                                SLATTERN TYPY OEV,1666767942 7672566169XD,-11523.65,-11523.65,0.00,0.00,2023-02-25,2023-02-25,0,"Publisher-labeled 1:1 match; numerical differences are review evidence, not a fraud/loss label."
145443168551,733165339282,12270991131,USD_2023-01-25_ACC#00001_66912     0250702507126815 67666                SEMSEM MARACAN WHUFF SMILAX   BOLL      RM126815 67666                SEMSEM MARACAN S FOMALHAUT,USD_2023-01-25_ACC#00001_66912     0250702507126815 67666                SEMSEM MARACAN WHUFF SMILAX   BOLL      RM126815 67666                SEMSEM MARACAN S FOMALHAUT,RULE 3,A=0;B=0,RM126815  67666 UPCLOSER SAUNT TYPY DE -,RM126815-767-660 9248966725VI,50000.00,50000.00,0.00,0.00,2023-01-25,2023-01-25,0,"Publisher-labeled 1:1 match; numerical differences are review evidence, not a fraud/loss label."
145483003974,724663959057,567201904448,USD_2023-01-19_ACC#00001_66912     0147601476812110141476                IF TMH DIP WOLD SMILAX   BOLL      00812110141476                IF TMH DIP WOLD,USD_2023-01-19_ACC#00001_66912     0147601476812110141476                IF TMH DIP WOLD SMILAX   BOLL      00812110141476                IF TMH DIP WOLD,RULE 1,A=0;B=0,008121101 41476 L9XU1FS                                                                 KAZATSKI VITI MIB DIASENE,URBD-2TVJRB 1280666727VI,1000000.00,1000000.00,0.00,0.00,2023-01-19,2023-01-19,0,"Publisher-labeled 1:1 match; numerical differences are review evidence, not a fraud/loss label."
145524462025,817204332786,370892925188,USD_2023-01-21_ACC#00001_66912     0147701477815833041477EPEE553         OFF TMH TIRO FAMES SMILAX   BOLL      00815833041477EPEE553         OFF TMH TIRO HAU BT,USD_2023-01-21_ACC#00001_66912     0147701477815833041477EPEE553         OFF TMH TIRO FAMES SMILAX   BOLL      00815833041477EPEE553         OFF TMH TIRO HAU BT,RULE 1,A=0;B=0,008158330 41477 EPEE553 L9XU3RY                                                                 UPCLOSER MONOCOQUE GAB -,VOLERY 3799512666FP,-59428113.87,-59428113.87,0.00,0.00,2023-01-21,2023-01-21,0,"Publisher-labeled 1:1 match; numerical differences are review evidence, not a fraud/loss label."
145525424671,306117745344,184462414721,USD_2023-02-02_ACC#00001_66912     0179001790888806214289AUG0726         MORIBUND ROTENONES S SMILAX   BOLL      00888806214289AUG0726         MORIBUND ZYGNEMA SK HYRACIFORM,USD_2023-02-02_ACC#00001_66912     0179001790888806214289AUG0726         MORIBUND ROTENONES S SMILAX   BOLL      00888806214289AUG0726         MORIBUND ZYGNEMA SK HYRACIFORM,RULE 1,A=0;B=0,008888062 14289 AUG0726                                                                         BOOMLESS VOWED READMITS U,VOLERY 3125906666FP,285773.17,285773.17,0.00,0.00,2023-02-02,2023-02-02,0,"Publisher-labeled 1:1 match; numerical differences are review evidence, not a fraud/loss label."
145526157911,43042506087,435558433052,USD_2023-01-25_ACC#00001_66912     02566025660666H3         6666666666 SMILAX   FGGKR     FW0666H3         6666666666,USD_2023-01-25_ACC#00001_66912     02566025660666H3         6666666666 SMILAX   FGGKR     FW0666H3         6666666666,RULE 3,A=0;B=0,44905836 V44905836                                                                       SHALE           667933724,V449058366318106 5314666725VI,2000000.00,2000000.00,0.00,0.00,2023-01-25,2023-01-25,0,"Publisher-labeled 1:1 match; numerical differences are review evidence, not a fraud/loss label."
145630842442,270502293382,349748358300,USD_2023-01-19_ACC#00001_66912     66325663250 32566J5E8S 088            JOQVY - BAS - DG SMILAX   GFG       VC0 32566J5E8S 088            JOQVY - BAS - DG,USD_2023-01-19_ACC#00001_66912     66325663250 32566J5E8S 088            JOQVY - BAS - DG SMILAX   GFG       VC0 32566J5E8S 088            JOQVY - BAS - DG,RULE 3,A=0;B=0,32566J5E8S 32566J5E8S                                                                      JOQVY - BAS - DG,32566J5E8S 0611266720VI,18835.49,18835.49,0.00,0.00,2023-01-19,2023-01-19,0,"Publisher-labeled 1:1 match; numerical differences are review evidence, not a fraud/loss label."
145669414450,542494970037,380921942216,USD_2023-01-12_ACC#00001_66912     0156801568879361817667HUBBA81         MORIBUND ROTENONES S SMILAX   BOLL      00879361817667HUBBA81         MORIBUND ZYGNEMA SK HYRACIFORM,USD_2023-01-12_ACC#00001_66912     0156801568879361817667HUBBA81         MORIBUND ROTENONES S SMILAX   BOLL      00879361817667HUBBA81         MORIBUND ZYGNEMA SK HYRACIFORM,RULE 1,A=0;B=0,008793618 17667 HUBBA81                                                                         CHINOL BUT STIVY,VOLERY 3773944666FP,209664.50,209664.50,0.00,0.00,2023-01-12,2023-01-12,0,"Publisher-labeled 1:1 match; numerical differences are review evidence, not a fraud/loss label."
145677858350,888000316545,310079448803,USD_2023-01-05_ACC#00001_66912     66325663250 32566J67EH 088            JOQVY - ELUVIA - SMILAX   GFG       VC0 32566J67EH 088            JOQVY - ELUVIA -,USD_2023-01-05_ACC#00001_66912     66325663250 32566J67EH 088            JOQVY - ELUVIA - SMILAX   GFG       VC0 32566J67EH 088            JOQVY - ELUVIA -,RULE 1,A=0;B=0,32566J67EH 32566J67EH                                                                      JOQVY - ELUVIA -,322746AL68797462 7624766735VI,-95453.28,-95453.28,0.00,0.00,2023-01-05,2023-01-05,0,"Publisher-labeled 1:1 match; numerical differences are review evidence, not a fraud/loss label."
145767556817,590341757755,861916724913,USD_2023-01-21_ACC#00001_66912     0141601416819150941416JAUP127         IF TMH SEE FAMES SMILAX   BOLL      00819150941416JAUP127         IF TMH SEE FAMES,USD_2023-01-21_ACC#00001_66912     0141601416819150941416JAUP127         IF TMH SEE FAMES SMILAX   BOLL      00819150941416JAUP127         IF TMH SEE FAMES,RULE 1,A=0;B=0,008191509 41416 JAUP127 L9XU2O8                                                                 UPCLOSER MONOCOQUE GAB -,VOLERY 3166288666FP,31480000.00,31480000.00,0.00,0.00,2023-01-21,2023-01-21,0,"Publisher-labeled 1:1 match; numerical differences are review evidence, not a fraud/loss label."
145777969305,358645446703,471076480285,USD_2023-01-22_ACC#00001_66912     0156801568819727317661AUG0762         MORIBUND VEXES WHUFF SMILAX   BOLL      00819727317661AUG0762         MORIBUND VEXES S FOMALHAUT,USD_2023-01-22_ACC#00001_66912     0156801568819727317661AUG0762         MORIBUND VEXES WHUFF SMILAX   BOLL      00819727317661AUG0762         MORIBUND VEXES S FOMALHAUT,RULE 1,A=0;B=0,008197273 17661 AUG0762                                                                         STEREOM BUT HIATE PENNINE,VOLERY 3106837666FP,-399473.88,-399473.88,0.00,0.00,2023-01-22,2023-01-22,0,"Publisher-labeled 1:1 match; numerical differences are review evidence, not a fraud/loss label."
145793644377,511308964870,890353974293,USD_2023-01-07_ACC#00001_66912     0112401124874347567327JADE521         MORIBUND ROTENONES S SMILAX   BOLL      00874347567327JADE521         MORIBUND ZYGNEMA SK HYRACIFORM,USD_2023-01-07_ACC#00001_66912     0112401124874347567327JADE521         MORIBUND ROTENONES S SMILAX   BOLL      00874347567327JADE521         MORIBUND ZYGNEMA SK HYRACIFORM,RULE 1,A=0;B=0,008743475 67327 JADE521                                                                         VOLUPT NAPKIN,VOLERY 3093833666FP,88296.21,88296.21,0.00,0.00,2023-01-07,2023-01-07,0,"Publisher-labeled 1:1 match; numerical differences are review evidence, not a fraud/loss label."
145946689871,283525841081,329324193906,USD_2023-01-01_ACC#00001_66912     0638106381877943188856VELIC97         MORIBUND ROTENONES S SMILAX   BOLL      00877943188856VELIC97         MORIBUND ZYGNEMA SK HYRACIFORM,USD_2023-01-01_ACC#00001_66912     0638106381877943188856VELIC97         MORIBUND ROTENONES S SMILAX   BOLL      00877943188856VELIC97         MORIBUND ZYGNEMA SK HYRACIFORM,RULE 1,A=0;B=0,008779431 88856 VELIC97                                                                         SLATTERN AVIARY ENNOBLERS,VOLERY 3033017666FP,10739847.08,10739847.08,0.00,0.00,2023-01-01,2023-01-01,0,"Publisher-labeled 1:1 match; numerical differences are review evidence, not a fraud/loss label."
145953152297,994486805996,877405759920,USD_2023-02-11_ACC#00001_66912     0638106381838143488856NAPE509         MORIBUND VEXES WHUFF SMILAX   BOLL      00838143488856NAPE509         MORIBUND VEXES S FOMALHAUT,USD_2023-02-11_ACC#00001_66912     0638106381838143488856NAPE509         MORIBUND VEXES WHUFF SMILAX   BOLL      00838143488856NAPE509         MORIBUND VEXES S FOMALHAUT,RULE 1,A=0;B=0,008381434 88856 NAPE509                                                                         SLATTERN AVIARY ENNOBLERS,VOLERY 3836558666FP,-34170684.26,-34170684.26,0.00,0.00,2023-02-11,2023-02-11,0,"Publisher-labeled 1:1 match; numerical differences are review evidence, not a fraud/loss label."
146014461883,906866400389,276654166909,USD_2023-02-18_ACC#00001_66912     0609306093834418467005OKET347         MORIBUND VEXES WHUFF SMILAX   BOLL      00834418467005OKET347         MORIBUND VEXES S FOMALHAUT,USD_2023-02-18_ACC#00001_66912     0609306093834418467005OKET347         MORIBUND VEXES WHUFF SMILAX   BOLL      00834418467005OKET347         MORIBUND VEXES S FOMALHAUT,RULE 1,A=0;B=0,008344184 67005 OKET347                                                                         ROOTIEST ASSUMER PETIOLAR,VOLERY 3360840666FP,-123000.00,-123000.00,0.00,0.00,2023-02-18,2023-02-18,0,"Publisher-labeled 1:1 match; numerical differences are review evidence, not a fraud/loss label."
146048771503,797143985302,398026563690,USD_2023-01-08_ACC#00001_66912     0702807028874913367463BRAVI04         MORIBUND ROTENONES S SMILAX   BOLL      00874913367463BRAVI04         MORIBUND ZYGNEMA SK HYRACIFORM,USD_2023-01-08_ACC#00001_66912     0702807028874913367463BRAVI04         MORIBUND ROTENONES S SMILAX   BOLL      00874913367463BRAVI04         MORIBUND ZYGNEMA SK HYRACIFORM,RULE 1,A=0;B=0,008749133 67463 BRAVI04                                                                         ASSUMER NONREGULATIVE OWD,VOLERY 3763288666FP,429405.16,429405.16,0.00,0.00,2023-01-08,2023-01-08,0,"Publisher-labeled 1:1 match; numerical differences are review evidence, not a fraud/loss label."
146206100575,577904585353,692488086854,USD_2023-02-04_ACC#00001_66912     0147601476889732341476                IF TMH DIP WOLD SMILAX   BOLL      00889732341476                IF TMH DIP WOLD,USD_2023-02-04_ACC#00001_66912     0147601476889732341476                IF TMH DIP WOLD SMILAX   BOLL      00889732341476                IF TMH DIP WOLD,RULE 1,A=0;B=0,008897323 41476 L9CY9FW                                                                 UPCLOSER MONOCOQUE GAB -,URBD-2LIMAN 6655566755VI,3000000.00,3000000.00,0.00,0.00,2023-02-04,2023-02-04,0,"Publisher-labeled 1:1 match; numerical differences are review evidence, not a fraud/loss label."
146273410710,511497492325,428398499535,USD_2023-02-12_ACC#00001_66912     66325663250 32566REJD9 088            JOQVY - BAS - DG SMILAX   GFG       VC0 32566REJD9 088            JOQVY - BAS - DG,USD_2023-02-12_ACC#00001_66912     66325663250 32566REJD9 088            JOQVY - BAS - DG SMILAX   GFG       VC0 32566REJD9 088            JOQVY - BAS - DG,RULE 3,A=0;B=0,32566REJD9 32566REJD9                                                                      JOQVY - BAS - DG,32566REJD9 7898566794VI,359429.03,359429.03,0.00,0.00,2023-02-12,2023-02-12,0,"Publisher-labeled 1:1 match; numerical differences are review evidence, not a fraud/loss label."
14643662317,160687447254,301779228559,USD_2023-01-04_ACC#00001_66912     0147701477874030841477NAPE195         IF TMH SEE FAMES SMILAX   BOLL      00874030841477NAPE195         IF TMH SEE FAMES,USD_2023-01-04_ACC#00001_66912     0147701477874030841477NAPE195         IF TMH SEE FAMES SMILAX   BOLL      00874030841477NAPE195         IF TMH SEE FAMES,RULE 1,A=0;B=0,008740308 41477 NAPE195 L9HJ5O4                                                                 UPCLOSER MONOCOQUE GAB -,VOLERY 3043144666FP,5327617.00,5327617.00,0.00,0.00,2023-01-04,2023-01-04,0,"Publisher-labeled 1:1 match; numerical differences are review evidence, not a fraud/loss label."
146495103792,852028851987,310450199236,USD_2023-02-15_ACC#00001_66912     66325663257 29266REDOG 088            JOQVY DE-BAS-DP SMILAX   GFG       VC7 29266REDOG 088            JOQVY DE-BAS-DP,USD_2023-02-15_ACC#00001_66912     66325663257 29266REDOG 088            JOQVY DE-BAS-DP SMILAX   GFG       VC7 29266REDOG 088            JOQVY DE-BAS-DP,RULE 3,A=0;B=0,29266REDOG 29266REDOG                                                                      JOQVY DE-BAS-DP,29266REDOG 3473166794VI,1195010.00,1195010.00,0.00,0.00,2023-02-15,2023-02-15,0,"Publisher-labeled 1:1 match; numerical differences are review evidence, not a fraud/loss label."
146517119710,46602508802,871406553877,USD_2023-02-26_ACC#00001_66912     0603606036844125167888CHARE18         IF TMH TIRO FAMES SMILAX   BOLL      00844125167888CHARE18         IF TMH TIRO EMEU S,USD_2023-02-26_ACC#00001_66912     0603606036844125167888CHARE18         IF TMH TIRO FAMES SMILAX   BOLL      00844125167888CHARE18         IF TMH TIRO EMEU S,RULE 1,A=0;B=0,008441251 67888 CHARE18 L9HG41I                                                                 JO TONITE ETHERIFIES GAB,VOLERY 3346426666FP,-1789072.70,-1789072.70,0.00,0.00,2023-02-26,2023-02-26,0,"Publisher-labeled 1:1 match; numerical differences are review evidence, not a fraud/loss label."
1467370962,370313443229,935285932214,USD_2023-01-19_ACC#00001_66912     6692666926 SMILAX   GPD,USD_2023-01-19_ACC#00001_66912     6692666926 SMILAX   GPD,RULE 3,A=0;B=0,IYO9126666791924 IYO9126666791924,IYO9126666791924 8032966727VI,-194896025.00,-194896025.00,0.00,0.00,2023-01-19,2023-01-19,0,"Publisher-labeled 1:1 match; numerical differences are review evidence, not a fraud/loss label."
146741799344,570537422734,610050332125,USD_2023-01-27_ACC#00001_66912     0609306093886975367005JAUP724         MORIBUND VEXES WHUFF SMILAX   BOLL      00886975367005JAUP724         MORIBUND VEXES S FOMALHAUT,USD_2023-01-27_ACC#00001_66912     0609306093886975367005JAUP724         MORIBUND VEXES WHUFF SMILAX   BOLL      00886975367005JAUP724         MORIBUND VEXES S FOMALHAUT,RULE 1,A=0;B=0,008869753 67005 JAUP724                                                                         JO TONITE ETHERIFIES GAB,VOLERY 3180122666FP,-7369019.31,-7369019.31,0.00,0.00,2023-01-27,2023-01-27,0,"Publisher-labeled 1:1 match; numerical differences are review evidence, not a fraud/loss label."
14690963484,611546823487,941257682803,USD_2023-01-11_ACC#00001_66912     0122001220879807212660SAUM805         MORIBUND ROTENONES S SMILAX   BOLL      00879807212660SAUM805         MORIBUND ZYGNEMA SK HYRACIFORM,USD_2023-01-11_ACC#00001_66912     0122001220879807212660SAUM805         MORIBUND ROTENONES S SMILAX   BOLL      00879807212660SAUM805         MORIBUND ZYGNEMA SK HYRACIFORM,RULE 1,A=0;B=0,008798072 12660 SAUM805                                                                         UPCLOSER MONOCOQUE GAB -,VOLERY 3704639666FP,107611.24,107611.24,0.00,0.00,2023-01-11,2023-01-11,0,"Publisher-labeled 1:1 match; numerical differences are review evidence, not a fraud/loss label."
14693564669,705878837853,678526472419,USD_2023-02-08_ACC#00001_66912     0603606036830232267888EPEE553         IF TMH SEE FAMES SMILAX   BOLL      00830232267888EPEE553         IF TMH SEE FAMES,USD_2023-02-08_ACC#00001_66912     0603606036830232267888EPEE553         IF TMH SEE FAMES SMILAX   BOLL      00830232267888EPEE553         IF TMH SEE FAMES,RULE 1,A=0;B=0,008302322 67888 EPEE553 L9HO886                                                                 JO TONITE ETHERIFIES GAB,VOLERY 3870967666FP,4680000.00,4680000.00,0.00,0.00,2023-02-08,2023-02-08,0,"Publisher-labeled 1:1 match; numerical differences are review evidence, not a fraud/loss label."
147046783183,824973597388,851134802172,USD_2023-02-26_ACC#00001_66912     0256602566 SMILAX   FGGKR,USD_2023-02-26_ACC#00001_66912     0256602566 SMILAX   FGGKR,RULE 1,A=0;B=0,01336186 ALME7U7593JOQG7U                                                                JO TONITE SAUNT 664952723,V013861966341561 8726666106VI,-334533.69,-334533.69,0.00,0.00,2023-02-26,2023-02-26,0,"Publisher-labeled 1:1 match; numerical differences are review evidence, not a fraud/loss label."
147051074361,636504994125,678283382180,USD_2023-01-15_ACC#00001_66912     0641206412 SMILAX   FGGKR,USD_2023-01-15_ACC#00001_66912     0641206412 SMILAX   FGGKR,RULE 3,A=0;B=0,32946840 JOQG7U6717NONCOM                                                                FWD AI          661038718,JOQG7U6717NONCOM 8832866745XD,-500000.00,-500000.00,0.00,0.00,2023-01-15,2023-01-15,0,"Publisher-labeled 1:1 match; numerical differences are review evidence, not a fraud/loss label."
147053586805,26275671206,858888993473,USD_2023-01-06_ACC#00001_66912     66325663250 32566J6Z43 088            JOQVY DE-BAS - T SMILAX   GFG       VC0 32566J6Z43 088            JOQVY DE-BAS - T,USD_2023-01-06_ACC#00001_66912     66325663250 32566J6Z43 088            JOQVY DE-BAS - T SMILAX   GFG       VC0 32566J6Z43 088            JOQVY DE-BAS - T,RULE 1,A=0;B=0,32566J6Z43 32566J6Z43                                                                      JOQVY DE-BAS - T,322746AL68130193 4016066739VI,-3389.04,-3389.04,0.00,0.00,2023-01-06,2023-01-06,0,"Publisher-labeled 1:1 match; numerical differences are review evidence, not a fraud/loss label."
147109694100,419529261749,204040503136,USD_2023-01-14_ACC#00001_WF 66912     0207602076817890213737NAPE566         MORIBUND ROTENONES S,USD_2023-01-14_ACC#00001_WF 66912     0207602076817890213737NAPE566         MORIBUND ROTENONES S,RULE 1,A=0;B=0,008178902 13737 NAPE566                                                                         HATER GRAVEL KEEPINGS,VOLERY 3783549666FP,39211.70,39211.70,0.00,0.00,2023-01-14,2023-01-14,0,"Publisher-labeled 1:1 match; numerical differences are review evidence, not a fraud/loss label."
147113860574,201302459591,773597352046,USD_2023-03-05_ACC#00001_66912     0673506735842236667089OKET216         MORIBUND ROTENONES S SMILAX   BOLL      00842236667089OKET216         MORIBUND ZYGNEMA SK HYRACIFORM,USD_2023-03-05_ACC#00001_66912     0673506735842236667089OKET216         MORIBUND ROTENONES S SMILAX   BOLL      00842236667089OKET216         MORIBUND ZYGNEMA SK HYRACIFORM,RULE 1,A=0;B=0,008422366 67089 OKET216                                                                         ALL BILAAN ANGELINA ALGID,VOLERY 3395070666FP,113538.40,113538.40,0.00,0.00,2023-03-05,2023-03-05,0,"Publisher-labeled 1:1 match; numerical differences are review evidence, not a fraud/loss label."
147186541362,249292072259,901765509864,USD_2023-02-17_ACC#00001_66912     66325663250 32566RUV88 088            JOQVY DE -ELUVIA SMILAX   GFG       VC0 32566RUV88 088            JOQVY DE -ELUVIA,USD_2023-02-17_ACC#00001_66912     66325663250 32566RUV88 088            JOQVY DE -ELUVIA SMILAX   GFG       VC0 32566RUV88 088            JOQVY DE -ELUVIA,RULE 1,A=0;B=0,32566RUV88 32566RUV88                                                                      JOQVY DE -ELUVIA,32266RUVH4 3934866160VI,1700573.10,1700573.10,0.00,0.00,2023-02-17,2023-02-17,0,"Publisher-labeled 1:1 match; numerical differences are review evidence, not a fraud/loss label."
147238244102,849841057855,555101688166,USD_2023-01-12_ACC#00001_66912     0670806708879746914407COCT455         MORIBUND VEXES WHUFF SMILAX   BOLL      00879746914407COCT455         MORIBUND VEXES S FOMALHAUT,USD_2023-01-12_ACC#00001_66912     0670806708879746914407COCT455         MORIBUND VEXES WHUFF SMILAX   BOLL      00879746914407COCT455         MORIBUND VEXES S FOMALHAUT,RULE 1,A=0;B=0,008797469 14407 COCT455                                                                         UPCLOSER MONOCOQUE GAB -,VOLERY 3772822666FP,-28446.50,-28446.50,0.00,0.00,2023-01-12,2023-01-12,0,"Publisher-labeled 1:1 match; numerical differences are review evidence, not a fraud/loss label."
147325744174,360100748710,735778882743,USD_2023-02-23_ACC#00001_66912     6682866828SHAMESICK FROM JAUN UNFED   JOQ ANNAT CITE SMILAX   FGGQQ     PHOTOACTIVE FROM JAUN UNFED   JOQ ANNAT CITE                 029666662166666666,USD_2023-02-23_ACC#00001_66912     6682866828SHAMESICK FROM JAUN UNFED   JOQ ANNAT CITE SMILAX   FGGQQ     PHOTOACTIVE FROM JAUN UNFED   JOQ ANNAT CITE                 029666662166666666,RULE 1,A=0;B=0,6666666660664918 JOQ ANNAT CITE,60664976 1125566162VI,-82000000.00,-82000000.00,0.00,0.00,2023-02-23,2023-02-23,0,"Publisher-labeled 1:1 match; numerical differences are review evidence, not a fraud/loss label."
14756166236,137746630133,229787946668,USD_2023-02-23_ACC#00001_66912     66325663250 32566RPQG9 088            JOQVY DE-BAS - T SMILAX   GFG       VC0 32566RPQG9 088            JOQVY DE-BAS - T,USD_2023-02-23_ACC#00001_66912     66325663250 32566RPQG9 088            JOQVY DE-BAS - T SMILAX   GFG       VC0 32566RPQG9 088            JOQVY DE-BAS - T,RULE 1,A=0;B=0,32566RPQG9 32566RPQG9                                                                      JOQVY DE-BAS - T,322746AL68165224 0075966164VI,-4657933.88,-4657933.88,0.00,0.00,2023-02-23,2023-02-23,0,"Publisher-labeled 1:1 match; numerical differences are review evidence, not a fraud/loss label."
147582764620,975564226478,116279704635,USD_2023-01-27_ACC#00001_66912     0147701477881824241477PRODD82         IF TMH SEE FAMES SMILAX   BOLL      00881824241477PRODD82         IF TMH SEE FAMES,USD_2023-01-27_ACC#00001_66912     0147701477881824241477PRODD82         IF TMH SEE FAMES SMILAX   BOLL      00881824241477PRODD82         IF TMH SEE FAMES,RULE 1,A=0;B=0,008818242 41477 PRODD82 L9HY4EW                                                                 UPCLOSER MONOCOQUE GAB -,VOLERY 3186974666FP,11839000.00,11839000.00,0.00,0.00,2023-01-27,2023-01-27,0,"Publisher-labeled 1:1 match; numerical differences are review evidence, not a fraud/loss label."
147610102112,692745981472,972893225601,USD_2023-01-07_ACC#00001_66912     66325663250 32566J6DV2 088            JOQVY - ELUVIA - SMILAX   GFG       VC0 32566J6DV2 088            JOQVY - ELUVIA -,USD_2023-01-07_ACC#00001_66912     66325663250 32566J6DV2 088            JOQVY - ELUVIA - SMILAX   GFG       VC0 32566J6DV2 088            JOQVY - ELUVIA -,RULE 3,A=0;B=0,32566J6DV2 32566J6DV2                                                                      JOQVY - ELUVIA -,32566J6DV2 2122766739VI,39413.45,39413.45,0.00,0.00,2023-01-07,2023-01-07,0,"Publisher-labeled 1:1 match; numerical differences are review evidence, not a fraud/loss label."
14764381616,983505191204,438898014812,USD_2023-02-10_ACC#00001_66912     66325663250 32566RHVKU 088            JOQVY - BAS - DG SMILAX   GFG       VC0 32566RHVKU 088            JOQVY - BAS - DG,USD_2023-02-10_ACC#00001_66912     66325663250 32566RHVKU 088            JOQVY - BAS - DG SMILAX   GFG       VC0 32566RHVKU 088            JOQVY - BAS - DG,RULE 1,A=0;B=0,32566RHVKU 32566RHVKU                                                                      JOQVY - BAS - DG,322756AL61317045 1952966791VI,-551412.32,-551412.32,0.00,0.00,2023-02-10,2023-02-10,0,"Publisher-labeled 1:1 match; numerical differences are review evidence, not a fraud/loss label."
147778472612,23232634588,997466886497,USD_2023-02-03_ACC#00001_66912     0676506765884939555570NAPE703         MORIBUND VEXES WHUFF SMILAX   BOLL      00884939555570NAPE703         MORIBUND VEXES S FOMALHAUT,USD_2023-02-03_ACC#00001_66912     0676506765884939555570NAPE703         MORIBUND VEXES WHUFF SMILAX   BOLL      00884939555570NAPE703         MORIBUND VEXES S FOMALHAUT,RULE 1,A=0;B=0,008849395 55570 NAPE703                                                                         JO TONITE ETHERIFIES GAB,VOLERY 3159790666FP,-5514793.63,-5514793.63,0.00,0.00,2023-02-03,2023-02-03,0,"Publisher-labeled 1:1 match; numerical differences are review evidence, not a fraud/loss label."
147799264469,342290259117,111147344526,USD_2023-01-21_ACC#00001_66912     66325663250 32566RY1X9 088            JOQVY DE -ELUVIA SMILAX   GFG       VC0 32566RY1X9 088            JOQVY DE -ELUVIA,USD_2023-01-21_ACC#00001_66912     66325663250 32566RY1X9 088            JOQVY DE -ELUVIA SMILAX   GFG       VC0 32566RY1X9 088            JOQVY DE -ELUVIA,RULE 1,A=0;B=0,32566RY1X9 32566RY1X9                                                                      JOQVY DE -ELUVIA,322746AL68189337 7738966728VI,-96599.33,-96599.33,0.00,0.00,2023-01-21,2023-01-21,0,"Publisher-labeled 1:1 match; numerical differences are review evidence, not a fraud/loss label."
147948675039,150494214840,219418125372,USD_2023-01-18_ACC#00001_66912     0676506765818527855570NAPE703         MORIBUND VEXES WHUFF SMILAX   BOLL      00818527855570NAPE703         MORIBUND VEXES S FOMALHAUT,USD_2023-01-18_ACC#00001_66912     0676506765818527855570NAPE703         MORIBUND VEXES WHUFF SMILAX   BOLL      00818527855570NAPE703         MORIBUND VEXES S FOMALHAUT,RULE 1,A=0;B=0,008185278 55570 NAPE703                                                                         ZEE ETHERIFIES EFI,VOLERY 3744923666FP,-763242.07,-763242.07,0.00,0.00,2023-01-18,2023-01-18,0,"Publisher-labeled 1:1 match; numerical differences are review evidence, not a fraud/loss label."
147964455200,308421672933,187063168955,USD_2023-03-05_ACC#00001_66912     0156801568826481510118OKET481         MORIBUND ROTENONES S SMILAX   BOLL      00826481510118OKET481         MORIBUND ZYGNEMA SK HYRACIFORM,USD_2023-03-05_ACC#00001_66912     0156801568826481510118OKET481         MORIBUND ROTENONES S SMILAX   BOLL      00826481510118OKET481         MORIBUND ZYGNEMA SK HYRACIFORM,RULE 1,A=0;B=0,008264815 10118 OKET481                                                                         TAPU ETHERIFIES AUANTIC,VOLERY 3399828666FP,1458174.58,1458174.58,0.00,0.00,2023-03-05,2023-03-05,0,"Publisher-labeled 1:1 match; numerical differences are review evidence, not a fraud/loss label."
148067177785,132092438893,787110398983,USD_2023-02-10_ACC#00001_66912     0147701477831210941477NAPE718         IF TMH SEE FAMES SMILAX   BOLL      00831210941477NAPE718         IF TMH SEE FAMES,USD_2023-02-10_ACC#00001_66912     0147701477831210941477NAPE718         IF TMH SEE FAMES SMILAX   BOLL      00831210941477NAPE718         IF TMH SEE FAMES,RULE 1,A=0;B=0,008312109 41477 NAPE718 L9HO9U6                                                                 UPCLOSER MONOCOQUE GAB -,VOLERY 3880418666FP,2165032.00,2165032.00,0.00,0.00,2023-02-10,2023-02-10,0,"Publisher-labeled 1:1 match; numerical differences are review evidence, not a fraud/loss label."
148087535479,388457307600,215914664431,USD_2023-02-09_ACC#00001_66912     66325663250 32566RJR30 088            JOQVY - BAS - DG SMILAX   GFG       VC0 32566RJR30 088            JOQVY - BAS - DG,USD_2023-02-09_ACC#00001_66912     66325663250 32566RJR30 088            JOQVY - BAS - DG SMILAX   GFG       VC0 32566RJR30 088            JOQVY - BAS - DG,RULE 3,A=0;B=0,32566RJR30 32566RJR30                                                                      JOQVY - BAS - DG,32566RJR30 9219866797VI,107395.83,107395.83,0.00,0.00,2023-02-09,2023-02-09,0,"Publisher-labeled 1:1 match; numerical differences are review evidence, not a fraud/loss label."
148132645155,703426722247,41708007649,USD_2023-01-11_ACC#00001_66912     0670806708879753114407NAPE288         MORIBUND ROTENONES S SMILAX   BOLL      00879753114407NAPE288         MORIBUND ZYGNEMA SK HYRACIFORM,USD_2023-01-11_ACC#00001_66912     0670806708879753114407NAPE288         MORIBUND ROTENONES S SMILAX   BOLL      00879753114407NAPE288         MORIBUND ZYGNEMA SK HYRACIFORM,RULE 1,A=0;B=0,008797531 14407 NAPE288                                                                         UPCLOSER MONOCOQUE GAB -,VOLERY 3704638666FP,92464.40,92464.40,0.00,0.00,2023-01-11,2023-01-11,0,"Publisher-labeled 1:1 match; numerical differences are review evidence, not a fraud/loss label."
148135470455,762591256182,552936593255,USD_2023-01-21_ACC#00001_66912     66325663250 32566J9H7V 088            JOQVY - ELUVIA - SMILAX   GFG       VC0 32566J9H7V 088            JOQVY - ELUVIA -,USD_2023-01-21_ACC#00001_66912     66325663250 32566J9H7V 088            JOQVY - ELUVIA - SMILAX   GFG       VC0 32566J9H7V 088            JOQVY - ELUVIA -,RULE 1,A=0;B=0,32566J9H7V 32566J9H7V                                                                      JOQVY - ELUVIA -,322746AL68148894 9115266721VI,-121324.83,-121324.83,0.00,0.00,2023-01-21,2023-01-21,0,"Publisher-labeled 1:1 match; numerical differences are review evidence, not a fraud/loss label."
148197122309,570297371851,489145674158,USD_2023-01-07_ACC#00001_66912     0112401124874334567327JADE521         MORIBUND ROTENONES S SMILAX   BOLL      00874334567327JADE521         MORIBUND ZYGNEMA SK HYRACIFORM,USD_2023-01-07_ACC#00001_66912     0112401124874334567327JADE521         MORIBUND ROTENONES S SMILAX   BOLL      00874334567327JADE521         MORIBUND ZYGNEMA SK HYRACIFORM,RULE 1,A=0;B=0,008743345 67327 JADE521                                                                         VOLUPT NAPKIN & RESSAUT,VOLERY 3093899666FP,22986.55,22986.55,0.00,0.00,2023-01-07,2023-01-07,0,"Publisher-labeled 1:1 match; numerical differences are review evidence, not a fraud/loss label."
148210503092,969106083847,554901272571,USD_2023-02-08_ACC#00001_66912     6692666926 SMILAX   GPD,USD_2023-02-08_ACC#00001_66912     6692666926 SMILAX   GPD,RULE 3,A=0;B=0,IYO9126666166124 IYO9126666166124,IYO9126666166124 9057266797VI,-122760183.00,-122760183.00,0.00,0.00,2023-02-08,2023-02-08,0,"Publisher-labeled 1:1 match; numerical differences are review evidence, not a fraud/loss label."
148211338809,755390638420,690813566489,USD_2023-02-04_ACC#00001_66912     0147701477889486041477MOZO702         IF TMH TIRO FAMES SMILAX   BOLL      00889486041477MOZO702         IF TMH TIRO EMEU S,USD_2023-02-04_ACC#00001_66912     0147701477889486041477MOZO702         IF TMH TIRO FAMES SMILAX   BOLL      00889486041477MOZO702         IF TMH TIRO EMEU S,RULE 1,A=0;B=0,008894860 41477 MOZO702 L9CY91X                                                                 UPCLOSER MONOCOQUE GAB -,VOLERY 3199545666FP,-34209000.00,-34209000.00,0.00,0.00,2023-02-04,2023-02-04,0,"Publisher-labeled 1:1 match; numerical differences are review evidence, not a fraud/loss label."
148229404061,999419064132,583823715429,USD_2023-02-08_ACC#00001_66912     0670806708889582914407DODOS91         MORIBUND ROTENONES S SMILAX   BOLL      00889582914407DODOS91         MORIBUND ZYGNEMA SK HYRACIFORM,USD_2023-02-08_ACC#00001_66912     0670806708889582914407DODOS91         MORIBUND ROTENONES S SMILAX   BOLL      00889582914407DODOS91         MORIBUND ZYGNEMA SK HYRACIFORM,RULE 1,A=0;B=0,008895829 14407 DODOS91                                                                         UPCLOSER MONOCOQUE GAB -,VOLERY 3876346666FP,2591.72,2591.72,0.00,0.00,2023-02-08,2023-02-08,0,"Publisher-labeled 1:1 match; numerical differences are review evidence, not a fraud/loss label."
148265295633,535049755287,946524997666,USD_2023-01-08_ACC#00001_66912     0112401124872334167327JADE521         MORIBUND ROTENONES S SMILAX   BOLL      00872334167327JADE521         MORIBUND ZYGNEMA SK HYRACIFORM,USD_2023-01-08_ACC#00001_66912     0112401124872334167327JADE521         MORIBUND ROTENONES S SMILAX   BOLL      00872334167327JADE521         MORIBUND ZYGNEMA SK HYRACIFORM,RULE 1,A=0;B=0,008723341 67327 JADE521                                                                         VOLUPT NAPKIN & RESSAUT,VOLERY 3763295666FP,173842.89,173842.89,0.00,0.00,2023-01-08,2023-01-08,0,"Publisher-labeled 1:1 match; numerical differences are review evidence, not a fraud/loss label."
14833614765,873662912000,901408342623,USD_2023-01-26_ACC#00001_66912     0670806708819917814407KAVI883         MORIBUND VEXES WHUFF SMILAX   BOLL      00819917814407KAVI883         MORIBUND VEXES S FOMALHAUT,USD_2023-01-26_ACC#00001_66912     0670806708819917814407KAVI883         MORIBUND VEXES WHUFF SMILAX   BOLL      00819917814407KAVI883         MORIBUND VEXES S FOMALHAUT,RULE 1,A=0;B=0,008199178 14407 KAVI883                                                                         UPCLOSER MONOCOQUE GAB -,VOLERY 3110152666FP,-496917.83,-496917.83,0.00,0.00,2023-01-26,2023-01-26,0,"Publisher-labeled 1:1 match; numerical differences are review evidence, not a fraud/loss label."
148422044375,810398969511,245015088676,USD_2023-02-11_ACC#00001_66912     06412064120666H3         6666666666 SMILAX   FGGKR     FW0666H3         6666666666,USD_2023-02-11_ACC#00001_66912     06412064120666H3         6666666666 SMILAX   FGGKR     FW0666H3         6666666666,RULE 3,A=0;B=0,35008566 V35008566                                                                       FWD AI          661038718,V350085667715039 9316166793VI,1300000.00,1300000.00,0.00,0.00,2023-02-11,2023-02-11,0,"Publisher-labeled 1:1 match; numerical differences are review evidence, not a fraud/loss label."
14867442069,865374240439,298649678291,USD_2023-01-13_ACC#00001_66912     0702807028810823867423SHOJI69         MORIBUND VEXES WHUFF SMILAX   BOLL      00810823867423SHOJI69         MORIBUND VEXES S FOMALHAUT,USD_2023-01-13_ACC#00001_66912     0702807028810823867423SHOJI69         MORIBUND VEXES WHUFF SMILAX   BOLL      00810823867423SHOJI69         MORIBUND VEXES S FOMALHAUT,RULE 1,A=0;B=0,008108238 67423 SHOJI69                                                                         ASCIDIA GEOMETRINE QMQF C,VOLERY 3712802666FP,-526861.24,-526861.24,0.00,0.00,2023-01-13,2023-01-13,0,"Publisher-labeled 1:1 match; numerical differences are review evidence, not a fraud/loss label."
148696054644,200594696844,411951436042,USD_2023-02-18_ACC#00001_66912     66325663250 32566RUQ5E 088            JOQVY - ELUVIA - SMILAX   GFG       VC0 32566RUQ5E 088            JOQVY - ELUVIA -,USD_2023-02-18_ACC#00001_66912     66325663250 32566RUQ5E 088            JOQVY - ELUVIA - SMILAX   GFG       VC0 32566RUQ5E 088            JOQVY - ELUVIA -,RULE 1,A=0;B=0,32566RUQ5E 32566RUQ5E                                                                      JOQVY - ELUVIA -,322746AL68123343 2319566160VI,-9.63,-9.63,0.00,0.00,2023-02-18,2023-02-18,0,"Publisher-labeled 1:1 match; numerical differences are review evidence, not a fraud/loss label."
148801646653,31615217745,717923099829,USD_2023-01-27_ACC#00001_66912     0603606036887361667888EPEE553         OFF TMH TIRO FAMES SMILAX   BOLL      00887361667888EPEE553         OFF TMH TIRO HAU BT,USD_2023-01-27_ACC#00001_66912     0603606036887361667888EPEE553         OFF TMH TIRO FAMES SMILAX   BOLL      00887361667888EPEE553         OFF TMH TIRO HAU BT,RULE 1,A=0;B=0,008873616 67888 EPEE553 L9HY8H6                                                                 JO TONITE ETHERIFIES GAB,VOLERY 3119954666FP,-4582541.04,-4582541.04,0.00,0.00,2023-01-27,2023-01-27,0,"Publisher-labeled 1:1 match; numerical differences are review evidence, not a fraud/loss label."
148810700321,673083026695,930493306040,USD_2023-03-04_ACC#00001_66912     0617806178844284367387JAUP681         MORIBUND VEXES WHUFF SMILAX   BOLL      00844284367387JAUP681         MORIBUND VEXES S FOMALHAUT,USD_2023-03-04_ACC#00001_66912     0617806178844284367387JAUP681         MORIBUND VEXES WHUFF SMILAX   BOLL      00844284367387JAUP681         MORIBUND VEXES S FOMALHAUT,RULE 1,A=0;B=0,008442843 67387 JAUP681                                                                         NIGROUS VOWED QMQF MG,VOLERY 3396705666FP,-84496.85,-84496.85,0.00,0.00,2023-03-04,2023-03-04,0,"Publisher-labeled 1:1 match; numerical differences are review evidence, not a fraud/loss label."
148909209140,908961016668,867232215524,USD_2023-01-11_ACC#00001_66912     0147701477816042941477NAPE090         OFF TMH TIRO FAMES SMILAX   BOLL      00816042941477NAPE090         OFF TMH TIRO HAU BT,USD_2023-01-11_ACC#00001_66912     0147701477816042941477NAPE090         OFF TMH TIRO FAMES SMILAX   BOLL      00816042941477NAPE090         OFF TMH TIRO HAU BT,RULE 1,A=0;B=0,008160429 41477 NAPE090 L9HH2I3                                                                 UPCLOSER MONOCOQUE GAB -,VOLERY 3704748666FP,-3433731.26,-3433731.26,0.00,0.00,2023-01-11,2023-01-11,0,"Publisher-labeled 1:1 match; numerical differences are review evidence, not a fraud/loss label."
148944438158,184915549709,239321581316,USD_2023-01-14_ACC#00001_66912     66071660710 07166J4P19 088                     QML EFI SMILAX   GFG       VC0 07166J4P19 088                     QML EFI,USD_2023-01-14_ACC#00001_66912     66071660710 07166J4P19 088                     QML EFI SMILAX   GFG       VC0 07166J4P19 088                     QML EFI,MANUAL,A=0;B=0,07166J4P19 07166J4P19                                                                               QML EFI,MYB716990GAUGE45 8388466744XD,-3230000.00,-3230000.00,0.00,0.00,2023-01-14,2023-01-13,1,"Publisher-labeled 1:1 match; numerical differences are review evidence, not a fraud/loss label."
14897012818,171102106292,414104623668,USD_2023-01-22_ACC#00001_66912     66325663250 32566RY50G 088            JOQ KEF LEW EFI- SMILAX   GFG       VC0 32566RY50G 088            JOQ KEF LEW EFI-,USD_2023-01-22_ACC#00001_66912     66325663250 32566RY50G 088            JOQ KEF LEW EFI- SMILAX   GFG       VC0 32566RY50G 088            JOQ KEF LEW EFI-,RULE 3,A=0;B=0,32566RY50G 32566RY50G                                                                      JOQ KEF LEW EFI-,32566RY50G 3697766723VI,2102559.28,2102559.28,0.00,0.00,2023-01-22,2023-01-22,0,"Publisher-labeled 1:1 match; numerical differences are review evidence, not a fraud/loss label."
149001392557,873923269706,510473765694,USD_2023-01-19_ACC#00001_66912     66325663250 32566J5MJF 088            JOQVY - BAS - DG SMILAX   GFG       VC0 32566J5MJF 088            JOQVY - BAS - DG,USD_2023-01-19_ACC#00001_66912     66325663250 32566J5MJF 088            JOQVY - BAS - DG SMILAX   GFG       VC0 32566J5MJF 088            JOQVY - BAS - DG,RULE 1,A=0;B=0,32566J5MJF 32566J5MJF                                                                      JOQVY - BAS - DG,322756AL61304129 0614566720VI,-42981.06,-42981.06,0.00,0.00,2023-01-19,2023-01-19,0,"Publisher-labeled 1:1 match; numerical differences are review evidence, not a fraud/loss label."
149010741219,728636957627,567576541991,USD_2023-01-08_ACC#00001_66912     0676506765875571615574NAPE159         MORIBUND ROTENONES S SMILAX   BOLL      00875571615574NAPE159         MORIBUND ZYGNEMA SK HYRACIFORM,USD_2023-01-08_ACC#00001_66912     0676506765875571615574NAPE159         MORIBUND ROTENONES S SMILAX   BOLL      00875571615574NAPE159         MORIBUND ZYGNEMA SK HYRACIFORM,RULE 1,A=0;B=0,008755716 15574 NAPE159                                                                         JACKPLANE AVIARY PANTOPOD,VOLERY 3764928666FP,1750354.45,1750354.45,0.00,0.00,2023-01-08,2023-01-08,0,"Publisher-labeled 1:1 match; numerical differences are review evidence, not a fraud/loss label."
149044052886,20844603864,432683482059,USD_2023-02-23_ACC#00001_66912     0670806708846657014407MOZO111         MORIBUND VEXES WHUFF SMILAX   BOLL      00846657014407MOZO111         MORIBUND VEXES S FOMALHAUT,USD_2023-02-23_ACC#00001_66912     0670806708846657014407MOZO111         MORIBUND VEXES WHUFF SMILAX   BOLL      00846657014407MOZO111         MORIBUND VEXES S FOMALHAUT,RULE 1,A=0;B=0,008466570 14407 MOZO111                                                                         UPCLOSER MONOCOQUE GAB -,VOLERY 3317200666FP,-91811.50,-91811.50,0.00,0.00,2023-02-23,2023-02-23,0,"Publisher-labeled 1:1 match; numerical differences are review evidence, not a fraud/loss label."
149047328600,751893502870,853600867662,USD_2023-01-05_ACC#00001_66912     0256602566 SMILAX   FGGKR,USD_2023-01-05_ACC#00001_66912     0256602566 SMILAX   FGGKR,RULE 1,A=0;B=0,30453946 ALME7U8468JOQG7U                                                                JO TONITE SAUNT 664952723,V304539160088475 6720566735VI,-689900.00,-689900.00,0.00,0.00,2023-01-05,2023-01-05,0,"Publisher-labeled 1:1 match; numerical differences are review evidence, not a fraud/loss label."
149048021874,473149552949,914416942880,USD_2023-02-12_ACC#00001_66912     0999909999 SMILAX   FGGKR                                                                     666666666666666,USD_2023-02-12_ACC#00001_66912     0999909999 SMILAX   FGGKR                                                                     666666666666666,RULE 1,A=0;B=0,15325181 JOQG7U0563ESKIMO                                                                GVKYHE          666610809,ZYRENIAN 7898366794XD,-6348611.48,-6348611.48,0.00,0.00,2023-02-12,2023-02-12,0,"Publisher-labeled 1:1 match; numerical differences are review evidence, not a fraud/loss label."
149050263673,720795498675,647839738254,USD_2023-01-22_ACC#00001_66912     0603606036886356767888SHOWD61         IF TMH SEE FAMES SMILAX   BOLL      00886356767888SHOWD61         IF TMH SEE FAMES,USD_2023-01-22_ACC#00001_66912     0603606036886356767888SHOWD61         IF TMH SEE FAMES SMILAX   BOLL      00886356767888SHOWD61         IF TMH SEE FAMES,RULE 1,A=0;B=0,008863567 67888 SHOWD61 L9XU997                                                                 JO TONITE ETHERIFIES GAB,VOLERY 3100772666FP,4373744.70,4373744.70,0.00,0.00,2023-01-22,2023-01-22,0,"Publisher-labeled 1:1 match; numerical differences are review evidence, not a fraud/loss label."
14913182526,475960439902,285582797547,USD_2023-01-01_ACC#00001_66912     66325663250 32566EH2IK 088            JOQVY DE -ELUVIA SMILAX   GFG       VC0 32566EH2IK 088            JOQVY DE -ELUVIA,USD_2023-01-01_ACC#00001_66912     66325663250 32566EH2IK 088            JOQVY DE -ELUVIA SMILAX   GFG       VC0 32566EH2IK 088            JOQVY DE -ELUVIA,RULE 1,A=0;B=0,32566EH2IK 32566EH2IK                                                                      JOQVY DE -ELUVIA,322746AL68739041 6262666731VI,-3184905.41,-3184905.41,0.00,0.00,2023-01-01,2023-01-01,0,"Publisher-labeled 1:1 match; numerical differences are review evidence, not a fraud/loss label."
149218931849,595451551991,332174474194,USD_2023-02-18_ACC#00001_66912     66325663250 32566RUQ61 088            JOQVY - ELUVIA - SMILAX   GFG       VC0 32566RUQ61 088            JOQVY - ELUVIA -,USD_2023-02-18_ACC#00001_66912     66325663250 32566RUQ61 088            JOQVY - ELUVIA - SMILAX   GFG       VC0 32566RUQ61 088            JOQVY - ELUVIA -,RULE 1,A=0;B=0,32566RUQ61 32566RUQ61                                                                      JOQVY - ELUVIA -,322746AL68123309 2315066160VI,-137084.94,-137084.94,0.00,0.00,2023-02-18,2023-02-18,0,"Publisher-labeled 1:1 match; numerical differences are review evidence, not a fraud/loss label."
149226258859,698193361220,19445961520,USD_2023-02-22_ACC#00001_66912     66325663250 32566RPK9L 088            JOQVY DE-BAS - T SMILAX   GFG       VC0 32566RPK9L 088            JOQVY DE-BAS - T,USD_2023-02-22_ACC#00001_66912     66325663250 32566RPK9L 088            JOQVY DE-BAS - T SMILAX   GFG       VC0 32566RPK9L 088            JOQVY DE-BAS - T,RULE 3,A=0;B=0,32566RPK9L 32566RPK9L                                                                      JOQVY DE-BAS - T,32566RPK9L 9743966164VI,28157.45,28157.45,0.00,0.00,2023-02-22,2023-02-22,0,"Publisher-labeled 1:1 match; numerical differences are review evidence, not a fraud/loss label."
149236323864,529364052688,955429063745,USD_2023-02-16_ACC#00001_66912     66325663250 32566RQEMM 088            JOQVY DE -ELUVIA SMILAX   GFG       VC0 32566RQEMM 088            JOQVY DE -ELUVIA,USD_2023-02-16_ACC#00001_66912     66325663250 32566RQEMM 088            JOQVY DE -ELUVIA SMILAX   GFG       VC0 32566RQEMM 088            JOQVY DE -ELUVIA,RULE 3,A=0;B=0,32566RQEMM 32566RQEMM                                                                      JOQVY DE -ELUVIA,32566RQEMM 7681666166VI,374321.00,374321.00,0.00,0.00,2023-02-16,2023-02-16,0,"Publisher-labeled 1:1 match; numerical differences are review evidence, not a fraud/loss label."
149249494043,226185133841,20984803483,USD_2023-01-14_ACC#00001_66912     6682866828SHAMESICK FROM JAUN UNFED   JOQOEV HUMP FGDK SMILAX   FGGQQ     PHOTOACTIVE FROM JAUN UNFED   JOQOEV HUMP FGDK               029666629066666666,USD_2023-01-14_ACC#00001_66912     6682866828SHAMESICK FROM JAUN UNFED   JOQOEV HUMP FGDK SMILAX   FGGQQ     PHOTOACTIVE FROM JAUN UNFED   JOQOEV HUMP FGDK               029666629066666666,RULE 1,A=0;B=0,6666666664080874 JOQOEV HUMP FGDK,VOLERY 6663966742XY,-737000000.00,-737000000.00,0.00,0.00,2023-01-14,2023-01-14,0,"Publisher-labeled 1:1 match; numerical differences are review evidence, not a fraud/loss label."
149272280977,527777762500,335195925574,USD_2023-02-19_ACC#00001_66912     66325663250 32566ROMLH 088            JOQVY - BAS - DG SMILAX   GFG       VC0 32566ROMLH 088            JOQVY - BAS - DG,USD_2023-02-19_ACC#00001_66912     66325663250 32566ROMLH 088            JOQVY - BAS - DG SMILAX   GFG       VC0 32566ROMLH 088            JOQVY - BAS - DG,RULE 1,A=0;B=0,32566ROMLH 32566ROMLH                                                                      JOQVY - BAS - DG,322756AL61894612 1909566161VI,-22043.03,-22043.03,0.00,0.00,2023-02-19,2023-02-19,0,"Publisher-labeled 1:1 match; numerical differences are review evidence, not a fraud/loss label."
149409141139,588112807782,469849077139,USD_2023-02-25_ACC#00001_66912     02566025660666H3         6666666666 SMILAX   FGGKR     FW0666H3         6666666666,USD_2023-02-25_ACC#00001_66912     02566025660666H3         6666666666 SMILAX   FGGKR     FW0666H3         6666666666,RULE 3,A=0;B=0,35059806 V35059806                                                                       JO TONITE SAUNT 664952723,V350598066310598 6628266169VI,1278840.37,1278840.37,0.00,0.00,2023-02-25,2023-02-25,0,"Publisher-labeled 1:1 match; numerical differences are review evidence, not a fraud/loss label."
149417596696,680189820611,78239639842,USD_2023-02-03_ACC#00001_66912     09999099997313           6666666666 SMILAX   FGGKR     KR7313           6666666666                                     666666666666666,USD_2023-02-03_ACC#00001_66912     09999099997313           6666666666 SMILAX   FGGKR     KR7313           6666666666                                     666666666666666,RULE 3,A=0;B=0,13597859 V13597859                                                                       UNVAINNESS      708646989,MG13597859M600MK 3076166752VI,170253.35,170253.35,0.00,0.00,2023-02-03,2023-02-03,0,"Publisher-labeled 1:1 match; numerical differences are review evidence, not a fraud/loss label."
149430775921,310763816964,820834086300,USD_2023-03-01_ACC#00001_66912     0608206082843167367399CUTIN80         MORIBUND ROTENONES S SMILAX   BOLL      00843167367399CUTIN80         MORIBUND ZYGNEMA SK HYRACIFORM,USD_2023-03-01_ACC#00001_66912     0608206082843167367399CUTIN80         MORIBUND ROTENONES S SMILAX   BOLL      00843167367399CUTIN80         MORIBUND ZYGNEMA SK HYRACIFORM,RULE 1,A=0;B=0,008431673 67399 CUTIN80                                                                         REPAGANIZER GEOMETRINE AP,VOLERY 3349883666FP,1191296.10,1191296.10,0.00,0.00,2023-03-01,2023-03-01,0,"Publisher-labeled 1:1 match; numerical differences are review evidence, not a fraud/loss label."
149494910720,951643813263,982856377537,USD_2023-01-19_ACC#00001_66912     66325663250 32566J5E7G 088            JOQVY - BAS - DG SMILAX   GFG       VC0 32566J5E7G 088            JOQVY - BAS - DG,USD_2023-01-19_ACC#00001_66912     66325663250 32566J5E7G 088            JOQVY - BAS - DG SMILAX   GFG       VC0 32566J5E7G 088            JOQVY - BAS - DG,RULE 3,A=0;B=0,32566J5E7G 32566J5E7G                                                                      JOQVY - BAS - DG,32566J5E7G 0683266720VI,3750.92,3750.92,0.00,0.00,2023-01-19,2023-01-19,0,"Publisher-labeled 1:1 match; numerical differences are review evidence, not a fraud/loss label."
149519944725,852710593005,307148895418,USD_2023-01-15_ACC#00001_66912     0670806708817869114407ATMA750         MORIBUND VEXES WHUFF SMILAX   BOLL      00817869114407ATMA750         MORIBUND VEXES S FOMALHAUT,USD_2023-01-15_ACC#00001_66912     0670806708817869114407ATMA750         MORIBUND VEXES WHUFF SMILAX   BOLL      00817869114407ATMA750         MORIBUND VEXES S FOMALHAUT,RULE 1,A=0;B=0,008178691 14407 ATMA750                                                                         ENHAT CROM TYPY AS CARENE,VOLERY 3735144666FP,-11589.45,-11589.45,0.00,0.00,2023-01-15,2023-01-15,0,"Publisher-labeled 1:1 match; numerical differences are review evidence, not a fraud/loss label."
149539734508,727073904499,505298518506,USD_2023-01-26_ACC#00001_66912     0147701477887876741477MEGGY88         IF TMH SEE FAMES SMILAX   BOLL      00887876741477MEGGY88         IF TMH SEE FAMES,USD_2023-01-26_ACC#00001_66912     0147701477887876741477MEGGY88         IF TMH SEE FAMES SMILAX   BOLL      00887876741477MEGGY88         IF TMH SEE FAMES,RULE 1,A=0;B=0,008878767 41477 MEGGY88 L9HY8ZA                                                                 UPCLOSER MONOCOQUE GAB -,VOLERY 3116910666FP,45830000.00,45830000.00,0.00,0.00,2023-01-26,2023-01-26,0,"Publisher-labeled 1:1 match; numerical differences are review evidence, not a fraud/loss label."
149691449041,399004652523,46225455967,USD_2023-01-19_ACC#00001_66912     6670866708P 7084257509 602            OARS PISTRIX -V&F TO SMILAX   OARS      IGN 7084257509 602            OARS PISTRIX -V& F SHY         F SHY,USD_2023-01-19_ACC#00001_66912     6670866708P 7084257509 602            OARS PISTRIX -V&F TO SMILAX   OARS      IGN 7084257509 602            OARS PISTRIX -V& F SHY         F SHY,RULE 3,A=0;B=0,7084257509 7084257509                                                                      OARS PISTRIX -V&F SHY,7084257509 8408666727VI,-42433739.38,-42433739.38,0.00,0.00,2023-01-19,2023-01-19,0,"Publisher-labeled 1:1 match; numerical differences are review evidence, not a fraud/loss label."
149751953965,707690611750,37936640227,USD_2023-02-05_ACC#00001_66912     0676506765885599255570NAPE509         MORIBUND VEXES WHUFF SMILAX   BOLL      00885599255570NAPE509         MORIBUND VEXES S FOMALHAUT,USD_2023-02-05_ACC#00001_66912     0676506765885599255570NAPE509         MORIBUND VEXES WHUFF SMILAX   BOLL      00885599255570NAPE509         MORIBUND VEXES S FOMALHAUT,RULE 1,A=0;B=0,008855992 55570 NAPE509                                                                         JO TONITE ETHERIFIES GAB,VOLERY 3806448666FP,-13934725.53,-13934725.53,0.00,0.00,2023-02-05,2023-02-05,0,"Publisher-labeled 1:1 match; numerical differences are review evidence, not a fraud/loss label."
14975709927,660813525858,755661761298,USD_2023-01-13_ACC#00001_66912     0670806708816024214407FALX374         MORIBUND VEXES WHUFF SMILAX   BOLL      00816024214407FALX374         MORIBUND VEXES S FOMALHAUT,USD_2023-01-13_ACC#00001_66912     0670806708816024214407FALX374         MORIBUND VEXES WHUFF SMILAX   BOLL      00816024214407FALX374         MORIBUND VEXES S FOMALHAUT,RULE 1,A=0;B=0,008160242 14407 FALX374                                                                         UPCLOSER MONOCOQUE GAB -,VOLERY 3712881666FP,-84604.34,-84604.34,0.00,0.00,2023-01-13,2023-01-13,0,"Publisher-labeled 1:1 match; numerical differences are review evidence, not a fraud/loss label."
149816351042,81561269385,414804107707,USD_2023-03-05_ACC#00001_66912     0976909769820123719262WASN685         MORIBUND VEXES WHUFF SMILAX   BOLL      00820123719262WASN685         MORIBUND VEXES S FOMALHAUT,USD_2023-03-05_ACC#00001_66912     0976909769820123719262WASN685         MORIBUND VEXES WHUFF SMILAX   BOLL      00820123719262WASN685         MORIBUND VEXES S FOMALHAUT,RULE 1,A=0;B=0,008201237 19262 WASN685                                                                         JO TONITE (GOLACH) NM-SUF,VOLERY 3399856666FP,923973.92,923973.92,0.00,0.00,2023-03-05,2023-03-05,0,"Publisher-labeled 1:1 match; numerical differences are review evidence, not a fraud/loss label."
149960193777,458755049913,64251721337,USD_2023-02-18_ACC#00001_66912     66325663250 32566RUQE8 088            JOQVY - ELUVIA - SMILAX   GFG       VC0 32566RUQE8 088            JOQVY - ELUVIA -,USD_2023-02-18_ACC#00001_66912     66325663250 32566RUQE8 088            JOQVY - ELUVIA - SMILAX   GFG       VC0 32566RUQE8 088            JOQVY - ELUVIA -,RULE 3,A=0;B=0,32566RUQE8 32566RUQE8                                                                      JOQVY - ELUVIA -,32566RUQE8 2315666160VI,47.65,47.65,0.00,0.00,2023-02-18,2023-02-18,0,"Publisher-labeled 1:1 match; numerical differences are review evidence, not a fraud/loss label."
149977272655,18384630921,224864228328,USD_2023-01-14_ACC#00001_66912     66325663250 32566J4HUQ 088            JOQVY - ELUVIA - SMILAX   GFG       VC0 32566J4HUQ 088            JOQVY - ELUVIA -,USD_2023-01-14_ACC#00001_66912     66325663250 32566J4HUQ 088            JOQVY - ELUVIA - SMILAX   GFG       VC0 32566J4HUQ 088            JOQVY - ELUVIA -,RULE 3,A=0;B=0,32566J4HUQ 32566J4HUQ                                                                      JOQVY - ELUVIA -,32566J4HUQ 5586666744VI,46528.00,46528.00,0.00,0.00,2023-01-14,2023-01-14,0,"Publisher-labeled 1:1 match; numerical differences are review evidence, not a fraud/loss label."
15001995093,321035975543,449192668176,USD_2023-02-11_ACC#00001_66912     0147701477831272441477OKET746         OFF TMH TIRO FAMES SMILAX   BOLL      00831272441477OKET746         OFF TMH TIRO HAU BT,USD_2023-02-11_ACC#00001_66912     0147701477831272441477OKET746         OFF TMH TIRO FAMES SMILAX   BOLL      00831272441477OKET746         OFF TMH TIRO HAU BT,RULE 1,A=0;B=0,008312724 41477 OKET746 L9HO9EJ                                                                 UPCLOSER MONOCOQUE GAB -,VOLERY 3836509666FP,-39965052.48,-39965052.48,0.00,0.00,2023-02-11,2023-02-11,0,"Publisher-labeled 1:1 match; numerical differences are review evidence, not a fraud/loss label."
150036951894,468480977155,937216562476,USD_2023-01-06_ACC#00001_66912     0147701477871772241477RIGHT63         OFF TMH SEE FAMES SMILAX   BOLL      00871772241477RIGHT63         OFF TMH SEE EMEU S,USD_2023-01-06_ACC#00001_66912     0147701477871772241477RIGHT63         OFF TMH SEE FAMES SMILAX   BOLL      00871772241477RIGHT63         OFF TMH SEE EMEU S,RULE 1,A=0;B=0,008717722 41477 RIGHT63 L9HJ7NE                                                                 UPCLOSER MONOCOQUE GAB -,VOLERY 3054354666FP,1032714.67,1032714.67,0.00,0.00,2023-01-06,2023-01-06,0,"Publisher-labeled 1:1 match; numerical differences are review evidence, not a fraud/loss label."
150098074198,299293252494,7477355074,USD_2023-01-11_ACC#00001_66912     0670806708875385714407CHARE27         MORIBUND VEXES WHUFF SMILAX   BOLL      00875385714407CHARE27         MORIBUND VEXES S FOMALHAUT,USD_2023-01-11_ACC#00001_66912     0670806708875385714407CHARE27         MORIBUND VEXES WHUFF SMILAX   BOLL      00875385714407CHARE27         MORIBUND VEXES S FOMALHAUT,RULE 1,A=0;B=0,008753857 14407 CHARE27                                                                         UPCLOSER MONOCOQUE GAB -,VOLERY 3702468666FP,-13308.58,-13308.58,0.00,0.00,2023-01-11,2023-01-11,0,"Publisher-labeled 1:1 match; numerical differences are review evidence, not a fraud/loss label."
150127714269,446290744056,488300128460,USD_2023-02-23_ACC#00001_66912     0670806708846657414407JADE660         MORIBUND VEXES WHUFF SMILAX   BOLL      00846657414407JADE660         MORIBUND VEXES S FOMALHAUT,USD_2023-02-23_ACC#00001_66912     0670806708846657414407JADE660         MORIBUND VEXES WHUFF SMILAX   BOLL      00846657414407JADE660         MORIBUND VEXES S FOMALHAUT,RULE 1,A=0;B=0,008466574 14407 JADE660                                                                         UPCLOSER MONOCOQUE GAB -,VOLERY 3317202666FP,-295168.12,-295168.12,0.00,0.00,2023-02-23,2023-02-23,0,"Publisher-labeled 1:1 match; numerical differences are review evidence, not a fraud/loss label."
15012825905,391300044498,364356698277,USD_2023-01-13_ACC#00001_66912     66325663250 32566J484U 088            JOQVY - BAS - DG SMILAX   GFG       VC0 32566J484U 088            JOQVY - BAS - DG,USD_2023-01-13_ACC#00001_66912     66325663250 32566J484U 088            JOQVY - BAS - DG SMILAX   GFG       VC0 32566J484U 088            JOQVY - BAS - DG,RULE 1,A=0;B=0,32566J484U 32566J484U                                                                      JOQVY - BAS - DG,322756AL61844924 2377166744VI,-10.85,-10.85,0.00,0.00,2023-01-13,2023-01-13,0,"Publisher-labeled 1:1 match; numerical differences are review evidence, not a fraud/loss label."
150153445210,304028327557,852997378343,USD_2023-02-23_ACC#00001_66912     0617806178846115467387CUCA062         MORIBUND VEXES WHUFF SMILAX   BOLL      00846115467387CUCA062         MORIBUND VEXES S FOMALHAUT,USD_2023-02-23_ACC#00001_66912     0617806178846115467387CUCA062         MORIBUND VEXES WHUFF SMILAX   BOLL      00846115467387CUCA062         MORIBUND VEXES S FOMALHAUT,RULE 1,A=0;B=0,008461154 67387 CUCA062                                                                         WINELIKE INCHER AM MG EEV,VOLERY 3317427666FP,-84506.50,-84506.50,0.00,0.00,2023-02-23,2023-02-23,0,"Publisher-labeled 1:1 match; numerical differences are review evidence, not a fraud/loss label."
150220175201,902797641386,274904825846,USD_2023-02-26_ACC#00001_66912     66325663250 32566BM7D8 088            JOQVY DE -ELUVIA SMILAX   GFG       VC0 32566BM7D8 088            JOQVY DE -ELUVIA,USD_2023-02-26_ACC#00001_66912     66325663250 32566BM7D8 088            JOQVY DE -ELUVIA SMILAX   GFG       VC0 32566BM7D8 088            JOQVY DE -ELUVIA,RULE 3,A=0;B=0,32566BM7D8 32566BM7D8                                                                      JOQVY DE -ELUVIA,32566BM7D8 8054966106VI,36416267.21,36416267.21,0.00,0.00,2023-02-26,2023-02-26,0,"Publisher-labeled 1:1 match; numerical differences are review evidence, not a fraud/loss label."
150250871136,259813944034,484323325896,USD_2023-03-01_ACC#00001_66912     6033960339 SMILAX   GPD,USD_2023-03-01_ACC#00001_66912     6033960339 SMILAX   GPD,RULE 3,A=0;B=0,AHT9126666164751 AHT9126666164751,AHT9126666164751 8204866106VI,21565215.00,21565215.00,0.00,0.00,2023-03-01,2023-03-01,0,"Publisher-labeled 1:1 match; numerical differences are review evidence, not a fraud/loss label."
150261688517,856656065656,709201017953,USD_2023-02-19_ACC#00001_66912     0122001220835780312660OLDIE56         MORIBUND ROTENONES S SMILAX   BOLL      00835780312660OLDIE56         MORIBUND ZYGNEMA SK HYRACIFORM,USD_2023-02-19_ACC#00001_66912     0122001220835780312660OLDIE56         MORIBUND ROTENONES S SMILAX   BOLL      00835780312660OLDIE56         MORIBUND ZYGNEMA SK HYRACIFORM,RULE 1,A=0;B=0,008357803 12660 OLDIE56                                                                         UPCLOSER MONOCOQUE GAB -,VOLERY 3369351666FP,241726.00,241726.00,0.00,0.00,2023-02-19,2023-02-19,0,"Publisher-labeled 1:1 match; numerical differences are review evidence, not a fraud/loss label."
150358805298,205917522883,89292501225,USD_2023-01-28_ACC#00001_66912     02566025660666H3         6666666666 SMILAX   FGGKR     FW0666H3         6666666666,USD_2023-01-28_ACC#00001_66912     02566025660666H3         6666666666 SMILAX   FGGKR     FW0666H3         6666666666,RULE 3,A=0;B=0,35687054 V35687054                                                                       JO TONITE SAUNT 664952723,V356870546511682 9590166750VI,2000000.00,2000000.00,0.00,0.00,2023-01-28,2023-01-28,0,"Publisher-labeled 1:1 match; numerical differences are review evidence, not a fraud/loss label."
150367282668,333998843037,672283598580,USD_2023-03-01_ACC#00001_66912     02566025660666H3         6666666666 SMILAX   FGGKR     FW0666H3         6666666666,USD_2023-03-01_ACC#00001_66912     02566025660666H3         6666666666 SMILAX   FGGKR     FW0666H3         6666666666,RULE 3,A=0;B=0,35777151 V35777151                                                                       JO TONITE SAUNT 664952723,V357771516911044 2294366101VI,1000000.00,1000000.00,0.00,0.00,2023-03-01,2023-03-01,0,"Publisher-labeled 1:1 match; numerical differences are review evidence, not a fraud/loss label."
150377278329,155160939474,882387328442,USD_2023-01-28_ACC#00001_66912     0603606036881300967888NAPE159         OFF TMH TIRO FAMES SMILAX   BOLL      00881300967888NAPE159         OFF TMH TIRO HAU BT,USD_2023-01-28_ACC#00001_66912     0603606036881300967888NAPE159         OFF TMH TIRO FAMES SMILAX   BOLL      00881300967888NAPE159         OFF TMH TIRO HAU BT,RULE 1,A=0;B=0,008813009 67888 NAPE159 L9HY4WI                                                                 JO TONITE ETHERIFIES GAB,VOLERY 3189925666FP,-1473000.00,-1473000.00,0.00,0.00,2023-01-28,2023-01-28,0,"Publisher-labeled 1:1 match; numerical differences are review evidence, not a fraud/loss label."
150492077687,46442490343,163860576953,USD_2023-02-08_ACC#00001_66912     6682866828SHAMESICK FROM JAUN UNFED   JOQOEV HUMP FGDK SMILAX   FGGQQ     PHOTOACTIVE FROM JAUN UNFED   JOQOEV HUMP FGDK               029666659366666666,USD_2023-02-08_ACC#00001_66912     6682866828SHAMESICK FROM JAUN UNFED   JOQOEV HUMP FGDK SMILAX   FGGQQ     PHOTOACTIVE FROM JAUN UNFED   JOQOEV HUMP FGDK               029666659366666666,RULE 1,A=0;B=0,6666666666636913 JOQOEV HUMP FGDK,VOLERY 6667766797XY,-856000000.00,-856000000.00,0.00,0.00,2023-02-08,2023-02-08,0,"Publisher-labeled 1:1 match; numerical differences are review evidence, not a fraud/loss label."
150503428408,346567484954,55445696946,USD_2023-02-09_ACC#00001_66912     0122001220889992212660AOIFE45         MORIBUND VEXES WHUFF SMILAX   BOLL      00889992212660AOIFE45         MORIBUND VEXES S FOMALHAUT,USD_2023-02-09_ACC#00001_66912     0122001220889992212660AOIFE45         MORIBUND VEXES WHUFF SMILAX   BOLL      00889992212660AOIFE45         MORIBUND VEXES S FOMALHAUT,RULE 1,A=0;B=0,008899922 12660 AOIFE45                                                                         UPCLOSER MONOCOQUE GAB -,VOLERY 3817718666FP,-332777.30,-332777.30,0.00,0.00,2023-02-09,2023-02-09,0,"Publisher-labeled 1:1 match; numerical differences are review evidence, not a fraud/loss label."
150536216520,243898129061,791612506075,USD_2023-02-03_ACC#00001_66912     66325663250 32566RMU65 088            JOQ TREPIDATORY SMILAX   GFG       VC0 32566RMU65 088            JOQ TREPIDATORY,USD_2023-02-03_ACC#00001_66912     66325663250 32566RMU65 088            JOQ TREPIDATORY SMILAX   GFG       VC0 32566RMU65 088            JOQ TREPIDATORY,RULE 1,A=0;B=0,32566RMU65 32566RMU65                                                                      JOQ TREPIDATORY,77966RMQ4L 3711666752VI,86631.24,86631.24,0.00,0.00,2023-02-03,2023-02-03,0,"Publisher-labeled 1:1 match; numerical differences are review evidence, not a fraud/loss label."
15057552997,390951839852,431992621519,USD_2023-01-01_ACC#00001_66912     6033960339 SMILAX   GPD,USD_2023-01-01_ACC#00001_66912     6033960339 SMILAX   GPD,RULE 1,A=0;B=0,AHT9126666759735 AHT9126666759735,VOLERY 2135066738FW,-3183449.00,-3183449.00,0.00,0.00,2023-01-01,2023-01-01,0,"Publisher-labeled 1:1 match; numerical differences are review evidence, not a fraud/loss label."
150807356461,574247315845,339013115369,USD_2023-02-12_ACC#00001_66912     0670806708838087014407NAPE546         MORIBUND ROTENONES S SMILAX   BOLL      00838087014407NAPE546         MORIBUND ZYGNEMA SK HYRACIFORM,USD_2023-02-12_ACC#00001_66912     0670806708838087014407NAPE546         MORIBUND ROTENONES S SMILAX   BOLL      00838087014407NAPE546         MORIBUND ZYGNEMA SK HYRACIFORM,RULE 1,A=0;B=0,008380870 14407 NAPE546                                                                         UPCLOSER MONOCOQUE GAB -,VOLERY 3839513666FP,48635.67,48635.67,0.00,0.00,2023-02-12,2023-02-12,0,"Publisher-labeled 1:1 match; numerical differences are review evidence, not a fraud/loss label."
150869578768,964959011147,554695945210,USD_2023-02-25_ACC#00001_66912     6682866828SHAMESICK FROM JAUN UNFED   JOQ ANNAT CITE SMILAX   FGGQQ     PHOTOACTIVE FROM JAUN UNFED   JOQ ANNAT CITE                 029666668966666666,USD_2023-02-25_ACC#00001_66912     6682866828SHAMESICK FROM JAUN UNFED   JOQ ANNAT CITE SMILAX   FGGQQ     PHOTOACTIVE FROM JAUN UNFED   JOQ ANNAT CITE                 029666668966666666,RULE 1,A=0;B=0,6666666660133870 JOQ ANNAT CITE,60133876 0352366169VI,-45000000.00,-45000000.00,0.00,0.00,2023-02-25,2023-02-25,0,"Publisher-labeled 1:1 match; numerical differences are review evidence, not a fraud/loss label."
150874783829,709667308118,618545945791,USD_2023-01-14_ACC#00001_66912     0147701477811711341477NAPE703         OFF TMH TIRO FAMES SMILAX   BOLL      00811711341477NAPE703         OFF TMH TIRO HAU BT,USD_2023-01-14_ACC#00001_66912     0147701477811711341477NAPE703         OFF TMH TIRO FAMES SMILAX   BOLL      00811711341477NAPE703         OFF TMH TIRO HAU BT,RULE 1,A=0;B=0,008117113 41477 NAPE703 L9FR8O2                                                                 UPCLOSER MONOCOQUE GAB -,VOLERY 3784100666FP,-50663249.72,-50663249.72,0.00,0.00,2023-01-14,2023-01-14,0,"Publisher-labeled 1:1 match; numerical differences are review evidence, not a fraud/loss label."
150954097183,825970719930,593587728948,USD_2023-01-20_ACC#00001_66912     02566025660666H3         6666666666 SMILAX   FGGKR     FW0666H3         6666666666,USD_2023-01-20_ACC#00001_66912     02566025660666H3         6666666666 SMILAX   FGGKR     FW0666H3         6666666666,RULE 3,A=0;B=0,43632866 V43632866                                                                       SHALE           667933724,V436328661617147 4841766721VI,1300000.00,1300000.00,0.00,0.00,2023-01-20,2023-01-20,0,"Publisher-labeled 1:1 match; numerical differences are review evidence, not a fraud/loss label."
151093295861,101217783611,422879785693,USD_2023-01-28_ACC#00001_66912     0156801568881304817661NAPE580         MORIBUND ROTENONES S SMILAX   BOLL      00881304817661NAPE580         MORIBUND ZYGNEMA SK HYRACIFORM,USD_2023-01-28_ACC#00001_66912     0156801568881304817661NAPE580         MORIBUND ROTENONES S SMILAX   BOLL      00881304817661NAPE580         MORIBUND ZYGNEMA SK HYRACIFORM,RULE 1,A=0;B=0,008813048 17661 NAPE580                                                                         JOQVY ELUVIA DESINENT,VOLERY 3136939666FP,10807514.24,10807514.24,0.00,0.00,2023-01-28,2023-01-28,0,"Publisher-labeled 1:1 match; numerical differences are review evidence, not a fraud/loss label."
151098232381,45898308925,237832217252,USD_2023-01-05_ACC#00001_66912     0156801568878788217661AUG0762         MORIBUND VEXES WHUFF SMILAX   BOLL      00878788217661AUG0762         MORIBUND VEXES S FOMALHAUT,USD_2023-01-05_ACC#00001_66912     0156801568878788217661AUG0762         MORIBUND VEXES WHUFF SMILAX   BOLL      00878788217661AUG0762         MORIBUND VEXES S FOMALHAUT,MANUAL,A=0;B=0,008787882 17661 AUG0762                                                                         UPCLOSER MONOCOQUE GAB -,VOLERY 3054477666FP,8798142.68,8798142.68,0.00,0.00,2023-01-05,2023-01-06,1,"Publisher-labeled 1:1 match; numerical differences are review evidence, not a fraud/loss label."
151231136567,203732915900,643738345813,USD_2023-02-02_ACC#00001_66912     6033960339 SMILAX   GPD,USD_2023-02-02_ACC#00001_66912     6033960339 SMILAX   GPD,RULE 3,A=0;B=0,AHT9126666795132 AHT9126666795132,AHT9126666795132 5704166754XD,-121753.00,-121753.00,0.00,0.00,2023-02-02,2023-02-02,0,"Publisher-labeled 1:1 match; numerical differences are review evidence, not a fraud/loss label."
151244637463,690363902635,530176160131,USD_2023-02-02_ACC#00001_66912     66325663250 32566RM2L6 088            JOQVY - ELUVIA - SMILAX   GFG       VC0 32566RM2L6 088            JOQVY - ELUVIA -,USD_2023-02-02_ACC#00001_66912     66325663250 32566RM2L6 088            JOQVY - ELUVIA - SMILAX   GFG       VC0 32566RM2L6 088            JOQVY - ELUVIA -,RULE 3,A=0;B=0,32566RM2L6 32566RM2L6                                                                      JOQVY - ELUVIA -,32566RM2L6 0621866754VI,4482.74,4482.74,0.00,0.00,2023-02-02,2023-02-02,0,"Publisher-labeled 1:1 match; numerical differences are review evidence, not a fraud/loss label."
151267493297,515784921218,184370635704,USD_2023-02-05_ACC#00001_66912     0670806708885357814407FALX821         MORIBUND ROTENONES S SMILAX   BOLL      00885357814407FALX821         MORIBUND ZYGNEMA SK HYRACIFORM,USD_2023-02-05_ACC#00001_66912     0670806708885357814407FALX821         MORIBUND ROTENONES S SMILAX   BOLL      00885357814407FALX821         MORIBUND ZYGNEMA SK HYRACIFORM,RULE 1,A=0;B=0,008853578 14407 FALX821                                                                         UPCLOSER MONOCOQUE GAB -,VOLERY 3806163666FP,18175.74,18175.74,0.00,0.00,2023-02-05,2023-02-05,0,"Publisher-labeled 1:1 match; numerical differences are review evidence, not a fraud/loss label."
151296743658,54473602554,925024890211,USD_2023-02-03_ACC#00001_66912     0147701477882105941477GULA414         OFF TMH TIRO FAMES SMILAX   BOLL      00882105941477GULA414         OFF TMH TIRO HAU BT,USD_2023-02-03_ACC#00001_66912     0147701477882105941477GULA414         OFF TMH TIRO FAMES SMILAX   BOLL      00882105941477GULA414         OFF TMH TIRO HAU BT,RULE 1,A=0;B=0,008821059 41477 GULA414 L9CY3JV                                                                 JOQVY H.C. ZUCCHINIS TENT,VOLERY 3196000666FP,-1135987.14,-1135987.14,0.00,0.00,2023-02-03,2023-02-03,0,"Publisher-labeled 1:1 match; numerical differences are review evidence, not a fraud/loss label."
151312394592,906772429894,656051649859,USD_2023-01-25_ACC#00001_66912     02566025667313           6666666666 SMILAX   FGGKR     KR7313           6666666666                                     666666666666666,USD_2023-01-25_ACC#00001_66912     02566025667313           6666666666 SMILAX   FGGKR     KR7313           6666666666                                     666666666666666,RULE 3,A=0;B=0,15738587 V15738587                                                                       JINSHANG        700056068,MG15738587L600MK 9703766725VI,321414.18,321414.18,0.00,0.00,2023-01-25,2023-01-25,0,"Publisher-labeled 1:1 match; numerical differences are review evidence, not a fraud/loss label."
151364240756,313727973793,338580761261,USD_2023-02-17_ACC#00001_66912     0603606036835501267888EPEE553         IF TMH SEE FAMES SMILAX   BOLL      00835501267888EPEE553         IF TMH SEE FAMES,USD_2023-02-17_ACC#00001_66912     0603606036835501267888EPEE553         IF TMH SEE FAMES SMILAX   BOLL      00835501267888EPEE553         IF TMH SEE FAMES,RULE 1,A=0;B=0,008355012 67888 EPEE553 L9WA6RF                                                                 JO TONITE ETHERIFIES GAB,VOLERY 3890658666FP,5060300.00,5060300.00,0.00,0.00,2023-02-17,2023-02-17,0,"Publisher-labeled 1:1 match; numerical differences are review evidence, not a fraud/loss label."
151395638409,794762091857,70281486486,USD_2023-02-19_ACC#00001_66912     02566025660666H3         6666666666 SMILAX   FGGKR     FW0666H3         6666666666,USD_2023-02-19_ACC#00001_66912     02566025660666H3         6666666666 SMILAX   FGGKR     FW0666H3         6666666666,RULE 3,A=0;B=0,35043261 V35043261                                                                       JO TONITE SAUNT 664952723,V350432611611535 1626266161VI,4676892.68,4676892.68,0.00,0.00,2023-02-19,2023-02-19,0,"Publisher-labeled 1:1 match; numerical differences are review evidence, not a fraud/loss label."
151473484079,548964985015,699426281277,USD_2023-01-22_ACC#00001_66912     0999909999 SMILAX   FGGKR                                                                     666666666666666,USD_2023-01-22_ACC#00001_66912     0999909999 SMILAX   FGGKR                                                                     666666666666666,MANUAL,A=0;B=0,46160306 5679JOQG7U                                                                OXYCHLORATE AI  103666429,066369-BL-76 7575266729XD,-1740000.00,-2115673.00,-375673.00,375673.00,2023-01-22,2023-01-26,4,"Publisher-labeled 1:1 match; numerical differences are review evidence, not a fraud/loss label."
151478319017,265906952173,451440635097,USD_2023-03-05_ACC#00001_66912     6692666926HAP78-008762152             YT7501RC SMILAX   GESS      FUGIT78-008762152             YT7501RC,USD_2023-03-05_ACC#00001_66912     6692666926HAP78-008762152             YT7501RC SMILAX   GESS      FUGIT78-008762152             YT7501RC,RULE 1,A=0;B=0,667501 666666661019697,008762152 1770666102VI,126376.00,126376.00,0.00,0.00,2023-03-05,2023-03-05,0,"Publisher-labeled 1:1 match; numerical differences are review evidence, not a fraud/loss label."
151541646582,309665749509,166736014503,USD_2023-01-22_ACC#00001_66912     0646006460S                           BURO JADY GAT AUG - SMILAX   RAMON     GFG                           BURO JADY GAT IT X - T         LINCHET_TA                    JOQGE_TA,USD_2023-01-22_ACC#00001_66912     0646006460S                           BURO JADY GAT AUG - SMILAX   RAMON     GFG                           BURO JADY GAT IT X - T         LINCHET_TA                    JOQGE_TA,RULE 1,A=0;B=0,HEY RAMON DISNEY LINCHET_TA,VOLERY L-6347166750HQ,-81640.00,-81640.00,0.00,0.00,2023-01-22,2023-01-22,0,"Publisher-labeled 1:1 match; numerical differences are review evidence, not a fraud/loss label."
151590079419,536080087846,960289702018,USD_2023-01-05_ACC#00001_66912     0256602566 SMILAX   FGGKR,USD_2023-01-05_ACC#00001_66912     0256602566 SMILAX   FGGKR,RULE 1,A=0;B=0,30494696 ALME7U8463JOQG7U                                                                JO TONITE SAUNT 664952723,V304946460088920 6727166735VI,-2858260.00,-2858260.00,0.00,0.00,2023-01-05,2023-01-05,0,"Publisher-labeled 1:1 match; numerical differences are review evidence, not a fraud/loss label."
151681585092,382097368249,698926793551,USD_2023-01-20_ACC#00001_66912     02566025660666H3         6666666666 SMILAX   FGGKR     FW0666H3         6666666666,USD_2023-01-20_ACC#00001_66912     02566025660666H3         6666666666 SMILAX   FGGKR     FW0666H3         6666666666,RULE 3,A=0;B=0,41803536 V41803536                                                                       SHALE           667933724,V418035361617140 4846266721VI,4000000.00,4000000.00,0.00,0.00,2023-01-20,2023-01-20,0,"Publisher-labeled 1:1 match; numerical differences are review evidence, not a fraud/loss label."
151793849620,887159198771,714544562793,USD_2023-02-23_ACC#00001_66912     0600306003846558567609NAPE703         MORIBUND VEXES WHUFF SMILAX   BOLL      00846558567609NAPE703         MORIBUND VEXES S FOMALHAUT,USD_2023-02-23_ACC#00001_66912     0600306003846558567609NAPE703         MORIBUND VEXES WHUFF SMILAX   BOLL      00846558567609NAPE703         MORIBUND VEXES S FOMALHAUT,RULE 1,A=0;B=0,008465585 67609 NAPE703                                                                         PALOUR PROMINIMUM BUT EYL,VOLERY 3310318666FP,-1436173.58,-1436173.58,0.00,0.00,2023-02-23,2023-02-23,0,"Publisher-labeled 1:1 match; numerical differences are review evidence, not a fraud/loss label."
151877026505,154374131080,31004696744,USD_2023-02-24_ACC#00001_66912     66325663250 32566RPNLF 088            JO TONITE AGGEST SMILAX   GFG       VC0 32566RPNLF 088            JO TONITE AGGEST,USD_2023-02-24_ACC#00001_66912     66325663250 32566RPNLF 088            JO TONITE AGGEST SMILAX   GFG       VC0 32566RPNLF 088            JO TONITE AGGEST,MANUAL,A=0;B=0,32566RPNLF 32566RPNLF                                                                      JO TONITE AGGEST,779756BW61879863 L-8453866162VI,-1797.75,-1797.15,0.60,-0.60,2023-02-24,2023-02-24,0,"Publisher-labeled 1:1 match; numerical differences are review evidence, not a fraud/loss label."
152020748510,989245250146,738431978188,USD_2023-02-25_ACC#00001_66912     0156801568841958317661OKET746         MORIBUND ROTENONES S SMILAX   BOLL      00841958317661OKET746         MORIBUND ZYGNEMA SK HYRACIFORM,USD_2023-02-25_ACC#00001_66912     0156801568841958317661OKET746         MORIBUND ROTENONES S SMILAX   BOLL      00841958317661OKET746         MORIBUND ZYGNEMA SK HYRACIFORM,RULE 1,A=0;B=0,008419583 17661 OKET746                                                                         UPCLOSER MONOCOQUE GAB -,VOLERY 3330420666FP,11746124.62,11746124.62,0.00,0.00,2023-02-25,2023-02-25,0,"Publisher-labeled 1:1 match; numerical differences are review evidence, not a fraud/loss label."
152040715383,249461915185,654977728540,USD_2023-01-25_ACC#00001_66912     0670806708819915814476DODOS98         MORIBUND ROTENONES S SMILAX   BOLL      00819915814476DODOS98         MORIBUND ZYGNEMA SK HYRACIFORM,USD_2023-01-25_ACC#00001_66912     0670806708819915814476DODOS98         MORIBUND ROTENONES S SMILAX   BOLL      00819915814476DODOS98         MORIBUND ZYGNEMA SK HYRACIFORM,RULE 1,A=0;B=0,008199158 14476 DODOS98                                                                         UPCLOSER MONOCOQUE GAB -,VOLERY 3109258666FP,45863.87,45863.87,0.00,0.00,2023-01-25,2023-01-25,0,"Publisher-labeled 1:1 match; numerical differences are review evidence, not a fraud/loss label."
152241676103,997730754154,501936967759,USD_2023-02-16_ACC#00001_66912     0147701477832228141477DODOS23         IF TMH SEE FAMES SMILAX   BOLL      00832228141477DODOS23         IF TMH SEE FAMES,USD_2023-02-16_ACC#00001_66912     0147701477832228141477DODOS23         IF TMH SEE FAMES SMILAX   BOLL      00832228141477DODOS23         IF TMH SEE FAMES,RULE 1,A=0;B=0,008322281 41477 DODOS23 L9HP5C0                                                                 UPCLOSER MONOCOQUE GAB -,VOLERY 3850763666FP,16700000.00,16700000.00,0.00,0.00,2023-02-16,2023-02-16,0,"Publisher-labeled 1:1 match; numerical differences are review evidence, not a fraud/loss label."
152373346533,57887279158,225707090710,USD_2023-02-24_ACC#00001_66912     0147701477848726041477OKET746         IF TMH SEE FAMES SMILAX   BOLL      00848726041477OKET746         IF TMH SEE FAMES,USD_2023-02-24_ACC#00001_66912     0147701477848726041477OKET746         IF TMH SEE FAMES SMILAX   BOLL      00848726041477OKET746         IF TMH SEE FAMES,RULE 1,A=0;B=0,008487260 41477 OKET746 L9HG7JS                                                                 UPCLOSER MONOCOQUE GAB -,VOLERY 3387600666FP,44839251.40,44839251.40,0.00,0.00,2023-02-24,2023-02-24,0,"Publisher-labeled 1:1 match; numerical differences are review evidence, not a fraud/loss label."
152435709140,900794177478,886387198587,USD_2023-01-07_ACC#00001_66912     0141401414875003680789NAPE703         MORIBUND ROTENONES S SMILAX   BOLL      00875003680789NAPE703         MORIBUND ZYGNEMA SK HYRACIFORM,USD_2023-01-07_ACC#00001_66912     0141401414875003680789NAPE703         MORIBUND ROTENONES S SMILAX   BOLL      00875003680789NAPE703         MORIBUND ZYGNEMA SK HYRACIFORM,RULE 1,A=0;B=0,008750036 80789 NAPE703                                                                         YMV NONREGULATIVE,VOLERY 3094599666FP,5365369.98,5365369.98,0.00,0.00,2023-01-07,2023-01-07,0,"Publisher-labeled 1:1 match; numerical differences are review evidence, not a fraud/loss label."
152587035975,779445208847,836873819538,USD_2023-01-20_ACC#00001_66912     0779507795 SMILAX   WAP,USD_2023-01-20_ACC#00001_66912     0779507795 SMILAX   WAP,RULE 5,A=0;B=0,6622656G6P6D6666 6+6Z656G6L6O686K                                                                UPCLOSER QUETCH EFI (WYE-,6622656G6P6D6660 0958266728VI,-3017.00,-3017.00,0.00,0.00,2023-01-20,2023-01-21,1,"Publisher-labeled 1:1 match; numerical differences are review evidence, not a fraud/loss label."
152805951719,50345728500,957363172174,USD_2023-01-15_ACC#00001_66912     0603606036818777067888NAPE703         OFF TMH TIRO FAMES SMILAX   BOLL      00818777067888NAPE703         OFF TMH TIRO HAU BT,USD_2023-01-15_ACC#00001_66912     0603606036818777067888NAPE703         OFF TMH TIRO FAMES SMILAX   BOLL      00818777067888NAPE703         OFF TMH TIRO HAU BT,RULE 1,A=0;B=0,008187770 67888 NAPE703 L9FR4J8                                                                 JO TONITE ETHERIFIES GAB,VOLERY 3732604666FP,-18252318.45,-18252318.45,0.00,0.00,2023-01-15,2023-01-15,0,"Publisher-labeled 1:1 match; numerical differences are review evidence, not a fraud/loss label."
152855784744,316428650127,200608480948,USD_2023-02-15_ACC#00001_66912     66325663250 32566RQ6Q8 088            JOQGO IW-OQGO FL SMILAX   GFG       VC0 32566RQ6Q8 088            JOQGO IW-OQGO FL,USD_2023-02-15_ACC#00001_66912     66325663250 32566RQ6Q8 088            JOQGO IW-OQGO FL SMILAX   GFG       VC0 32566RQ6Q8 088            JOQGO IW-OQGO FL,RULE 1,A=0;B=0,32566RQ6Q8 32566RQ6Q8                                                                      JOQGO IW-OQGO FL,595756VU61381959 2574966799VI,-46618080.20,-46618080.20,0.00,0.00,2023-02-15,2023-02-15,0,"Publisher-labeled 1:1 match; numerical differences are review evidence, not a fraud/loss label."
152975886869,988321770558,159099899585,USD_2023-01-26_ACC#00001_66912     0603606036887852367888POSSE29         IF TMH SEE FAMES SMILAX   BOLL      00887852367888POSSE29         IF TMH SEE FAMES,USD_2023-01-26_ACC#00001_66912     0603606036887852367888POSSE29         IF TMH SEE FAMES SMILAX   BOLL      00887852367888POSSE29         IF TMH SEE FAMES,RULE 1,A=0;B=0,008878523 67888 POSSE29 L9HY8U9                                                                 JO TONITE ETHERIFIES GAB,VOLERY 3116945666FP,4382330.00,4382330.00,0.00,0.00,2023-01-26,2023-01-26,0,"Publisher-labeled 1:1 match; numerical differences are review evidence, not a fraud/loss label."
153007624235,99592377585,807454771011,USD_2023-03-04_ACC#00001_66912     0147701477848757141477OKET487         OFF TMH SEE FAMES SMILAX   BOLL      00848757141477OKET487         OFF TMH SEE EMEU S,USD_2023-03-04_ACC#00001_66912     0147701477848757141477OKET487         OFF TMH SEE FAMES SMILAX   BOLL      00848757141477OKET487         OFF TMH SEE EMEU S,RULE 1,A=0;B=0,008487571 41477 OKET487 L9HG7UR                                                                 UPCLOSER MONOCOQUE GAB -,VOLERY 3359422666FP,1056815.50,1056815.50,0.00,0.00,2023-03-04,2023-03-04,0,"Publisher-labeled 1:1 match; numerical differences are review evidence, not a fraud/loss label."
153012730565,857036325971,626324848966,USD_2023-01-04_ACC#00001_66912     0617806178877440767387NAPE460         MORIBUND VEXES WHUFF SMILAX   BOLL      00877440767387NAPE460         MORIBUND VEXES S FOMALHAUT,USD_2023-01-04_ACC#00001_66912     0617806178877440767387NAPE460         MORIBUND VEXES WHUFF SMILAX   BOLL      00877440767387NAPE460         MORIBUND VEXES S FOMALHAUT,RULE 1,A=0;B=0,008774407 67387 NAPE460                                                                         RHODIZITE GEOMETRINE BETA,VOLERY 3043524666FP,-389604.26,-389604.26,0.00,0.00,2023-01-04,2023-01-04,0,"Publisher-labeled 1:1 match; numerical differences are review evidence, not a fraud/loss label."
153016583618,413197801891,474784286156,USD_2023-01-01_ACC#00001_66912     0156001560877823410810KELD150         MORIBUND ROTENONES S SMILAX   BOLL      00877823410810KELD150         MORIBUND ZYGNEMA SK HYRACIFORM,USD_2023-01-01_ACC#00001_66912     0156001560877823410810KELD150         MORIBUND ROTENONES S SMILAX   BOLL      00877823410810KELD150         MORIBUND ZYGNEMA SK HYRACIFORM,RULE 1,A=0;B=0,008778234 10810 KELD150                                                                         DESILT TYPY OEV,VOLERY 3031495666FP,1188650.33,1188650.33,0.00,0.00,2023-01-01,2023-01-01,0,"Publisher-labeled 1:1 match; numerical differences are review evidence, not a fraud/loss label."
153065028488,466732181730,211096720707,USD_2023-02-18_ACC#00001_66912     66325663250 32566RUQP8 088            JOQVY - ELUVIA - SMILAX   GFG       VC0 32566RUQP8 088            JOQVY - ELUVIA -,USD_2023-02-18_ACC#00001_66912     66325663250 32566RUQP8 088            JOQVY - ELUVIA - SMILAX   GFG       VC0 32566RUQP8 088            JOQVY - ELUVIA -,RULE 3,A=0;B=0,32566RUQP8 32566RUQP8                                                                      JOQVY - ELUVIA -,32566RUQP8 2386166160VI,24633.79,24633.79,0.00,0.00,2023-02-18,2023-02-18,0,"Publisher-labeled 1:1 match; numerical differences are review evidence, not a fraud/loss label."
153099911032,744874119184,898715160646,USD_2023-02-22_ACC#00001_66912     0256602566 SMILAX   FGGKR,USD_2023-02-22_ACC#00001_66912     0256602566 SMILAX   FGGKR,RULE 1,A=0;B=0,35020772 ALME7U5173JOQG7U                                                                JO TONITE SAUNT 664952723,V620651467934722 5882466164VI,-939880.65,-939880.65,0.00,0.00,2023-02-22,2023-02-22,0,"Publisher-labeled 1:1 match; numerical differences are review evidence, not a fraud/loss label."
153204047786,685943345199,309014432600,USD_2023-03-02_ACC#00001_66912     0147701477842166141477CANGY22         OFF TMH SEE FAMES SMILAX   BOLL      00842166141477CANGY22         OFF TMH SEE EMEU S,USD_2023-03-02_ACC#00001_66912     0147701477842166141477CANGY22         OFF TMH SEE FAMES SMILAX   BOLL      00842166141477CANGY22         OFF TMH SEE EMEU S,RULE 1,A=0;B=0,008421661 41477 CANGY22 L9HG52Y                                                                 UPCLOSER MONOCOQUE GAB -,VOLERY 3356646666FP,8808710.10,8808710.10,0.00,0.00,2023-03-02,2023-03-02,0,"Publisher-labeled 1:1 match; numerical differences are review evidence, not a fraud/loss label."
153290876707,641848538043,157406403366,USD_2023-02-16_ACC#00001_66912     0147601476832380041476                IF TMH ENQUIRE WOLD SMILAX   BOLL      00832380041476                IF TMH ENQUIRE C TCK,USD_2023-02-16_ACC#00001_66912     0147601476832380041476                IF TMH ENQUIRE WOLD SMILAX   BOLL      00832380041476                IF TMH ENQUIRE C TCK,RULE 1,A=0;B=0,008323800 41476 L9HP2DK                                                                 ENHAT HAJJ TYPY,TORTRICIDAE. 1952766166XD,-729740.00,-729740.00,0.00,0.00,2023-02-16,2023-02-16,0,"Publisher-labeled 1:1 match; numerical differences are review evidence, not a fraud/loss label."
15329468089,932485130512,219376861822,USD_2023-01-04_ACC#00001_66912     66325663250 32566TDRYU 088            JOQVY - BAS - DG SMILAX   GFG       VC0 32566TDRYU 088            JOQVY - BAS - DG,USD_2023-01-04_ACC#00001_66912     66325663250 32566TDRYU 088            JOQVY - BAS - DG SMILAX   GFG       VC0 32566TDRYU 088            JOQVY - BAS - DG,RULE 3,A=0;B=0,32566TDRYU 32566TDRYU                                                                      JOQVY - BAS - DG,32566TDRYU 8251966738VI,14756949.02,14756949.02,0.00,0.00,2023-01-04,2023-01-04,0,"Publisher-labeled 1:1 match; numerical differences are review evidence, not a fraud/loss label."
153310937766,628921274838,54415449759,USD_2023-02-16_ACC#00001_66912     6602466024SC OX UNDERSEEN MISTRUST    TX7564 SB SMILAX   GESS      WOLD OX UNDERSEEN MISTRUST    TX7564 SB,USD_2023-02-16_ACC#00001_66912     6602466024SC OX UNDERSEEN MISTRUST    TX7564 SB SMILAX   GESS      WOLD OX UNDERSEEN MISTRUST    TX7564 SB,RULE 1,A=0;B=0,720669 666666661601737,912DIP768 0164466166VI,1044656.00,1044656.00,0.00,0.00,2023-02-16,2023-02-16,0,"Publisher-labeled 1:1 match; numerical differences are review evidence, not a fraud/loss label."
153362738815,217917473522,236339472537,USD_2023-02-08_ACC#00001_66912     0122701227836407512607OKET805         MORIBUND VEXES WHUFF SMILAX   BOLL      00836407512607OKET805         MORIBUND VEXES S FOMALHAUT,USD_2023-02-08_ACC#00001_66912     0122701227836407512607OKET805         MORIBUND VEXES WHUFF SMILAX   BOLL      00836407512607OKET805         MORIBUND VEXES S FOMALHAUT,RULE 1,A=0;B=0,008364075 12607 OKET805                                                                         KAMIAN SPROTTLE VOWED QMQ,VOLERY 3877739666FP,-2234200.00,-2234200.00,0.00,0.00,2023-02-08,2023-02-08,0,"Publisher-labeled 1:1 match; numerical differences are review evidence, not a fraud/loss label."
153475755120,123405747977,52711632723,USD_2023-02-25_ACC#00001_66912     0670806708841876414407CHARE79         MORIBUND ROTENONES S SMILAX   BOLL      00841876414407CHARE79         MORIBUND ZYGNEMA SK HYRACIFORM,USD_2023-02-25_ACC#00001_66912     0670806708841876414407CHARE79         MORIBUND ROTENONES S SMILAX   BOLL      00841876414407CHARE79         MORIBUND ZYGNEMA SK HYRACIFORM,RULE 1,A=0;B=0,008418764 14407 CHARE79                                                                         UPCLOSER MONOCOQUE GAB -,VOLERY 3336644666FP,186837.78,186837.78,0.00,0.00,2023-02-25,2023-02-25,0,"Publisher-labeled 1:1 match; numerical differences are review evidence, not a fraud/loss label."
153477605982,800343388863,55306881171,USD_2023-01-26_ACC#00001_66912     66325663250 32566RVJ5Q 088               DE VIZIR LATA SMILAX   GFG       VC0 32566RVJ5Q 088               DE VIZIR LATA,USD_2023-01-26_ACC#00001_66912     66325663250 32566RVJ5Q 088               DE VIZIR LATA SMILAX   GFG       VC0 32566RVJ5Q 088               DE VIZIR LATA,RULE 3,A=0;B=0,32566RVJ5Q 32566RVJ5Q                                                                         DE VIZIR LATA,32566RVJ5Q 0657666725VI,38563.79,38563.79,0.00,0.00,2023-01-26,2023-01-26,0,"Publisher-labeled 1:1 match; numerical differences are review evidence, not a fraud/loss label."
153511252467,387636600396,622325429425,USD_2023-01-08_ACC#00001_66912     66325663250 32566J0I0S 088            JOQVY DE-BAS - T SMILAX   GFG       VC0 32566J0I0S 088            JOQVY DE-BAS - T,USD_2023-01-08_ACC#00001_66912     66325663250 32566J0I0S 088            JOQVY DE-BAS - T SMILAX   GFG       VC0 32566J0I0S 088            JOQVY DE-BAS - T,RULE 1,A=0;B=0,32566J0I0S 32566J0I0S                                                                      JOQVY DE-BAS - T,322746AL68754834 0745366746VI,-551049.93,-551049.93,0.00,0.00,2023-01-08,2023-01-08,0,"Publisher-labeled 1:1 match; numerical differences are review evidence, not a fraud/loss label."
153675076545,306588134758,95875145012,USD_2023-02-25_ACC#00001_66912     0673506735843227467089OKET216         MORIBUND ROTENONES S SMILAX   BOLL      00843227467089OKET216         MORIBUND ZYGNEMA SK HYRACIFORM,USD_2023-02-25_ACC#00001_66912     0673506735843227467089OKET216         MORIBUND ROTENONES S SMILAX   BOLL      00843227467089OKET216         MORIBUND ZYGNEMA SK HYRACIFORM,RULE 1,A=0;B=0,008432274 67089 OKET216                                                                         RELATIVE MILOR GAB,VOLERY 3336679666FP,715125.00,715125.00,0.00,0.00,2023-02-25,2023-02-25,0,"Publisher-labeled 1:1 match; numerical differences are review evidence, not a fraud/loss label."
153678667053,601541001064,618249422519,USD_2023-01-07_ACC#00001_66912     0122001220874147612660SCOOP75         MORIBUND VEXES WHUFF SMILAX   BOLL      00874147612660SCOOP75         MORIBUND VEXES S FOMALHAUT,USD_2023-01-07_ACC#00001_66912     0122001220874147612660SCOOP75         MORIBUND VEXES WHUFF SMILAX   BOLL      00874147612660SCOOP75         MORIBUND VEXES S FOMALHAUT,RULE 1,A=0;B=0,008741476 12660 SCOOP75                                                                         UPCLOSER MONOCOQUE GAB -,VOLERY 3092132666FP,-881403.00,-881403.00,0.00,0.00,2023-01-07,2023-01-07,0,"Publisher-labeled 1:1 match; numerical differences are review evidence, not a fraud/loss label."
153708290388,483762882647,688158761687,USD_2023-02-25_ACC#00001_66912     0603606036848722567888ROMAN42         OFF TMH TIRO FAMES SMILAX   BOLL      00848722567888ROMAN42         OFF TMH TIRO HAU BT,USD_2023-02-25_ACC#00001_66912     0603606036848722567888ROMAN42         OFF TMH TIRO FAMES SMILAX   BOLL      00848722567888ROMAN42         OFF TMH TIRO HAU BT,RULE 1,A=0;B=0,008487225 67888 ROMAN42 L9HG7BB                                                                 JO TONITE ETHERIFIES GAB,VOLERY 3336249666FP,-4197539.75,-4197539.75,0.00,0.00,2023-02-25,2023-02-25,0,"Publisher-labeled 1:1 match; numerical differences are review evidence, not a fraud/loss label."
153743272994,442903455291,847132892691,USD_2023-01-14_ACC#00001_66912     66325663250 32566J4PHI 088            JOQVY - BAS - DG SMILAX   GFG       VC0 32566J4PHI 088            JOQVY - BAS - DG,USD_2023-01-14_ACC#00001_66912     66325663250 32566J4PHI 088            JOQVY - BAS - DG SMILAX   GFG       VC0 32566J4PHI 088            JOQVY - BAS - DG,RULE 1,A=0;B=0,32566J4PHI 32566J4PHI                                                                      JOQVY - BAS - DG,322756AL61833662 9590066742VI,-10321.75,-10321.75,0.00,0.00,2023-01-14,2023-01-14,0,"Publisher-labeled 1:1 match; numerical differences are review evidence, not a fraud/loss label."
153840680372,942474688134,294303104975,USD_2023-01-04_ACC#00001_66912     0250702507868590667666                ANDI SEMSEM DIP WOLD SMILAX   BOLL      00868590667666                ANDI SEMSEM DIP  WOLD,USD_2023-01-04_ACC#00001_66912     0250702507868590667666                ANDI SEMSEM DIP WOLD SMILAX   BOLL      00868590667666                ANDI SEMSEM DIP  WOLD,RULE 3,A=0;B=0,008685906 67666 BAIS453 L9HX5WK                                                                 VOCALIZABLE WIVES TWO OEV,008685906-767-0 4042766732VI,3751.46,3751.46,0.00,0.00,2023-01-04,2023-01-04,0,"Publisher-labeled 1:1 match; numerical differences are review evidence, not a fraud/loss label."
