reference,amount,currency,timestamp,direction,counterparty,description,source_id,source_reference,source_account,source_signed_amount,source_debit_or_credit,source_value_date,source_import_date,source_member,source_line
37266RH6BY,4229.7000,USD,2023-02-09T00:00:00Z,CREDIT,,"BenchRec production-derived, obfuscated source side A",101005639966,37266RH6BY 37266RH6BY                                                                      TOURNOIS NONFARM,ACC#00001,4229.70,CR,2023-02-09,2023-02-10,BenchRec_cash_v1.0_train.csv,126601
008813048,10807514.2400,USD,2023-01-28T00:00:00Z,CREDIT,,"BenchRec production-derived, obfuscated source side A",101217783611,008813048 17661 NAPE580                                                                         JOQVY ELUVIA DESINENT,ACC#00001,10807514.24,CR,2023-01-28,2023-01-29,BenchRec_cash_v1.0_train.csv,117980
008410924,40000000.0000,USD,2023-02-23T00:00:00Z,CREDIT,,"BenchRec production-derived, obfuscated source side A",101529533129,008410924 41477 NAPE150 L9HG6NE                                                                 UPCLOSER MONOCOQUE GAB -,ACC#00001,40000000.00,CR,2023-02-23,2023-02-24,BenchRec_cash_v1.0_train.csv,141331
32566RILIB,1587.5000,USD,2023-01-28T00:00:00Z,CREDIT,,"BenchRec production-derived, obfuscated source side A",104275838864,32566RILIB 32566RILIB                                                                      JOQVY - ELUVIA -,ACC#00001,1587.50,CR,2023-01-28,2023-01-29,BenchRec_cash_v1.0_train.csv,117363
660615,18250.0000,USD,2023-01-26T00:00:00Z,DEBIT,,"BenchRec production-derived, obfuscated source side A",106272075150,660615 666666667590666,ACC#00001,-18250.00,DR,2023-01-26,2023-01-27,BenchRec_cash_v1.0_train.csv,114882
008363157,840855.0400,USD,2023-02-10T00:00:00Z,CREDIT,,"BenchRec production-derived, obfuscated source side A",106452806131,008363157 12660 MBAYA27                                                                         UPCLOSER MONOCOQUE GAB -,ACC#00001,840855.04,CR,2023-02-10,2023-02-11,BenchRec_cash_v1.0_train.csv,128024
008712638,1700653.5600,USD,2023-01-05T00:00:00Z,DEBIT,,"BenchRec production-derived, obfuscated source side A",109107530517,008712638 14473 NAPE736                                                                         UPCLOSER MONOCOQUE GAB -,ACC#00001,-1700653.56,DR,2023-01-05,2023-01-06,BenchRec_cash_v1.0_train.csv,96175
756969,7224063.1300,USD,2023-01-18T00:00:00Z,DEBIT,,"BenchRec production-derived, obfuscated source side A",110947911168,756969 666666667507026,ACC#00001,-7224063.13,DR,2023-01-18,2023-01-19,BenchRec_cash_v1.0_train.csv,108460
32942999,3079171.0000,USD,2023-01-20T00:00:00Z,DEBIT,,"BenchRec production-derived, obfuscated source side A",111534084771,32942999 ALME7U6335JOQG7U                                                                JO TONITE SAUNT 664952723,ACC#00001,-3079171.00,DR,2023-01-20,2023-01-21,BenchRec_cash_v1.0_train.csv,110797
32566RL72Z,63981.6700,USD,2023-02-04T00:00:00Z,DEBIT,,"BenchRec production-derived, obfuscated source side A",111591337796,32566RL72Z 32566RL72Z                                                                      JOQVY - ELUVIA -,ACC#00001,-63981.67,DR,2023-02-04,2023-02-05,BenchRec_cash_v1.0_train.csv,122939
008823794,4286.6700,USD,2023-02-05T00:00:00Z,DEBIT,,"BenchRec production-derived, obfuscated source side A",117162459383,008823794 14407 GULA087                                                                         UPCLOSER MONOCOQUE GAB -,ACC#00001,-4286.67,DR,2023-02-05,2023-02-06,BenchRec_cash_v1.0_train.csv,124347
008772084,218350.0000,USD,2023-01-01T00:00:00Z,CREDIT,,"BenchRec production-derived, obfuscated source side A",119360809139,008772084 61008 BREI662                                                                         NIGROUS VOWED FUTHERMORE,ACC#00001,218350.00,CR,2023-01-01,2023-01-02,BenchRec_cash_v1.0_train.csv,93771
008021084,46900.0000,USD,2023-01-04T00:00:00Z,CREDIT,,"BenchRec production-derived, obfuscated source side A",12032829130,008021084 67666 UNDOG87 L9FV10X                                                                 HAFIZ GOWLAN OBS DADDER N,ACC#00001,46900.00,CR,2023-01-04,2023-01-05,BenchRec_cash_v1.0_train.csv,95519
008791190,16099627.5100,USD,2023-01-08T00:00:00Z,DEBIT,,"BenchRec production-derived, obfuscated source side A",121215743224,008791190 17661 NAPE703                                                                         TAPU ETHERIFIES AUANTIC,ACC#00001,-16099627.51,DR,2023-01-08,2023-01-09,BenchRec_cash_v1.0_train.csv,100782
008827649,5325863.3500,USD,2023-02-02T00:00:00Z,DEBIT,,"BenchRec production-derived, obfuscated source side A",121878025732,008827649 12660 NAPE703                                                                         INVESTIENT LAO YEAN CROM,ACC#00001,-5325863.35,DR,2023-02-02,2023-02-03,BenchRec_cash_v1.0_train.csv,120586
008723287,209158.9000,USD,2023-01-08T00:00:00Z,CREDIT,,"BenchRec production-derived, obfuscated source side A",122968889060,008723287 67050 BRIST69                                                                         PREOCCUR FUTHERMORE YARAY,ACC#00001,209158.90,CR,2023-01-08,2023-01-09,BenchRec_cash_v1.0_train.csv,100409
32566TDRMR,14558038.5200,USD,2023-01-04T00:00:00Z,CREDIT,,"BenchRec production-derived, obfuscated source side A",123204782637,32566TDRMR 32566TDRMR                                                                      JOQVY - BAS - DG,ACC#00001,14558038.52,CR,2023-01-04,2023-01-05,BenchRec_cash_v1.0_train.csv,95118
008418764,186837.7800,USD,2023-02-25T00:00:00Z,CREDIT,,"BenchRec production-derived, obfuscated source side A",123405747977,008418764 14407 CHARE79                                                                         UPCLOSER MONOCOQUE GAB -,ACC#00001,186837.78,CR,2023-02-25,2023-02-26,BenchRec_cash_v1.0_train.csv,143103
008720189,54462402.2000,USD,2023-01-06T00:00:00Z,DEBIT,,"BenchRec production-derived, obfuscated source side A",125477359193,008720189 41477 MEGGY88 L9HH611                                                                 UPCLOSER MONOCOQUE GAB -,ACC#00001,-54462402.20,DR,2023-01-06,2023-01-07,BenchRec_cash_v1.0_train.csv,98591
008142229,3274833.7700,USD,2023-01-21T00:00:00Z,CREDIT,,"BenchRec production-derived, obfuscated source side A",126529228031,008142229 17661 NAPE825                                                                         DIANITE ANIMI VOWED AGHAN,ACC#00001,3274833.77,CR,2023-01-21,2023-01-22,BenchRec_cash_v1.0_train.csv,111942
008466581,55077.9400,USD,2023-02-22T00:00:00Z,CREDIT,,"BenchRec production-derived, obfuscated source side A",126534435130,008466581 14407 OKET701                                                                         UPCLOSER MONOCOQUE GAB -,ACC#00001,55077.94,CR,2023-02-22,2023-02-23,BenchRec_cash_v1.0_train.csv,139027
37266J83Y5,9698.3400,USD,2023-01-11T00:00:00Z,CREDIT,,"BenchRec production-derived, obfuscated source side A",126937695859,37266J83Y5 37266J83Y5                                                                      GLONOIN FLAYS KY,ACC#00001,9698.34,CR,2023-01-11,2023-01-12,BenchRec_cash_v1.0_train.csv,101986
32566RUQ9V,52682.0000,USD,2023-02-18T00:00:00Z,DEBIT,,"BenchRec production-derived, obfuscated source side A",127913785320,32566RUQ9V 32566RUQ9V                                                                      JOQVY - ELUVIA -,ACC#00001,-52682.00,DR,2023-02-18,2023-02-19,BenchRec_cash_v1.0_train.csv,135950
32566J5MD6,1767.2000,USD,2023-01-19T00:00:00Z,CREDIT,,"BenchRec production-derived, obfuscated source side A",12901014446,32566J5MD6 32566J5MD6                                                                      JOQVY - BAS - DG,ACC#00001,1767.20,CR,2023-01-19,2023-01-20,BenchRec_cash_v1.0_train.csv,108808
008322283,14750124.0000,USD,2023-02-16T00:00:00Z,CREDIT,,"BenchRec production-derived, obfuscated source side A",129419948861,008322283 41477 NAPE576 L9HP5C7                                                                 UPCLOSER MONOCOQUE GAB -,ACC#00001,14750124.00,CR,2023-02-16,2023-02-17,BenchRec_cash_v1.0_train.csv,133055
008359633,3419325.2000,USD,2023-02-17T00:00:00Z,CREDIT,,"BenchRec production-derived, obfuscated source side A",130047486859,008359633 41477 MOZO702 L9WA6FF                                                                 JOQVY H.C. ZUCCHINIS TENT,ACC#00001,3419325.20,CR,2023-02-17,2023-02-18,BenchRec_cash_v1.0_train.csv,134214
008871323,466757.5000,USD,2023-01-29T00:00:00Z,CREDIT,,"BenchRec production-derived, obfuscated source side A",131573016375,008871323 19262 AUG0741                                                                         UPCLOSER MONOCOQUE GAB -,ACC#00001,466757.50,CR,2023-01-29,2023-02-02,BenchRec_cash_v1.0_train.csv,119822
0598586,2026900.0000,USD,2023-02-12T00:00:00Z,CREDIT,,"BenchRec production-derived, obfuscated source side A",131776940212,0598586 V60598586                                                                       SHALE           667933724,ACC#00001,2026900.00,CR,2023-02-12,2023-02-13,BenchRec_cash_v1.0_train.csv,130661
008312109,2165032.0000,USD,2023-02-10T00:00:00Z,CREDIT,,"BenchRec production-derived, obfuscated source side A",132092438893,008312109 41477 NAPE718 L9HO9U6                                                                 UPCLOSER MONOCOQUE GAB -,ACC#00001,2165032.00,CR,2023-02-10,2023-02-11,BenchRec_cash_v1.0_train.csv,127963
32566RO2J6,100769.9300,USD,2023-02-19T00:00:00Z,DEBIT,,"BenchRec production-derived, obfuscated source side A",135252491673,32566RO2J6 32566RO2J6                                                                      JOQVY - BAS - DG,ACC#00001,-100769.93,DR,2023-02-19,2023-02-20,BenchRec_cash_v1.0_train.csv,136873
32566RLFTH,27313.0100,USD,2023-02-05T00:00:00Z,DEBIT,,"BenchRec production-derived, obfuscated source side A",135991013711,32566RLFTH 32566RLFTH                                                                      JOQVY - BAS - DG,ACC#00001,-27313.01,DR,2023-02-05,2023-02-06,BenchRec_cash_v1.0_train.csv,124485
15848442,206822.5200,USD,2023-03-05T00:00:00Z,DEBIT,,"BenchRec production-derived, obfuscated source side A",136718298233,15848442 EGBA7U0553JOQG7U                                                                VERANDAH AI     103618748,ACC#00001,-206822.52,DR,2023-03-05,2023-03-06,BenchRec_cash_v1.0_train.csv,149668
32566RPQG9,4657933.8800,USD,2023-02-23T00:00:00Z,DEBIT,,"BenchRec production-derived, obfuscated source side A",137746630133,32566RPQG9 32566RPQG9                                                                      JOQVY DE-BAS - T,ACC#00001,-4657933.88,DR,2023-02-23,2023-02-24,BenchRec_cash_v1.0_train.csv,140297
008305246,2849200.0000,USD,2023-02-10T00:00:00Z,CREDIT,,"BenchRec production-derived, obfuscated source side A",138919890381,008305246 17808 DOYST68                                                                         DIANITE ANIMI VOWED AGHAN,ACC#00001,2849200.00,CR,2023-02-10,2023-02-11,BenchRec_cash_v1.0_train.csv,128828
008470513,50604778.1700,USD,2023-02-24T00:00:00Z,CREDIT,,"BenchRec production-derived, obfuscated source side A",139114105988,008470513 88856 KAVI172                                                                         UPCLOSER MONOCOQUE GAB -,ACC#00001,50604778.17,CR,2023-02-24,2023-02-25,BenchRec_cash_v1.0_train.csv,141968
008743478,21808.9200,USD,2023-01-07T00:00:00Z,CREDIT,,"BenchRec production-derived, obfuscated source side A",139168087350,008743478 67327 JADE521                                                                         VOLUPT NAPKIN & RESSAUT,ACC#00001,21808.92,CR,2023-01-07,2023-01-08,BenchRec_cash_v1.0_train.csv,99847
008379602,25155.9500,USD,2023-02-09T00:00:00Z,CREDIT,,"BenchRec production-derived, obfuscated source side A",139364994724,008379602 14407 GULA646                                                                         UPCLOSER MONOCOQUE GAB -,ACC#00001,25155.95,CR,2023-02-09,2023-02-10,BenchRec_cash_v1.0_train.csv,126797
008170857,7892.6000,USD,2023-01-12T00:00:00Z,DEBIT,,"BenchRec production-derived, obfuscated source side A",13969002313,008170857 41477 NAPE159 L9FR7EY                                                                 JOQVY H.C. ZUCCHINIS TENT,ACC#00001,-7892.60,DR,2023-01-12,2023-01-13,BenchRec_cash_v1.0_train.csv,103602
07166J3LEA,116023.9000,USD,2023-01-12T00:00:00Z,DEBIT,,"BenchRec production-derived, obfuscated source side A",142887304115,07166J3LEA 07166J3LEA                                                                      JOQVY - DP - DAY,ACC#00001,-116023.90,DR,2023-01-12,2023-01-13,BenchRec_cash_v1.0_train.csv,103676
32566J6J7R,43206.6000,USD,2023-01-07T00:00:00Z,DEBIT,,"BenchRec production-derived, obfuscated source side A",143626093032,32566J6J7R 32566J6J7R                                                                      JOQVY - ELUVIA -,ACC#00001,-43206.60,DR,2023-01-07,2023-01-08,BenchRec_cash_v1.0_train.csv,99156
27440736,23000000.0000,USD,2023-01-28T00:00:00Z,DEBIT,,"BenchRec production-derived, obfuscated source side A",144247092123,27440736 VENT7L4763JOQG7U                                                                TIDDLER TRIFOLY 668261992,ACC#00001,-23000000.00,DR,2023-01-28,2023-01-29,BenchRec_cash_v1.0_train.csv,117401
37266J1BNO,6438.5400,USD,2023-01-11T00:00:00Z,CREDIT,,"BenchRec production-derived, obfuscated source side A",146995713465,37266J1BNO 37266J1BNO                                                                      INKROOT LIKED BY,ACC#00001,6438.54,CR,2023-01-11,2023-01-12,BenchRec_cash_v1.0_train.csv,102965
008383031,1000000.0000,USD,2023-02-11T00:00:00Z,DEBIT,,"BenchRec production-derived, obfuscated source side A",147797629558,008383031 41476 L9HP0SP                                                                 SLATTERN AVIARY ENNOBLERS,ACC#00001,-1000000.00,DR,2023-02-11,2023-02-13,BenchRec_cash_v1.0_train.csv,130443
008785052,1905450.8100,USD,2023-01-04T00:00:00Z,DEBIT,,"BenchRec production-derived, obfuscated source side A",148582870224,008785052 55570 NAPE703                                                                         SLATTERN ASSUMER OPUSCULA,ACC#00001,-1905450.81,DR,2023-01-04,2023-01-05,BenchRec_cash_v1.0_train.csv,95515
VIP9126666790789,59440780.2600,USD,2023-01-11T00:00:00Z,DEBIT,,"BenchRec production-derived, obfuscated source side A",149065034136,VIP9126666790789 VIP9126666790789,ACC#00001,-59440780.26,DR,2023-01-11,2023-01-12,BenchRec_cash_v1.0_train.csv,102251
37266J88LJ,1473.3700,USD,2023-01-11T00:00:00Z,DEBIT,,"BenchRec production-derived, obfuscated source side A",149192324315,37266J88LJ 37266J88LJ                                                                      INKROOT LIKED BY,ACC#00001,-1473.37,DR,2023-01-11,2023-01-12,BenchRec_cash_v1.0_train.csv,121507
008482130,215272.7100,USD,2023-03-01T00:00:00Z,DEBIT,,"BenchRec production-derived, obfuscated source side A",149985284444,008482130 14476 RIGHT40                                                                         UPCLOSER MONOCOQUE GAB -,ACC#00001,-215272.71,DR,2023-03-01,2023-03-02,BenchRec_cash_v1.0_train.csv,146207
05703776,6071585.4200,USD,2023-03-02T00:00:00Z,DEBIT,,"BenchRec production-derived, obfuscated source side A",150326554340,05703776 0828JOQG7U                                                                DIANITE         662016475,ACC#00001,-6071585.42,DR,2023-03-02,2023-03-03,BenchRec_cash_v1.0_train.csv,148722
008185278,763242.0700,USD,2023-01-18T00:00:00Z,DEBIT,,"BenchRec production-derived, obfuscated source side A",150494214840,008185278 55570 NAPE703                                                                         ZEE ETHERIFIES EFI,ACC#00001,-763242.07,DR,2023-01-18,2023-01-19,BenchRec_cash_v1.0_train.csv,108283
008332170,117586.6000,USD,2023-02-15T00:00:00Z,DEBIT,,"BenchRec production-derived, obfuscated source side A",150916148651,008332170 14476 DEDAN53                                                                         UPCLOSER MONOCOQUE GAB -,ACC#00001,-117586.60,DR,2023-02-15,2023-02-16,BenchRec_cash_v1.0_train.csv,132562
008337705,1009953.5100,USD,2023-02-18T00:00:00Z,CREDIT,,"BenchRec production-derived, obfuscated source side A",151654984567,008337705 55571 NAPE703                                                                         IHB FUTHERMORE RESSAUT BY,ACC#00001,1009953.51,CR,2023-02-18,2023-02-19,BenchRec_cash_v1.0_train.csv,135288
008392762,2311480.2400,USD,2023-02-22T00:00:00Z,DEBIT,,"BenchRec production-derived, obfuscated source side A",152667721064,008392762 61008 BAIS551                                                                         ASCIDIA GEOMETRINE MOGGIO,ACC#00001,-2311480.24,DR,2023-02-22,2023-02-23,BenchRec_cash_v1.0_train.csv,139815
32566RPNLF,1797.7500,USD,2023-02-24T00:00:00Z,DEBIT,,"BenchRec production-derived, obfuscated source side A",154374131080,32566RPNLF 32566RPNLF                                                                      JO TONITE AGGEST,ACC#00001,-1797.75,DR,2023-02-24,2023-02-25,BenchRec_cash_v1.0_train.csv,142121
666071,145044000.0000,USD,2023-01-27T00:00:00Z,CREDIT,,"BenchRec production-derived, obfuscated source side A",155092305736,666071 666666667903786,ACC#00001,145044000.00,CR,2023-01-27,2023-01-30,BenchRec_cash_v1.0_train.csv,118839
008813009,1473000.0000,USD,2023-01-28T00:00:00Z,DEBIT,,"BenchRec production-derived, obfuscated source side A",155160939474,008813009 67888 NAPE159 L9HY4WI                                                                 JO TONITE ETHERIFIES GAB,ACC#00001,-1473000.00,DR,2023-01-28,2023-01-29,BenchRec_cash_v1.0_train.csv,118600
008114705,216474.8500,USD,2023-01-18T00:00:00Z,DEBIT,,"BenchRec production-derived, obfuscated source side A",157455227000,008114705 67399 NAPE778                                                                         I GHEE POSSY DRACONITES N,ACC#00001,-216474.85,DR,2023-01-18,2023-01-19,BenchRec_cash_v1.0_train.csv,108230
008397955,13275789.0000,USD,2023-02-17T00:00:00Z,CREDIT,,"BenchRec production-derived, obfuscated source side A",158985250032,008397955 43644 AUG0160 L9WA0DP                                                                 HAJJ SNOBS,ACC#00001,13275789.00,CR,2023-02-17,2023-02-18,BenchRec_cash_v1.0_train.csv,134392
008720509,1454878.8300,USD,2023-01-06T00:00:00Z,CREDIT,,"BenchRec production-derived, obfuscated source side A",159398088776,008720509 41477 OKET078 L9HH62Q                                                                 JOQVY H.C. ZUCCHINIS TENT,ACC#00001,1454878.83,CR,2023-01-06,2023-01-07,BenchRec_cash_v1.0_train.csv,98533
008740308,5327617.0000,USD,2023-01-04T00:00:00Z,CREDIT,,"BenchRec production-derived, obfuscated source side A",160687447254,008740308 41477 NAPE195 L9HJ5O4                                                                 UPCLOSER MONOCOQUE GAB -,ACC#00001,5327617.00,CR,2023-01-04,2023-01-05,BenchRec_cash_v1.0_train.csv,96022
008737497,3866586.5000,USD,2023-01-01T00:00:00Z,CREDIT,,"BenchRec production-derived, obfuscated source side A",16404795170,008737497 67888 SHOWD61 L9HJ4FD                                                                 JO TONITE ETHERIFIES GAB,ACC#00001,3866586.50,CR,2023-01-01,2023-01-02,BenchRec_cash_v1.0_train.csv,94167
008355364,2673421.8000,USD,2023-02-19T00:00:00Z,CREDIT,,"BenchRec production-derived, obfuscated source side A",164126691107,008355364 17661 AUG0618                                                                         DIANITE ANIMI VOWED AGHAN,ACC#00001,2673421.80,CR,2023-02-19,2023-02-20,BenchRec_cash_v1.0_train.csv,137065
32566J6V54,12203.7400,USD,2023-01-06T00:00:00Z,DEBIT,,"BenchRec production-derived, obfuscated source side A",164265380465,32566J6V54 32566J6V54                                                                      JOQVY - BAS - DG,ACC#00001,-12203.74,DR,2023-01-06,2023-01-07,BenchRec_cash_v1.0_train.csv,97336
008141965,1134959.8200,USD,2023-01-19T00:00:00Z,DEBIT,,"BenchRec production-derived, obfuscated source side A",164290768847,008141965 41477 GULA414 L9XU0E8                                                                 JOQVY H.C. ZUCCHINIS TENT,ACC#00001,-1134959.82,DR,2023-01-19,2023-01-20,BenchRec_cash_v1.0_train.csv,109213
008735304,418240.0000,USD,2023-01-18T00:00:00Z,CREDIT,,"BenchRec production-derived, obfuscated source side A",165807859282,008735304 12660 GLG1234                                                                         UPCLOSER MONOCOQUE GAB -,ACC#00001,418240.00,CR,2023-01-18,2023-01-19,BenchRec_cash_v1.0_train.csv,107808
008851870,3516588.4400,USD,2023-02-09T00:00:00Z,CREDIT,,"BenchRec production-derived, obfuscated source side A",165826149899,008851870 88856 NAPE509                                                                         ELEUT LIVERS GEOMETRINE P,ACC#00001,3516588.44,CR,2023-02-09,2023-02-10,BenchRec_cash_v1.0_train.csv,126574
008822307,22314982.0000,USD,2023-02-04T00:00:00Z,CREDIT,,"BenchRec production-derived, obfuscated source side A",166928699508,008822307 16768 OKET746                                                                         UPCLOSER MONOCOQUE GAB -,ACC#00001,22314982.00,CR,2023-02-04,2023-02-05,BenchRec_cash_v1.0_train.csv,122583
008107640,400000.0000,USD,2023-01-11T00:00:00Z,CREDIT,,"BenchRec production-derived, obfuscated source side A",167472915672,008107640 41476 L9HH928                                                                 SLATTERN AVIARY ENNOBLERS,ACC#00001,400000.00,CR,2023-01-11,2023-01-12,BenchRec_cash_v1.0_train.csv,102434
8096936,40000000.0000,USD,2023-02-17T00:00:00Z,CREDIT,,"BenchRec production-derived, obfuscated source side A",167679044837,8096936 V68096936                                                                       GRENELLE U.P.C/Q136666971,ACC#00001,40000000.00,CR,2023-02-17,2023-02-18,BenchRec_cash_v1.0_train.csv,134514
AHT9126666166401,32876559.0000,USD,2023-02-09T00:00:00Z,DEBIT,,"BenchRec production-derived, obfuscated source side A",170326856426,AHT9126666166401 AHT9126666166401,ACC#00001,-32876559.00,DR,2023-02-09,2023-02-10,BenchRec_cash_v1.0_train.csv,126766
32566RY50G,2102559.2800,USD,2023-01-22T00:00:00Z,CREDIT,,"BenchRec production-derived, obfuscated source side A",171102106292,32566RY50G 32566RY50G                                                                      JOQ KEF LEW EFI-,ACC#00001,2102559.28,CR,2023-01-22,2023-01-23,BenchRec_cash_v1.0_train.csv,112915
008723387,209835.1500,USD,2023-01-08T00:00:00Z,CREDIT,,"BenchRec production-derived, obfuscated source side A",171389028410,008723387 67327 JADE521                                                                         VOLUPT NAPKIN & RESSAUT,ACC#00001,209835.15,CR,2023-01-08,2023-01-09,BenchRec_cash_v1.0_train.csv,100538
35612439,347090.0000,USD,2023-01-28T00:00:00Z,CREDIT,,"BenchRec production-derived, obfuscated source side A",172407499282,35612439 V35612439                                                                       JO TONITE SAUNT 664952723,ACC#00001,347090.00,CR,2023-01-28,2023-01-29,BenchRec_cash_v1.0_train.csv,118122
008407668,30286.8600,USD,2023-02-24T00:00:00Z,DEBIT,,"BenchRec production-derived, obfuscated source side A",173060828082,008407668 14476 CHARE58                                                                         UPCLOSER MONOCOQUE GAB -,ACC#00001,-30286.86,DR,2023-02-24,2023-02-25,BenchRec_cash_v1.0_train.csv,141585
32566RGDGU,26281.4000,USD,2023-03-01T00:00:00Z,DEBIT,,"BenchRec production-derived, obfuscated source side A",17496238854,32566RGDGU 32566RGDGU                                                                      JOQVY DE -ELUVIA,ACC#00001,-26281.40,DR,2023-03-01,2023-03-02,BenchRec_cash_v1.0_train.csv,146643
008122374,470135.9600,USD,2023-01-22T00:00:00Z,DEBIT,,"BenchRec production-derived, obfuscated source side A",176485390902,008122374 12660 NAPE518                                                                         UPCLOSER MONOCOQUE GAB -,ACC#00001,-470135.96,DR,2023-01-22,2023-01-23,BenchRec_cash_v1.0_train.csv,112888
008315172,36150.3300,USD,2023-02-10T00:00:00Z,DEBIT,,"BenchRec production-derived, obfuscated source side A",176615149347,008315172 67399 COCT519                                                                         SAUNT MAZA MICRODONTY,ACC#00001,-36150.33,DR,2023-02-10,2023-02-11,BenchRec_cash_v1.0_train.csv,128776
008463024,21160405.6000,USD,2023-02-22T00:00:00Z,DEBIT,,"BenchRec production-derived, obfuscated source side A",177638143593,008463024 17667 OKET484                                                                         UPCLOSER MONOCOQUE GAB -,ACC#00001,-21160405.60,DR,2023-02-22,2023-02-23,BenchRec_cash_v1.0_train.csv,138638
008865051,147900.2000,USD,2023-01-27T00:00:00Z,DEBIT,,"BenchRec production-derived, obfuscated source side A",180163596198,008865051 12667 NAPE908                                                                         PAROCHIALISM VOWED QMQF U,ACC#00001,-147900.20,DR,2023-01-27,2023-01-28,BenchRec_cash_v1.0_train.csv,116885
32566RVL91,756973.7500,USD,2023-01-26T00:00:00Z,CREDIT,,"BenchRec production-derived, obfuscated source side A",18070284059,32566RVL91 32566RVL91                                                                      JOQVY DE -ELUVIA,ACC#00001,756973.75,CR,2023-01-26,2023-01-27,BenchRec_cash_v1.0_train.csv,115175
32566RBLJD,146696.1700,USD,2023-02-25T00:00:00Z,CREDIT,,"BenchRec production-derived, obfuscated source side A",182075848705,32566RBLJD 32566RBLJD                                                                      JOQVY - ELUVIA -,ACC#00001,146696.17,CR,2023-02-25,2023-02-26,BenchRec_cash_v1.0_train.csv,143417
008373428,169830.3000,USD,2023-02-11T00:00:00Z,CREDIT,,"BenchRec production-derived, obfuscated source side A",183772947300,008373428 14409 EPEE701                                                                         SLATTERN TYPY OEV,ACC#00001,169830.30,CR,2023-02-11,2023-02-12,BenchRec_cash_v1.0_train.csv,129879
32566J4HUQ,46528.0000,USD,2023-01-14T00:00:00Z,CREDIT,,"BenchRec production-derived, obfuscated source side A",18384630921,32566J4HUQ 32566J4HUQ                                                                      JOQVY - ELUVIA -,ACC#00001,46528.00,CR,2023-01-14,2023-01-15,BenchRec_cash_v1.0_train.csv,105877
07166J4P19,3230000.0000,USD,2023-01-14T00:00:00Z,DEBIT,,"BenchRec production-derived, obfuscated source side A",184915549709,07166J4P19 07166J4P19                                                                               QML EFI,ACC#00001,-3230000.00,DR,2023-01-14,2023-01-15,BenchRec_cash_v1.0_train.csv,105965
008816352,705792.0000,USD,2023-01-27T00:00:00Z,DEBIT,,"BenchRec production-derived, obfuscated source side A",18662227955,008816352 10810 EPOXY95                                                                         LAC FRUZ CUBICLES WF,ACC#00001,-705792.00,DR,2023-01-27,2023-01-28,BenchRec_cash_v1.0_train.csv,116381
008737186,42970632.3000,USD,2023-01-04T00:00:00Z,DEBIT,,"BenchRec production-derived, obfuscated source side A",18665855202,008737186 88840 EPEE242                                                                         UPCLOSER MONOCOQUE GAB -,ACC#00001,-42970632.30,DR,2023-01-04,2023-01-05,BenchRec_cash_v1.0_train.csv,95227
28490476,3567040.0000,USD,2023-02-03T00:00:00Z,CREDIT,,"BenchRec production-derived, obfuscated source side A",186862472819,28490476 V28490476                                                                       SHALE           667933724,ACC#00001,3567040.00,CR,2023-02-03,2023-02-04,BenchRec_cash_v1.0_train.csv,121717
32566J4K0B,227518.4400,USD,2023-01-14T00:00:00Z,CREDIT,,"BenchRec production-derived, obfuscated source side A",186979687841,32566J4K0B 32566J4K0B                                                                      JOQVY - ELUVIA -,ACC#00001,227518.44,CR,2023-01-14,2023-01-15,BenchRec_cash_v1.0_train.csv,105554
008414807,10000000.0000,USD,2023-02-24T00:00:00Z,CREDIT,,"BenchRec production-derived, obfuscated source side A",187126201992,008414807 47082 SWEAT01 L9HG0MM                                                                 DUPPY YO TRIFOLY MAECENAS,ACC#00001,10000000.00,CR,2023-02-24,2023-02-25,BenchRec_cash_v1.0_train.csv,142782
008477227,97875.7900,USD,2023-02-24T00:00:00Z,CREDIT,,"BenchRec production-derived, obfuscated source side A",187149814476,008477227 14476 UNDOG29                                                                         UPCLOSER MONOCOQUE GAB -,ACC#00001,97875.79,CR,2023-02-24,2023-02-25,BenchRec_cash_v1.0_train.csv,142354
32566RQ01K,169000.0000,USD,2023-02-15T00:00:00Z,CREDIT,,"BenchRec production-derived, obfuscated source side A",187175221648,32566RQ01K 32566RQ01K                                                                      JOQVY - BAS - DG,ACC#00001,169000.00,CR,2023-02-15,2023-02-16,BenchRec_cash_v1.0_train.csv,131417
008803037,5054210.0000,USD,2023-01-25T00:00:00Z,CREDIT,,"BenchRec production-derived, obfuscated source side A",188483895249,008803037 67888 CHARE18 L9HY7Q8                                                                 JO TONITE ETHERIFIES GAB,ACC#00001,5054210.00,CR,2023-01-25,2023-01-26,BenchRec_cash_v1.0_train.csv,113943
008374213,25953.4900,USD,2023-02-10T00:00:00Z,CREDIT,,"BenchRec production-derived, obfuscated source side A",189102187637,008374213 14409 JAUP657                                                                         SLATTERN TYPY OEV,ACC#00001,25953.49,CR,2023-02-10,2023-02-11,BenchRec_cash_v1.0_train.csv,128687
008340584,2058900.0000,USD,2023-02-18T00:00:00Z,DEBIT,,"BenchRec production-derived, obfuscated source side A",190192640997,008340584 67613 OKET347                                                                         ASCIDIA GEOMETRINE MOGGIO,ACC#00001,-2058900.00,DR,2023-02-18,2023-02-19,BenchRec_cash_v1.0_train.csv,135009
008723328,50886.9600,USD,2023-01-08T00:00:00Z,CREDIT,,"BenchRec production-derived, obfuscated source side A",193086769229,008723328 67327 JADE521                                                                         VOLUPT NAPKIN & RESSAUT,ACC#00001,50886.96,CR,2023-01-08,2023-01-09,BenchRec_cash_v1.0_train.csv,100128
32566RFE1S,730745.3600,USD,2023-03-04T00:00:00Z,DEBIT,,"BenchRec production-derived, obfuscated source side A",193280154194,32566RFE1S 32566RFE1S                                                                      JOQVY DE-ELUVIA,ACC#00001,-730745.36,DR,2023-03-04,2023-03-05,BenchRec_cash_v1.0_train.csv,148263
008855312,4570964.5200,USD,2023-02-04T00:00:00Z,DEBIT,,"BenchRec production-derived, obfuscated source side A",193949033530,008855312 67323 MOZO148                                                                         JO TONITE ETHERIFIES GAB,ACC#00001,-4570964.52,DR,2023-02-04,2023-02-05,BenchRec_cash_v1.0_train.csv,123018
RM142543,20000.0000,USD,2023-01-13T00:00:00Z,CREDIT,,"BenchRec production-derived, obfuscated source side A",194776306557,RM142543  67666 FWD AUANTIC ELUVIA,ACC#00001,20000.00,CR,2023-01-13,2023-01-14,BenchRec_cash_v1.0_train.csv,104685
32566RVNDD,63377507.1400,USD,2023-01-27T00:00:00Z,CREDIT,,"BenchRec production-derived, obfuscated source side A",194894935044,32566RVNDD 32566RVNDD                                                                      JOQGO IW-OQGO FL,ACC#00001,63377507.14,CR,2023-01-27,2023-01-28,BenchRec_cash_v1.0_train.csv,115939
008865318,5554638.8300,USD,2023-01-25T00:00:00Z,DEBIT,,"BenchRec production-derived, obfuscated source side A",19581266919,008865318 41477 NAPE580 L9HY6RF                                                                 UPCLOSER MONOCOQUE GAB -,ACC#00001,-5554638.83,DR,2023-01-25,2023-01-26,BenchRec_cash_v1.0_train.csv,113834
008470627,2644890.0000,USD,2023-02-22T00:00:00Z,CREDIT,,"BenchRec production-derived, obfuscated source side A",197037054553,008470627 41477 NAPE718 L9WA2ND                                                                 UPCLOSER MONOCOQUE GAB -,ACC#00001,2644890.00,CR,2023-02-22,2023-02-23,BenchRec_cash_v1.0_train.csv,139033
32987932,986736.2400,USD,2023-01-15T00:00:00Z,CREDIT,,"BenchRec production-derived, obfuscated source side A",197042799034,32987932 V32987932                                                                       JO TONITE SAUNT 664952723,ACC#00001,986736.24,CR,2023-01-15,2023-01-16,BenchRec_cash_v1.0_train.csv,106922
32566J663H,5800.2900,USD,2023-01-05T00:00:00Z,CREDIT,,"BenchRec production-derived, obfuscated source side A",198813708604,32566J663H 32566J663H                                                                      JOQVY DE -ELUVIA,ACC#00001,5800.29,CR,2023-01-05,2023-01-06,BenchRec_cash_v1.0_train.csv,96357
35061212,1300000.0000,USD,2023-02-05T00:00:00Z,DEBIT,,"BenchRec production-derived, obfuscated source side A",199657774267,35061212 ALME7U7754JOQG7U                                                                JO TONITE SAUNT 664952723,ACC#00001,-1300000.00,DR,2023-02-05,2023-02-09,BenchRec_cash_v1.0_train.csv,125340
32566RUQ5E,9.6300,USD,2023-02-18T00:00:00Z,DEBIT,,"BenchRec production-derived, obfuscated source side A",200594696844,32566RUQ5E 32566RUQ5E                                                                      JOQVY - ELUVIA -,ACC#00001,-9.63,DR,2023-02-18,2023-02-19,BenchRec_cash_v1.0_train.csv,136436
008422366,113538.4000,USD,2023-03-05T00:00:00Z,CREDIT,,"BenchRec production-derived, obfuscated source side A",201302459591,008422366 67089 OKET216                                                                         ALL BILAAN ANGELINA ALGID,ACC#00001,113538.40,CR,2023-03-05,2023-03-06,BenchRec_cash_v1.0_train.csv,149793
37266J82YL,4683.4800,USD,2023-01-11T00:00:00Z,CREDIT,,"BenchRec production-derived, obfuscated source side A",202443603644,37266J82YL 37266J82YL                                                                      INKROOT LIKED BY,ACC#00001,4683.48,CR,2023-01-11,2023-01-12,BenchRec_cash_v1.0_train.csv,101878
AHT9126666795132,121753.0000,USD,2023-02-02T00:00:00Z,DEBIT,,"BenchRec production-derived, obfuscated source side A",203732915900,AHT9126666795132 AHT9126666795132,ACC#00001,-121753.00,DR,2023-02-02,2023-02-03,BenchRec_cash_v1.0_train.csv,120623
32566J2MLY,116804.9200,USD,2023-01-15T00:00:00Z,CREDIT,,"BenchRec production-derived, obfuscated source side A",205296919086,32566J2MLY 32566J2MLY                                                                      JOQVY - BAS - DG,ACC#00001,116804.92,CR,2023-01-15,2023-01-16,BenchRec_cash_v1.0_train.csv,106836
35687054,2000000.0000,USD,2023-01-28T00:00:00Z,CREDIT,,"BenchRec production-derived, obfuscated source side A",205917522883,35687054 V35687054                                                                       JO TONITE SAUNT 664952723,ACC#00001,2000000.00,CR,2023-01-28,2023-01-29,BenchRec_cash_v1.0_train.csv,118370
32944933,1300000.0000,USD,2023-01-18T00:00:00Z,CREDIT,,"BenchRec production-derived, obfuscated source side A",206140378250,32944933 V32944933                                                                       JO TONITE SAUNT 664952723,ACC#00001,1300000.00,CR,2023-01-18,2023-01-19,BenchRec_cash_v1.0_train.csv,108103
008875970,127936.5100,USD,2023-02-04T00:00:00Z,DEBIT,,"BenchRec production-derived, obfuscated source side A",206824639537,008875970 67040 NOTUS16                                                                         MUTUALITY AVIARY DEFENSER,ACC#00001,-127936.51,DR,2023-02-04,2023-02-05,BenchRec_cash_v1.0_train.csv,123732
008184350,26801.6500,USD,2023-01-20T00:00:00Z,DEBIT,,"BenchRec production-derived, obfuscated source side A",207465572137,008184350 14407 CRIB659                                                                         UPCLOSER MONOCOQUE GAB -,ACC#00001,-26801.65,DR,2023-01-20,2023-01-21,BenchRec_cash_v1.0_train.csv,110620
008466570,91811.5000,USD,2023-02-23T00:00:00Z,DEBIT,,"BenchRec production-derived, obfuscated source side A",20844603864,008466570 14407 MOZO111                                                                         UPCLOSER MONOCOQUE GAB -,ACC#00001,-91811.50,DR,2023-02-23,2023-02-24,BenchRec_cash_v1.0_train.csv,141138
008021630,33353194.8700,USD,2023-01-21T00:00:00Z,DEBIT,,"BenchRec production-derived, obfuscated source side A",20866015287,008021630 41416 GULA414 L9HL5H6                                                                 UPCLOSER MONOCOQUE GAB -,ACC#00001,-33353194.87,DR,2023-01-21,2023-01-22,BenchRec_cash_v1.0_train.csv,111426
37266J836E,12187.5100,USD,2023-01-11T00:00:00Z,DEBIT,,"BenchRec production-derived, obfuscated source side A",210256985433,37266J836E 37266J836E                                                                      INKROOT LIKED BY,ACC#00001,-12187.51,DR,2023-01-11,2023-01-12,BenchRec_cash_v1.0_train.csv,122112
23777356,7165198.3600,USD,2023-02-02T00:00:00Z,CREDIT,,"BenchRec production-derived, obfuscated source side A",210508532441,23777356 V23777356                                                                       JO TONITE SAUNT 664952723,ACC#00001,7165198.36,CR,2023-02-02,2023-02-03,BenchRec_cash_v1.0_train.csv,120911
48392526,1679200.0000,USD,2023-01-21T00:00:00Z,CREDIT,,"BenchRec production-derived, obfuscated source side A",214313404838,48392526 V48392526                                                                       SHALE           667933724,ACC#00001,1679200.00,CR,2023-01-21,2023-01-22,BenchRec_cash_v1.0_train.csv,111573
08021280,17031701.4900,USD,2023-03-01T00:00:00Z,DEBIT,,"BenchRec production-derived, obfuscated source side A",21443523934,08021280 CHUETA6177JOQG7U                                                                JO TONITE CROM  667764757,ACC#00001,-17031701.49,DR,2023-03-01,2023-03-02,BenchRec_cash_v1.0_train.csv,145606
008178087,40096.1200,USD,2023-01-15T00:00:00Z,DEBIT,,"BenchRec production-derived, obfuscated source side A",214680086353,008178087 14407 RUMBO27                                                                         UPCLOSER MONOCOQUE GAB -,ACC#00001,-40096.12,DR,2023-01-15,2023-01-16,BenchRec_cash_v1.0_train.csv,107098
008431442,723310.0000,USD,2023-02-25T00:00:00Z,CREDIT,,"BenchRec production-derived, obfuscated source side A",214694265286,008431442 67888 VELIC90 L9HG8O5                                                                 JO TONITE ETHERIFIES GAB,ACC#00001,723310.00,CR,2023-02-25,2023-02-26,BenchRec_cash_v1.0_train.csv,143186
008481743,1219569.4000,USD,2023-02-24T00:00:00Z,CREDIT,,"BenchRec production-derived, obfuscated source side A",2165899588,008481743 10111 TAXIS57                                                                         ASCIDIA GEOMETRINE MOGGIO,ACC#00001,1219569.40,CR,2023-02-24,2023-02-25,BenchRec_cash_v1.0_train.csv,141820
32566RUG96,3991.9400,USD,2023-02-18T00:00:00Z,DEBIT,,"BenchRec production-derived, obfuscated source side A",216639747167,32566RUG96 32566RUG96                                                                      JOQVY - BAS - DG,ACC#00001,-3991.94,DR,2023-02-18,2023-02-19,BenchRec_cash_v1.0_train.csv,135124
008853590,23423.8800,USD,2023-02-08T00:00:00Z,DEBIT,,"BenchRec production-derived, obfuscated source side A",217868436128,008853590 14476 SCOTE32                                                                         UPCLOSER MONOCOQUE GAB -,ACC#00001,-23423.88,DR,2023-02-08,2023-02-09,BenchRec_cash_v1.0_train.csv,125864
008364075,2234200.0000,USD,2023-02-08T00:00:00Z,DEBIT,,"BenchRec production-derived, obfuscated source side A",217917473522,008364075 12607 OKET805                                                                         KAMIAN SPROTTLE VOWED QMQ,ACC#00001,-2234200.00,DR,2023-02-08,2023-02-09,BenchRec_cash_v1.0_train.csv,125187
32566RYEMQ,234660.1700,USD,2023-01-22T00:00:00Z,CREDIT,,"BenchRec production-derived, obfuscated source side A",219092169133,32566RYEMQ 32566RYEMQ                                                                      JOQVY - BAS - DG,ACC#00001,234660.17,CR,2023-01-22,2023-01-23,BenchRec_cash_v1.0_train.csv,113192
AHT9126666791090,718091.0000,USD,2023-01-18T00:00:00Z,DEBIT,,"BenchRec production-derived, obfuscated source side A",219111588192,AHT9126666791090 AHT9126666791090,ACC#00001,-718091.00,DR,2023-01-18,2023-01-19,BenchRec_cash_v1.0_train.csv,108064
32566J41MU,121.9000,USD,2023-01-13T00:00:00Z,DEBIT,,"BenchRec production-derived, obfuscated source side A",219183868385,32566J41MU 32566J41MU                                                                      JOQVY - BAS - DG,ACC#00001,-121.90,DR,2023-01-13,2023-01-14,BenchRec_cash_v1.0_train.csv,104365
32566RO2E7,1101.7300,USD,2023-02-19T00:00:00Z,CREDIT,,"BenchRec production-derived, obfuscated source side A",219935676866,32566RO2E7 32566RO2E7                                                                      JOQVY - BAS - DG,ACC#00001,1101.73,CR,2023-02-19,2023-02-20,BenchRec_cash_v1.0_train.csv,136676
6G63656S6366606I,544751.6000,USD,2023-02-22T00:00:00Z,DEBIT,,"BenchRec production-derived, obfuscated source side A",222508237547,6G63656S6366606I 116X656S6T6C676T                                                                DIANITE ANIMI CROM TYPY,ACC#00001,-544751.60,DR,2023-02-22,2023-02-23,BenchRec_cash_v1.0_train.csv,139936
IYO9126666791892,87413380.0000,USD,2023-01-18T00:00:00Z,CREDIT,,"BenchRec production-derived, obfuscated source side A",224683366208,IYO9126666791892 IYO9126666791892,ACC#00001,87413380.00,CR,2023-01-18,2023-01-19,BenchRec_cash_v1.0_train.csv,108513
6666666664080874,737000000.0000,USD,2023-01-14T00:00:00Z,DEBIT,,"BenchRec production-derived, obfuscated source side A",226185133841,6666666664080874 JOQOEV HUMP FGDK,ACC#00001,-737000000.00,DR,2023-01-14,2023-01-15,BenchRec_cash_v1.0_train.csv,105975
008344169,657507.7000,USD,2023-02-18T00:00:00Z,DEBIT,,"BenchRec production-derived, obfuscated source side A",230557107683,008344169 14726 OKET335                                                                         ITG GEOMETRINE MQYL,ACC#00001,-657507.70,DR,2023-02-18,2023-02-19,BenchRec_cash_v1.0_train.csv,136022
008446109,7177857.1500,USD,2023-03-01T00:00:00Z,CREDIT,,"BenchRec production-derived, obfuscated source side A",231219375617,008446109 16792 OKET487                                                                         UPCLOSER MONOCOQUE GAB -,ACC#00001,7177857.15,CR,2023-03-01,2023-03-02,BenchRec_cash_v1.0_train.csv,145739
35654229,909730.4300,USD,2023-02-09T00:00:00Z,CREDIT,,"BenchRec production-derived, obfuscated source side A",231291346273,35654229 V35654229                                                                       JO TONITE SAUNT 664952723,ACC#00001,909730.43,CR,2023-02-09,2023-02-10,BenchRec_cash_v1.0_train.csv,127168
32566RPQG4,2360.2000,USD,2023-02-23T00:00:00Z,CREDIT,,"BenchRec production-derived, obfuscated source side A",2318365862,32566RPQG4 32566RPQG4                                                                      JO TONITE AGGEST,ACC#00001,2360.20,CR,2023-02-23,2023-02-24,BenchRec_cash_v1.0_train.csv,140364
008849395,5514793.6300,USD,2023-02-03T00:00:00Z,DEBIT,,"BenchRec production-derived, obfuscated source side A",23232634588,008849395 55570 NAPE703                                                                         JO TONITE ETHERIFIES GAB,ACC#00001,-5514793.63,DR,2023-02-03,2023-02-04,BenchRec_cash_v1.0_train.csv,121999
008158899,36065502.6900,USD,2023-01-21T00:00:00Z,DEBIT,,"BenchRec production-derived, obfuscated source side A",233112469412,008158899 41477 NAPE509 L9XU3TP                                                                 UPCLOSER MONOCOQUE GAB -,ACC#00001,-36065502.69,DR,2023-01-21,2023-01-22,BenchRec_cash_v1.0_train.csv,111768
32566TDTFD,1708920.2200,USD,2023-01-04T00:00:00Z,DEBIT,,"BenchRec production-derived, obfuscated source side A",235129375574,32566TDTFD 32566TDTFD                                                                      JOQVY - BAS - DG,ACC#00001,-1708920.22,DR,2023-01-04,2023-01-05,BenchRec_cash_v1.0_train.csv,94943
008482138,47265.4400,USD,2023-03-01T00:00:00Z,DEBIT,,"BenchRec production-derived, obfuscated source side A",23580427557,008482138 14476 ATMA320                                                                         UPCLOSER MONOCOQUE GAB -,ACC#00001,-47265.44,DR,2023-03-01,2023-03-02,BenchRec_cash_v1.0_train.csv,145673
15865993,709041.9500,USD,2023-01-15T00:00:00Z,CREDIT,,"BenchRec production-derived, obfuscated source side A",236751526643,15865993 V15865993                                                                       GVKYHE          666610809,ACC#00001,709041.95,CR,2023-01-15,2023-01-16,BenchRec_cash_v1.0_train.csv,107252
008122459,60000.0000,USD,2023-01-25T00:00:00Z,CREDIT,,"BenchRec production-derived, obfuscated source side A",238141782208,008122459 67666 NINA712 L9HH9NQ                                                                 UPCLOSER SAUNT TYPY DE -,ACC#00001,60000.00,CR,2023-01-25,2023-01-26,BenchRec_cash_v1.0_train.csv,113957
32566RHFRG,251452.4400,USD,2023-02-11T00:00:00Z,CREDIT,,"BenchRec production-derived, obfuscated source side A",238364822572,32566RHFRG 32566RHFRG                                                                      JOQVY - ELUVIA -,ACC#00001,251452.44,CR,2023-02-11,2023-02-12,BenchRec_cash_v1.0_train.csv,130088
32566RFEKE,1242044.3000,USD,2023-03-04T00:00:00Z,DEBIT,,"BenchRec production-derived, obfuscated source side A",239592241634,32566RFEKE 32566RFEKE                                                                      JOQVY - ELUVIA -,ACC#00001,-1242044.30,DR,2023-03-04,2023-03-05,BenchRec_cash_v1.0_train.csv,148118
HEY,177100.0000,USD,2023-01-27T00:00:00Z,DEBIT,,"BenchRec production-derived, obfuscated source side A",240186233506,HEY RAMON DISNEY TOBY - TA,ACC#00001,-177100.00,DR,2023-01-27,2023-01-28,BenchRec_cash_v1.0_train.csv,116980
008304570,884461.5000,USD,2023-02-09T00:00:00Z,CREDIT,,"BenchRec production-derived, obfuscated source side A",240772351891,008304570 41477 NAPE159 L9HO8DE                                                                 UPCLOSER MONOCOQUE GAB -,ACC#00001,884461.50,CR,2023-02-09,2023-02-10,BenchRec_cash_v1.0_train.csv,126995
32566J5Z5Q,872452.3100,USD,2023-01-19T00:00:00Z,CREDIT,,"BenchRec production-derived, obfuscated source side A",241424877744,32566J5Z5Q 32566J5Z5Q                                                                      JANT YA CWM WHUP,ACC#00001,872452.31,CR,2023-01-19,2023-01-20,BenchRec_cash_v1.0_train.csv,108869
32566RMU65,86631.2400,USD,2023-02-03T00:00:00Z,CREDIT,,"BenchRec production-derived, obfuscated source side A",243898129061,32566RMU65 32566RMU65                                                                      JOQ TREPIDATORY,ACC#00001,86631.24,CR,2023-02-03,2023-02-04,BenchRec_cash_v1.0_train.csv,122205
008117380,356700.0000,USD,2023-01-13T00:00:00Z,CREDIT,,"BenchRec production-derived, obfuscated source side A",245629748730,008117380 41477 RAKEE89 L9FR8RP                                                                 UPCLOSER MONOCOQUE GAB -,ACC#00001,356700.00,CR,2023-01-13,2023-01-14,BenchRec_cash_v1.0_train.csv,105325
008178672,51774.3000,USD,2023-01-14T00:00:00Z,CREDIT,,"BenchRec production-derived, obfuscated source side A",248546586666,008178672 14407 TABAC53                                                                         UPCLOSER MONOCOQUE GAB -,ACC#00001,51774.30,CR,2023-01-14,2023-01-15,BenchRec_cash_v1.0_train.csv,105870
32566RUV88,1700573.1000,USD,2023-02-17T00:00:00Z,CREDIT,,"BenchRec production-derived, obfuscated source side A",249292072259,32566RUV88 32566RUV88                                                                      JOQVY DE -ELUVIA,ACC#00001,1700573.10,CR,2023-02-17,2023-02-18,BenchRec_cash_v1.0_train.csv,134708
008199158,45863.8700,USD,2023-01-25T00:00:00Z,CREDIT,,"BenchRec production-derived, obfuscated source side A",249461915185,008199158 14476 DODOS98                                                                         UPCLOSER MONOCOQUE GAB -,ACC#00001,45863.87,CR,2023-01-25,2023-01-26,BenchRec_cash_v1.0_train.csv,114426
008836901,1688259.5800,USD,2023-02-03T00:00:00Z,DEBIT,,"BenchRec production-derived, obfuscated source side A",251448148342,008836901 12660 OKET755                                                                         UPCLOSER MONOCOQUE GAB -,ACC#00001,-1688259.58,DR,2023-02-03,2023-02-04,BenchRec_cash_v1.0_train.csv,121288
008132831,1695619.1300,USD,2023-01-22T00:00:00Z,CREDIT,,"BenchRec production-derived, obfuscated source side A",252190602623,008132831 67399 NAPE778                                                                         MACULA ASSUMER CUBICLES U,ACC#00001,1695619.13,CR,2023-01-22,2023-01-23,BenchRec_cash_v1.0_train.csv,113091
008734540,11038.0500,USD,2023-01-06T00:00:00Z,DEBIT,,"BenchRec production-derived, obfuscated source side A",252913471340,008734540 13737 ATMA612                                                                         BULT DUFFED,ACC#00001,-11038.05,DR,2023-01-06,2023-01-07,BenchRec_cash_v1.0_train.csv,98374
008158854,2030685.1200,USD,2023-01-27T00:00:00Z,CREDIT,,"BenchRec production-derived, obfuscated source side A",253529870281,008158854 41477 GULA163 L9XU3QR                                                                 UPCLOSER MONOCOQUE GAB -,ACC#00001,2030685.12,CR,2023-01-27,2023-01-28,BenchRec_cash_v1.0_train.csv,116671
6666666664758981,2104000000.0000,USD,2023-01-15T00:00:00Z,DEBIT,,"BenchRec production-derived, obfuscated source side A",253929940785,6666666664758981 JEE - DESINENT,ACC#00001,-2104000000.00,DR,2023-01-15,2023-01-16,BenchRec_cash_v1.0_train.csv,107095
008438203,2234927.6100,USD,2023-02-26T00:00:00Z,DEBIT,,"BenchRec production-derived, obfuscated source side A",254208016656,008438203 17661 OKET746                                                                         UPCLOSER MONOCOQUE GAB -,ACC#00001,-2234927.61,DR,2023-02-26,2023-02-27,BenchRec_cash_v1.0_train.csv,144694
32566WI2IK,4865.1700,USD,2023-01-27T00:00:00Z,CREDIT,,"BenchRec production-derived, obfuscated source side A",255806451669,32566WI2IK 32566WI2IK                                                                      JOQVY - BAS - DG,ACC#00001,4865.17,CR,2023-01-27,2023-01-28,BenchRec_cash_v1.0_train.csv,116891
008813664,4372610.0000,USD,2023-01-28T00:00:00Z,DEBIT,,"BenchRec production-derived, obfuscated source side A",255895374943,008813664 67888 EPEE553 L9HY4SV                                                                 JO TONITE ETHERIFIES GAB,ACC#00001,-4372610.00,DR,2023-01-28,2023-01-29,BenchRec_cash_v1.0_train.csv,118577
32566RHLG8,7043.0000,USD,2023-02-10T00:00:00Z,CREDIT,,"BenchRec production-derived, obfuscated source side A",25628862259,32566RHLG8 32566RHLG8                                                                      JOQVY DE -ELUVIA,ACC#00001,7043.00,CR,2023-02-10,2023-02-11,BenchRec_cash_v1.0_train.csv,128700
01381656,2549580.8100,USD,2023-03-01T00:00:00Z,CREDIT,,"BenchRec production-derived, obfuscated source side A",256763157419,01381656 V01381656                                                                       JO TONITE SAUNT 664952723,ACC#00001,2549580.81,CR,2023-03-01,2023-03-02,BenchRec_cash_v1.0_train.csv,146104
35766649,1600000.0000,USD,2023-02-24T00:00:00Z,CREDIT,,"BenchRec production-derived, obfuscated source side A",259300116099,35766649 V35766649                                                                       JO TONITE SAUNT 664952723,ACC#00001,1600000.00,CR,2023-02-24,2023-02-25,BenchRec_cash_v1.0_train.csv,142602
AHT9126666164751,21565215.0000,USD,2023-03-01T00:00:00Z,CREDIT,,"BenchRec production-derived, obfuscated source side A",259813944034,AHT9126666164751 AHT9126666164751,ACC#00001,21565215.00,CR,2023-03-01,2023-03-02,BenchRec_cash_v1.0_train.csv,145816
008878703,39831045.3000,USD,2023-01-27T00:00:00Z,DEBIT,,"BenchRec production-derived, obfuscated source side A",261357048719,008878703 41477 EPEE553 L9HY8EQ                                                                 UPCLOSER MONOCOQUE GAB -,ACC#00001,-39831045.30,DR,2023-01-27,2023-01-28,BenchRec_cash_v1.0_train.csv,116733
008781179,124322.4300,USD,2023-01-01T00:00:00Z,CREDIT,,"BenchRec production-derived, obfuscated source side A",261751387521,008781179 67888 CHOIL61 L9HJ8GD                                                                 JO TONITE ETHERIFIES GAB,ACC#00001,124322.43,CR,2023-01-01,2023-01-02,BenchRec_cash_v1.0_train.csv,93770
32566J6Z43,3389.0400,USD,2023-01-06T00:00:00Z,DEBIT,,"BenchRec production-derived, obfuscated source side A",26275671206,32566J6Z43 32566J6Z43                                                                      JOQVY DE-BAS - T,ACC#00001,-3389.04,DR,2023-01-06,2023-01-07,BenchRec_cash_v1.0_train.csv,97780
32566RIJ9S,99311.1200,USD,2023-01-28T00:00:00Z,CREDIT,,"BenchRec production-derived, obfuscated source side A",264005883286,32566RIJ9S 32566RIJ9S                                                                      JOQVY - ELUVIA -,ACC#00001,99311.12,CR,2023-01-28,2023-01-29,BenchRec_cash_v1.0_train.csv,118002
32566J9DO1,8474.7400,USD,2023-01-21T00:00:00Z,DEBIT,,"BenchRec production-derived, obfuscated source side A",26443246174,32566J9DO1 32566J9DO1                                                                      JOQVY - BAS - DG,ACC#00001,-8474.74,DR,2023-01-21,2023-01-22,BenchRec_cash_v1.0_train.csv,111846
008754090,486700.8700,USD,2023-01-11T00:00:00Z,DEBIT,,"BenchRec production-derived, obfuscated source side A",265484619080,008754090 17808 DOYST68                                                                         CHINOL BUT STIVY,ACC#00001,-486700.87,DR,2023-01-11,2023-01-12,BenchRec_cash_v1.0_train.csv,102842
667501,126376.0000,USD,2023-03-05T00:00:00Z,CREDIT,,"BenchRec production-derived, obfuscated source side A",265906952173,667501 666666661019697,ACC#00001,126376.00,CR,2023-03-05,2023-03-06,BenchRec_cash_v1.0_train.csv,149654
32566TNQAA,1000000.0000,USD,2023-01-05T00:00:00Z,DEBIT,,"BenchRec production-derived, obfuscated source side A",266500142398,32566TNQAA 32566TNQAA                                                                      JOQVY - BAS - DG,ACC#00001,-1000000.00,DR,2023-01-05,2023-01-06,BenchRec_cash_v1.0_train.csv,96163
008720373,5423620.0000,USD,2023-01-18T00:00:00Z,CREDIT,,"BenchRec production-derived, obfuscated source side A",267875646765,008720373 12667 NAPE217                                                                         UPCLOSER MONOCOQUE GAB -,ACC#00001,5423620.00,CR,2023-01-18,2023-01-19,BenchRec_cash_v1.0_train.csv,108109
008438342,85956.4300,USD,2023-03-02T00:00:00Z,CREDIT,,"BenchRec production-derived, obfuscated source side A",270446202559,008438342 19262 JADE217                                                                         CRICK TYPY AS THERMODYNAM,ACC#00001,85956.43,CR,2023-03-02,2023-03-05,BenchRec_cash_v1.0_train.csv,148209
32566J5E8S,18835.4900,USD,2023-01-19T00:00:00Z,CREDIT,,"BenchRec production-derived, obfuscated source side A",270502293382,32566J5E8S 32566J5E8S                                                                      JOQVY - BAS - DG,ACC#00001,18835.49,CR,2023-01-19,2023-01-20,BenchRec_cash_v1.0_train.csv,108933
008428296,3855151.7800,USD,2023-03-02T00:00:00Z,CREDIT,,"BenchRec production-derived, obfuscated source side A",270589669623,008428296 15601 NAPE718                                                                         ELUVIA ANNONCE AS GODHOOD,ACC#00001,3855151.78,CR,2023-03-02,2023-03-03,BenchRec_cash_v1.0_train.csv,147565
32566RF9AH,326.9900,USD,2023-03-02T00:00:00Z,DEBIT,,"BenchRec production-derived, obfuscated source side A",271866168161,32566RF9AH 32566RF9AH                                                                      JOQVY DE -ELUVIA,ACC#00001,-326.99,DR,2023-03-02,2023-03-03,BenchRec_cash_v1.0_train.csv,147613
008422453,22767257.5500,USD,2023-03-02T00:00:00Z,CREDIT,,"BenchRec production-derived, obfuscated source side A",27362871115,008422453 67674 OKET746                                                                         JO TONITE ETHERIFIES GAB,ACC#00001,22767257.55,CR,2023-03-02,2023-03-03,BenchRec_cash_v1.0_train.csv,147052
008484984,49075.0000,USD,2023-02-26T00:00:00Z,CREDIT,,"BenchRec production-derived, obfuscated source side A",274130195295,008484984 14407 FALX821                                                                         UPCLOSER MONOCOQUE GAB -,ACC#00001,49075.00,CR,2023-02-26,2023-02-27,BenchRec_cash_v1.0_train.csv,144881
IYO9126666759397,549591.0000,USD,2023-01-05T00:00:00Z,CREDIT,,"BenchRec production-derived, obfuscated source side A",275487676894,IYO9126666759397 IYO9126666759397,ACC#00001,549591.00,CR,2023-01-05,2023-01-06,BenchRec_cash_v1.0_train.csv,96226
008443925,32321.4800,USD,2023-03-02T00:00:00Z,CREDIT,,"BenchRec production-derived, obfuscated source side A",275850334610,008443925 67399 CLICH11                                                                         VOLUPT NAPKIN & RESSAUT,ACC#00001,32321.48,CR,2023-03-02,2023-03-05,BenchRec_cash_v1.0_train.csv,148442
6B6F656G6Q6V676R,1597.5600,USD,2023-01-13T00:00:00Z,DEBIT,,"BenchRec production-derived, obfuscated source side A",276410542818,6B6F656G6Q6V676R 6P6W656G6C656R6B                                                                UPCLOSER QUETCH AUANTIC (,ACC#00001,-1597.56,DR,2023-01-13,2023-01-14,BenchRec_cash_v1.0_train.csv,104781
008714272,2180298.9000,USD,2023-01-05T00:00:00Z,DEBIT,,"BenchRec production-derived, obfuscated source side A",276873419649,008714272 12660 SHOWD22                                                                         UPCLOSER MONOCOQUE GAB -,ACC#00001,-2180298.90,DR,2023-01-05,2023-01-06,BenchRec_cash_v1.0_train.csv,96990
008119646,1500000.0000,USD,2023-01-18T00:00:00Z,DEBIT,,"BenchRec production-derived, obfuscated source side A",27691877339,008119646 12667 NAPE500                                                                         PREOCCUR CROM KEF LEK (ZH,ACC#00001,-1500000.00,DR,2023-01-18,2023-01-19,BenchRec_cash_v1.0_train.csv,108223
008323217,5708318.4100,USD,2023-02-17T00:00:00Z,CREDIT,,"BenchRec production-derived, obfuscated source side A",277652203250,008323217 12660 NAPE703                                                                         UPCLOSER MONOCOQUE GAB -,ACC#00001,5708318.41,CR,2023-02-17,2023-02-18,BenchRec_cash_v1.0_train.csv,134399
32566J3TRG,1327464.5200,USD,2023-01-13T00:00:00Z,DEBIT,,"BenchRec production-derived, obfuscated source side A",27846948901,32566J3TRG 32566J3TRG                                                                      JOQVY DE-BAS - T,ACC#00001,-1327464.52,DR,2023-01-13,2023-01-14,BenchRec_cash_v1.0_train.csv,104209
32566RFGB9,1618.0500,USD,2023-03-04T00:00:00Z,DEBIT,,"BenchRec production-derived, obfuscated source side A",279331440156,32566RFGB9 32566RFGB9                                                                      JOQVY - BAS - DG,ACC#00001,-1618.05,DR,2023-03-04,2023-03-05,BenchRec_cash_v1.0_train.csv,148734
008784572,18184.0000,USD,2023-01-18T00:00:00Z,CREDIT,,"BenchRec production-derived, obfuscated source side A",279479023891,008784572 67666 GULA082 L9HX9YN                                                                 UPCLOSER SAUNT TYPY DE -,ACC#00001,18184.00,CR,2023-01-18,2023-01-19,BenchRec_cash_v1.0_train.csv,108065
008379420,21909.9800,USD,2023-02-11T00:00:00Z,CREDIT,,"BenchRec production-derived, obfuscated source side A",280191729050,008379420 14407 JAUP172                                                                         UPCLOSER MONOCOQUE GAB -,ACC#00001,21909.98,CR,2023-02-11,2023-02-12,BenchRec_cash_v1.0_train.csv,129343
7767656G6Y60616Z,2059273.0200,USD,2023-01-19T00:00:00Z,DEBIT,,"BenchRec production-derived, obfuscated source side A",281054310127,7767656G6Y60616Z 6F6.656G6K6S6C6H                                                                BURTREE VIVER CROM TYPY U,ACC#00001,-2059273.02,DR,2023-01-19,2023-01-20,BenchRec_cash_v1.0_train.csv,108906
31976720,45000000.0000,USD,2023-02-05T00:00:00Z,CREDIT,,"BenchRec production-derived, obfuscated source side A",281552618924,31976720 V31976720                                                                       GRENELLE U.P.C/Q136666971,ACC#00001,45000000.00,CR,2023-02-05,2023-02-06,BenchRec_cash_v1.0_train.csv,123893
32566RIJ4W,828970.2400,USD,2023-01-28T00:00:00Z,DEBIT,,"BenchRec production-derived, obfuscated source side A",282214915900,32566RIJ4W 32566RIJ4W                                                                      JOQVY - ELUVIA -,ACC#00001,-828970.24,DR,2023-01-28,2023-01-29,BenchRec_cash_v1.0_train.csv,117993
008779431,10739847.0800,USD,2023-01-01T00:00:00Z,CREDIT,,"BenchRec production-derived, obfuscated source side A",283525841081,008779431 88856 VELIC97                                                                         SLATTERN AVIARY ENNOBLERS,ACC#00001,10739847.08,CR,2023-01-01,2023-01-02,BenchRec_cash_v1.0_train.csv,93895
32566J662I,36508.8700,USD,2023-01-05T00:00:00Z,CREDIT,,"BenchRec production-derived, obfuscated source side A",283645971442,32566J662I 32566J662I                                                                      JOQTK GAB-BAS LP,ACC#00001,36508.87,CR,2023-01-05,2023-01-06,BenchRec_cash_v1.0_train.csv,96934
07166J62MN,4686700.0000,USD,2023-01-06T00:00:00Z,DEBIT,,"BenchRec production-derived, obfuscated source side A",283871585919,07166J62MN 07166J62MN                                                                      ARACHNIDA AVIARY,ACC#00001,-4686700.00,DR,2023-01-06,2023-01-07,BenchRec_cash_v1.0_train.csv,116296
008857625,2859475.9000,USD,2023-02-04T00:00:00Z,DEBIT,,"BenchRec production-derived, obfuscated source side A",285156804935,008857625 55570 NAPE703                                                                         LITUITE TYPY EFI.,ACC#00001,-2859475.90,DR,2023-02-04,2023-02-05,BenchRec_cash_v1.0_train.csv,123443
35778257,2604051.5000,USD,2023-02-26T00:00:00Z,CREDIT,,"BenchRec production-derived, obfuscated source side A",285290778979,35778257 V35778257                                                                       JO TONITE SAUNT 664952723,ACC#00001,2604051.50,CR,2023-02-26,2023-02-27,BenchRec_cash_v1.0_train.csv,144835
008161890,5316730.7000,USD,2023-01-12T00:00:00Z,CREDIT,,"BenchRec production-derived, obfuscated source side A",28552099934,008161890 12660 KELD747                                                                         UPCLOSER MONOCOQUE GAB -,ACC#00001,5316730.70,CR,2023-01-12,2023-01-13,BenchRec_cash_v1.0_train.csv,104004
008408453,5487757.6800,USD,2023-02-23T00:00:00Z,DEBIT,,"BenchRec production-derived, obfuscated source side A",286596466009,008408453 55570 NAPE703                                                                         JO TONITE ETHERIFIES GAB,ACC#00001,-5487757.68,DR,2023-02-23,2023-02-24,BenchRec_cash_v1.0_train.csv,140338
32566RLF8X,7907.5700,USD,2023-02-05T00:00:00Z,CREDIT,,"BenchRec production-derived, obfuscated source side A",286659459713,32566RLF8X 32566RLF8X                                                                      JOQVY - BAS - DG,ACC#00001,7907.57,CR,2023-02-05,2023-02-06,BenchRec_cash_v1.0_train.csv,124287
32566J624E,13228680.9600,USD,2023-01-06T00:00:00Z,DEBIT,,"BenchRec production-derived, obfuscated source side A",289203475844,32566J624E 32566J624E                                                                      JOQVY DE-BAS - T,ACC#00001,-13228680.96,DR,2023-01-06,2023-01-07,BenchRec_cash_v1.0_train.csv,97389
38290886,385940.0000,USD,2023-01-08T00:00:00Z,DEBIT,,"BenchRec production-derived, obfuscated source side A",289319259322,38290886 JOQG7U4302GLEE7U                                                                SHALE           667933724,ACC#00001,-385940.00,DR,2023-01-08,2023-01-09,BenchRec_cash_v1.0_train.csv,100150
008473596,66322.5900,USD,2023-02-26T00:00:00Z,DEBIT,,"BenchRec production-derived, obfuscated source side A",291204265946,008473596 14409 KELD512                                                                         UPCLOSER MONOCOQUE GAB -,ACC#00001,-66322.59,DR,2023-02-26,2023-02-27,BenchRec_cash_v1.0_train.csv,144656
008137982,52739550.2100,USD,2023-01-18T00:00:00Z,DEBIT,,"BenchRec production-derived, obfuscated source side A",291602480842,008137982 41477 AUG0762 L9FR584                                                                 UPCLOSER MONOCOQUE GAB -,ACC#00001,-52739550.21,DR,2023-01-18,2023-01-19,BenchRec_cash_v1.0_train.csv,108430
008895797,21879.4100,USD,2023-02-10T00:00:00Z,CREDIT,,"BenchRec production-derived, obfuscated source side A",292490188226,008895797 14407 CUCA199                                                                         UPCLOSER MONOCOQUE GAB -,ACC#00001,21879.41,CR,2023-02-10,2023-02-13,BenchRec_cash_v1.0_train.csv,130921
32566RGI5M,1616.1800,USD,2023-02-26T00:00:00Z,DEBIT,,"BenchRec production-derived, obfuscated source side A",293965689425,32566RGI5M 32566RGI5M                                                                      JOQVY DE -ELUVIA,ACC#00001,-1616.18,DR,2023-02-26,2023-02-27,BenchRec_cash_v1.0_train.csv,146247
008334935,524698.6300,USD,2023-02-18T00:00:00Z,DEBIT,,"BenchRec production-derived, obfuscated source side A",295056152962,008334935 67613 OKET347                                                                         PREOCCUR FUTHERMORE BUT L,ACC#00001,-524698.63,DR,2023-02-18,2023-02-19,BenchRec_cash_v1.0_train.csv,136213
35651191,758656.8000,USD,2023-02-08T00:00:00Z,DEBIT,,"BenchRec production-derived, obfuscated source side A",296506383135,35651191 ALME7U5567JOQG7U                                                                JO TONITE SAUNT 664952723,ACC#00001,-758656.80,DR,2023-02-08,2023-02-09,BenchRec_cash_v1.0_train.csv,125234
6666666665381193,623000000.0000,USD,2023-01-14T00:00:00Z,DEBIT,,"BenchRec production-derived, obfuscated source side A",29677138963,6666666665381193 JOQ BAA LEIMG,ACC#00001,-623000000.00,DR,2023-01-14,2023-01-15,BenchRec_cash_v1.0_train.csv,106660
2205356,1916000.0000,USD,2023-02-23T00:00:00Z,CREDIT,,"BenchRec production-derived, obfuscated source side A",298513944450,2205356 V62205356                                                                       JO TONITE SAUNT 664952723,ACC#00001,1916000.00,CR,2023-02-23,2023-02-24,BenchRec_cash_v1.0_train.csv,140832
12566810,4504787.1000,USD,2023-01-04T00:00:00Z,DEBIT,,"BenchRec production-derived, obfuscated source side A",298623490828,12566810 REFINE0751JOQG7U                                                                YUO WATERER     156546904,ACC#00001,-4504787.10,DR,2023-01-04,2023-01-05,BenchRec_cash_v1.0_train.csv,95660
008753857,13308.5800,USD,2023-01-11T00:00:00Z,DEBIT,,"BenchRec production-derived, obfuscated source side A",299293252494,008753857 14407 CHARE27                                                                         UPCLOSER MONOCOQUE GAB -,ACC#00001,-13308.58,DR,2023-01-11,2023-01-12,BenchRec_cash_v1.0_train.csv,101939
008132414,6844400.0000,USD,2023-01-25T00:00:00Z,CREDIT,,"BenchRec production-derived, obfuscated source side A",299350072844,008132414 12607 NAPE523                                                                         UPCLOSER MONOCOQUE GAB -,ACC#00001,6844400.00,CR,2023-01-25,2023-01-26,BenchRec_cash_v1.0_train.csv,114082
008750411,2177730.0000,USD,2023-01-06T00:00:00Z,DEBIT,,"BenchRec production-derived, obfuscated source side A",299901525060,008750411 41477 NACHE73 L9HH1KY                                                                 UPCLOSER MONOCOQUE GAB -,ACC#00001,-2177730.00,DR,2023-01-06,2023-01-07,BenchRec_cash_v1.0_train.csv,98516
32566J3RYV,136459511.5000,USD,2023-01-13T00:00:00Z,CREDIT,,"BenchRec production-derived, obfuscated source side A",300123670484,32566J3RYV 32566J3RYV                                                                      JOQVY DE-BAS - T,ACC#00001,136459511.50,CR,2023-01-13,2023-01-14,BenchRec_cash_v1.0_train.csv,104157
AHT9126666791002,147643.0000,USD,2023-01-18T00:00:00Z,DEBIT,,"BenchRec production-derived, obfuscated source side A",301892924615,AHT9126666791002 AHT9126666791002,ACC#00001,-147643.00,DR,2023-01-18,2023-01-19,BenchRec_cash_v1.0_train.csv,108031
27482856,5000000.0000,USD,2023-02-02T00:00:00Z,CREDIT,,"BenchRec production-derived, obfuscated source side A",302302660424,27482856 V27482856                                                                       JO TONITE SAUNT 664952723,ACC#00001,5000000.00,CR,2023-02-02,2023-02-03,BenchRec_cash_v1.0_train.csv,120769
008839315,124409.3100,USD,2023-02-03T00:00:00Z,CREDIT,,"BenchRec production-derived, obfuscated source side A",303282519498,008839315 14476 VINYL90                                                                         UPCLOSER MONOCOQUE GAB -,ACC#00001,124409.31,CR,2023-02-03,2023-02-04,BenchRec_cash_v1.0_train.csv,121910
32566J5LHO,2429262.7900,USD,2023-01-19T00:00:00Z,DEBIT,,"BenchRec production-derived, obfuscated source side A",303956275342,32566J5LHO 32566J5LHO                                                                      JOQVY - BAS - DG,ACC#00001,-2429262.79,DR,2023-01-19,2023-01-20,BenchRec_cash_v1.0_train.csv,109534
008461154,84506.5000,USD,2023-02-23T00:00:00Z,DEBIT,,"BenchRec production-derived, obfuscated source side A",304028327557,008461154 67387 CUCA062                                                                         WINELIKE INCHER AM MG EEV,ACC#00001,-84506.50,DR,2023-02-23,2023-02-24,BenchRec_cash_v1.0_train.csv,141004
32566EH4HG,91862.2600,USD,2023-01-01T00:00:00Z,CREDIT,,"BenchRec production-derived, obfuscated source side A",304531418062,32566EH4HG 32566EH4HG                                                                      JOQVY - ELUVIA -,ACC#00001,91862.26,CR,2023-01-01,2023-01-02,BenchRec_cash_v1.0_train.csv,93756
008355481,162064.4700,USD,2023-02-24T00:00:00Z,DEBIT,,"BenchRec production-derived, obfuscated source side A",305994066525,008355481 41477 KAVI032 L9WA6WG                                                                 UPCLOSER MONOCOQUE GAB -,ACC#00001,-162064.47,DR,2023-02-24,2023-02-25,BenchRec_cash_v1.0_train.csv,141627
008888062,285773.1700,USD,2023-02-02T00:00:00Z,CREDIT,,"BenchRec production-derived, obfuscated source side A",306117745344,008888062 14289 AUG0726                                                                         BOOMLESS VOWED READMITS U,ACC#00001,285773.17,CR,2023-02-02,2023-02-03,BenchRec_cash_v1.0_train.csv,120197
008432274,715125.0000,USD,2023-02-25T00:00:00Z,CREDIT,,"BenchRec production-derived, obfuscated source side A",306588134758,008432274 67089 OKET216                                                                         RELATIVE MILOR GAB,ACC#00001,715125.00,CR,2023-02-25,2023-02-26,BenchRec_cash_v1.0_train.csv,144036
008873306,294300.2900,USD,2023-02-02T00:00:00Z,DEBIT,,"BenchRec production-derived, obfuscated source side A",308254801826,008873306 17667 JADE189                                                                         GHERAOED ASSUMER PETIOLAR,ACC#00001,-294300.29,DR,2023-02-02,2023-02-03,BenchRec_cash_v1.0_train.csv,120737
008401994,13277071.4700,USD,2023-02-24T00:00:00Z,CREDIT,,"BenchRec production-derived, obfuscated source side A",308353523488,008401994 67323 NAPE505                                                                         TONITE ARRIAGE BUT VOLENT,ACC#00001,13277071.47,CR,2023-02-24,2023-02-25,BenchRec_cash_v1.0_train.csv,141882
008737517,28535814.3600,USD,2023-01-01T00:00:00Z,CREDIT,,"BenchRec production-derived, obfuscated source side A",308367475729,008737517 41477 NAPE703 L9HJ4PD                                                                 JOQVY H.C. ZUCCHINIS TENT,ACC#00001,28535814.36,CR,2023-01-01,2023-01-02,BenchRec_cash_v1.0_train.csv,93939
008377095,53165.9400,USD,2023-02-11T00:00:00Z,CREDIT,,"BenchRec production-derived, obfuscated source side A",308410015583,008377095 14409 KELD353                                                                         SLATTERN TYPY OEV,ACC#00001,53165.94,CR,2023-02-11,2023-02-12,BenchRec_cash_v1.0_train.csv,129138
008264815,1458174.5800,USD,2023-03-05T00:00:00Z,CREDIT,,"BenchRec production-derived, obfuscated source side A",308421672933,008264815 10118 OKET481                                                                         TAPU ETHERIFIES AUANTIC,ACC#00001,1458174.58,CR,2023-03-05,2023-03-06,BenchRec_cash_v1.0_train.csv,149545
HEY,81640.0000,USD,2023-01-22T00:00:00Z,DEBIT,,"BenchRec production-derived, obfuscated source side A",309665749509,HEY RAMON DISNEY LINCHET_TA,ACC#00001,-81640.00,DR,2023-01-22,2023-01-27,BenchRec_cash_v1.0_train.csv,118407
008431673,1191296.1000,USD,2023-03-01T00:00:00Z,CREDIT,,"BenchRec production-derived, obfuscated source side A",310763816964,008431673 67399 CUTIN80                                                                         REPAGANIZER GEOMETRINE AP,ACC#00001,1191296.10,CR,2023-03-01,2023-03-02,BenchRec_cash_v1.0_train.csv,146120
32566RY6EH,1027.0800,USD,2023-01-21T00:00:00Z,DEBIT,,"BenchRec production-derived, obfuscated source side A",310818692568,32566RY6EH 32566RY6EH                                                                      JOQVY DE -ELUVIA,ACC#00001,-1027.08,DR,2023-01-21,2023-01-22,BenchRec_cash_v1.0_train.csv,112058
VU6389828,31264.2300,USD,2023-02-03T00:00:00Z,DEBIT,,"BenchRec production-derived, obfuscated source side A",311278168079,VU6389828 41416 KAZATSKI VITI MIB DIASENE,ACC#00001,-31264.23,DR,2023-02-03,2023-02-04,BenchRec_cash_v1.0_train.csv,122190
008400844,240057.2300,USD,2023-02-19T00:00:00Z,CREDIT,,"BenchRec production-derived, obfuscated source side A",311833158126,008400844 14407 SYNE974                                                                         UPCLOSER MONOCOQUE GAB -,ACC#00001,240057.23,CR,2023-02-19,2023-02-20,BenchRec_cash_v1.0_train.csv,136809
008757150,382970.0400,USD,2023-01-12T00:00:00Z,DEBIT,,"BenchRec production-derived, obfuscated source side A",312304937755,008757150 61008 KAVI296                                                                         PREOCCUR QMQF BUT PIGHTEL,ACC#00001,-382970.04,DR,2023-01-12,2023-01-13,BenchRec_cash_v1.0_train.csv,103973
008355012,5060300.0000,USD,2023-02-17T00:00:00Z,CREDIT,,"BenchRec production-derived, obfuscated source side A",313727973793,008355012 67888 EPEE553 L9WA6RF                                                                 JO TONITE ETHERIFIES GAB,ACC#00001,5060300.00,CR,2023-02-17,2023-02-18,BenchRec_cash_v1.0_train.csv,133871
41638216,2675549.6300,USD,2023-01-18T00:00:00Z,CREDIT,,"BenchRec production-derived, obfuscated source side A",313795790762,41638216 V41638216                                                                       JO TONITE SAUNT 664952723,ACC#00001,2675549.63,CR,2023-01-18,2023-01-19,BenchRec_cash_v1.0_train.csv,107902
RM125654,1872.5800,USD,2023-02-26T00:00:00Z,CREDIT,,"BenchRec production-derived, obfuscated source side A",314593132413,RM125654  67666 BOOMLESS VOWED FUTHERMORE,ACC#00001,1872.58,CR,2023-02-26,2023-03-02,BenchRec_cash_v1.0_train.csv,146198
008332102,36814.9900,USD,2023-02-15T00:00:00Z,DEBIT,,"BenchRec production-derived, obfuscated source side A",314841849517,008332102 14407 CHARE55                                                                         UPCLOSER MONOCOQUE GAB -,ACC#00001,-36814.99,DR,2023-02-15,2023-02-16,BenchRec_cash_v1.0_train.csv,131842
008314029,128806.1600,USD,2023-02-10T00:00:00Z,DEBIT,,"BenchRec production-derived, obfuscated source side A",315394773989,008314029 12660 KAVI950                                                                         UPCLOSER MONOCOQUE GAB -,ACC#00001,-128806.16,DR,2023-02-10,2023-02-11,BenchRec_cash_v1.0_train.csv,128003
008851386,5424289.0600,USD,2023-02-08T00:00:00Z,DEBIT,,"BenchRec production-derived, obfuscated source side A",315842594936,008851386 88856 OKET746                                                                         UPCLOSER MONOCOQUE GAB -,ACC#00001,-5424289.06,DR,2023-02-08,2023-02-09,BenchRec_cash_v1.0_train.csv,125604
008267416,5508250.0000,USD,2023-03-04T00:00:00Z,DEBIT,,"BenchRec production-derived, obfuscated source side A",315974376539,008267416 41477 JADE104 L9IE3BZ                                                                 UPCLOSER MONOCOQUE GAB -,ACC#00001,-5508250.00,DR,2023-03-04,2023-03-05,BenchRec_cash_v1.0_train.csv,147941
008873616,4582541.0400,USD,2023-01-27T00:00:00Z,DEBIT,,"BenchRec production-derived, obfuscated source side A",31615217745,008873616 67888 EPEE553 L9HY8H6                                                                 JO TONITE ETHERIFIES GAB,ACC#00001,-4582541.04,DR,2023-01-27,2023-01-28,BenchRec_cash_v1.0_train.csv,117073
008320938,1028897.3000,USD,2023-02-18T00:00:00Z,DEBIT,,"BenchRec production-derived, obfuscated source side A",316427192151,008320938 67613 OKET347                                                                         ING GEOMETRINE FUTHERMORE,ACC#00001,-1028897.30,DR,2023-02-18,2023-02-19,BenchRec_cash_v1.0_train.csv,135798
32566RQ6Q8,46618080.2000,USD,2023-02-15T00:00:00Z,DEBIT,,"BenchRec production-derived, obfuscated source side A",316428650127,32566RQ6Q8 32566RQ6Q8                                                                      JOQGO IW-OQGO FL,ACC#00001,-46618080.20,DR,2023-02-15,2023-02-16,BenchRec_cash_v1.0_train.csv,132672
008382231,38939381.0400,USD,2023-02-12T00:00:00Z,DEBIT,,"BenchRec production-derived, obfuscated source side A",317257334432,008382231 67888 NAPE703 L9HP0MB                                                                 JO TONITE ETHERIFIES GAB,ACC#00001,-38939381.04,DR,2023-02-12,2023-02-13,BenchRec_cash_v1.0_train.csv,130769
008192862,17361476.5100,USD,2023-01-27T00:00:00Z,CREDIT,,"BenchRec production-derived, obfuscated source side A",317587942739,008192862 88856 COCT067                                                                         SLATTERN AVIARY ENNOBLERS,ACC#00001,17361476.51,CR,2023-01-27,2023-01-28,BenchRec_cash_v1.0_train.csv,116667
008342004,4065211.6000,USD,2023-02-15T00:00:00Z,CREDIT,,"BenchRec production-derived, obfuscated source side A",318792975876,008342004 67888 SHOWD61 L9HP341                                                                 JO TONITE ETHERIFIES GAB,ACC#00001,4065211.60,CR,2023-02-15,2023-02-16,BenchRec_cash_v1.0_train.csv,131915
008154393,53227.2200,USD,2023-01-25T00:00:00Z,DEBIT,,"BenchRec production-derived, obfuscated source side A",319868621953,008154393 14407 AMAGA15                                                                         LIXIVIA JACTANCE STERNAL,ACC#00001,-53227.22,DR,2023-01-25,2023-01-26,BenchRec_cash_v1.0_train.csv,114413
32566J4JBU,24060.0000,USD,2023-01-14T00:00:00Z,CREDIT,,"BenchRec production-derived, obfuscated source side A",320154037246,32566J4JBU 32566J4JBU                                                                      JOQVY - ELUVIA -,ACC#00001,24060.00,CR,2023-01-14,2023-01-15,BenchRec_cash_v1.0_train.csv,105438
32566J5DL8,161727.2900,USD,2023-01-19T00:00:00Z,CREDIT,,"BenchRec production-derived, obfuscated source side A",320297850473,32566J5DL8 32566J5DL8                                                                      JOQVY - BAS - DG,ACC#00001,161727.29,CR,2023-01-19,2023-01-20,BenchRec_cash_v1.0_train.csv,109081
008312724,39965052.4800,USD,2023-02-11T00:00:00Z,DEBIT,,"BenchRec production-derived, obfuscated source side A",321035975543,008312724 41477 OKET746 L9HO9EJ                                                                 UPCLOSER MONOCOQUE GAB -,ACC#00001,-39965052.48,DR,2023-02-11,2023-02-12,BenchRec_cash_v1.0_train.csv,129102
008101601,49683319.1600,USD,2023-01-15T00:00:00Z,CREDIT,,"BenchRec production-derived, obfuscated source side A",321101374328,008101601 67674 VINYL26                                                                         JO TONITE ETHERIFIES GAB,ACC#00001,49683319.16,CR,2023-01-15,2023-01-16,BenchRec_cash_v1.0_train.csv,107256
30457446,2000000.0000,USD,2023-01-05T00:00:00Z,CREDIT,,"BenchRec production-derived, obfuscated source side A",322021143749,30457446 V30457446                                                                       SHALE           667933724,ACC#00001,2000000.00,CR,2023-01-05,2023-01-06,BenchRec_cash_v1.0_train.csv,96841
32566J63PQ,56282190.0000,USD,2023-01-06T00:00:00Z,CREDIT,,"BenchRec production-derived, obfuscated source side A",3231614045,32566J63PQ 32566J63PQ                                                                      JOQ KEF LEW EFI-,ACC#00001,56282190.00,CR,2023-01-06,2023-01-07,BenchRec_cash_v1.0_train.csv,97920
008382617,3331270.8500,USD,2023-02-15T00:00:00Z,CREDIT,,"BenchRec production-derived, obfuscated source side A",32369299224,008382617 88856 KAVI080                                                                         UPCLOSER MONOCOQUE GAB -,ACC#00001,3331270.85,CR,2023-02-15,2023-02-16,BenchRec_cash_v1.0_train.csv,131677
008155708,11765100.0000,USD,2023-01-21T00:00:00Z,DEBIT,,"BenchRec production-derived, obfuscated source side A",326505982570,008155708 41477 NAPE580 L9XU4FF                                                                 UPCLOSER MONOCOQUE GAB -,ACC#00001,-11765100.00,DR,2023-01-21,2023-01-22,BenchRec_cash_v1.0_train.csv,111188
008166331,170.4600,USD,2023-01-01T00:00:00Z,DEBIT,,"BenchRec production-derived, obfuscated source side A",326519815672,008166331 67717 JAUP842                                                                         JOQGE CHIMERAL DRUTHER,ACC#00001,-170.46,DR,2023-01-01,2023-01-09,BenchRec_cash_v1.0_train.csv,100875
32566J41FN,1370.1700,USD,2023-01-13T00:00:00Z,DEBIT,,"BenchRec production-derived, obfuscated source side A",326906093481,32566J41FN 32566J41FN                                                                      JOQVY - BAS - DG,ACC#00001,-1370.17,DR,2023-01-13,2023-01-14,BenchRec_cash_v1.0_train.csv,104321
32566RBMRO,37883.0200,USD,2023-02-25T00:00:00Z,CREDIT,,"BenchRec production-derived, obfuscated source side A",328076778884,32566RBMRO 32566RBMRO                                                                      JOQVY - ELUVIA -,ACC#00001,37883.02,CR,2023-02-25,2023-02-26,BenchRec_cash_v1.0_train.csv,142978
32566RJJ16,3615.7900,USD,2023-02-08T00:00:00Z,DEBIT,,"BenchRec production-derived, obfuscated source side A",328326321838,32566RJJ16 32566RJJ16                                                                      JOQVY - BAS - DG,ACC#00001,-3615.79,DR,2023-02-08,2023-02-09,BenchRec_cash_v1.0_train.csv,125276
6666666666298889,35000000.0000,USD,2023-02-17T00:00:00Z,DEBIT,,"BenchRec production-derived, obfuscated source side A",329681795115,6666666666298889 802064-EUTROPIC,ACC#00001,-35000000.00,DR,2023-02-17,2023-02-20,BenchRec_cash_v1.0_train.csv,136915
008342475,20391916.4100,USD,2023-02-16T00:00:00Z,CREDIT,,"BenchRec production-derived, obfuscated source side A",330792597875,008342475 67387 NAPE703                                                                         PALOUR PROMINIMUM BUT EYL,ACC#00001,20391916.41,CR,2023-02-16,2023-02-17,BenchRec_cash_v1.0_train.csv,133601
46813746,2206999.2800,USD,2023-01-22T00:00:00Z,CREDIT,,"BenchRec production-derived, obfuscated source side A",330859519579,46813746 V46813746                                                                       JO TONITE SAUNT 664952723,ACC#00001,2206999.28,CR,2023-01-22,2023-01-23,BenchRec_cash_v1.0_train.csv,112696
32566J5E9M,3521.6500,USD,2023-01-19T00:00:00Z,CREDIT,,"BenchRec production-derived, obfuscated source side A",331072850333,32566J5E9M 32566J5E9M                                                                      JOQVY DE -ELUVIA,ACC#00001,3521.65,CR,2023-01-19,2023-01-20,BenchRec_cash_v1.0_train.csv,109605
37266J1D1P,4546.3900,USD,2023-01-11T00:00:00Z,CREDIT,,"BenchRec production-derived, obfuscated source side A",33110951944,37266J1D1P 37266J1D1P                                                                      GLONOIN FLAYS KY,ACC#00001,4546.39,CR,2023-01-11,2023-01-12,BenchRec_cash_v1.0_train.csv,102069
008743984,102603.7000,USD,2023-01-07T00:00:00Z,DEBIT,,"BenchRec production-derived, obfuscated source side A",333415131127,008743984 67399 CHOIL73                                                                         PREOCCUR FUTHERMORE YARAY,ACC#00001,-102603.70,DR,2023-01-07,2023-01-08,BenchRec_cash_v1.0_train.csv,99206
35777151,1000000.0000,USD,2023-03-01T00:00:00Z,CREDIT,,"BenchRec production-derived, obfuscated source side A",333998843037,35777151 V35777151                                                                       JO TONITE SAUNT 664952723,ACC#00001,1000000.00,CR,2023-03-01,2023-03-02,BenchRec_cash_v1.0_train.csv,146445
008723815,121460.7000,USD,2023-01-08T00:00:00Z,DEBIT,,"BenchRec production-derived, obfuscated source side A",334631011938,008723815 67399 JADE857                                                                         MUTUALITY AVIARY DEFENSER,ACC#00001,-121460.70,DR,2023-01-08,2023-01-09,BenchRec_cash_v1.0_train.csv,100598
008267422,4026430.0000,USD,2023-03-04T00:00:00Z,DEBIT,,"BenchRec production-derived, obfuscated source side A",334686616136,008267422 41477 VELIC90 L9IE3F8                                                                 UPCLOSER MONOCOQUE GAB -,ACC#00001,-4026430.00,DR,2023-03-04,2023-03-05,BenchRec_cash_v1.0_train.csv,147997
008125699,29697.5700,USD,2023-01-22T00:00:00Z,CREDIT,,"BenchRec production-derived, obfuscated source side A",335487855315,008125699 13737 NAPE566                                                                         HATER GRAVEL KEEPINGS,ACC#00001,29697.57,CR,2023-01-22,2023-01-23,BenchRec_cash_v1.0_train.csv,113081
32566J6RFN,238793.0600,USD,2023-01-07T00:00:00Z,CREDIT,,"BenchRec production-derived, obfuscated source side A",336931375307,32566J6RFN 32566J6RFN                                                                      JOQVY - ELUVIA -,ACC#00001,238793.06,CR,2023-01-07,2023-01-08,BenchRec_cash_v1.0_train.csv,99575
008324294,920000.0000,USD,2023-02-16T00:00:00Z,DEBIT,,"BenchRec production-derived, obfuscated source side A",338144957699,008324294 41476 L9HP29G                                                                 TABID TYPY AS SCAREFUL FB,ACC#00001,-920000.00,DR,2023-02-16,2023-02-17,BenchRec_cash_v1.0_train.csv,133613
008332331,20539195.2000,USD,2023-02-15T00:00:00Z,DEBIT,,"BenchRec production-derived, obfuscated source side A",339455587907,008332331 41477 NAPE576 L9HP17Z                                                                 UPCLOSER MONOCOQUE GAB -,ACC#00001,-20539195.20,DR,2023-02-15,2023-02-16,BenchRec_cash_v1.0_train.csv,132396
32566RKV57,59846.9600,USD,2023-01-29T00:00:00Z,CREDIT,,"BenchRec production-derived, obfuscated source side A",340690246082,32566RKV57 32566RKV57                                                                      JOQVY - BAS - DG,ACC#00001,59846.96,CR,2023-01-29,2023-01-30,BenchRec_cash_v1.0_train.csv,118764
008737805,5488207.1100,USD,2023-01-04T00:00:00Z,DEBIT,,"BenchRec production-derived, obfuscated source side A",34145413648,008737805 41477 NAPE703 L9HJ4NM                                                                 UPCLOSER MONOCOQUE GAB -,ACC#00001,-5488207.11,DR,2023-01-04,2023-01-05,BenchRec_cash_v1.0_train.csv,95586
32566RY1X9,96599.3300,USD,2023-01-21T00:00:00Z,DEBIT,,"BenchRec production-derived, obfuscated source side A",342290259117,32566RY1X9 32566RY1X9                                                                      JOQVY DE -ELUVIA,ACC#00001,-96599.33,DR,2023-01-21,2023-01-22,BenchRec_cash_v1.0_train.csv,111471
32566RBKQ1,219034.4000,USD,2023-02-25T00:00:00Z,DEBIT,,"BenchRec production-derived, obfuscated source side A",342606515650,32566RBKQ1 32566RBKQ1                                                                      JOQVY - ELUVIA -,ACC#00001,-219034.40,DR,2023-02-25,2023-02-26,BenchRec_cash_v1.0_train.csv,143215
32566J4HGI,230450.7200,USD,2023-01-14T00:00:00Z,DEBIT,,"BenchRec production-derived, obfuscated source side A",344074862672,32566J4HGI 32566J4HGI                                                                      JOQVY - ELUVIA -,ACC#00001,-230450.72,DR,2023-01-14,2023-01-15,BenchRec_cash_v1.0_train.csv,105553
008114151,954052.3700,USD,2023-01-14T00:00:00Z,CREDIT,,"BenchRec production-derived, obfuscated source side A",345565789108,008114151 15574 NAPE159                                                                         SLATTERN TYPY OEV,ACC#00001,954052.37,CR,2023-01-14,2023-01-15,BenchRec_cash_v1.0_train.csv,106735
008899922,332777.3000,USD,2023-02-09T00:00:00Z,DEBIT,,"BenchRec production-derived, obfuscated source side A",346567484954,008899922 12660 AOIFE45                                                                         UPCLOSER MONOCOQUE GAB -,ACC#00001,-332777.30,DR,2023-02-09,2023-02-10,BenchRec_cash_v1.0_train.csv,126910
6B6F656G6Q6V6160,11.8300,USD,2023-01-13T00:00:00Z,DEBIT,,"BenchRec production-derived, obfuscated source side A",346852812346,6B6F656G6Q6V6160 6P6W656G6C696660                                                                UPCLOSER QUETCH AUANTIC (,ACC#00001,-11.83,DR,2023-01-13,2023-01-14,BenchRec_cash_v1.0_train.csv,104755
008117737,28474666.2600,USD,2023-01-14T00:00:00Z,DEBIT,,"BenchRec production-derived, obfuscated source side A",347710415977,008117737 41477 NAPE703 L9FR8SS                                                                 JOQVY H.C. ZUCCHINIS TENT,ACC#00001,-28474666.26,DR,2023-01-14,2023-01-15,BenchRec_cash_v1.0_train.csv,105710
21641466,2000000.0000,USD,2023-01-29T00:00:00Z,CREDIT,,"BenchRec production-derived, obfuscated source side A",34804759941,21641466 V21641466                                                                       SHALE           667933724,ACC#00001,2000000.00,CR,2023-01-29,2023-01-30,BenchRec_cash_v1.0_train.csv,119132
32566RJD8K,2092436.9300,USD,2023-02-09T00:00:00Z,CREDIT,,"BenchRec production-derived, obfuscated source side A",349388140447,32566RJD8K 32566RJD8K                                                                      SARTORIUS NA OFT,ACC#00001,2092436.93,CR,2023-02-09,2023-02-10,BenchRec_cash_v1.0_train.csv,127042
32566RO4I5,22271.3800,USD,2023-02-19T00:00:00Z,CREDIT,,"BenchRec production-derived, obfuscated source side A",351025507331,32566RO4I5 32566RO4I5                                                                      JOQVY - BAS - DG,ACC#00001,22271.38,CR,2023-02-19,2023-02-20,BenchRec_cash_v1.0_train.csv,136618
008151948,33350000.0000,USD,2023-01-20T00:00:00Z,CREDIT,,"BenchRec production-derived, obfuscated source side A",35235640818,008151948 67888 NAPE703 L9XU3BW                                                                 JO TONITE ETHERIFIES GAB,ACC#00001,33350000.00,CR,2023-01-20,2023-01-21,BenchRec_cash_v1.0_train.csv,109814
IYO9126666798592,7280000.0000,USD,2023-01-21T00:00:00Z,DEBIT,,"BenchRec production-derived, obfuscated source side A",352580464328,IYO9126666798592 IYO9126666798592,ACC#00001,-7280000.00,DR,2023-01-21,2023-01-22,BenchRec_cash_v1.0_train.csv,111114
32566RGJDJ,46871500.0000,USD,2023-03-01T00:00:00Z,DEBIT,,"BenchRec production-derived, obfuscated source side A",356975158726,32566RGJDJ 32566RGJDJ                                                                      JOQGO IW-OQGO FL,ACC#00001,-46871500.00,DR,2023-03-01,2023-03-02,BenchRec_cash_v1.0_train.csv,146495
008780242,8034535.1000,USD,2023-01-04T00:00:00Z,CREDIT,,"BenchRec production-derived, obfuscated source side A",357642758085,008780242 88856 NAPE610                                                                         DIANITE ANIMI VOWED AGHAN,ACC#00001,8034535.10,CR,2023-01-04,2023-01-05,BenchRec_cash_v1.0_train.csv,94889
008827297,55184133.2500,USD,2023-02-03T00:00:00Z,CREDIT,,"BenchRec production-derived, obfuscated source side A",35817646783,008827297 41477 NAPE150 L9CY3V0                                                                 UPCLOSER MONOCOQUE GAB -,ACC#00001,55184133.25,CR,2023-02-03,2023-02-04,BenchRec_cash_v1.0_train.csv,121381
008774743,75052.8400,USD,2023-01-01T00:00:00Z,DEBIT,,"BenchRec production-derived, obfuscated source side A",358329635432,008774743 14476 SYNE665                                                                         UPCLOSER MONOCOQUE GAB -,ACC#00001,-75052.84,DR,2023-01-01,2023-01-02,BenchRec_cash_v1.0_train.csv,93663
008197273,399473.8800,USD,2023-01-22T00:00:00Z,DEBIT,,"BenchRec production-derived, obfuscated source side A",358645446703,008197273 17661 AUG0762                                                                         STEREOM BUT HIATE PENNINE,ACC#00001,-399473.88,DR,2023-01-22,2023-01-23,BenchRec_cash_v1.0_train.csv,112835
008438437,4701967.3600,USD,2023-02-26T00:00:00Z,CREDIT,,"BenchRec production-derived, obfuscated source side A",359272865521,008438437 14289 CROWL59                                                                         UPCLOSER MONOCOQUE GAB -,ACC#00001,4701967.36,CR,2023-02-26,2023-02-27,BenchRec_cash_v1.0_train.csv,144605
6666666660664918,82000000.0000,USD,2023-02-23T00:00:00Z,DEBIT,,"BenchRec production-derived, obfuscated source side A",360100748710,6666666660664918 JOQ ANNAT CITE,ACC#00001,-82000000.00,DR,2023-02-23,2023-02-24,BenchRec_cash_v1.0_train.csv,140810
32566TNQ9B,5596.8900,USD,2023-01-05T00:00:00Z,CREDIT,,"BenchRec production-derived, obfuscated source side A",360700070537,32566TNQ9B 32566TNQ9B                                                                      JOQVY DE -ELUVIA,ACC#00001,5596.89,CR,2023-01-05,2023-01-06,BenchRec_cash_v1.0_train.csv,96856
008773418,5896892.7000,USD,2023-01-01T00:00:00Z,DEBIT,,"BenchRec production-derived, obfuscated source side A",360902531531,008773418 14484 MBAYA01                                                                         UPCLOSER MONOCOQUE GAB -,ACC#00001,-5896892.70,DR,2023-01-01,2023-01-02,BenchRec_cash_v1.0_train.csv,93720
32566RHJ4Z,779.4900,USD,2023-02-10T00:00:00Z,DEBIT,,"BenchRec production-derived, obfuscated source side A",362067534868,32566RHJ4Z 32566RHJ4Z                                                                      JOQVY - BAS - DG,ACC#00001,-779.49,DR,2023-02-10,2023-02-11,BenchRec_cash_v1.0_train.csv,128720
008818512,7596870.6000,USD,2023-02-03T00:00:00Z,CREDIT,,"BenchRec production-derived, obfuscated source side A",362873404720,008818512 41477 CHARE18 L9HY4ZH                                                                 UPCLOSER MONOCOQUE GAB -,ACC#00001,7596870.60,CR,2023-02-03,2023-02-04,BenchRec_cash_v1.0_train.csv,122341
008743442,169248.2500,USD,2023-01-07T00:00:00Z,CREDIT,,"BenchRec production-derived, obfuscated source side A",363123192959,008743442 67327 JADE521                                                                         VOLUPT NAPKIN & RESSAUT,ACC#00001,169248.25,CR,2023-01-07,2023-01-08,BenchRec_cash_v1.0_train.csv,99702
008875263,1883384.1500,USD,2023-01-28T00:00:00Z,DEBIT,,"BenchRec production-derived, obfuscated source side A",364532318869,008875263 17804 NAPE993                                                                         BOOMLESS VOWED FUTHERMORE,ACC#00001,-1883384.15,DR,2023-01-28,2023-01-29,BenchRec_cash_v1.0_train.csv,118302
008736180,4271438.0700,USD,2023-01-07T00:00:00Z,CREDIT,,"BenchRec production-derived, obfuscated source side A",364582788867,008736180 55571 NAPE703                                                                         SRI AVIARY WUZZLE AIRY WF,ACC#00001,4271438.07,CR,2023-01-07,2023-01-08,BenchRec_cash_v1.0_train.csv,98790
6666666663377937,399000000.0000,USD,2023-01-06T00:00:00Z,DEBIT,,"BenchRec production-derived, obfuscated source side A",370161346308,6666666663377937 JEE - DESINENT,ACC#00001,-399000000.00,DR,2023-01-06,2023-01-07,BenchRec_cash_v1.0_train.csv,98495
IYO9126666791924,194896025.0000,USD,2023-01-19T00:00:00Z,DEBIT,,"BenchRec production-derived, obfuscated source side A",370313443229,IYO9126666791924 IYO9126666791924,ACC#00001,-194896025.00,DR,2023-01-19,2023-01-20,BenchRec_cash_v1.0_train.csv,108966
35709441,2026170.9100,USD,2023-02-26T00:00:00Z,DEBIT,,"BenchRec production-derived, obfuscated source side A",370935644915,35709441 ALME7U5658JOQG7U                                                                JO TONITE SAUNT 664952723,ACC#00001,-2026170.91,DR,2023-02-26,2023-02-27,BenchRec_cash_v1.0_train.csv,144707
32566RVNQ8,56530856.3300,USD,2023-01-27T00:00:00Z,DEBIT,,"BenchRec production-derived, obfuscated source side A",373113051317,32566RVNQ8 32566RVNQ8                                                                      JOQVY ELUVIA- KR,ACC#00001,-56530856.33,DR,2023-01-27,2023-01-28,BenchRec_cash_v1.0_train.csv,117216
32566RAY3E,21082.7000,USD,2023-03-05T00:00:00Z,DEBIT,,"BenchRec production-derived, obfuscated source side A",373195326316,32566RAY3E 32566RAY3E                                                                      JOQVY - ELUVIA -,ACC#00001,-21082.70,DR,2023-03-05,2023-03-06,BenchRec_cash_v1.0_train.csv,149819
008488631,26455.0000,USD,2023-03-02T00:00:00Z,DEBIT,,"BenchRec production-derived, obfuscated source side A",373787081066,008488631 13737 NAUT274                                                                         PREOCCUR FUTHERMORE YARAY,ACC#00001,-26455.00,DR,2023-03-02,2023-03-03,BenchRec_cash_v1.0_train.csv,147334
008470997,108722.6900,USD,2023-02-25T00:00:00Z,DEBIT,,"BenchRec production-derived, obfuscated source side A",373819968992,008470997 67089 OKET216                                                                         DISACCORDANCE UNSOLACED S,ACC#00001,-108722.69,DR,2023-02-25,2023-02-26,BenchRec_cash_v1.0_train.csv,143753
008487049,1792333.7300,USD,2023-03-01T00:00:00Z,CREDIT,,"BenchRec production-derived, obfuscated source side A",373996946531,008487049 12660 OKET514                                                                         HUTLET VOWED FUTHERMORE U,ACC#00001,1792333.73,CR,2023-03-01,2023-03-02,BenchRec_cash_v1.0_train.csv,146015
32566J5H05,4241.6100,USD,2023-01-19T00:00:00Z,DEBIT,,"BenchRec production-derived, obfuscated source side A",375213090073,32566J5H05 32566J5H05                                                                      JOQVY - BAS - DG,ACC#00001,-4241.61,DR,2023-01-19,2023-01-20,BenchRec_cash_v1.0_train.csv,109024
008164685,13963900.0000,USD,2023-01-15T00:00:00Z,DEBIT,,"BenchRec production-derived, obfuscated source side A",375913179689,008164685 67674 VINYL26                                                                         SLATTERN TYPY OEV,ACC#00001,-13963900.00,DR,2023-01-15,2023-01-16,BenchRec_cash_v1.0_train.csv,106896
720669,20573.0000,USD,2023-02-16T00:00:00Z,CREDIT,,"BenchRec production-derived, obfuscated source side A",377756790424,720669 666666661601776,ACC#00001,20573.00,CR,2023-02-16,2023-02-17,BenchRec_cash_v1.0_train.csv,133468
008322339,12425197.8100,USD,2023-02-17T00:00:00Z,DEBIT,,"BenchRec production-derived, obfuscated source side A",379057075285,008322339 67888 NAPE703 L9HP5Q3                                                                 JO TONITE ETHERIFIES GAB,ACC#00001,-12425197.81,DR,2023-02-17,2023-02-18,BenchRec_cash_v1.0_train.csv,134441
008372224,9335527.0000,USD,2023-02-18T00:00:00Z,CREDIT,,"BenchRec production-derived, obfuscated source side A",380008365836,008372224 17667 SWEAT44                                                                         JO TONITE STRICKS AUANTIC,ACC#00001,9335527.00,CR,2023-02-18,2023-02-19,BenchRec_cash_v1.0_train.csv,134994
41803536,4000000.0000,USD,2023-01-20T00:00:00Z,CREDIT,,"BenchRec production-derived, obfuscated source side A",382097368249,41803536 V41803536                                                                       SHALE           667933724,ACC#00001,4000000.00,CR,2023-01-20,2023-01-21,BenchRec_cash_v1.0_train.csv,110701
008878390,5416562.5100,USD,2023-01-29T00:00:00Z,DEBIT,,"BenchRec production-derived, obfuscated source side A",382330544237,008878390 12660 ELVAN20                                                                         UPCLOSER MONOCOQUE GAB -,ACC#00001,-5416562.51,DR,2023-01-29,2023-01-30,BenchRec_cash_v1.0_train.csv,119019
008366013,4000000.0000,USD,2023-02-09T00:00:00Z,CREDIT,,"BenchRec production-derived, obfuscated source side A",382668332868,008366013 67674 OKET185                                                                         JO TONITE ETHERIFIES GAB,ACC#00001,4000000.00,CR,2023-02-09,2023-02-10,BenchRec_cash_v1.0_train.csv,127167
008882940,28186582.2300,USD,2023-01-29T00:00:00Z,DEBIT,,"BenchRec production-derived, obfuscated source side A",383349569525,008882940 41477 NAPE703 L9HY9UR                                                                 JOQVY H.C. ZUCCHINIS TENT,ACC#00001,-28186582.23,DR,2023-01-29,2023-01-30,BenchRec_cash_v1.0_train.csv,119326
008738273,1455195.9000,USD,2023-01-06T00:00:00Z,DEBIT,,"BenchRec production-derived, obfuscated source side A",383886387851,008738273 55570 NAPE703                                                                         SAJ ASSUMER STRICKS,ACC#00001,-1455195.90,DR,2023-01-06,2023-01-07,BenchRec_cash_v1.0_train.csv,97930
32566RPAMN,1273830.8500,USD,2023-02-23T00:00:00Z,CREDIT,,"BenchRec production-derived, obfuscated source side A",385896795235,32566RPAMN 32566RPAMN                                                                      ESNE - OL OGPU L,ACC#00001,1273830.85,CR,2023-02-23,2023-02-24,BenchRec_cash_v1.0_train.csv,140586
008107669,210000.0000,USD,2023-01-11T00:00:00Z,CREDIT,,"BenchRec production-derived, obfuscated source side A",386734839098,008107669 41476 L9HH92S                                                                 KAMIAN GOLACH OBS OY V/C/,ACC#00001,210000.00,CR,2023-01-11,2023-01-12,BenchRec_cash_v1.0_train.csv,103098
69166RMU8R,12826600.0000,USD,2023-02-03T00:00:00Z,DEBIT,,"BenchRec production-derived, obfuscated source side A",387346292746,69166RMU8R 69166RMU8R                                                                      JOQVY - DP - IT,ACC#00001,-12826600.00,DR,2023-02-03,2023-02-04,BenchRec_cash_v1.0_train.csv,121216
32566J0I0S,551049.9300,USD,2023-01-08T00:00:00Z,DEBIT,,"BenchRec production-derived, obfuscated source side A",387636600396,32566J0I0S 32566J0I0S                                                                      JOQVY DE-BAS - T,ACC#00001,-551049.93,DR,2023-01-08,2023-01-09,BenchRec_cash_v1.0_train.csv,100647
32566RJR30,107395.8300,USD,2023-02-09T00:00:00Z,CREDIT,,"BenchRec production-derived, obfuscated source side A",388457307600,32566RJR30 32566RJR30                                                                      JOQVY - BAS - DG,ACC#00001,107395.83,CR,2023-02-09,2023-02-10,BenchRec_cash_v1.0_train.csv,127269
32566WI6GJ,59236.1000,USD,2023-01-27T00:00:00Z,DEBIT,,"BenchRec production-derived, obfuscated source side A",389566978059,32566WI6GJ 32566WI6GJ                                                                      ESNE - OL OGPU L,ACC#00001,-59236.10,DR,2023-01-27,2023-01-28,BenchRec_cash_v1.0_train.csv,116313
720669,945714.0000,USD,2023-02-16T00:00:00Z,CREDIT,,"BenchRec production-derived, obfuscated source side A",389633155670,720669 666666661601706,ACC#00001,945714.00,CR,2023-02-16,2023-02-17,BenchRec_cash_v1.0_train.csv,132785
008372505,4682588.9000,USD,2023-02-09T00:00:00Z,CREDIT,,"BenchRec production-derived, obfuscated source side A",389994178278,008372505 67888 SHOWD61 L9HO2NT                                                                 JO TONITE ETHERIFIES GAB,ACC#00001,4682588.90,CR,2023-02-09,2023-02-10,BenchRec_cash_v1.0_train.csv,126487
AHT9126666759735,3183449.0000,USD,2023-01-01T00:00:00Z,DEBIT,,"BenchRec production-derived, obfuscated source side A",390951839852,AHT9126666759735 AHT9126666759735,ACC#00001,-3183449.00,DR,2023-01-01,2023-01-06,BenchRec_cash_v1.0_train.csv,96656
32566J484U,10.8500,USD,2023-01-13T00:00:00Z,DEBIT,,"BenchRec production-derived, obfuscated source side A",391300044498,32566J484U 32566J484U                                                                      JOQVY - BAS - DG,ACC#00001,-10.85,DR,2023-01-13,2023-01-14,BenchRec_cash_v1.0_train.csv,104323
32566KA7D3,244.0000,USD,2023-01-25T00:00:00Z,CREDIT,,"BenchRec production-derived, obfuscated source side A",391833612928,32566KA7D3 32566KA7D3                                                                      JOQVY-BAS-LG FIM,ACC#00001,244.00,CR,2023-01-25,2023-01-26,BenchRec_cash_v1.0_train.csv,114012
32566RUVH1,14.4300,USD,2023-02-17T00:00:00Z,DEBIT,,"BenchRec production-derived, obfuscated source side A",392426759521,32566RUVH1 32566RUVH1                                                                      JOQVY - BAS - SF,ACC#00001,-14.43,DR,2023-02-17,2023-02-18,BenchRec_cash_v1.0_train.csv,134869
32566RMQKO,22828.2000,USD,2023-02-03T00:00:00Z,DEBIT,,"BenchRec production-derived, obfuscated source side A",393020974534,32566RMQKO 32566RMQKO                                                                      JOQVY - BAS - DG,ACC#00001,-22828.20,DR,2023-02-03,2023-02-04,BenchRec_cash_v1.0_train.csv,121763
008748539,600599.3800,USD,2023-01-07T00:00:00Z,CREDIT,,"BenchRec production-derived, obfuscated source side A",39362385276,008748539 67387 BAIS236                                                                         ASCIDIA GEOMETRINE MOGGIO,ACC#00001,600599.38,CR,2023-01-07,2023-01-08,BenchRec_cash_v1.0_train.csv,98850
32566J6CM4,4001790.7000,USD,2023-01-07T00:00:00Z,CREDIT,,"BenchRec production-derived, obfuscated source side A",394853408847,32566J6CM4 32566J6CM4                                                                      JOQVY - ELUVIA -,ACC#00001,4001790.70,CR,2023-01-07,2023-01-08,BenchRec_cash_v1.0_train.csv,99554
008411193,1888898.3200,USD,2023-02-26T00:00:00Z,CREDIT,,"BenchRec production-derived, obfuscated source side A",394978476787,008411193 12660 OKET130                                                                         ITG MESSER S C CRYOCHORIC,ACC#00001,1888898.32,CR,2023-02-26,2023-02-27,BenchRec_cash_v1.0_train.csv,144723
76094596,163813148.2000,USD,2023-03-04T00:00:00Z,DEBIT,,"BenchRec production-derived, obfuscated source side A",395962452201,76094596 RUCKER11                                                                        WINELIKE INCHER 666905713,ACC#00001,-163813148.20,DR,2023-03-04,2023-03-05,BenchRec_cash_v1.0_train.csv,148657
008170847,81008.3900,USD,2023-01-13T00:00:00Z,CREDIT,,"BenchRec production-derived, obfuscated source side A",396173546721,008170847 41477 NAPE159 L9FR7OP                                                                 JOQVY H.C. ZUCCHINIS TENT,ACC#00001,81008.39,CR,2023-01-13,2023-01-14,BenchRec_cash_v1.0_train.csv,104397
AHT9126666167636,1688179.6400,USD,2023-02-15T00:00:00Z,CREDIT,,"BenchRec production-derived, obfuscated source side A",396794612620,AHT9126666167636 AHT9126666167636,ACC#00001,1688179.64,CR,2023-02-15,2023-02-16,BenchRec_cash_v1.0_train.csv,132427
32566RGI4M,127.7400,USD,2023-02-26T00:00:00Z,DEBIT,,"BenchRec production-derived, obfuscated source side A",398317173430,32566RGI4M 32566RGI4M                                                                      JOQVY DE -ELUVIA,ACC#00001,-127.74,DR,2023-02-26,2023-02-27,BenchRec_cash_v1.0_train.csv,146655
008482636,1152.0000,USD,2023-03-01T00:00:00Z,CREDIT,,"BenchRec production-derived, obfuscated source side A",398924577388,008482636 67752 OKET782                                                                         COG-MB/HARPLESS ARF NA MG,ACC#00001,1152.00,CR,2023-03-01,2023-03-02,BenchRec_cash_v1.0_train.csv,145724
7084257509,42433739.3800,USD,2023-01-19T00:00:00Z,DEBIT,,"BenchRec production-derived, obfuscated source side A",399004652523,7084257509 7084257509                                                                      OARS PISTRIX -V&F SHY,ACC#00001,-42433739.38,DR,2023-01-19,2023-01-20,BenchRec_cash_v1.0_train.csv,109507
12954888,1703577.9000,USD,2023-01-18T00:00:00Z,CREDIT,,"BenchRec production-derived, obfuscated source side A",401508823368,12954888 V12954888                                                                       VERANDAH AI     103618748,ACC#00001,1703577.90,CR,2023-01-18,2023-01-19,BenchRec_cash_v1.0_train.csv,108231
008481080,34500.0000,USD,2023-03-01T00:00:00Z,CREDIT,,"BenchRec production-derived, obfuscated source side A",402132530040,008481080 14407 SAUM905                                                                         UPCLOSER MONOCOQUE GAB -,ACC#00001,34500.00,CR,2023-03-01,2023-03-02,BenchRec_cash_v1.0_train.csv,146077
008715781,6116154.3600,USD,2023-01-04T00:00:00Z,CREDIT,,"BenchRec production-derived, obfuscated source side A",403662102669,008715781 12660 BREI088                                                                         TYPY OUT NONREGULATIVE AZ,ACC#00001,6116154.36,CR,2023-01-04,2023-01-05,BenchRec_cash_v1.0_train.csv,95141
6666666662094463,41000000.0000,USD,2023-01-27T00:00:00Z,DEBIT,,"BenchRec production-derived, obfuscated source side A",404053564059,6666666662094463 JOQ ANNAT CITE,ACC#00001,-41000000.00,DR,2023-01-27,2023-01-28,BenchRec_cash_v1.0_train.csv,116333
008338424,6683500.0000,USD,2023-02-17T00:00:00Z,CREDIT,,"BenchRec production-derived, obfuscated source side A",404492672287,008338424 12607 OKET328                                                                         UPCLOSER MONOCOQUE GAB -,ACC#00001,6683500.00,CR,2023-02-17,2023-02-18,BenchRec_cash_v1.0_train.csv,134531
008329104,58062258.0000,USD,2023-02-16T00:00:00Z,CREDIT,,"BenchRec production-derived, obfuscated source side A",40737321541,008329104 67888 NAPE703 L9HP5HG                                                                 JO TONITE ETHERIFIES GAB,ACC#00001,58062258.00,CR,2023-02-16,2023-02-17,BenchRec_cash_v1.0_train.csv,132851
008355413,53263115.9200,USD,2023-02-18T00:00:00Z,DEBIT,,"BenchRec production-derived, obfuscated source side A",409272142739,008355413 41477 NAPE580 L9WA6NO                                                                 UPCLOSER MONOCOQUE GAB -,ACC#00001,-53263115.92,DR,2023-02-18,2023-02-19,BenchRec_cash_v1.0_train.csv,135811
008359284,1370240.7700,USD,2023-02-19T00:00:00Z,CREDIT,,"BenchRec production-derived, obfuscated source side A",409927063809,008359284 17661 DOYST72                                                                         DIANITE ANIMI VOWED AGHAN,ACC#00001,1370240.77,CR,2023-02-19,2023-02-20,BenchRec_cash_v1.0_train.csv,136606
008193030,34270716.0100,USD,2023-01-22T00:00:00Z,CREDIT,,"BenchRec production-derived, obfuscated source side A",410033797300,008193030 41477 NAPE150 L9XU26Q                                                                 UPCLOSER MONOCOQUE GAB -,ACC#00001,34270716.01,CR,2023-01-22,2023-01-23,BenchRec_cash_v1.0_train.csv,113130
008117260,4682594.0700,USD,2023-01-14T00:00:00Z,DEBIT,,"BenchRec production-derived, obfuscated source side A",410480910543,008117260 67888 SHOWD61 L9FR8J5                                                                 JO TONITE ETHERIFIES GAB,ACC#00001,-4682594.07,DR,2023-01-14,2023-01-15,BenchRec_cash_v1.0_train.csv,106791
008442121,1442084.8600,USD,2023-03-01T00:00:00Z,DEBIT,,"BenchRec production-derived, obfuscated source side A",410988399006,008442121 12660 KAVI764                                                                         UPCLOSER MONOCOQUE GAB -,ACC#00001,-1442084.86,DR,2023-03-01,2023-03-02,BenchRec_cash_v1.0_train.csv,146136
008479044,1620052.9600,USD,2023-02-24T00:00:00Z,CREDIT,,"BenchRec production-derived, obfuscated source side A",411037341109,008479044 17661 OKET481                                                                         STEREOM BUT HIATE PENNINE,ACC#00001,1620052.96,CR,2023-02-24,2023-02-25,BenchRec_cash_v1.0_train.csv,141842
008187683,1623000.0000,USD,2023-01-19T00:00:00Z,DEBIT,,"BenchRec production-derived, obfuscated source side A",412240520378,008187683 67399 CHOIL78                                                                         JOQ JOS HURA - UPCLOSER D,ACC#00001,-1623000.00,DR,2023-01-19,2023-01-20,BenchRec_cash_v1.0_train.csv,109194
008778234,1188650.3300,USD,2023-01-01T00:00:00Z,CREDIT,,"BenchRec production-derived, obfuscated source side A",413197801891,008778234 10810 KELD150                                                                         DESILT TYPY OEV,ACC#00001,1188650.33,CR,2023-01-01,2023-01-02,BenchRec_cash_v1.0_train.csv,94149
008431194,8008473.0700,USD,2023-03-02T00:00:00Z,DEBIT,,"BenchRec production-derived, obfuscated source side A",413542416834,008431194 12660 SYNE208                                                                         UPCLOSER MONOCOQUE GAB -,ACC#00001,-8008473.07,DR,2023-03-02,2023-03-03,BenchRec_cash_v1.0_train.csv,147582
6G6L656L6X6Q6R65,12786.6500,USD,2023-01-29T00:00:00Z,DEBIT,,"BenchRec production-derived, obfuscated source side A",414007649885,6G6L656L6X6Q6R65 646P656L6V626N6Q                                                                ARACHNIDA (FRANCA),ACC#00001,-12786.65,DR,2023-01-29,2023-02-05,BenchRec_cash_v1.0_train.csv,122686
37266J85SR,718.7000,USD,2023-01-11T00:00:00Z,CREDIT,,"BenchRec production-derived, obfuscated source side A",414088893287,37266J85SR 37266J85SR                                                                      TOURNOIS GDUFL C,ACC#00001,718.70,CR,2023-01-11,2023-01-12,BenchRec_cash_v1.0_train.csv,102073
008720561,33255022.4600,USD,2023-01-05T00:00:00Z,CREDIT,,"BenchRec production-derived, obfuscated source side A",41687043881,008720561 41477 NAPE703 L9HH643                                                                 JOQVY H.C. ZUCCHINIS TENT,ACC#00001,33255022.46,CR,2023-01-05,2023-01-06,BenchRec_cash_v1.0_train.csv,96291
008342042,13950000.0000,USD,2023-02-15T00:00:00Z,CREDIT,,"BenchRec production-derived, obfuscated source side A",417182833197,008342042 41477 DODOS23 L9HP32T                                                                 UPCLOSER MONOCOQUE GAB -,ACC#00001,13950000.00,CR,2023-02-15,2023-02-16,BenchRec_cash_v1.0_train.csv,132252
32566RHF7M,9194.9000,USD,2023-02-11T00:00:00Z,CREDIT,,"BenchRec production-derived, obfuscated source side A",417320873830,32566RHF7M 32566RHF7M                                                                      JOQVY - ELUVIA -,ACC#00001,9194.90,CR,2023-02-11,2023-02-12,BenchRec_cash_v1.0_train.csv,129579
HEY,300900.0000,USD,2023-02-26T00:00:00Z,DEBIT,,"BenchRec production-derived, obfuscated source side A",417925958853,HEY RAMON DISNEY FLAW - TA,ACC#00001,-300900.00,DR,2023-02-26,2023-02-27,BenchRec_cash_v1.0_train.csv,144853
008178902,39211.7000,USD,2023-01-14T00:00:00Z,CREDIT,,"BenchRec production-derived, obfuscated source side A",419529261749,008178902 13737 NAPE566                                                                         HATER GRAVEL KEEPINGS,ACC#00001,39211.70,CR,2023-01-14,2023-01-15,BenchRec_cash_v1.0_train.csv,105671
008191219,34505580.0500,USD,2023-02-22T00:00:00Z,DEBIT,,"BenchRec production-derived, obfuscated source side A",420155693653,008191219 41416 MOVE319 L9XU2I9                                                                 UPCLOSER MONOCOQUE GAB -,ACC#00001,-34505580.05,DR,2023-02-22,2023-02-23,BenchRec_cash_v1.0_train.csv,139682
32566J639X,31571000.0000,USD,2023-01-06T00:00:00Z,CREDIT,,"BenchRec production-derived, obfuscated source side A",420972432094,32566J639X 32566J639X                                                                      JOQ KEF LEW EFI-,ACC#00001,31571000.00,CR,2023-01-06,2023-01-07,BenchRec_cash_v1.0_train.csv,98004
32566RKOA6,5929.5000,USD,2023-02-02T00:00:00Z,CREDIT,,"BenchRec production-derived, obfuscated source side A",424788498993,32566RKOA6 32566RKOA6                                                                      JOQVY - ELUVIA -,ACC#00001,5929.50,CR,2023-02-02,2023-02-03,BenchRec_cash_v1.0_train.csv,120232
32566J2YDK,1080.0000,USD,2023-01-15T00:00:00Z,DEBIT,,"BenchRec production-derived, obfuscated source side A",425653974403,32566J2YDK 32566J2YDK                                                                      JOQVY - BAS - DG,ACC#00001,-1080.00,DR,2023-01-15,2023-01-16,BenchRec_cash_v1.0_train.csv,107016
29266TNJNL,55104.5200,USD,2023-01-05T00:00:00Z,CREDIT,,"BenchRec production-derived, obfuscated source side A",42619182605,29266TNJNL 29266TNJNL                                                                      MESOPEAK PIMENTA,ACC#00001,55104.52,CR,2023-01-05,2023-01-06,BenchRec_cash_v1.0_train.csv,97034
008895376,27879.8500,USD,2023-02-09T00:00:00Z,DEBIT,,"BenchRec production-derived, obfuscated source side A",426198842228,008895376 14407 NAUT199                                                                         UPCLOSER MONOCOQUE GAB -,ACC#00001,-27879.85,DR,2023-02-09,2023-02-10,BenchRec_cash_v1.0_train.csv,126412
008858870,32255400.5000,USD,2023-02-04T00:00:00Z,CREDIT,,"BenchRec production-derived, obfuscated source side A",429397852759,008858870 41477 NAPE150 L9CY2UK                                                                 UPCLOSER MONOCOQUE GAB -,ACC#00001,32255400.50,CR,2023-02-04,2023-02-05,BenchRec_cash_v1.0_train.csv,123752
008438455,21783000.0000,USD,2023-02-25T00:00:00Z,CREDIT,,"BenchRec production-derived, obfuscated source side A",430386177953,008438455 41477 OKET484 L9HG80D                                                                 UPCLOSER MONOCOQUE GAB -,ACC#00001,21783000.00,CR,2023-02-25,2023-02-26,BenchRec_cash_v1.0_train.csv,143173
44905836,2000000.0000,USD,2023-01-25T00:00:00Z,CREDIT,,"BenchRec production-derived, obfuscated source side A",43042506087,44905836 V44905836                                                                       SHALE           667933724,ACC#00001,2000000.00,CR,2023-01-25,2023-01-26,BenchRec_cash_v1.0_train.csv,114408
008836910,531691.1400,USD,2023-02-04T00:00:00Z,DEBIT,,"BenchRec production-derived, obfuscated source side A",431593752826,008836910 67005 NAPE703                                                                         HATER GRAVEL KEEPINGS,ACC#00001,-531691.14,DR,2023-02-04,2023-02-05,BenchRec_cash_v1.0_train.csv,123590
VU6330159,1198159.9000,USD,2023-02-10T00:00:00Z,CREDIT,,"BenchRec production-derived, obfuscated source side A",433169805174,VU6330159 41477 JOQVY H.C. ZUCCHINIS TENT,ACC#00001,1198159.90,CR,2023-02-10,2023-02-11,BenchRec_cash_v1.0_train.csv,127878
008780257,10868483.5600,USD,2023-01-05T00:00:00Z,CREDIT,,"BenchRec production-derived, obfuscated source side A",433260743382,008780257 12660 REOWN03                                                                         UPCLOSER MONOCOQUE GAB -,ACC#00001,10868483.56,CR,2023-01-05,2023-01-06,BenchRec_cash_v1.0_train.csv,96507
008363369,238583.7000,USD,2023-02-10T00:00:00Z,CREDIT,,"BenchRec production-derived, obfuscated source side A",437013273176,008363369 19262 AUG6258                                                                         PICUL ENHAT AFTONIAN TYPY,ACC#00001,238583.70,CR,2023-02-10,2023-02-11,BenchRec_cash_v1.0_train.csv,128839
IYO9126666168175,53957.0000,USD,2023-02-19T00:00:00Z,CREDIT,,"BenchRec production-derived, obfuscated source side A",437394741567,IYO9126666168175 IYO9126666168175,ACC#00001,53957.00,CR,2023-02-19,2023-02-20,BenchRec_cash_v1.0_train.csv,137190
008757379,2966280.9400,USD,2023-01-07T00:00:00Z,DEBIT,,"BenchRec production-derived, obfuscated source side A",43796693544,008757379 14289 AUG0770                                                                         UPCLOSER MONOCOQUE GAB -,ACC#00001,-2966280.94,DR,2023-01-07,2023-01-08,BenchRec_cash_v1.0_train.csv,98741
008737871,173780.0000,USD,2023-01-01T00:00:00Z,CREDIT,,"BenchRec production-derived, obfuscated source side A",439860503582,008737871 41477 EPEE553 L9HJ4DB                                                                 UPCLOSER MONOCOQUE GAB -,ACC#00001,173780.00,CR,2023-01-01,2023-01-02,BenchRec_cash_v1.0_train.csv,94141
008207496,819000.0000,USD,2023-03-05T00:00:00Z,DEBIT,,"BenchRec production-derived, obfuscated source side A",439972199325,008207496 41476 L9IE2FF                                                                 JIBED WUZZLE AIRY AUANTIC,ACC#00001,-819000.00,DR,2023-03-05,2023-03-06,BenchRec_cash_v1.0_train.csv,149320
32566RBVOT,7.3600,USD,2023-02-24T00:00:00Z,DEBIT,,"BenchRec production-derived, obfuscated source side A",440520843293,32566RBVOT 32566RBVOT                                                                      JOQVY DE -ELUVIA,ACC#00001,-7.36,DR,2023-02-24,2023-02-25,BenchRec_cash_v1.0_train.csv,141687
32566RL0VI,6740.7900,USD,2023-02-04T00:00:00Z,DEBIT,,"BenchRec production-derived, obfuscated source side A",440737743010,32566RL0VI 32566RL0VI                                                                      JOQ TREPIDATORY,ACC#00001,-6740.79,DR,2023-02-04,2023-02-05,BenchRec_cash_v1.0_train.csv,122947
008113465,36214.4600,USD,2023-01-15T00:00:00Z,CREDIT,,"BenchRec production-derived, obfuscated source side A",441039005067,008113465 14407 KELD388                                                                         UPCLOSER MONOCOQUE GAB -,ACC#00001,36214.46,CR,2023-01-15,2023-01-16,BenchRec_cash_v1.0_train.csv,107149
36351736,1000000.0000,USD,2023-01-04T00:00:00Z,CREDIT,,"BenchRec production-derived, obfuscated source side A",442377123799,36351736 V36351736                                                                       SHALE           667933724,ACC#00001,1000000.00,CR,2023-01-04,2023-01-05,BenchRec_cash_v1.0_train.csv,94921
008808848,39880659.1600,USD,2023-01-26T00:00:00Z,DEBIT,,"BenchRec production-derived, obfuscated source side A",442739205348,008808848 41477 EPEE553 L9HY032                                                                 UPCLOSER MONOCOQUE GAB -,ACC#00001,-39880659.16,DR,2023-01-26,2023-01-27,BenchRec_cash_v1.0_train.csv,115615
32566J4PHI,10321.7500,USD,2023-01-14T00:00:00Z,DEBIT,,"BenchRec production-derived, obfuscated source side A",442903455291,32566J4PHI 32566J4PHI                                                                      JOQVY - BAS - DG,ACC#00001,-10321.75,DR,2023-01-14,2023-01-15,BenchRec_cash_v1.0_train.csv,106736
008803002,4396616.3700,USD,2023-01-26T00:00:00Z,DEBIT,,"BenchRec production-derived, obfuscated source side A",444885955940,008803002 67888 SHOWD61 L9HY7UM                                                                 JO TONITE ETHERIFIES GAB,ACC#00001,-4396616.37,DR,2023-01-26,2023-01-27,BenchRec_cash_v1.0_train.csv,114803
008753937,375068.5000,USD,2023-01-11T00:00:00Z,DEBIT,,"BenchRec production-derived, obfuscated source side A",445150886770,008753937 61008 PUDGY75                                                                         MUTUALITY AVIARY DEFENSER,ACC#00001,-375068.50,DR,2023-01-11,2023-01-12,BenchRec_cash_v1.0_train.csv,103070
008461477,7512153.6200,USD,2023-02-25T00:00:00Z,DEBIT,,"BenchRec production-derived, obfuscated source side A",44518224525,008461477 67613 OKET274                                                                         PREOCCUR FUTHERMORE BUT L,ACC#00001,-7512153.62,DR,2023-02-25,2023-02-26,BenchRec_cash_v1.0_train.csv,144176
008335291,240152.5400,USD,2023-02-17T00:00:00Z,CREDIT,,"BenchRec production-derived, obfuscated source side A",445831160447,008335291 14409 BAIS573                                                                         UPCLOSER MONOCOQUE GAB -,ACC#00001,240152.54,CR,2023-02-17,2023-02-18,BenchRec_cash_v1.0_train.csv,134895
008477256,7238.4500,USD,2023-02-24T00:00:00Z,CREDIT,,"BenchRec production-derived, obfuscated source side A",445977971077,008477256 14476 DODOS98                                                                         UPCLOSER MONOCOQUE GAB -,ACC#00001,7238.45,CR,2023-02-24,2023-02-25,BenchRec_cash_v1.0_train.csv,141749
RM125286,6750.0000,USD,2023-02-25T00:00:00Z,CREDIT,,"BenchRec production-derived, obfuscated source side A",446242260050,RM125286  67666 COPIABLE PLATINA TYPY OWD,ACC#00001,6750.00,CR,2023-02-25,2023-02-26,BenchRec_cash_v1.0_train.csv,143113
008466574,295168.1200,USD,2023-02-23T00:00:00Z,DEBIT,,"BenchRec production-derived, obfuscated source side A",446290744056,008466574 14407 JADE660                                                                         UPCLOSER MONOCOQUE GAB -,ACC#00001,-295168.12,DR,2023-02-23,2023-02-24,BenchRec_cash_v1.0_train.csv,141432
008376334,74536.0700,USD,2023-02-10T00:00:00Z,CREDIT,,"BenchRec production-derived, obfuscated source side A",446308465853,008376334 14407 NAPE546                                                                         UPCLOSER MONOCOQUE GAB -,ACC#00001,74536.07,CR,2023-02-10,2023-02-11,BenchRec_cash_v1.0_train.csv,128623
008348545,5941300.0000,USD,2023-02-15T00:00:00Z,CREDIT,,"BenchRec production-derived, obfuscated source side A",446433518696,008348545 88856 OKET469                                                                         UPCLOSER MONOCOQUE GAB -,ACC#00001,5941300.00,CR,2023-02-15,2023-02-16,BenchRec_cash_v1.0_train.csv,131857
37920486,2000000.0000,USD,2023-01-05T00:00:00Z,CREDIT,,"BenchRec production-derived, obfuscated source side A",448179614464,37920486 V37920486                                                                       SHALE           667933724,ACC#00001,2000000.00,CR,2023-01-05,2023-01-06,BenchRec_cash_v1.0_train.csv,96815
32566TNFRQ,72847.3300,USD,2023-01-05T00:00:00Z,DEBIT,,"BenchRec production-derived, obfuscated source side A",449361819970,32566TNFRQ 32566TNFRQ                                                                      JOQVY - BAS - DG,ACC#00001,-72847.33,DR,2023-01-05,2023-01-06,BenchRec_cash_v1.0_train.csv,96346
32973769,1285174.9000,USD,2023-01-13T00:00:00Z,CREDIT,,"BenchRec production-derived, obfuscated source side A",450271105226,32973769 V32973769                                                                       JO TONITE SAUNT 664952723,ACC#00001,1285174.90,CR,2023-01-13,2023-01-14,BenchRec_cash_v1.0_train.csv,104490
008162507,2944970.0000,USD,2023-01-13T00:00:00Z,CREDIT,,"BenchRec production-derived, obfuscated source side A",45171200813,008162507 12660 NAPE247                                                                         SRI AVIARY WUZZLE AIRY WF,ACC#00001,2944970.00,CR,2023-01-13,2023-01-14,BenchRec_cash_v1.0_train.csv,104769
008850024,1737714.7500,USD,2023-02-04T00:00:00Z,CREDIT,,"BenchRec production-derived, obfuscated source side A",452115524460,008850024 55570 NAPE703                                                                         JACKPLANE AVIARY PANTOPOD,ACC#00001,1737714.75,CR,2023-02-04,2023-02-05,BenchRec_cash_v1.0_train.csv,123839
32566RJ2HN,267290.5700,USD,2023-02-08T00:00:00Z,DEBIT,,"BenchRec production-derived, obfuscated source side A",453641300281,32566RJ2HN 32566RJ2HN                                                                      JOQVY - BAS - SF,ACC#00001,-267290.57,DR,2023-02-08,2023-02-09,BenchRec_cash_v1.0_train.csv,125906
008723360,53318.8900,USD,2023-01-08T00:00:00Z,CREDIT,,"BenchRec production-derived, obfuscated source side A",455573940094,008723360 67327 JADE521                                                                         VOLUPT NAPKIN & RESSAUT,ACC#00001,53318.89,CR,2023-01-08,2023-01-09,BenchRec_cash_v1.0_train.csv,100211
07166J3MK2,2175346.0000,USD,2023-01-15T00:00:00Z,CREDIT,,"BenchRec production-derived, obfuscated source side A",457162782250,07166J3MK2 07166J3MK2                                                                                DOSSAL,ACC#00001,2175346.00,CR,2023-01-15,2023-01-16,BenchRec_cash_v1.0_train.csv,107331
32566RUQE8,47.6500,USD,2023-02-18T00:00:00Z,CREDIT,,"BenchRec production-derived, obfuscated source side A",458755049913,32566RUQE8 32566RUQE8                                                                      JOQVY - ELUVIA -,ACC#00001,47.65,CR,2023-02-18,2023-02-19,BenchRec_cash_v1.0_train.csv,135129
008845445,882548.4100,USD,2023-02-04T00:00:00Z,CREDIT,,"BenchRec production-derived, obfuscated source side A",45894541511,008845445 88856 KAVI507                                                                         DIANITE ANIMI VOWED AGHAN,ACC#00001,882548.41,CR,2023-02-04,2023-02-05,BenchRec_cash_v1.0_train.csv,123191
008787882,8798142.6800,USD,2023-01-05T00:00:00Z,CREDIT,,"BenchRec production-derived, obfuscated source side A",45898308925,008787882 17661 AUG0762                                                                         UPCLOSER MONOCOQUE GAB -,ACC#00001,8798142.68,CR,2023-01-05,2023-01-07,BenchRec_cash_v1.0_train.csv,98360
008376448,10828.1400,USD,2023-02-11T00:00:00Z,CREDIT,,"BenchRec production-derived, obfuscated source side A",459370806929,008376448 14476 NAUT308                                                                         MEROTROPISM NM CRYOCHORIC,ACC#00001,10828.14,CR,2023-02-11,2023-02-12,BenchRec_cash_v1.0_train.csv,129258
32566J6RMQ,53966.3000,USD,2023-01-07T00:00:00Z,CREDIT,,"BenchRec production-derived, obfuscated source side A",459878761068,32566J6RMQ 32566J6RMQ                                                                      JOQVY - ELUVIA -,ACC#00001,53966.30,CR,2023-01-07,2023-01-08,BenchRec_cash_v1.0_train.csv,99928
7084224904,203237449.7000,USD,2023-01-11T00:00:00Z,DEBIT,,"BenchRec production-derived, obfuscated source side A",461725584221,7084224904 7084224904                                                                      OARS PISTRIX -V&F SHY,ACC#00001,-203237449.70,DR,2023-01-11,2023-01-12,BenchRec_cash_v1.0_train.csv,101814
008853210,2571633.0000,USD,2023-02-05T00:00:00Z,DEBIT,,"BenchRec production-derived, obfuscated source side A",4636368476,008853210 17661 OKET746                                                                         TAPU ETHERIFIES AUANTIC,ACC#00001,-2571633.00,DR,2023-02-05,2023-02-06,BenchRec_cash_v1.0_train.csv,124457
008408429,1455187.6500,USD,2023-02-22T00:00:00Z,CREDIT,,"BenchRec production-derived, obfuscated source side A",464126980621,008408429 15574 NAPE580                                                                         SLATTERN TYPY OEV,ACC#00001,1455187.65,CR,2023-02-22,2023-02-23,BenchRec_cash_v1.0_train.csv,138656
6666666666636913,856000000.0000,USD,2023-02-08T00:00:00Z,DEBIT,,"BenchRec production-derived, obfuscated source side A",46442490343,6666666666636913 JOQOEV HUMP FGDK,ACC#00001,-856000000.00,DR,2023-02-08,2023-02-09,BenchRec_cash_v1.0_train.csv,125761
008312347,1133329.3400,USD,2023-02-11T00:00:00Z,DEBIT,,"BenchRec production-derived, obfuscated source side A",465964279668,008312347 41477 GULA414 L9HO9AS                                                                 JOQVY H.C. ZUCCHINIS TENT,ACC#00001,-1133329.34,DR,2023-02-11,2023-02-12,BenchRec_cash_v1.0_train.csv,129328
008441251,1789072.7000,USD,2023-02-26T00:00:00Z,DEBIT,,"BenchRec production-derived, obfuscated source side A",46602508802,008441251 67888 CHARE18 L9HG41I                                                                 JO TONITE ETHERIFIES GAB,ACC#00001,-1789072.70,DR,2023-02-26,2023-02-27,BenchRec_cash_v1.0_train.csv,144343
VIP9126666759081,1788800.0000,USD,2023-01-04T00:00:00Z,CREDIT,,"BenchRec production-derived, obfuscated source side A",466136618838,VIP9126666759081 VIP9126666759081,ACC#00001,1788800.00,CR,2023-01-04,2023-01-05,BenchRec_cash_v1.0_train.csv,95800
32566RUQP8,24633.7900,USD,2023-02-18T00:00:00Z,CREDIT,,"BenchRec production-derived, obfuscated source side A",466732181730,32566RUQP8 32566RUQP8                                                                      JOQVY - ELUVIA -,ACC#00001,24633.79,CR,2023-02-18,2023-02-19,BenchRec_cash_v1.0_train.csv,135909
32566J6W04,57206.3300,USD,2023-01-07T00:00:00Z,CREDIT,,"BenchRec production-derived, obfuscated source side A",467733660068,32566J6W04 32566J6W04                                                                      JOQVY - ELUVIA -,ACC#00001,57206.33,CR,2023-01-07,2023-01-08,BenchRec_cash_v1.0_train.csv,98733
48155710,26268000.0000,USD,2023-02-18T00:00:00Z,CREDIT,,"BenchRec production-derived, obfuscated source side A",467942652712,48155710 V48155710                                                                       WUR AI-WHINNY   669267817,ACC#00001,26268000.00,CR,2023-02-18,2023-02-19,BenchRec_cash_v1.0_train.csv,135661
008141486,21831200.0000,USD,2023-01-18T00:00:00Z,CREDIT,,"BenchRec production-derived, obfuscated source side A",46819538440,008141486 41477 NAPE195 L9XU0OL                                                                 UPCLOSER MONOCOQUE GAB -,ACC#00001,21831200.00,CR,2023-01-18,2023-01-19,BenchRec_cash_v1.0_train.csv,107824
008717722,1032714.6700,USD,2023-01-06T00:00:00Z,CREDIT,,"BenchRec production-derived, obfuscated source side A",468480977155,008717722 41477 RIGHT63 L9HJ7NE                                                                 UPCLOSER MONOCOQUE GAB -,ACC#00001,1032714.67,CR,2023-01-06,2023-01-07,BenchRec_cash_v1.0_train.csv,98559
008487594,88000.0000,USD,2023-02-24T00:00:00Z,DEBIT,,"BenchRec production-derived, obfuscated source side A",469066126518,008487594 67888 CHARE18 L9HG7H1                                                                 JO TONITE ETHERIFIES GAB,ACC#00001,-88000.00,DR,2023-02-24,2023-02-25,BenchRec_cash_v1.0_train.csv,142247
35738053,3000000.0000,USD,2023-03-05T00:00:00Z,DEBIT,,"BenchRec production-derived, obfuscated source side A",471410671088,35738053 ALME7U4412JOQG7U                                                                JO TONITE SAUNT 664952723,ACC#00001,-3000000.00,DR,2023-03-05,2023-03-06,BenchRec_cash_v1.0_train.csv,149839
008357307,315326.2500,USD,2023-02-17T00:00:00Z,DEBIT,,"BenchRec production-derived, obfuscated source side A",47194455474,008357307 67674 CHARE18                                                                         LGYV TYPY INF,ACC#00001,-315326.25,DR,2023-02-17,2023-02-18,BenchRec_cash_v1.0_train.csv,134551
008335991,1325444.3000,USD,2023-02-18T00:00:00Z,DEBIT,,"BenchRec production-derived, obfuscated source side A",472340813623,008335991 67613 OKET347                                                                         ROOTIEST CENTENARY SAME N,ACC#00001,-1325444.30,DR,2023-02-18,2023-02-19,BenchRec_cash_v1.0_train.csv,136123
15325181,6348611.4800,USD,2023-02-12T00:00:00Z,DEBIT,,"BenchRec production-derived, obfuscated source side A",473149552949,15325181 JOQG7U0563ESKIMO                                                                GVKYHE          666610809,ACC#00001,-6348611.48,DR,2023-02-12,2023-02-13,BenchRec_cash_v1.0_train.csv,130599
008117752,1864600.0000,USD,2023-01-13T00:00:00Z,CREDIT,,"BenchRec production-derived, obfuscated source side A",474311703578,008117752 41477 AUG0698 L9FR8GP                                                                 UPCLOSER MONOCOQUE GAB -,ACC#00001,1864600.00,CR,2023-01-13,2023-01-14,BenchRec_cash_v1.0_train.csv,104358
35702199,8753320.0000,USD,2023-02-26T00:00:00Z,DEBIT,,"BenchRec production-derived, obfuscated source side A",47591499800,35702199 ALME7U3499JOQG7U                                                                JOQ MENDEL      664952723,ACC#00001,-8753320.00,DR,2023-02-26,2023-02-27,BenchRec_cash_v1.0_train.csv,144312
32566EH2IK,3184905.4100,USD,2023-01-01T00:00:00Z,DEBIT,,"BenchRec production-derived, obfuscated source side A",475960439902,32566EH2IK 32566EH2IK                                                                      JOQVY DE -ELUVIA,ACC#00001,-3184905.41,DR,2023-01-01,2023-01-02,BenchRec_cash_v1.0_train.csv,94152
008754669,1619803.0000,USD,2023-01-11T00:00:00Z,CREDIT,,"BenchRec production-derived, obfuscated source side A",479644265872,008754669 67005 TANNA84                                                                         ASCIDIA GEOMETRINE MOGGIO,ACC#00001,1619803.00,CR,2023-01-11,2023-01-12,BenchRec_cash_v1.0_train.csv,102508
32566RA1PI,325.1600,USD,2023-03-04T00:00:00Z,DEBIT,,"BenchRec production-derived, obfuscated source side A",480388090348,32566RA1PI 32566RA1PI                                                                      JOQVY - BAS - DG,ACC#00001,-325.16,DR,2023-03-04,2023-03-05,BenchRec_cash_v1.0_train.csv,148621
008487225,4197539.7500,USD,2023-02-25T00:00:00Z,DEBIT,,"BenchRec production-derived, obfuscated source side A",483762882647,008487225 67888 ROMAN42 L9HG7BB                                                                 JO TONITE ETHERIFIES GAB,ACC#00001,-4197539.75,DR,2023-02-25,2023-02-26,BenchRec_cash_v1.0_train.csv,143431
008872232,437222.6800,USD,2023-01-29T00:00:00Z,DEBIT,,"BenchRec production-derived, obfuscated source side A",484453180212,008872232 14407 NAPE532                                                                         UPCLOSER MONOCOQUE GAB -,ACC#00001,-437222.68,DR,2023-01-29,2023-01-30,BenchRec_cash_v1.0_train.csv,119226
008134184,572135.3700,USD,2023-01-20T00:00:00Z,DEBIT,,"BenchRec production-derived, obfuscated source side A",484677501490,008134184 17661 NAPE580                                                                         DIANITE ANIMI VOWED AGHAN,ACC#00001,-572135.37,DR,2023-01-20,2023-01-21,BenchRec_cash_v1.0_train.csv,109954
35630802,186450.1200,USD,2023-01-29T00:00:00Z,DEBIT,,"BenchRec production-derived, obfuscated source side A",484996293441,35630802 ALME7U4114JOQG7U                                                                JO TONITE SAUNT 664952723,ACC#00001,-186450.12,DR,2023-01-29,2023-01-30,BenchRec_cash_v1.0_train.csv,118993
008116414,1770899.5000,USD,2023-01-14T00:00:00Z,DEBIT,,"BenchRec production-derived, obfuscated source side A",486445343757,008116414 88856 NAPE718                                                                         UPCLOSER MONOCOQUE GAB -,ACC#00001,-1770899.50,DR,2023-01-14,2023-01-15,BenchRec_cash_v1.0_train.csv,105779
008312756,13925367.9000,USD,2023-02-11T00:00:00Z,DEBIT,,"BenchRec production-derived, obfuscated source side A",491731353710,008312756 41477 NAPE576 L9HO9EP                                                                 UPCLOSER MONOCOQUE GAB -,ACC#00001,-13925367.90,DR,2023-02-11,2023-02-12,BenchRec_cash_v1.0_train.csv,130082
6399656G6Q6E6767,70.6300,USD,2023-01-14T00:00:00Z,DEBIT,,"BenchRec production-derived, obfuscated source side A",49224434659,6399656G6Q6E6767 6399656G6Q6H616P                                                                UPCLOSER QUETCH EFI (WYE-,ACC#00001,-70.63,DR,2023-01-14,2023-01-15,BenchRec_cash_v1.0_train.csv,105917
32967523,1200000.0000,USD,2023-01-07T00:00:00Z,CREDIT,,"BenchRec production-derived, obfuscated source side A",493179488265,32967523 V32967523                                                                       JO TONITE SAUNT 664952723,ACC#00001,1200000.00,CR,2023-01-07,2023-01-08,BenchRec_cash_v1.0_train.csv,99984
008444578,17078.2100,USD,2023-03-02T00:00:00Z,CREDIT,,"BenchRec production-derived, obfuscated source side A",494668407131,008444578 14407 CRIB135                                                                         UPCLOSER MONOCOQUE GAB -,ACC#00001,17078.21,CR,2023-03-02,2023-03-03,BenchRec_cash_v1.0_train.csv,147520
008379328,1314675.8500,USD,2023-02-11T00:00:00Z,CREDIT,,"BenchRec production-derived, obfuscated source side A",494708698408,008379328 14407 CUTIN16                                                                         UPCLOSER MONOCOQUE GAB -,ACC#00001,1314675.85,CR,2023-02-11,2023-02-12,BenchRec_cash_v1.0_train.csv,129656
008153593,8529.7500,USD,2023-01-22T00:00:00Z,CREDIT,,"BenchRec production-derived, obfuscated source side A",49499599497,008153593 14407 DODOS98                                                                         UPCLOSER MONOCOQUE GAB -,ACC#00001,8529.75,CR,2023-01-22,2023-01-23,BenchRec_cash_v1.0_train.csv,113118
28456546,4000000.0000,USD,2023-02-03T00:00:00Z,CREDIT,,"BenchRec production-derived, obfuscated source side A",495285353613,28456546 V28456546                                                                       SHALE           667933724,ACC#00001,4000000.00,CR,2023-02-03,2023-02-04,BenchRec_cash_v1.0_train.csv,121972
32566J4JHU,23046.0400,USD,2023-01-14T00:00:00Z,CREDIT,,"BenchRec production-derived, obfuscated source side A",495678314700,32566J4JHU 32566J4JHU                                                                      JOQVY DE -ELUVIA,ACC#00001,23046.04,CR,2023-01-14,2023-01-15,BenchRec_cash_v1.0_train.csv,105915
008873506,268963.8600,USD,2023-01-29T00:00:00Z,DEBIT,,"BenchRec production-derived, obfuscated source side A",495843956417,008873506 67005 WASN038                                                                         CHINOL BUT STIVY,ACC#00001,-268963.86,DR,2023-01-29,2023-01-30,BenchRec_cash_v1.0_train.csv,119329
32566J4JTL,668498.1300,USD,2023-01-14T00:00:00Z,CREDIT,,"BenchRec production-derived, obfuscated source side A",497282887685,32566J4JTL 32566J4JTL                                                                      JOQVY - ELUVIA -,ACC#00001,668498.13,CR,2023-01-14,2023-01-15,BenchRec_cash_v1.0_train.csv,105945
008411374,61776.7600,USD,2023-02-25T00:00:00Z,CREDIT,,"BenchRec production-derived, obfuscated source side A",497306248825,008411374 14476 SHOJI46                                                                         UPCLOSER MONOCOQUE GAB -,ACC#00001,61776.76,CR,2023-02-25,2023-02-26,BenchRec_cash_v1.0_train.csv,144169
008422166,295404.9100,USD,2023-03-04T00:00:00Z,CREDIT,,"BenchRec production-derived, obfuscated source side A",497810543608,008422166 67717 CLICH35                                                                         VOLUPT NAPKIN & RESSAUT,ACC#00001,295404.91,CR,2023-03-04,2023-03-05,BenchRec_cash_v1.0_train.csv,148773
008199741,2859.4300,USD,2023-01-25T00:00:00Z,CREDIT,,"BenchRec production-derived, obfuscated source side A",499488811198,008199741 14407 CUCA347                                                                         UPCLOSER MONOCOQUE GAB -,ACC#00001,2859.43,CR,2023-01-25,2023-01-26,BenchRec_cash_v1.0_train.csv,114311
008341780,21049887.7600,USD,2023-02-15T00:00:00Z,DEBIT,,"BenchRec production-derived, obfuscated source side A",499850887382,008341780 17661 OKET746                                                                         JOQVY ELUVIA DESINENT,ACC#00001,-21049887.76,DR,2023-02-15,2023-02-16,BenchRec_cash_v1.0_train.csv,131989
008694004,203263.7400,USD,2023-01-14T00:00:00Z,CREDIT,,"BenchRec production-derived, obfuscated source side A",501382482097,008694004 12660 NAPE023                                                                         UPCLOSER MONOCOQUE GAB -,ACC#00001,203263.74,CR,2023-01-14,2023-01-15,BenchRec_cash_v1.0_train.csv,105371
008432936,1041549.9700,USD,2023-03-02T00:00:00Z,DEBIT,,"BenchRec production-derived, obfuscated source side A",502674107785,008432936 67005 TANNA82                                                                         ROUTOUS UNCALKED VOWED AP,ACC#00001,-1041549.97,DR,2023-03-02,2023-03-03,BenchRec_cash_v1.0_train.csv,147303
008187770,18252318.4500,USD,2023-01-15T00:00:00Z,DEBIT,,"BenchRec production-derived, obfuscated source side A",50345728500,008187770 67888 NAPE703 L9FR4J8                                                                 JO TONITE ETHERIFIES GAB,ACC#00001,-18252318.45,DR,2023-01-15,2023-01-16,BenchRec_cash_v1.0_train.csv,106913
008102694,486814.1800,USD,2023-01-15T00:00:00Z,DEBIT,,"BenchRec production-derived, obfuscated source side A",504334810667,008102694 14726 VINYL26                                                                         SEBUM VOWED FUTHERMORE BE,ACC#00001,-486814.18,DR,2023-01-15,2023-01-16,BenchRec_cash_v1.0_train.csv,106996
008895116,93800.3300,USD,2023-02-09T00:00:00Z,DEBIT,,"BenchRec production-derived, obfuscated source side A",50449243746,008895116 14407 KAVI031                                                                         UPCLOSER MONOCOQUE GAB -,ACC#00001,-93800.33,DR,2023-02-09,2023-02-10,BenchRec_cash_v1.0_train.csv,126613
008487238,1699600.0000,USD,2023-02-24T00:00:00Z,CREDIT,,"BenchRec production-derived, obfuscated source side A",504598934814,008487238 41477 NAPE718 L9HG7UV                                                                 UPCLOSER MONOCOQUE GAB -,ACC#00001,1699600.00,CR,2023-02-24,2023-02-25,BenchRec_cash_v1.0_train.csv,141851
32566RLRIH,123143.0600,USD,2023-02-05T00:00:00Z,DEBIT,,"BenchRec production-derived, obfuscated source side A",504628227819,32566RLRIH 32566RLRIH                                                                      JOQVY - BAS - AK,ACC#00001,-123143.06,DR,2023-02-05,2023-02-06,BenchRec_cash_v1.0_train.csv,125707
32566RUQOI,52682.0000,USD,2023-02-18T00:00:00Z,CREDIT,,"BenchRec production-derived, obfuscated source side A",506304382113,32566RUQOI 32566RUQOI                                                                      JOQVY - ELUVIA -,ACC#00001,52682.00,CR,2023-02-18,2023-02-19,BenchRec_cash_v1.0_train.csv,135698
VIP9126666160405,70977730.6800,USD,2023-02-11T00:00:00Z,DEBIT,,"BenchRec production-derived, obfuscated source side A",509601298223,VIP9126666160405 VIP9126666160405,ACC#00001,-70977730.68,DR,2023-02-11,2023-02-12,BenchRec_cash_v1.0_train.csv,129243
6666666666966338,3621000000.0000,USD,2023-02-22T00:00:00Z,DEBIT,,"BenchRec production-derived, obfuscated source side A",510504245417,6666666666966338 BHOOSA- DESINENT,ACC#00001,-3621000000.00,DR,2023-02-22,2023-02-23,BenchRec_cash_v1.0_train.csv,138585
008444919,173578.8800,USD,2023-03-04T00:00:00Z,CREDIT,,"BenchRec production-derived, obfuscated source side A",510945259196,008444919 12660 CHOIL51                                                                         UPCLOSER MONOCOQUE GAB -,ACC#00001,173578.88,CR,2023-03-04,2023-03-05,BenchRec_cash_v1.0_train.csv,149212
008743475,88296.2100,USD,2023-01-07T00:00:00Z,CREDIT,,"BenchRec production-derived, obfuscated source side A",511308964870,008743475 67327 JADE521                                                                         VOLUPT NAPKIN,ACC#00001,88296.21,CR,2023-01-07,2023-01-08,BenchRec_cash_v1.0_train.csv,99574
32566REJD9,359429.0300,USD,2023-02-12T00:00:00Z,CREDIT,,"BenchRec production-derived, obfuscated source side A",511497492325,32566REJD9 32566REJD9                                                                      JOQVY - BAS - DG,ACC#00001,359429.03,CR,2023-02-12,2023-02-13,BenchRec_cash_v1.0_train.csv,130299
008142299,3119746.2000,USD,2023-01-19T00:00:00Z,CREDIT,,"BenchRec production-derived, obfuscated source side A",512186286207,008142299 15574 NAPE159                                                                         SLATTERN TYPY OEV,ACC#00001,3119746.20,CR,2023-01-19,2023-01-20,BenchRec_cash_v1.0_train.csv,109275
32900751,3016261.6000,USD,2023-01-11T00:00:00Z,DEBIT,,"BenchRec production-derived, obfuscated source side A",512810921184,32900751 ALME7U5375JOQG7U                                                                JO TONITE SAUNT 664952723,ACC#00001,-3016261.60,DR,2023-01-11,2023-01-12,BenchRec_cash_v1.0_train.csv,102498
IYO9126666168210,286860.0000,USD,2023-02-22T00:00:00Z,DEBIT,,"BenchRec production-derived, obfuscated source side A",514468918181,IYO9126666168210 IYO9126666168210,ACC#00001,-286860.00,DR,2023-02-22,2023-02-23,BenchRec_cash_v1.0_train.csv,139857
075916,14562847.8300,USD,2023-02-08T00:00:00Z,CREDIT,,"BenchRec production-derived, obfuscated source side A",515626233168,075916 V66075916                                                                       JO TONITE SAUNT 664952723,ACC#00001,14562847.83,CR,2023-02-08,2023-02-09,BenchRec_cash_v1.0_train.csv,126341
008853578,18175.7400,USD,2023-02-05T00:00:00Z,CREDIT,,"BenchRec production-derived, obfuscated source side A",515784921218,008853578 14407 FALX821                                                                         UPCLOSER MONOCOQUE GAB -,ACC#00001,18175.74,CR,2023-02-05,2023-02-06,BenchRec_cash_v1.0_train.csv,124277
32566BM5UK,1048900.0000,USD,2023-02-26T00:00:00Z,CREDIT,,"BenchRec production-derived, obfuscated source side A",515809035888,32566BM5UK 32566BM5UK                                                                      JOQVY DE -ELUVIA,ACC#00001,1048900.00,CR,2023-02-26,2023-02-27,BenchRec_cash_v1.0_train.csv,144784
008422246,1033001.5100,USD,2023-03-04T00:00:00Z,CREDIT,,"BenchRec production-derived, obfuscated source side A",516839957238,008422246 15574 OKET481                                                                         YMV NONREGULATIVE,ACC#00001,1033001.51,CR,2023-03-04,2023-03-05,BenchRec_cash_v1.0_train.csv,149106
32566KA7J5,776.1500,USD,2023-01-25T00:00:00Z,CREDIT,,"BenchRec production-derived, obfuscated source side A",517000930224,32566KA7J5 32566KA7J5                                                                      JO TONITE AGGEST,ACC#00001,776.15,CR,2023-01-25,2023-01-26,BenchRec_cash_v1.0_train.csv,114691
008797138,10423453.3700,USD,2023-01-08T00:00:00Z,DEBIT,,"BenchRec production-derived, obfuscated source side A",519246197009,008797138 17661 AUG0762                                                                         JOQVY ELUVIA DESINENT,ACC#00001,-10423453.37,DR,2023-01-08,2023-01-09,BenchRec_cash_v1.0_train.csv,100201
AHT9126666791422,640049.0000,USD,2023-01-19T00:00:00Z,DEBIT,,"BenchRec production-derived, obfuscated source side A",51934621566,AHT9126666791422 AHT9126666791422,ACC#00001,-640049.00,DR,2023-01-19,2023-01-20,BenchRec_cash_v1.0_train.csv,109627
32566RGVUU,918.2400,USD,2023-02-26T00:00:00Z,DEBIT,,"BenchRec production-derived, obfuscated source side A",521284871297,32566RGVUU 32566RGVUU                                                                      JOQVY DE -ELUVIA,ACC#00001,-918.24,DR,2023-02-26,2023-02-27,BenchRec_cash_v1.0_train.csv,145725
008344170,113000.0000,USD,2023-02-18T00:00:00Z,DEBIT,,"BenchRec production-derived, obfuscated source side A",521699383099,008344170 67005 OKET347                                                                         ROOTIEST CENTENARY SAME N,ACC#00001,-113000.00,DR,2023-02-18,2023-02-19,BenchRec_cash_v1.0_train.csv,135261
35690273,81656.4400,USD,2023-02-08T00:00:00Z,DEBIT,,"BenchRec production-derived, obfuscated source side A",523406655109,35690273 ALME7U0603JOQG7U                                                                JO TONITE SAUNT 664952723,ACC#00001,-81656.44,DR,2023-02-08,2023-02-09,BenchRec_cash_v1.0_train.csv,126348
008798699,1600000.0000,USD,2023-01-07T00:00:00Z,DEBIT,,"BenchRec production-derived, obfuscated source side A",525396546013,008798699 41476 L9HH30T                                                                 BAHUT ASSUMER FUTHERMORE,ACC#00001,-1600000.00,DR,2023-01-07,2023-01-08,BenchRec_cash_v1.0_train.csv,99622
32566J9H7M,147300.0000,USD,2023-01-21T00:00:00Z,CREDIT,,"BenchRec production-derived, obfuscated source side A",5254125175,32566J9H7M 32566J9H7M                                                                      JOQVY - ELUVIA -,ACC#00001,147300.00,CR,2023-01-21,2023-01-22,BenchRec_cash_v1.0_train.csv,112161
HEY,542490.3000,USD,2023-02-04T00:00:00Z,CREDIT,,"BenchRec production-derived, obfuscated source side A",525715704887,HEY RAMON DISNEY JOQ ELUVIA KR - TA,ACC#00001,542490.30,CR,2023-02-04,2023-02-05,BenchRec_cash_v1.0_train.csv,122584
008424376,46408.1900,USD,2023-03-05T00:00:00Z,CREDIT,,"BenchRec production-derived, obfuscated source side A",526360657063,008424376 14407 ATMA690                                                                         BYV GEOMETRINE QMQF ZH AH,ACC#00001,46408.19,CR,2023-03-05,2023-03-06,BenchRec_cash_v1.0_train.csv,149725
008410722,4584742.1000,USD,2023-02-25T00:00:00Z,CREDIT,,"BenchRec production-derived, obfuscated source side A",527055040728,008410722 88856 VELIC90                                                                         SLATTERN AVIARY ENNOBLERS,ACC#00001,4584742.10,CR,2023-02-25,2023-02-26,BenchRec_cash_v1.0_train.csv,143939
008884772,116636.4000,USD,2023-01-29T00:00:00Z,CREDIT,,"BenchRec production-derived, obfuscated source side A",527204134708,008884772 67888 CHOIL61 L9HY54X                                                                 JO TONITE ETHERIFIES GAB,ACC#00001,116636.40,CR,2023-01-29,2023-01-30,BenchRec_cash_v1.0_train.csv,119170
32566ROMLH,22043.0300,USD,2023-02-19T00:00:00Z,DEBIT,,"BenchRec production-derived, obfuscated source side A",527777762500,32566ROMLH 32566ROMLH                                                                      JOQVY - BAS - DG,ACC#00001,-22043.03,DR,2023-02-19,2023-02-20,BenchRec_cash_v1.0_train.csv,137278
32566RQEMM,374321.0000,USD,2023-02-16T00:00:00Z,CREDIT,,"BenchRec production-derived, obfuscated source side A",529364052688,32566RQEMM 32566RQEMM                                                                      JOQVY DE -ELUVIA,ACC#00001,374321.00,CR,2023-02-16,2023-02-17,BenchRec_cash_v1.0_train.csv,133114
008802480,70625.0000,USD,2023-01-28T00:00:00Z,CREDIT,,"BenchRec production-derived, obfuscated source side A",529722323571,008802480 67387 NINA037                                                                         RHODIZITE UNSOLACED AGHAN,ACC#00001,70625.00,CR,2023-01-28,2023-01-29,BenchRec_cash_v1.0_train.csv,117765
008800898,12882104.5900,USD,2023-01-25T00:00:00Z,DEBIT,,"BenchRec production-derived, obfuscated source side A",530419281067,008800898 14407 NAPE905                                                                         VOB VOWED FUTHERMORE,ACC#00001,-12882104.59,DR,2023-01-25,2023-01-26,BenchRec_cash_v1.0_train.csv,113877
008158375,174803.7800,USD,2023-01-21T00:00:00Z,CREDIT,,"BenchRec production-derived, obfuscated source side A",533764862905,008158375 41477 NAPE159 L9XU3B0                                                                 UPCLOSER MONOCOQUE GAB -,ACC#00001,174803.78,CR,2023-01-21,2023-01-22,BenchRec_cash_v1.0_train.csv,111817
008482153,107902.7000,USD,2023-02-26T00:00:00Z,CREDIT,,"BenchRec production-derived, obfuscated source side A",534278315609,008482153 14476 ATMA988                                                                         UPCLOSER MONOCOQUE GAB -,ACC#00001,107902.70,CR,2023-02-26,2023-02-27,BenchRec_cash_v1.0_train.csv,144434
008853783,6172750.0000,USD,2023-02-03T00:00:00Z,CREDIT,,"BenchRec production-derived, obfuscated source side A",534573093313,008853783 67888 ROMAN42 L9CY2GI                                                                 JO TONITE ETHERIFIES GAB,ACC#00001,6172750.00,CR,2023-02-03,2023-02-04,BenchRec_cash_v1.0_train.csv,122287
32566RUGG3,3152.6000,USD,2023-02-18T00:00:00Z,DEBIT,,"BenchRec production-derived, obfuscated source side A",534835014589,32566RUGG3 32566RUGG3                                                                      JOQVY - BAS - DG,ACC#00001,-3152.60,DR,2023-02-18,2023-02-19,BenchRec_cash_v1.0_train.csv,135524
008723341,173842.8900,USD,2023-01-08T00:00:00Z,CREDIT,,"BenchRec production-derived, obfuscated source side A",535049755287,008723341 67327 JADE521                                                                         VOLUPT NAPKIN & RESSAUT,ACC#00001,173842.89,CR,2023-01-08,2023-01-09,BenchRec_cash_v1.0_train.csv,100794
30494696,2858260.0000,USD,2023-01-05T00:00:00Z,DEBIT,,"BenchRec production-derived, obfuscated source side A",536080087846,30494696 ALME7U8463JOQG7U                                                                JO TONITE SAUNT 664952723,ACC#00001,-2858260.00,DR,2023-01-05,2023-01-06,BenchRec_cash_v1.0_train.csv,96920
32566RILPG,39935.6000,USD,2023-01-28T00:00:00Z,DEBIT,,"BenchRec production-derived, obfuscated source side A",536914382178,32566RILPG 32566RILPG                                                                      JOQVY - ELUVIA -,ACC#00001,-39935.60,DR,2023-01-28,2023-01-29,BenchRec_cash_v1.0_train.csv,118332
008376401,9614.8300,USD,2023-02-10T00:00:00Z,CREDIT,,"BenchRec production-derived, obfuscated source side A",536945657997,008376401 14407 NINA588                                                                         UPCLOSER MONOCOQUE GAB -,ACC#00001,9614.83,CR,2023-02-10,2023-02-11,BenchRec_cash_v1.0_train.csv,128508
008461307,739638.6400,USD,2023-02-23T00:00:00Z,DEBIT,,"BenchRec production-derived, obfuscated source side A",537997739188,008461307 12660 DODOS98                                                                         UPCLOSER MONOCOQUE GAB -,ACC#00001,-739638.64,DR,2023-02-23,2023-02-24,BenchRec_cash_v1.0_train.csv,140637
008888359,21043538.9000,USD,2023-01-29T00:00:00Z,DEBIT,,"BenchRec production-derived, obfuscated source side A",538330477755,008888359 41477 NAPE703 L9HY5TV                                                                 UPCLOSER MONOCOQUE GAB -,ACC#00001,-21043538.90,DR,2023-01-29,2023-01-30,BenchRec_cash_v1.0_train.csv,119053
008345690,468581.1400,USD,2023-02-17T00:00:00Z,CREDIT,,"BenchRec production-derived, obfuscated source side A",538653155479,008345690 14726 NAPE703                                                                         TYPY DEMIPIKE AD,ACC#00001,468581.14,CR,2023-02-17,2023-02-18,BenchRec_cash_v1.0_train.csv,134420
37266J1I95,7279.4600,USD,2023-01-11T00:00:00Z,CREDIT,,"BenchRec production-derived, obfuscated source side A",538799044481,37266J1I95 37266J1I95                                                                      INKROOT LIKED BY,ACC#00001,7279.46,CR,2023-01-11,2023-01-12,BenchRec_cash_v1.0_train.csv,102094
45834716,31540040.5600,USD,2023-01-22T00:00:00Z,DEBIT,,"BenchRec production-derived, obfuscated source side A",54018232420,45834716 ALME7U3954JOQG7U                                                                JO TONITE SAUNT 664952723,ACC#00001,-31540040.56,DR,2023-01-22,2023-01-23,BenchRec_cash_v1.0_train.csv,112811
008477481,115512.8300,USD,2023-02-24T00:00:00Z,CREDIT,,"BenchRec production-derived, obfuscated source side A",540561799562,008477481 14407 HUBBA68                                                                         UPCLOSER MONOCOQUE GAB -,ACC#00001,115512.83,CR,2023-02-24,2023-02-25,BenchRec_cash_v1.0_train.csv,142703
008451432,28629505.3900,USD,2023-03-04T00:00:00Z,DEBIT,,"BenchRec production-derived, obfuscated source side A",540613194108,008451432 41477 OKET487 L9IE0DY                                                                 UPCLOSER MONOCOQUE GAB -,ACC#00001,-28629505.39,DR,2023-03-04,2023-03-05,BenchRec_cash_v1.0_train.csv,149213
008142475,617804.5900,USD,2023-01-19T00:00:00Z,DEBIT,,"BenchRec production-derived, obfuscated source side A",541104970826,008142475 10810 EPOXY95                                                                         LAC FRUZ CUBICLES WF,ACC#00001,-617804.59,DR,2023-01-19,2023-01-20,BenchRec_cash_v1.0_train.csv,109370
32566RML9D,967.9400,USD,2023-02-03T00:00:00Z,CREDIT,,"BenchRec production-derived, obfuscated source side A",542425563244,32566RML9D 32566RML9D                                                                      JOQVY - BAS - DG,ACC#00001,967.94,CR,2023-02-03,2023-02-04,BenchRec_cash_v1.0_train.csv,122076
008793618,209664.5000,USD,2023-01-12T00:00:00Z,CREDIT,,"BenchRec production-derived, obfuscated source side A",542494970037,008793618 17667 HUBBA81                                                                         CHINOL BUT STIVY,ACC#00001,209664.50,CR,2023-01-12,2023-01-13,BenchRec_cash_v1.0_train.csv,104061
008470622,21775912.0000,USD,2023-02-22T00:00:00Z,DEBIT,,"BenchRec production-derived, obfuscated source side A",542496157129,008470622 41477 NAPE703 L9WA2R6                                                                 UPCLOSER MONOCOQUE GAB -,ACC#00001,-21775912.00,DR,2023-02-22,2023-02-23,BenchRec_cash_v1.0_train.csv,138884
008821059,1135987.1400,USD,2023-02-03T00:00:00Z,DEBIT,,"BenchRec production-derived, obfuscated source side A",54473602554,008821059 41477 GULA414 L9CY3JV                                                                 JOQVY H.C. ZUCCHINIS TENT,ACC#00001,-1135987.14,DR,2023-02-03,2023-02-04,BenchRec_cash_v1.0_train.csv,122138
32566RQF4R,1293403.9300,USD,2023-02-16T00:00:00Z,CREDIT,,"BenchRec production-derived, obfuscated source side A",546398799947,32566RQF4R 32566RQF4R                                                                      JOQVY - ELUVIA -,ACC#00001,1293403.93,CR,2023-02-16,2023-02-17,BenchRec_cash_v1.0_train.csv,133759
6666666664724569,3270205664.0000,USD,2023-01-18T00:00:00Z,CREDIT,,"BenchRec production-derived, obfuscated source side A",547759788102,6666666664724569 P647245697573851                                                                BHOOSA- DESINENT,ACC#00001,3270205664.00,CR,2023-01-18,2023-01-19,BenchRec_cash_v1.0_train.csv,108157
008432275,1633911.1200,USD,2023-03-01T00:00:00Z,DEBIT,,"BenchRec production-derived, obfuscated source side A",547855746373,008432275 67542 JADE784                                                                         URARI NA SMIRKLY IYO YUKI,ACC#00001,-1633911.12,DR,2023-03-01,2023-03-02,BenchRec_cash_v1.0_train.csv,146428
46160306,1740000.0000,USD,2023-01-22T00:00:00Z,DEBIT,,"BenchRec production-derived, obfuscated source side A",548964985015,46160306 5679JOQG7U                                                                OXYCHLORATE AI  103666429,ACC#00001,-1740000.00,DR,2023-01-22,2023-01-23,BenchRec_cash_v1.0_train.csv,116258
35047805,1000000.0000,USD,2023-02-18T00:00:00Z,CREDIT,,"BenchRec production-derived, obfuscated source side A",549146029108,35047805 V35047805                                                                       JO TONITE SAUNT 664952723,ACC#00001,1000000.00,CR,2023-02-18,2023-02-19,BenchRec_cash_v1.0_train.csv,135189
008121412,58983383.1300,USD,2023-01-20T00:00:00Z,DEBIT,,"BenchRec production-derived, obfuscated source side A",549704754184,008121412 41477 EPEE242 L9XU1AC                                                                 UPCLOSER MONOCOQUE GAB -,ACC#00001,-58983383.13,DR,2023-01-20,2023-01-21,BenchRec_cash_v1.0_train.csv,110186
32566RBL1Y,115330.9000,USD,2023-02-25T00:00:00Z,CREDIT,,"BenchRec production-derived, obfuscated source side A",550034956786,32566RBL1Y 32566RBL1Y                                                                      JOQVY - ELUVIA -,ACC#00001,115330.90,CR,2023-02-25,2023-02-26,BenchRec_cash_v1.0_train.csv,143757
008432974,171316.1900,USD,2023-03-02T00:00:00Z,DEBIT,,"BenchRec production-derived, obfuscated source side A",550510578231,008432974 67609 COCT044                                                                         HATER GRAVEL KEEPINGS,ACC#00001,-171316.19,DR,2023-03-02,2023-03-03,BenchRec_cash_v1.0_train.csv,147458
008141480,21831267.0400,USD,2023-01-19T00:00:00Z,DEBIT,,"BenchRec production-derived, obfuscated source side A",553523402011,008141480 41477 NAPE195 L9XU0OL                                                                 UPCLOSER MONOCOQUE GAB -,ACC#00001,-21831267.04,DR,2023-01-19,2023-01-20,BenchRec_cash_v1.0_train.csv,109531
008899076,1183264.6000,USD,2023-02-09T00:00:00Z,DEBIT,,"BenchRec production-derived, obfuscated source side A",553986745846,008899076 12660 OKET866                                                                         UPCLOSER MONOCOQUE GAB -,ACC#00001,-1183264.60,DR,2023-02-09,2023-02-10,BenchRec_cash_v1.0_train.csv,126483
008466251,255137.9700,USD,2023-02-23T00:00:00Z,DEBIT,,"BenchRec production-derived, obfuscated source side A",555001148416,008466251 14407 CRIB765                                                                         UPCLOSER MONOCOQUE GAB -,ACC#00001,-255137.97,DR,2023-02-23,2023-02-24,BenchRec_cash_v1.0_train.csv,140558
008853526,95035.9100,USD,2023-02-05T00:00:00Z,CREDIT,,"BenchRec production-derived, obfuscated source side A",55544294219,008853526 14476 CROWL16                                                                         UPCLOSER MONOCOQUE GAB -,ACC#00001,95035.91,CR,2023-02-05,2023-02-06,BenchRec_cash_v1.0_train.csv,123902
008833979,21108125.0000,USD,2023-01-29T00:00:00Z,CREDIT,,"BenchRec production-derived, obfuscated source side A",556657828004,008833979 41477 NAPE703 L9CY0SW                                                                 UPCLOSER MONOCOQUE GAB -,ACC#00001,21108125.00,CR,2023-01-29,2023-01-30,BenchRec_cash_v1.0_train.csv,119212
32566TDDKY,2851866.3400,USD,2023-01-04T00:00:00Z,DEBIT,,"BenchRec production-derived, obfuscated source side A",557006896036,32566TDDKY 32566TDDKY                                                                      JOQTK GAB-BAS LP,ACC#00001,-2851866.34,DR,2023-01-04,2023-01-05,BenchRec_cash_v1.0_train.csv,96080
008797585,19709.8100,USD,2023-01-13T00:00:00Z,DEBIT,,"BenchRec production-derived, obfuscated source side A",558487855692,008797585 14407 NAUT853                                                                         UPCLOSER MONOCOQUE GAB -,ACC#00001,-19709.81,DR,2023-01-13,2023-01-14,BenchRec_cash_v1.0_train.csv,104418
32566RULY6,10555.0100,USD,2023-02-17T00:00:00Z,DEBIT,,"BenchRec production-derived, obfuscated source side A",558798641952,32566RULY6 32566RULY6                                                                      JOQVY - ELUVIA -,ACC#00001,-10555.01,DR,2023-02-17,2023-02-18,BenchRec_cash_v1.0_train.csv,134166
008422236,4966024.3800,USD,2023-03-04T00:00:00Z,DEBIT,,"BenchRec production-derived, obfuscated source side A",559063724839,008422236 55570 NAPE703                                                                         JACKPLANE AVIARY PANTOPOD,ACC#00001,-4966024.38,DR,2023-03-04,2023-03-05,BenchRec_cash_v1.0_train.csv,148608
5008446,457893.4300,USD,2023-02-23T00:00:00Z,DEBIT,,"BenchRec production-derived, obfuscated source side A",559309707194,5008446 ALME7U9685JOQG7U                                                                JO TONITE SAUNT 664952723,ACC#00001,-457893.43,DR,2023-02-23,2023-02-24,BenchRec_cash_v1.0_train.csv,141020
15847757,13934.7000,USD,2023-02-10T00:00:00Z,DEBIT,,"BenchRec production-derived, obfuscated source side A",559422923593,15847757 LUNY3E1760JOQG7U                                                                SLATTERN EU     706670310,ACC#00001,-13934.70,DR,2023-02-10,2023-02-11,BenchRec_cash_v1.0_train.csv,128143
008355437,2600.0000,USD,2023-02-17T00:00:00Z,CREDIT,,"BenchRec production-derived, obfuscated source side A",559770911540,008355437 41477 DYNAM98 L9WA6AG                                                                 UPCLOSER MONOCOQUE GAB -,ACC#00001,2600.00,CR,2023-02-17,2023-02-18,BenchRec_cash_v1.0_train.csv,134642
6666666662529762,2091000000.0000,USD,2023-02-04T00:00:00Z,DEBIT,,"BenchRec production-derived, obfuscated source side A",560185533846,6666666662529762 JEE - DESINENT,ACC#00001,-2091000000.00,DR,2023-02-04,2023-02-05,BenchRec_cash_v1.0_train.csv,123108
008862793,2843273.2200,USD,2023-01-27T00:00:00Z,DEBIT,,"BenchRec production-derived, obfuscated source side A",562048326640,008862793 67387 BAIS109                                                                         JO TONITE ETHERIFIES GAB,ACC#00001,-2843273.22,DR,2023-01-27,2023-01-28,BenchRec_cash_v1.0_train.csv,116928
35777425,12000000.0000,USD,2023-02-25T00:00:00Z,CREDIT,,"BenchRec production-derived, obfuscated source side A",565367843728,35777425 V35777425                                                                       JO TONITE SAUNT 664952723,ACC#00001,12000000.00,CR,2023-02-25,2023-02-27,BenchRec_cash_v1.0_train.csv,145907
008106900,1176153.1000,USD,2023-01-12T00:00:00Z,DEBIT,,"BenchRec production-derived, obfuscated source side A",566583934664,008106900 19262 EPEE857                                                                         SLATTERN BAA YEAN EFI,ACC#00001,-1176153.10,DR,2023-01-12,2023-01-13,BenchRec_cash_v1.0_train.csv,103940
008811321,55931.4800,USD,2023-01-29T00:00:00Z,CREDIT,,"BenchRec production-derived, obfuscated source side A",568232405899,008811321 12660 ELVAN20                                                                         SCOTALE KEF QMQF HINEY,ACC#00001,55931.48,CR,2023-01-29,2023-01-30,BenchRec_cash_v1.0_train.csv,119091
008743345,22986.5500,USD,2023-01-07T00:00:00Z,CREDIT,,"BenchRec production-derived, obfuscated source side A",570297371851,008743345 67327 JADE521                                                                         VOLUPT NAPKIN & RESSAUT,ACC#00001,22986.55,CR,2023-01-07,2023-01-08,BenchRec_cash_v1.0_train.csv,99476
33485196,348416100.0000,USD,2023-01-08T00:00:00Z,DEBIT,,"BenchRec production-derived, obfuscated source side A",57047506029,33485196 ALME7U7877JOQG7U                                                                JO TONITE SAUNT 664952723,ACC#00001,-348416100.00,DR,2023-01-08,2023-01-09,BenchRec_cash_v1.0_train.csv,100810
008869753,7369019.3100,USD,2023-01-27T00:00:00Z,DEBIT,,"BenchRec production-derived, obfuscated source side A",570537422734,008869753 67005 JAUP724                                                                         JO TONITE ETHERIFIES GAB,ACC#00001,-7369019.31,DR,2023-01-27,2023-01-28,BenchRec_cash_v1.0_train.csv,116073
32566TDRDG,2851866.3400,USD,2023-01-04T00:00:00Z,CREDIT,,"BenchRec production-derived, obfuscated source side A",571725559914,32566TDRDG 32566TDRDG                                                                      BOSCH ASPECTABLE,ACC#00001,2851866.34,CR,2023-01-04,2023-01-05,BenchRec_cash_v1.0_train.csv,96084
UVA9126666167318,5738466.0000,USD,2023-02-15T00:00:00Z,DEBIT,,"BenchRec production-derived, obfuscated source side A",572325842197,UVA9126666167318 UVA9126666167318,ACC#00001,-5738466.00,DR,2023-02-15,2023-02-16,BenchRec_cash_v1.0_train.csv,131679
35698055,2116043.6200,USD,2023-02-09T00:00:00Z,DEBIT,,"BenchRec production-derived, obfuscated source side A",572367409612,35698055 ALME7U6777JOQG7U                                                                JO TONITE SAUNT 664952723,ACC#00001,-2116043.62,DR,2023-02-09,2023-02-10,BenchRec_cash_v1.0_train.csv,126935
32566RO47S,0.0100,USD,2023-02-19T00:00:00Z,DEBIT,,"BenchRec production-derived, obfuscated source side A",573464427236,32566RO47S 32566RO47S                                                                      JOQVY - ELUVIA -,ACC#00001,-0.01,DR,2023-02-19,2023-02-20,BenchRec_cash_v1.0_train.csv,136788
32566RGD80,7876.1200,USD,2023-03-01T00:00:00Z,DEBIT,,"BenchRec production-derived, obfuscated source side A",573800327446,32566RGD80 32566RGD80                                                                      JOQVY - BAS - DG,ACC#00001,-7876.12,DR,2023-03-01,2023-03-02,BenchRec_cash_v1.0_train.csv,145799
008380870,48635.6700,USD,2023-02-12T00:00:00Z,CREDIT,,"BenchRec production-derived, obfuscated source side A",574247315845,008380870 14407 NAPE546                                                                         UPCLOSER MONOCOQUE GAB -,ACC#00001,48635.67,CR,2023-02-12,2023-02-13,BenchRec_cash_v1.0_train.csv,130791
008475366,80882343.3000,USD,2023-02-24T00:00:00Z,DEBIT,,"BenchRec production-derived, obfuscated source side A",574259220187,008475366 14282 AUG0795                                                                         UPCLOSER MONOCOQUE GAB -,ACC#00001,-80882343.30,DR,2023-02-24,2023-02-25,BenchRec_cash_v1.0_train.csv,142555
32566RO279,239389.1400,USD,2023-02-19T00:00:00Z,CREDIT,,"BenchRec production-derived, obfuscated source side A",575058886945,32566RO279 32566RO279                                                                      JOQVY-DP-NO AM S,ACC#00001,239389.14,CR,2023-02-19,2023-02-20,BenchRec_cash_v1.0_train.csv,136825
008826601,1753650.0000,USD,2023-02-04T00:00:00Z,DEBIT,,"BenchRec production-derived, obfuscated source side A",575877854324,008826601 12667 SDUMP04                                                                         PETTAH STERNAL GEOMETRINE,ACC#00001,-1753650.00,DR,2023-02-04,2023-02-05,BenchRec_cash_v1.0_train.csv,123268
32566J1JJU,4864.4000,USD,2023-01-11T00:00:00Z,CREDIT,,"BenchRec production-derived, obfuscated source side A",576335534832,32566J1JJU 32566J1JJU                                                                      JOQVY - BAS - DG,ACC#00001,4864.40,CR,2023-01-11,2023-01-12,BenchRec_cash_v1.0_train.csv,102499
29266J3FIG,477738.7000,USD,2023-01-13T00:00:00Z,DEBIT,,"BenchRec production-derived, obfuscated source side A",576517693261,29266J3FIG 29266J3FIG                                                                          HORAL BAA NM,ACC#00001,-477738.70,DR,2023-01-13,2023-01-14,BenchRec_cash_v1.0_train.csv,108126
008897323,3000000.0000,USD,2023-02-04T00:00:00Z,CREDIT,,"BenchRec production-derived, obfuscated source side A",577904585353,008897323 41476 L9CY9FW                                                                 UPCLOSER MONOCOQUE GAB -,ACC#00001,3000000.00,CR,2023-02-04,2023-02-05,BenchRec_cash_v1.0_train.csv,122914
32566BM329,179156.6700,USD,2023-02-26T00:00:00Z,DEBIT,,"BenchRec production-derived, obfuscated source side A",578188813765,32566BM329 32566BM329                                                                      JOQVY - BAS - DG,ACC#00001,-179156.67,DR,2023-02-26,2023-02-27,BenchRec_cash_v1.0_train.csv,144401
6Q6U656L6I6T6C6Q,21812.2000,USD,2023-02-15T00:00:00Z,DEBIT,,"BenchRec production-derived, obfuscated source side A",578327527430,6Q6U656L6I6T6C6Q 646K656L6W6D666F                                                                FWD ETHERIFIES (FRANCA),ACC#00001,-21812.20,DR,2023-02-15,2023-02-16,BenchRec_cash_v1.0_train.csv,132858
008710628,4394485.1900,USD,2023-01-01T00:00:00Z,CREDIT,,"BenchRec production-derived, obfuscated source side A",578476386100,008710628 17661 NAPE825                                                                         DIANITE ANIMI VOWED AGHAN,ACC#00001,4394485.19,CR,2023-01-01,2023-01-02,BenchRec_cash_v1.0_train.csv,94549
6666666662401876,3268182893.0000,USD,2023-02-03T00:00:00Z,CREDIT,,"BenchRec production-derived, obfuscated source side A",578621523775,6666666662401876 P624018760874121                                                                BHOOSA- DESINENT,ACC#00001,3268182893.00,CR,2023-02-03,2023-02-04,BenchRec_cash_v1.0_train.csv,121804
008487260,44839251.4000,USD,2023-02-24T00:00:00Z,CREDIT,,"BenchRec production-derived, obfuscated source side A",57887279158,008487260 41477 OKET746 L9HG7JS                                                                 UPCLOSER MONOCOQUE GAB -,ACC#00001,44839251.40,CR,2023-02-24,2023-02-25,BenchRec_cash_v1.0_train.csv,142652
008376440,63091.2000,USD,2023-02-12T00:00:00Z,DEBIT,,"BenchRec production-derived, obfuscated source side A",579890572473,008376440 14476 LOCHY20                                                                         UPCLOSER MONOCOQUE GAB -,ACC#00001,-63091.20,DR,2023-02-12,2023-02-13,BenchRec_cash_v1.0_train.csv,130598
008441258,1789099.5000,USD,2023-03-01T00:00:00Z,CREDIT,,"BenchRec production-derived, obfuscated source side A",583091612242,008441258 67888 CHARE18 L9HG41I                                                                 JO TONITE ETHERIFIES GAB,ACC#00001,1789099.50,CR,2023-03-01,2023-03-02,BenchRec_cash_v1.0_train.csv,145901
41868356,2000000.0000,USD,2023-01-20T00:00:00Z,CREDIT,,"BenchRec production-derived, obfuscated source side A",585422937658,41868356 V41868356                                                                       SHALE           667933724,ACC#00001,2000000.00,CR,2023-01-20,2023-01-21,BenchRec_cash_v1.0_train.csv,110233
008862063,1036925.3000,USD,2023-01-27T00:00:00Z,DEBIT,,"BenchRec production-derived, obfuscated source side A",586297994156,008862063 14407 JAUP693                                                                         UPCLOSER MONOCOQUE GAB -,ACC#00001,-1036925.30,DR,2023-01-27,2023-01-28,BenchRec_cash_v1.0_train.csv,117079
32566RKU0X,5896.8200,USD,2023-02-02T00:00:00Z,DEBIT,,"BenchRec production-derived, obfuscated source side A",586890563370,32566RKU0X 32566RKU0X                                                                      JOQVY - BAS - DG,ACC#00001,-5896.82,DR,2023-02-02,2023-02-03,BenchRec_cash_v1.0_train.csv,121092
35059806,1278840.3700,USD,2023-02-25T00:00:00Z,CREDIT,,"BenchRec production-derived, obfuscated source side A",588112807782,35059806 V35059806                                                                       JO TONITE SAUNT 664952723,ACC#00001,1278840.37,CR,2023-02-25,2023-02-26,BenchRec_cash_v1.0_train.csv,143859
008191509,31480000.0000,USD,2023-01-21T00:00:00Z,CREDIT,,"BenchRec production-derived, obfuscated source side A",590341757755,008191509 41416 JAUP127 L9XU2O8                                                                 UPCLOSER MONOCOQUE GAB -,ACC#00001,31480000.00,CR,2023-01-21,2023-01-22,BenchRec_cash_v1.0_train.csv,111668
008422367,325635.5000,USD,2023-03-05T00:00:00Z,CREDIT,,"BenchRec production-derived, obfuscated source side A",590449362699,008422367 67089 OKET216                                                                         ALL BILAAN ANGELINA ALGID,ACC#00001,325635.50,CR,2023-03-05,2023-03-06,BenchRec_cash_v1.0_train.csv,149530
32566RUQ61,137084.9400,USD,2023-02-18T00:00:00Z,DEBIT,,"BenchRec production-derived, obfuscated source side A",595451551991,32566RUQ61 32566RUQ61                                                                      JOQVY - ELUVIA -,ACC#00001,-137084.94,DR,2023-02-18,2023-02-19,BenchRec_cash_v1.0_train.csv,135213
VU6333212,73966.0800,USD,2023-02-26T00:00:00Z,CREDIT,,"BenchRec production-derived, obfuscated source side A",596233121410,VU6333212 14407 GULA919                                                                         UPCLOSER MONOCOQUE GAB -,ACC#00001,73966.08,CR,2023-02-26,2023-02-27,BenchRec_cash_v1.0_train.csv,144325
2205386,1916000.0000,USD,2023-02-23T00:00:00Z,DEBIT,,"BenchRec production-derived, obfuscated source side A",596503698663,2205386 JOQG7U0431GLEE7U                                                                SHALE           667933724,ACC#00001,-1916000.00,DR,2023-02-23,2023-02-24,BenchRec_cash_v1.0_train.csv,140184
32566RAH4J,25212.2800,USD,2023-03-05T00:00:00Z,DEBIT,,"BenchRec production-derived, obfuscated source side A",596738723140,32566RAH4J 32566RAH4J                                                                      JOQVY - BAS - DG,ACC#00001,-25212.28,DR,2023-03-05,2023-03-06,BenchRec_cash_v1.0_train.csv,149531
008170563,3989243.1200,USD,2023-01-13T00:00:00Z,DEBIT,,"BenchRec production-derived, obfuscated source side A",59676492398,008170563 67888 SHOWD61 L9FR7N3                                                                 JO TONITE ETHERIFIES GAB,ACC#00001,-3989243.12,DR,2023-01-13,2023-01-14,BenchRec_cash_v1.0_train.csv,105008
008312794,8726210.5800,USD,2023-02-17T00:00:00Z,DEBIT,,"BenchRec production-derived, obfuscated source side A",59740134856,008312794 41477 OKET656 L9HO9AX                                                                 UPCLOSER MONOCOQUE GAB -,ACC#00001,-8726210.58,DR,2023-02-17,2023-02-18,BenchRec_cash_v1.0_train.csv,134618
32566RFQJ9,1601.8000,USD,2023-03-04T00:00:00Z,DEBIT,,"BenchRec production-derived, obfuscated source side A",59770594937,32566RFQJ9 32566RFQJ9                                                                      JOQVY DE -ELUVIA,ACC#00001,-1601.80,DR,2023-03-04,2023-03-05,BenchRec_cash_v1.0_train.csv,147783
IYO9126666797098,281329.0000,USD,2023-01-13T00:00:00Z,DEBIT,,"BenchRec production-derived, obfuscated source side A",598672131656,IYO9126666797098 IYO9126666797098,ACC#00001,-281329.00,DR,2023-01-13,2023-01-14,BenchRec_cash_v1.0_train.csv,104838
HEY,15228.8700,USD,2023-01-19T00:00:00Z,DEBIT,,"BenchRec production-derived, obfuscated source side A",599016231575,HEY RAMON DISNEY JOQV DP,ACC#00001,-15228.87,DR,2023-01-19,2023-01-23,BenchRec_cash_v1.0_train.csv,114836
008827333,4578444.6100,USD,2023-02-02T00:00:00Z,CREDIT,,"BenchRec production-derived, obfuscated source side A",599896789940,008827333 14484 NAPE580                                                                         UPCLOSER MONOCOQUE GAB -,ACC#00001,4578444.61,CR,2023-02-02,2023-02-03,BenchRec_cash_v1.0_train.csv,120230
008741476,881403.0000,USD,2023-01-07T00:00:00Z,DEBIT,,"BenchRec production-derived, obfuscated source side A",601541001064,008741476 12660 SCOOP75                                                                         UPCLOSER MONOCOQUE GAB -,ACC#00001,-881403.00,DR,2023-01-07,2023-01-08,BenchRec_cash_v1.0_train.csv,98772
32566J9E7C,438.1700,USD,2023-01-20T00:00:00Z,DEBIT,,"BenchRec production-derived, obfuscated source side A",601584063013,32566J9E7C 32566J9E7C                                                                      JOQVY - ELUVIA -,ACC#00001,-438.17,DR,2023-01-20,2023-01-21,BenchRec_cash_v1.0_train.csv,110888
008892594,4226412.0000,USD,2023-02-09T00:00:00Z,DEBIT,,"BenchRec production-derived, obfuscated source side A",603989611519,008892594 12660 NAPE247                                                                         SHAMMASIM GEOMETRINE BETA,ACC#00001,-4226412.00,DR,2023-02-09,2023-02-10,BenchRec_cash_v1.0_train.csv,127247
008712097,217870.1100,USD,2023-01-04T00:00:00Z,CREDIT,,"BenchRec production-derived, obfuscated source side A",606471555611,008712097 67399 NAPE405                                                                         REPAGANIZER GEOMETRINE AP,ACC#00001,217870.11,CR,2023-01-04,2023-01-05,BenchRec_cash_v1.0_train.csv,95313
008896754,3330755.7900,USD,2023-02-05T00:00:00Z,CREDIT,,"BenchRec production-derived, obfuscated source side A",607852747375,008896754 15574 NAPE580                                                                         JINSHANG TYPY OEV,ACC#00001,3330755.79,CR,2023-02-05,2023-02-06,BenchRec_cash_v1.0_train.csv,124034
008798072,107611.2400,USD,2023-01-11T00:00:00Z,CREDIT,,"BenchRec production-derived, obfuscated source side A",611546823487,008798072 12660 SAUM805                                                                         UPCLOSER MONOCOQUE GAB -,ACC#00001,107611.24,CR,2023-01-11,2023-01-12,BenchRec_cash_v1.0_train.csv,101458
32566J4LPL,1046381.8700,USD,2023-01-14T00:00:00Z,DEBIT,,"BenchRec production-derived, obfuscated source side A",612296136400,32566J4LPL 32566J4LPL                                                                      JOQVY DE-BAS - T,ACC#00001,-1046381.87,DR,2023-01-14,2023-01-15,BenchRec_cash_v1.0_train.csv,105678
32566J9LEP,60065951.0000,USD,2023-01-21T00:00:00Z,DEBIT,,"BenchRec production-derived, obfuscated source side A",613408929269,32566J9LEP 32566J9LEP                                                                      JOQGO IW-OQGO FL,ACC#00001,-60065951.00,DR,2023-01-21,2023-01-22,BenchRec_cash_v1.0_train.csv,112282
008790588,5898724.9000,USD,2023-01-07T00:00:00Z,CREDIT,,"BenchRec production-derived, obfuscated source side A",614189120101,008790588 67888 ROMAN42 L9HH3JP                                                                 JO TONITE ETHERIFIES GAB,ACC#00001,5898724.90,CR,2023-01-07,2023-01-08,BenchRec_cash_v1.0_train.csv,99260
15441109,12000000.0000,USD,2023-02-24T00:00:00Z,DEBIT,,"BenchRec production-derived, obfuscated source side A",614728660143,15441109 LEAFER7365JOQG7U                                                                JOQVY STRID     664952723,ACC#00001,-12000000.00,DR,2023-02-24,2023-02-25,BenchRec_cash_v1.0_train.csv,141747
008853173,5425609.9100,USD,2023-02-04T00:00:00Z,DEBIT,,"BenchRec production-derived, obfuscated source side A",615026279422,008853173 17661 OKET746                                                                         STEREOM BUT HIATE PENNINE,ACC#00001,-5425609.91,DR,2023-02-04,2023-02-05,BenchRec_cash_v1.0_train.csv,123058
008404824,1192924.6400,USD,2023-02-23T00:00:00Z,DEBIT,,"BenchRec production-derived, obfuscated source side A",615755634098,008404824 55570 OKET481                                                                         JACKPLANE AVIARY PANTOPOD,ACC#00001,-1192924.64,DR,2023-02-23,2023-02-24,BenchRec_cash_v1.0_train.csv,140054
37266RJFNK,4583.3300,USD,2023-02-09T00:00:00Z,CREDIT,,"BenchRec production-derived, obfuscated source side A",616885851357,37266RJFNK 37266RJFNK                                                                      JOQVY ELUVIA LG,ACC#00001,4583.33,CR,2023-02-09,2023-02-10,BenchRec_cash_v1.0_train.csv,127527
37266J1GVN,31520.9700,USD,2023-01-11T00:00:00Z,CREDIT,,"BenchRec production-derived, obfuscated source side A",620347201042,37266J1GVN 37266J1GVN                                                                      INKROOT LIKED BY,ACC#00001,31520.97,CR,2023-01-11,2023-01-12,BenchRec_cash_v1.0_train.csv,101429
008744274,382824.1700,USD,2023-01-07T00:00:00Z,CREDIT,,"BenchRec production-derived, obfuscated source side A",622138049185,008744274 14407 BRAVI84                                                                         VERANDAH VOWED DIE GOLOKA,ACC#00001,382824.17,CR,2023-01-07,2023-01-08,BenchRec_cash_v1.0_train.csv,99313
35650153,780000.0000,USD,2023-02-04T00:00:00Z,CREDIT,,"BenchRec production-derived, obfuscated source side A",622942282536,35650153 V35650153                                                                       JO TONITE SAUNT 664952723,ACC#00001,780000.00,CR,2023-02-04,2023-02-05,BenchRec_cash_v1.0_train.csv,122781
008262687,11811855.7900,USD,2023-03-05T00:00:00Z,CREDIT,,"BenchRec production-derived, obfuscated source side A",6242658019,008262687 10111 OKET481                                                                         UPCLOSER MONOCOQUE GAB -,ACC#00001,11811855.79,CR,2023-03-05,2023-03-06,BenchRec_cash_v1.0_train.csv,149563
008191330,29590321.7100,USD,2023-02-22T00:00:00Z,DEBIT,,"BenchRec production-derived, obfuscated source side A",628608870846,008191330 41416 EPEE172 L9XU2L9                                                                 UPCLOSER MONOCOQUE GAB -,ACC#00001,-29590321.71,DR,2023-02-22,2023-02-23,BenchRec_cash_v1.0_train.csv,138766
32566J6W4J,262636.2000,USD,2023-01-07T00:00:00Z,CREDIT,,"BenchRec production-derived, obfuscated source side A",628611398273,32566J6W4J 32566J6W4J                                                                      JOQVY - ELUVIA -,ACC#00001,262636.20,CR,2023-01-07,2023-01-08,BenchRec_cash_v1.0_train.csv,98810
720669,1044656.0000,USD,2023-02-16T00:00:00Z,CREDIT,,"BenchRec production-derived, obfuscated source side A",628921274838,720669 666666661601737,ACC#00001,1044656.00,CR,2023-02-16,2023-02-17,BenchRec_cash_v1.0_train.csv,133745
008737563,113298.7000,USD,2023-01-01T00:00:00Z,DEBIT,,"BenchRec production-derived, obfuscated source side A",629376759033,008737563 41477 NAPE159 L9HJ4AX                                                                 JOQVY H.C. ZUCCHINIS TENT,ACC#00001,-113298.70,DR,2023-01-01,2023-01-02,BenchRec_cash_v1.0_train.csv,93935
32964489,2854656.0300,USD,2023-01-11T00:00:00Z,DEBIT,,"BenchRec production-derived, obfuscated source side A",632283434173,32964489 ALME7U2123JOQG7U                                                                JO TONITE SAUNT 664952723,ACC#00001,-2854656.03,DR,2023-01-11,2023-01-12,BenchRec_cash_v1.0_train.csv,102500
008320974,232351.3000,USD,2023-02-17T00:00:00Z,CREDIT,,"BenchRec production-derived, obfuscated source side A",632967555384,008320974 61008 SCOTE58                                                                         REFALL VOWED FUTHERMORE C,ACC#00001,232351.30,CR,2023-02-17,2023-02-18,BenchRec_cash_v1.0_train.csv,134717
37266RMNE0,168548.3700,USD,2023-02-04T00:00:00Z,DEBIT,,"BenchRec production-derived, obfuscated source side A",632974149999,37266RMNE0 37266RMNE0                                                                      LACINIOSE CORBAN,ACC#00001,-168548.37,DR,2023-02-04,2023-02-05,BenchRec_cash_v1.0_train.csv,127466
008359912,50287.2500,USD,2023-02-22T00:00:00Z,CREDIT,,"BenchRec production-derived, obfuscated source side A",636180061280,008359912 14407 CUCA624                                                                         ENHAT CROM TYPY AS CARENE,ACC#00001,50287.25,CR,2023-02-22,2023-02-23,BenchRec_cash_v1.0_train.csv,139216
008173604,11761603.0000,USD,2023-01-15T00:00:00Z,CREDIT,,"BenchRec production-derived, obfuscated source side A",636374775115,008173604 88856 EPEE857                                                                         DIANITE ANIMI VOWED QMQF,ACC#00001,11761603.00,CR,2023-01-15,2023-01-16,BenchRec_cash_v1.0_train.csv,107054
32946840,500000.0000,USD,2023-01-15T00:00:00Z,DEBIT,,"BenchRec production-derived, obfuscated source side A",636504994125,32946840 JOQG7U6717NONCOM                                                                FWD AI          661038718,ACC#00001,-500000.00,DR,2023-01-15,2023-01-16,BenchRec_cash_v1.0_train.csv,107324
008193046,52705000.0000,USD,2023-01-21T00:00:00Z,CREDIT,,"BenchRec production-derived, obfuscated source side A",637322534475,008193046 41477 CHARE18 L9XU26E                                                                 UPCLOSER MONOCOQUE GAB -,ACC#00001,52705000.00,CR,2023-01-21,2023-01-22,BenchRec_cash_v1.0_train.csv,112413
008100375,8502.4800,USD,2023-01-11T00:00:00Z,DEBIT,,"BenchRec production-derived, obfuscated source side A",638292271777,008100375 41477 NAPE159 L9HH98Q                                                                 JOQVY H.C. ZUCCHINIS TENT,ACC#00001,-8502.48,DR,2023-01-11,2023-01-12,BenchRec_cash_v1.0_train.csv,102786
008400921,209061.0000,USD,2023-02-24T00:00:00Z,DEBIT,,"BenchRec production-derived, obfuscated source side A",638318467127,008400921 14476 CHARE58                                                                         UPCLOSER MONOCOQUE GAB -,ACC#00001,-209061.00,DR,2023-02-24,2023-02-25,BenchRec_cash_v1.0_train.csv,141469
008473993,2107695.9100,USD,2023-02-26T00:00:00Z,DEBIT,,"BenchRec production-derived, obfuscated source side A",638361807729,008473993 14484 MEGGY52                                                                         UPCLOSER MONOCOQUE GAB -,ACC#00001,-2107695.91,DR,2023-02-26,2023-02-27,BenchRec_cash_v1.0_train.csv,144309
008738323,5057374.0000,USD,2023-01-05T00:00:00Z,DEBIT,,"BenchRec production-derived, obfuscated source side A",641504560268,008738323 17661 AUG0762                                                                         YMV NONREGULATIVE,ACC#00001,-5057374.00,DR,2023-01-05,2023-01-06,BenchRec_cash_v1.0_train.csv,96190
008380983,104643.1700,USD,2023-02-19T00:00:00Z,DEBIT,,"BenchRec production-derived, obfuscated source side A",641524550625,008380983 67399 BAIS127                                                                         CHINOL BUT STIVY,ACC#00001,-104643.17,DR,2023-02-19,2023-02-20,BenchRec_cash_v1.0_train.csv,136773
32566RUEGR,58147.4300,USD,2023-02-18T00:00:00Z,DEBIT,,"BenchRec production-derived, obfuscated source side A",641598631559,32566RUEGR 32566RUEGR                                                                      JOQVY - BAS - DG,ACC#00001,-58147.43,DR,2023-02-18,2023-02-19,BenchRec_cash_v1.0_train.csv,136004
008323800,729740.0000,USD,2023-02-16T00:00:00Z,DEBIT,,"BenchRec production-derived, obfuscated source side A",641848538043,008323800 41476 L9HP2DK                                                                 ENHAT HAJJ TYPY,ACC#00001,-729740.00,DR,2023-02-16,2023-02-17,BenchRec_cash_v1.0_train.csv,132722
36468446,2000000.0000,USD,2023-01-04T00:00:00Z,CREDIT,,"BenchRec production-derived, obfuscated source side A",643407651207,36468446 V36468446                                                                       SHALE           667933724,ACC#00001,2000000.00,CR,2023-01-04,2023-01-05,BenchRec_cash_v1.0_train.csv,95259
008723244,2216290.0000,USD,2023-01-06T00:00:00Z,CREDIT,,"BenchRec production-derived, obfuscated source side A",646151745548,008723244 17667 CHARE00                                                                         ASCIDIA GEOMETRINE MOGGIO,ACC#00001,2216290.00,CR,2023-01-06,2023-01-07,BenchRec_cash_v1.0_train.csv,98362
720669,15246000.0000,USD,2023-02-16T00:00:00Z,CREDIT,,"BenchRec production-derived, obfuscated source side A",646649011962,720669 666666661601792,ACC#00001,15246000.00,CR,2023-02-16,2023-02-17,BenchRec_cash_v1.0_train.csv,133724
008121481,58759573.1300,USD,2023-01-20T00:00:00Z,CREDIT,,"BenchRec production-derived, obfuscated source side A",647327423552,008121481 41477 DODOS23 L9XU1PE                                                                 UPCLOSER MONOCOQUE GAB -,ACC#00001,58759573.13,CR,2023-01-20,2023-01-21,BenchRec_cash_v1.0_train.csv,110732
008424501,8416.2700,USD,2023-03-04T00:00:00Z,CREDIT,,"BenchRec production-derived, obfuscated source side A",647878066062,008424501 14476 DODOS62                                                                         UPCLOSER MONOCOQUE GAB -,ACC#00001,8416.27,CR,2023-03-04,2023-03-05,BenchRec_cash_v1.0_train.csv,148933
008834334,1474794.1000,USD,2023-01-29T00:00:00Z,CREDIT,,"BenchRec production-derived, obfuscated source side A",650932447824,008834334 67888 NAPE159 L9CY0XX                                                                 JO TONITE ETHERIFIES GAB,ACC#00001,1474794.10,CR,2023-01-29,2023-01-30,BenchRec_cash_v1.0_train.csv,118931
008170027,4062705.7200,USD,2023-01-13T00:00:00Z,DEBIT,,"BenchRec production-derived, obfuscated source side A",651282870634,008170027 41477 NAPE090 L9FR7VJ                                                                 UPCLOSER MONOCOQUE GAB -,ACC#00001,-4062705.72,DR,2023-01-13,2023-01-14,BenchRec_cash_v1.0_train.csv,105057
008717161,119743.2200,USD,2023-01-06T00:00:00Z,DEBIT,,"BenchRec production-derived, obfuscated source side A",652849157010,008717161 41477 DYNAM98 L9HJ7MY                                                                 UPCLOSER MONOCOQUE GAB -,ACC#00001,-119743.22,DR,2023-01-06,2023-01-07,BenchRec_cash_v1.0_train.csv,98462
008483959,3641140.0000,USD,2023-03-04T00:00:00Z,CREDIT,,"BenchRec production-derived, obfuscated source side A",653007196376,008483959 17661 CUTIN95                                                                         VERANDAH KEF QMQF STRETCH,ACC#00001,3641140.00,CR,2023-03-04,2023-03-05,BenchRec_cash_v1.0_train.csv,147848
40220823,9742.0000,USD,2023-01-01T00:00:00Z,CREDIT,,"BenchRec production-derived, obfuscated source side A",65533043926,40220823 V40220823                                                                       GUAXIMA         666314547,ACC#00001,9742.00,CR,2023-01-01,2023-01-02,BenchRec_cash_v1.0_train.csv,94093
008361375,2184724.0400,USD,2023-02-12T00:00:00Z,DEBIT,,"BenchRec production-derived, obfuscated source side A",655839847067,008361375 67050 SYNE554                                                                         ASCIDIA GEOMETRINE MOGGIO,ACC#00001,-2184724.04,DR,2023-02-12,2023-02-13,BenchRec_cash_v1.0_train.csv,130742
6S61656G6R6R686M,13131.4700,USD,2023-01-29T00:00:00Z,DEBIT,,"BenchRec production-derived, obfuscated source side A",657421569519,6S61656G6R6R686M 6Z6T656L616F616R                                                                VERANDAH TYPY AI,ACC#00001,-13131.47,DR,2023-01-29,2023-01-30,BenchRec_cash_v1.0_train.csv,122365
008160242,84604.3400,USD,2023-01-13T00:00:00Z,DEBIT,,"BenchRec production-derived, obfuscated source side A",660813525858,008160242 14407 FALX374                                                                         UPCLOSER MONOCOQUE GAB -,ACC#00001,-84604.34,DR,2023-01-13,2023-01-14,BenchRec_cash_v1.0_train.csv,105140
48321776,823270.0000,USD,2023-01-21T00:00:00Z,DEBIT,,"BenchRec production-derived, obfuscated source side A",660929022719,48321776 ALME7U3982JOQG7U                                                                JO TONITE SAUNT 664952723,ACC#00001,-823270.00,DR,2023-01-21,2023-01-22,BenchRec_cash_v1.0_train.csv,111986
008162082,456900.3800,USD,2023-01-13T00:00:00Z,DEBIT,,"BenchRec production-derived, obfuscated source side A",662176260270,008162082 19262 ATMA981                                                                         FOOTHALT BUT RESSAUT GAB.,ACC#00001,-456900.38,DR,2023-01-13,2023-01-14,BenchRec_cash_v1.0_train.csv,104254
008117118,50663095.0000,USD,2023-01-13T00:00:00Z,CREDIT,,"BenchRec production-derived, obfuscated source side A",662308854471,008117118 41477 NAPE703 L9FR8O2                                                                 UPCLOSER MONOCOQUE GAB -,ACC#00001,50663095.00,CR,2023-01-13,2023-01-14,BenchRec_cash_v1.0_train.csv,105168
008184126,117904.1000,USD,2023-01-19T00:00:00Z,DEBIT,,"BenchRec production-derived, obfuscated source side A",662479542526,008184126 61008 SCOTE58                                                                         MUTUALITY AVIARY DEFENSER,ACC#00001,-117904.10,DR,2023-01-19,2023-01-20,BenchRec_cash_v1.0_train.csv,109325
008803957,168982.9800,USD,2023-01-28T00:00:00Z,DEBIT,,"BenchRec production-derived, obfuscated source side A",662588778021,008803957 14476 GULA705                                                                         TYPY DEMIPIKE AD,ACC#00001,-168982.98,DR,2023-01-28,2023-01-29,BenchRec_cash_v1.0_train.csv,118463
32566RBV4D,8879.1600,USD,2023-02-24T00:00:00Z,DEBIT,,"BenchRec production-derived, obfuscated source side A",664536354040,32566RBV4D 32566RBV4D                                                                      JOQVY DE -ELUVIA,ACC#00001,-8879.16,DR,2023-02-24,2023-02-25,BenchRec_cash_v1.0_train.csv,141493
40568730,136405.0000,USD,2023-01-08T00:00:00Z,CREDIT,,"BenchRec production-derived, obfuscated source side A",666988714777,40568730 V40568730                                                                       GUAXIMA         666314547,ACC#00001,136405.00,CR,2023-01-08,2023-01-09,BenchRec_cash_v1.0_train.csv,100679
008882933,1135751.6500,USD,2023-01-28T00:00:00Z,CREDIT,,"BenchRec production-derived, obfuscated source side A",66939026326,008882933 41477 GULA414 L9HY9KC                                                                 JOQVY H.C. ZUCCHINIS TENT,ACC#00001,1135751.65,CR,2023-01-28,2023-01-29,BenchRec_cash_v1.0_train.csv,117685
31892466,1600000.0000,USD,2023-02-15T00:00:00Z,DEBIT,,"BenchRec production-derived, obfuscated source side A",670088004404,31892466 YGLMQQ8665JOQG7U                                                                SC FORET DOL QM 660078879,ACC#00001,-1600000.00,DR,2023-02-15,2023-02-16,BenchRec_cash_v1.0_train.csv,132159
32566RY5Q2,89295961.1200,USD,2023-01-22T00:00:00Z,CREDIT,,"BenchRec production-derived, obfuscated source side A",670102774262,32566RY5Q2 32566RY5Q2                                                                      JOQ KEF LEW EFI-,ACC#00001,89295961.12,CR,2023-01-22,2023-01-23,BenchRec_cash_v1.0_train.csv,113224
AHT9126666161096,716938.0000,USD,2023-02-18T00:00:00Z,DEBIT,,"BenchRec production-derived, obfuscated source side A",67179212916,AHT9126666161096 AHT9126666161096,ACC#00001,-716938.00,DR,2023-02-18,2023-02-19,BenchRec_cash_v1.0_train.csv,135088
008442843,84496.8500,USD,2023-03-04T00:00:00Z,DEBIT,,"BenchRec production-derived, obfuscated source side A",673083026695,008442843 67387 JAUP681                                                                         NIGROUS VOWED QMQF MG,ACC#00001,-84496.85,DR,2023-03-04,2023-03-05,BenchRec_cash_v1.0_train.csv,148225
32566RL6L3,839100.5900,USD,2023-02-04T00:00:00Z,CREDIT,,"BenchRec production-derived, obfuscated source side A",673758902834,32566RL6L3 32566RL6L3                                                                         DE VIZIR LATA,ACC#00001,839100.59,CR,2023-02-04,2023-02-05,BenchRec_cash_v1.0_train.csv,123466
008106088,678048.3200,USD,2023-01-15T00:00:00Z,CREDIT,,"BenchRec production-derived, obfuscated source side A",676852652450,008106088 67674 CHARE18                                                                         JO TONITE ETHERIFIES GAB,ACC#00001,678048.32,CR,2023-01-15,2023-01-16,BenchRec_cash_v1.0_train.csv,107185
008335923,2348243.5700,USD,2023-02-18T00:00:00Z,DEBIT,,"BenchRec production-derived, obfuscated source side A",677105235521,008335923 67613 OKET347                                                                         ROOTIEST ASSUMER PETIOLAR,ACC#00001,-2348243.57,DR,2023-02-18,2023-02-19,BenchRec_cash_v1.0_train.csv,134995
008726872,3986800.0000,USD,2023-01-08T00:00:00Z,CREDIT,,"BenchRec production-derived, obfuscated source side A",677470923510,008726872 67463 KAVI250                                                                         ASSUMER NONREGULATIVE EFI,ACC#00001,3986800.00,CR,2023-01-08,2023-01-09,BenchRec_cash_v1.0_train.csv,100183
008304563,34092600.0000,USD,2023-02-08T00:00:00Z,CREDIT,,"BenchRec production-derived, obfuscated source side A",677734864091,008304563 41477 OKET746 L9HO8DK                                                                 UPCLOSER MONOCOQUE GAB -,ACC#00001,34092600.00,CR,2023-02-08,2023-02-09,BenchRec_cash_v1.0_train.csv,126362
008833976,29643000.0000,USD,2023-01-29T00:00:00Z,CREDIT,,"BenchRec production-derived, obfuscated source side A",678784544960,008833976 41477 NAPE580 L9CY0AQ                                                                 UPCLOSER MONOCOQUE GAB -,ACC#00001,29643000.00,CR,2023-01-29,2023-01-30,BenchRec_cash_v1.0_train.csv,119273
15814651,119651.1000,USD,2023-01-18T00:00:00Z,CREDIT,,"BenchRec production-derived, obfuscated source side A",679026138596,15814651 V15814651                                                                       LGYV EU RUSA ETY666417429,ACC#00001,119651.10,CR,2023-01-18,2023-01-19,BenchRec_cash_v1.0_train.csv,108222
008108437,1413843.2300,USD,2023-01-13T00:00:00Z,CREDIT,,"BenchRec production-derived, obfuscated source side A",679072939538,008108437 12660 NAPE295                                                                         UPCLOSER MONOCOQUE GAB -,ACC#00001,1413843.23,CR,2023-01-13,2023-01-14,BenchRec_cash_v1.0_train.csv,104452
6E6V656S676D646C,18259.5900,USD,2023-02-19T00:00:00Z,DEBIT,,"BenchRec production-derived, obfuscated source side A",679579496968,6E6V656S676D646C 9999656S646E6M6D                                                                UPCLOSER QUETCH EFI (WYE-,ACC#00001,-18259.59,DR,2023-02-19,2023-02-20,BenchRec_cash_v1.0_train.csv,136657
13597859,170253.3500,USD,2023-02-03T00:00:00Z,CREDIT,,"BenchRec production-derived, obfuscated source side A",680189820611,13597859 V13597859                                                                       UNVAINNESS      708646989,ACC#00001,170253.35,CR,2023-02-03,2023-02-04,BenchRec_cash_v1.0_train.csv,121378
37266J1EE7,3427.8000,USD,2023-01-11T00:00:00Z,CREDIT,,"BenchRec production-derived, obfuscated source side A",680258138980,37266J1EE7 37266J1EE7                                                                      INKROOT LIKED BY,ACC#00001,3427.80,CR,2023-01-11,2023-01-12,BenchRec_cash_v1.0_train.csv,102444
008187059,161344.0800,USD,2023-01-15T00:00:00Z,DEBIT,,"BenchRec production-derived, obfuscated source side A",680567336862,008187059 41477 EPEE553 L9FR4BM                                                                 UPCLOSER MONOCOQUE GAB -,ACC#00001,-161344.08,DR,2023-01-15,2023-01-16,BenchRec_cash_v1.0_train.csv,107363
008730779,758349.6500,USD,2023-01-04T00:00:00Z,CREDIT,,"BenchRec production-derived, obfuscated source side A",683450571445,008730779 14726 NAPE703                                                                         BUFFY ETHERIFIES EEO,ACC#00001,758349.65,CR,2023-01-04,2023-01-05,BenchRec_cash_v1.0_train.csv,95017
008743449,60079.6000,USD,2023-01-07T00:00:00Z,CREDIT,,"BenchRec production-derived, obfuscated source side A",684573977118,008743449 67327 JADE521                                                                         VOLUPT NAPKIN & RESSAUT,ACC#00001,60079.60,CR,2023-01-07,2023-01-08,BenchRec_cash_v1.0_train.csv,100020
008421661,8808710.1000,USD,2023-03-02T00:00:00Z,CREDIT,,"BenchRec production-derived, obfuscated source side A",685943345199,008421661 41477 CANGY22 L9HG52Y                                                                 UPCLOSER MONOCOQUE GAB -,ACC#00001,8808710.10,CR,2023-03-02,2023-03-03,BenchRec_cash_v1.0_train.csv,146825
32566RHF39,35157.6500,USD,2023-02-11T00:00:00Z,DEBIT,,"BenchRec production-derived, obfuscated source side A",686001693500,32566RHF39 32566RHF39                                                                      JOQVY - ELUVIA -,ACC#00001,-35157.65,DR,2023-02-11,2023-02-12,BenchRec_cash_v1.0_train.csv,130202
6M62656G6U676966,13310.2000,USD,2023-01-20T00:00:00Z,DEBIT,,"BenchRec production-derived, obfuscated source side A",686332976711,6M62656G6U676966 886S656G6P6T6964                                                                TABID TYPY AS SCAREFUL FB,ACC#00001,-13310.20,DR,2023-01-20,2023-01-21,BenchRec_cash_v1.0_train.csv,110608
008469770,5036633.1900,USD,2023-02-22T00:00:00Z,CREDIT,,"BenchRec production-derived, obfuscated source side A",686511889204,008469770 67609 NAPE703                                                                         PALOUR PROMINIMUM BUT EYL,ACC#00001,5036633.19,CR,2023-02-22,2023-02-23,BenchRec_cash_v1.0_train.csv,138863
008484922,27868.4800,USD,2023-02-26T00:00:00Z,CREDIT,,"BenchRec production-derived, obfuscated source side A",686988029974,008484922 14407 SCOTE98                                                                         UPCLOSER MONOCOQUE GAB -,ACC#00001,27868.48,CR,2023-02-26,2023-02-27,BenchRec_cash_v1.0_train.csv,144774
008122220,49029.0000,USD,2023-01-25T00:00:00Z,CREDIT,,"BenchRec production-derived, obfuscated source side A",689662543173,008122220 67666 CRIB327 L9Y50MF                                                                 UPCLOSER SAUNT TYPY DE -,ACC#00001,49029.00,CR,2023-01-25,2023-01-26,BenchRec_cash_v1.0_train.csv,114339
32566RM2L6,4482.7400,USD,2023-02-02T00:00:00Z,CREDIT,,"BenchRec production-derived, obfuscated source side A",690363902635,32566RM2L6 32566RM2L6                                                                      JOQVY - ELUVIA -,ACC#00001,4482.74,CR,2023-02-02,2023-02-03,BenchRec_cash_v1.0_train.csv,120457
07166RFM54,209097.5400,USD,2023-03-04T00:00:00Z,CREDIT,,"BenchRec production-derived, obfuscated source side A",691710933274,07166RFM54 07166RFM54                                                                      JOQVY-ELUVIA - I,ACC#00001,209097.54,CR,2023-03-04,2023-03-05,BenchRec_cash_v1.0_train.csv,149001
32566J6DV2,39413.4500,USD,2023-01-07T00:00:00Z,CREDIT,,"BenchRec production-derived, obfuscated source side A",692745981472,32566J6DV2 32566J6DV2                                                                      JOQVY - ELUVIA -,ACC#00001,39413.45,CR,2023-01-07,2023-01-08,BenchRec_cash_v1.0_train.csv,99278
008420063,796832.0000,USD,2023-03-04T00:00:00Z,CREDIT,,"BenchRec production-derived, obfuscated source side A",693140247153,008420063 12660 AUG0629                                                                         PREOCCUR CROM KEF LEK (ZH,ACC#00001,796832.00,CR,2023-03-04,2023-03-05,BenchRec_cash_v1.0_train.csv,148788
008863301,1834292.0200,USD,2023-01-25T00:00:00Z,DEBIT,,"BenchRec production-derived, obfuscated source side A",695549980641,008863301 41477 AUG0698 L9XU94R                                                                 UPCLOSER MONOCOQUE GAB -,ACC#00001,-1834292.02,DR,2023-01-25,2023-01-26,BenchRec_cash_v1.0_train.csv,114481
32566RPK9L,28157.4500,USD,2023-02-22T00:00:00Z,CREDIT,,"BenchRec production-derived, obfuscated source side A",698193361220,32566RPK9L 32566RPK9L                                                                      JOQVY DE-BAS - T,ACC#00001,28157.45,CR,2023-02-22,2023-02-23,BenchRec_cash_v1.0_train.csv,138654
32566RF96X,677.3100,USD,2023-03-02T00:00:00Z,DEBIT,,"BenchRec production-derived, obfuscated source side A",698583384373,32566RF96X 32566RF96X                                                                      JOQVY DE -ELUVIA,ACC#00001,-677.31,DR,2023-03-02,2023-03-03,BenchRec_cash_v1.0_train.csv,147151
008479753,5000000.0000,USD,2023-02-24T00:00:00Z,DEBIT,,"BenchRec production-derived, obfuscated source side A",701352782011,008479753 41476 L9WA90V                                                                 OXEOTE NONREGULATIVE OEV,ACC#00001,-5000000.00,DR,2023-02-24,2023-02-26,BenchRec_cash_v1.0_train.csv,142860
008797531,92464.4000,USD,2023-01-11T00:00:00Z,CREDIT,,"BenchRec production-derived, obfuscated source side A",703426722247,008797531 14407 NAPE288                                                                         UPCLOSER MONOCOQUE GAB -,ACC#00001,92464.40,CR,2023-01-11,2023-01-12,BenchRec_cash_v1.0_train.csv,102572
32566RLYMK,2664.6200,USD,2023-02-04T00:00:00Z,DEBIT,,"BenchRec production-derived, obfuscated source side A",704217195684,32566RLYMK 32566RLYMK                                                                      JOQVY DE -ELUVIA,ACC#00001,-2664.62,DR,2023-02-04,2023-02-05,BenchRec_cash_v1.0_train.csv,123120
008875991,42930.0000,USD,2023-01-29T00:00:00Z,CREDIT,,"BenchRec production-derived, obfuscated source side A",704803924463,008875991 67666 SAUM082 L9XU505                                                                 UPCLOSER SAUNT TYPY DE -,ACC#00001,42930.00,CR,2023-01-29,2023-01-30,BenchRec_cash_v1.0_train.csv,119051
008157440,2092386.0000,USD,2023-01-25T00:00:00Z,DEBIT,,"BenchRec production-derived, obfuscated source side A",705093656493,008157440 13737 NAPE506                                                                         ASCIDIA GEOMETRINE QMQF C,ACC#00001,-2092386.00,DR,2023-01-25,2023-01-26,BenchRec_cash_v1.0_train.csv,114232
37266J88MD,14354.9700,USD,2023-01-11T00:00:00Z,CREDIT,,"BenchRec production-derived, obfuscated source side A",705396222737,37266J88MD 37266J88MD                                                                      INKROOT LIKED BY,ACC#00001,14354.97,CR,2023-01-11,2023-01-12,BenchRec_cash_v1.0_train.csv,101278
008302322,4680000.0000,USD,2023-02-08T00:00:00Z,CREDIT,,"BenchRec production-derived, obfuscated source side A",705878837853,008302322 67888 EPEE553 L9HO886                                                                 JO TONITE ETHERIFIES GAB,ACC#00001,4680000.00,CR,2023-02-08,2023-02-09,BenchRec_cash_v1.0_train.csv,125792
008113405,60125.8100,USD,2023-01-18T00:00:00Z,DEBIT,,"BenchRec production-derived, obfuscated source side A",705879367825,008113405 14407 KELD388                                                                         VERANDAH TYPY (GOLACH) NM,ACC#00001,-60125.81,DR,2023-01-18,2023-01-19,BenchRec_cash_v1.0_train.csv,108503
008400607,1184000.0000,USD,2023-02-25T00:00:00Z,CREDIT,,"BenchRec production-derived, obfuscated source side A",706241823608,008400607 61008 OKET213                                                                         Y.M.TONITE STRICKS CHUHRA,ACC#00001,1184000.00,CR,2023-02-25,2023-02-26,BenchRec_cash_v1.0_train.csv,143238
008812040,103703.0000,USD,2023-02-02T00:00:00Z,DEBIT,,"BenchRec production-derived, obfuscated source side A",70673405824,008812040 14407 TABAC12                                                                         UPCLOSER MONOCOQUE GAB -,ACC#00001,-103703.00,DR,2023-02-02,2023-02-03,BenchRec_cash_v1.0_train.csv,120970
32566TDRGU,460356.5400,USD,2023-01-04T00:00:00Z,CREDIT,,"BenchRec production-derived, obfuscated source side A",707022565864,32566TDRGU 32566TDRGU                                                                      JOQVY - BAS - DG,ACC#00001,460356.54,CR,2023-01-04,2023-01-05,BenchRec_cash_v1.0_train.csv,95452
008818315,1000000.0000,USD,2023-01-27T00:00:00Z,CREDIT,,"BenchRec production-derived, obfuscated source side A",707533071439,008818315 41476 L9HY4GN                                                                 DESPISE MILOR,ACC#00001,1000000.00,CR,2023-01-27,2023-01-28,BenchRec_cash_v1.0_train.csv,116504
008482630,141434.3700,USD,2023-03-01T00:00:00Z,DEBIT,,"BenchRec production-derived, obfuscated source side A",707622767206,008482630 14407 CLYER13                                                                         TYPY HODFUL NAIL BUT GAUR,ACC#00001,-141434.37,DR,2023-03-01,2023-03-02,BenchRec_cash_v1.0_train.csv,145703
008855992,13934725.5300,USD,2023-02-05T00:00:00Z,DEBIT,,"BenchRec production-derived, obfuscated source side A",707690611750,008855992 55570 NAPE509                                                                         JO TONITE ETHERIFIES GAB,ACC#00001,-13934725.53,DR,2023-02-05,2023-02-06,BenchRec_cash_v1.0_train.csv,124135
008117113,50663249.7200,USD,2023-01-14T00:00:00Z,DEBIT,,"BenchRec production-derived, obfuscated source side A",709667308118,008117113 41477 NAPE703 L9FR8O2                                                                 UPCLOSER MONOCOQUE GAB -,ACC#00001,-50663249.72,DR,2023-01-14,2023-01-15,BenchRec_cash_v1.0_train.csv,106345
008888090,4579448.1000,USD,2023-01-29T00:00:00Z,CREDIT,,"BenchRec production-derived, obfuscated source side A",710539856164,008888090 16792 AUG0762                                                                         UPCLOSER MONOCOQUE GAB -,ACC#00001,4579448.10,CR,2023-01-29,2023-01-30,BenchRec_cash_v1.0_train.csv,118914
008893398,16921100.0000,USD,2023-02-04T00:00:00Z,CREDIT,,"BenchRec production-derived, obfuscated source side A",712602005870,008893398 41477 NAPE580 L9CY9B7                                                                 UPCLOSER MONOCOQUE GAB -,ACC#00001,16921100.00,CR,2023-02-04,2023-02-05,BenchRec_cash_v1.0_train.csv,123175
008714525,1795039.2100,USD,2023-01-04T00:00:00Z,CREDIT,,"BenchRec production-derived, obfuscated source side A",71278272349,008714525 17661 NAPE825                                                                         DIANITE ANIMI VOWED AGHAN,ACC#00001,1795039.21,CR,2023-01-04,2023-01-05,BenchRec_cash_v1.0_train.csv,95095
008875258,2120543.2300,USD,2023-01-29T00:00:00Z,CREDIT,,"BenchRec production-derived, obfuscated source side A",713042762940,008875258 67609 DOYST02                                                                         FVT IHP NIX ARAWA WF,ACC#00001,2120543.23,CR,2023-01-29,2023-01-30,BenchRec_cash_v1.0_train.csv,119218
008155039,437261.0000,USD,2023-01-21T00:00:00Z,DEBIT,,"BenchRec production-derived, obfuscated source side A",713131922236,008155039 41477 NAPE580 L9XU4FE                                                                 UPCLOSER MONOCOQUE GAB -,ACC#00001,-437261.00,DR,2023-01-21,2023-01-22,BenchRec_cash_v1.0_train.csv,112153
008154670,333253.0000,USD,2023-01-25T00:00:00Z,DEBIT,,"BenchRec production-derived, obfuscated source side A",713825581255,008154670 14407 NAPE532                                                                         TYPY IMBER TA CARENE (RHD,ACC#00001,-333253.00,DR,2023-01-25,2023-01-26,BenchRec_cash_v1.0_train.csv,113745
33485190,348410200.0000,USD,2023-01-12T00:00:00Z,CREDIT,,"BenchRec production-derived, obfuscated source side A",714170025847,33485190 V33485190                                                                       JO TONITE SAUNT 664952723,ACC#00001,348410200.00,CR,2023-01-12,2023-01-13,BenchRec_cash_v1.0_train.csv,103169
32566RBBII,44800.2000,USD,2023-02-25T00:00:00Z,CREDIT,,"BenchRec production-derived, obfuscated source side A",714562383413,32566RBBII 32566RBBII                                                                      JOQVY - BAS - SF,ACC#00001,44800.20,CR,2023-02-25,2023-02-26,BenchRec_cash_v1.0_train.csv,143109
37266J1D91,4638.8500,USD,2023-01-11T00:00:00Z,CREDIT,,"BenchRec production-derived, obfuscated source side A",715097649037,37266J1D91 37266J1D91                                                                      TOURNOIS GDUFL C,ACC#00001,4638.85,CR,2023-01-11,2023-01-12,BenchRec_cash_v1.0_train.csv,102674
32566J1EEE,22490.0000,USD,2023-01-11T00:00:00Z,DEBIT,,"BenchRec production-derived, obfuscated source side A",716412178289,32566J1EEE 32566J1EEE                                                                      JOQVY - BAS - DG,ACC#00001,-22490.00,DR,2023-01-11,2023-01-12,BenchRec_cash_v1.0_train.csv,102129
008862180,262731.0700,USD,2023-01-27T00:00:00Z,CREDIT,,"BenchRec production-derived, obfuscated source side A",716784085107,008862180 67463 KAVI338                                                                         DISACCORDANCE UNSOLACED S,ACC#00001,262731.07,CR,2023-01-27,2023-01-28,BenchRec_cash_v1.0_train.csv,116502
35789926,2386264.9300,USD,2023-03-05T00:00:00Z,CREDIT,,"BenchRec production-derived, obfuscated source side A",72033153071,35789926 V35789926                                                                       JO TONITE SAUNT 664952723,ACC#00001,2386264.93,CR,2023-03-05,2023-03-06,BenchRec_cash_v1.0_train.csv,149837
008863567,4373744.7000,USD,2023-01-22T00:00:00Z,CREDIT,,"BenchRec production-derived, obfuscated source side A",720795498675,008863567 67888 SHOWD61 L9XU997                                                                 JO TONITE ETHERIFIES GAB,ACC#00001,4373744.70,CR,2023-01-22,2023-01-23,BenchRec_cash_v1.0_train.csv,113161
32566J3P7M,217783.6400,USD,2023-01-12T00:00:00Z,DEBIT,,"BenchRec production-derived, obfuscated source side A",720990427772,32566J3P7M 32566J3P7M                                                                      JO TONITE AGGEST,ACC#00001,-217783.64,DR,2023-01-12,2023-01-13,BenchRec_cash_v1.0_train.csv,103846
32566RKQQ8,22198.0800,USD,2023-02-02T00:00:00Z,DEBIT,,"BenchRec production-derived, obfuscated source side A",723816686848,32566RKQQ8 32566RKQQ8                                                                      JOQVY - BAS - DG,ACC#00001,-22198.08,DR,2023-02-02,2023-02-03,BenchRec_cash_v1.0_train.csv,120414
008793512,433400.0000,USD,2023-01-13T00:00:00Z,CREDIT,,"BenchRec production-derived, obfuscated source side A",724259258760,008793512 12660 NAPE245                                                                         UPCLOSER MONOCOQUE GAB -,ACC#00001,433400.00,CR,2023-01-13,2023-01-14,BenchRec_cash_v1.0_train.csv,105146
008121101,1000000.0000,USD,2023-01-19T00:00:00Z,CREDIT,,"BenchRec production-derived, obfuscated source side A",724663959057,008121101 41476 L9XU1FS                                                                 KAZATSKI VITI MIB DIASENE,ACC#00001,1000000.00,CR,2023-01-19,2023-01-20,BenchRec_cash_v1.0_train.csv,109663
32566J9H52,78636.0000,USD,2023-01-21T00:00:00Z,DEBIT,,"BenchRec production-derived, obfuscated source side A",724742597136,32566J9H52 32566J9H52                                                                      JOQVY - ELUVIA -,ACC#00001,-78636.00,DR,2023-01-21,2023-01-22,BenchRec_cash_v1.0_train.csv,112111
008878767,45830000.0000,USD,2023-01-26T00:00:00Z,CREDIT,,"BenchRec production-derived, obfuscated source side A",727073904499,008878767 41477 MEGGY88 L9HY8ZA                                                                 UPCLOSER MONOCOQUE GAB -,ACC#00001,45830000.00,CR,2023-01-26,2023-01-27,BenchRec_cash_v1.0_train.csv,115391
008372805,89807.2100,USD,2023-02-11T00:00:00Z,DEBIT,,"BenchRec production-derived, obfuscated source side A",727114868159,008372805 17661 MBAYA57                                                                         RHODIZITE UNSOLACED AGHAN,ACC#00001,-89807.21,DR,2023-02-11,2023-02-12,BenchRec_cash_v1.0_train.csv,129396
0968876,2184240.0000,USD,2023-02-12T00:00:00Z,CREDIT,,"BenchRec production-derived, obfuscated source side A",728636262612,0968876 V60968876                                                                       SHALE           667933724,ACC#00001,2184240.00,CR,2023-02-12,2023-02-13,BenchRec_cash_v1.0_train.csv,130731
008755716,1750354.4500,USD,2023-01-08T00:00:00Z,CREDIT,,"BenchRec production-derived, obfuscated source side A",728636957627,008755716 15574 NAPE159                                                                         JACKPLANE AVIARY PANTOPOD,ACC#00001,1750354.45,CR,2023-01-08,2023-01-09,BenchRec_cash_v1.0_train.csv,100604
008399403,21583259.5000,USD,2023-02-19T00:00:00Z,DEBIT,,"BenchRec production-derived, obfuscated source side A",730522488394,008399403 41477 NAPE509 L9WA7AJ                                                                 UPCLOSER MONOCOQUE GAB -,ACC#00001,-21583259.50,DR,2023-02-19,2023-02-20,BenchRec_cash_v1.0_train.csv,137284
008750481,161140.0000,USD,2023-01-06T00:00:00Z,CREDIT,,"BenchRec production-derived, obfuscated source side A",730800069427,008750481 41477 EPEE553 L9HH1VW                                                                 UPCLOSER MONOCOQUE GAB -,ACC#00001,161140.00,CR,2023-01-06,2023-01-07,BenchRec_cash_v1.0_train.csv,98226
008823196,170946.5000,USD,2023-02-05T00:00:00Z,DEBIT,,"BenchRec production-derived, obfuscated source side A",733110677849,008823196 14407 NAPE074                                                                         LIXIVIA JACTANCE STERNAL,ACC#00001,-170946.50,DR,2023-02-05,2023-02-06,BenchRec_cash_v1.0_train.csv,124415
RM126815,50000.0000,USD,2023-01-25T00:00:00Z,CREDIT,,"BenchRec production-derived, obfuscated source side A",733165339282,RM126815  67666 UPCLOSER SAUNT TYPY DE -,ACC#00001,50000.00,CR,2023-01-25,2023-01-26,BenchRec_cash_v1.0_train.csv,113993
AHT9126666796928,543660.0000,USD,2023-01-12T00:00:00Z,DEBIT,,"BenchRec production-derived, obfuscated source side A",733861343769,AHT9126666796928 AHT9126666796928,ACC#00001,-543660.00,DR,2023-01-12,2023-01-13,BenchRec_cash_v1.0_train.csv,103494
32566EH9UX,284460.8600,USD,2023-01-01T00:00:00Z,DEBIT,,"BenchRec production-derived, obfuscated source side A",734458689396,32566EH9UX 32566EH9UX                                                                      JOQVY - BAS - DG,ACC#00001,-284460.86,DR,2023-01-01,2023-01-02,BenchRec_cash_v1.0_train.csv,93820
37266J3928,2249.0000,USD,2023-01-11T00:00:00Z,CREDIT,,"BenchRec production-derived, obfuscated source side A",734891093710,37266J3928 37266J3928                                                                      INFL MEZZO SAME,ACC#00001,2249.00,CR,2023-01-11,2023-01-12,BenchRec_cash_v1.0_train.csv,102470
0620436,3928500.0000,USD,2023-02-11T00:00:00Z,DEBIT,,"BenchRec production-derived, obfuscated source side A",735024578834,0620436 ALME7U0895JOQG7U                                                                JO TONITE SAUNT 664952723,ACC#00001,-3928500.00,DR,2023-02-11,2023-02-12,BenchRec_cash_v1.0_train.csv,129123
12069186,1792677.3500,USD,2023-01-15T00:00:00Z,DEBIT,,"BenchRec production-derived, obfuscated source side A",735372823582,12069186 EGBA7U4585JOQG7U                                                                VERANDAH AI     103618748,ACC#00001,-1792677.35,DR,2023-01-15,2023-01-16,BenchRec_cash_v1.0_train.csv,106920
008184319,261993.7700,USD,2023-01-19T00:00:00Z,CREDIT,,"BenchRec production-derived, obfuscated source side A",7357630173,008184319 14407 OKET701                                                                         UPCLOSER MONOCOQUE GAB -,ACC#00001,261993.77,CR,2023-01-19,2023-01-20,BenchRec_cash_v1.0_train.csv,108909
008706733,1085261.8700,USD,2023-01-01T00:00:00Z,CREDIT,,"BenchRec production-derived, obfuscated source side A",735870492195,008706733 17661 CHARE90                                                                         DIANITE ANIMI VOWED AGHAN,ACC#00001,1085261.87,CR,2023-01-01,2023-01-02,BenchRec_cash_v1.0_train.csv,94039
008858811,54462447.5700,USD,2023-02-04T00:00:00Z,DEBIT,,"BenchRec production-derived, obfuscated source side A",740451580477,008858811 41477 MEGGY88 L9CY2UH                                                                 UPCLOSER MONOCOQUE GAB -,ACC#00001,-54462447.57,DR,2023-02-04,2023-02-05,BenchRec_cash_v1.0_train.csv,122608
32566J08AL,608.7300,USD,2023-01-07T00:00:00Z,DEBIT,,"BenchRec production-derived, obfuscated source side A",74102215172,32566J08AL 32566J08AL                                                                      JOQVY - BAS - DG,ACC#00001,-608.73,DR,2023-01-07,2023-01-08,BenchRec_cash_v1.0_train.csv,98783
07166J9UGV,6000.0000,USD,2023-01-21T00:00:00Z,DEBIT,,"BenchRec production-derived, obfuscated source side A",741502979949,07166J9UGV 07166J9UGV                                                                      JOQVY - DP - HAK,ACC#00001,-6000.00,DR,2023-01-21,2023-01-22,BenchRec_cash_v1.0_train.csv,112197
008158370,7331590.0000,USD,2023-01-20T00:00:00Z,DEBIT,,"BenchRec production-derived, obfuscated source side A",741558121421,008158370 41477 HEDER91 L9XU3TN                                                                 UPCLOSER MONOCOQUE GAB -,ACC#00001,-7331590.00,DR,2023-01-20,2023-01-21,BenchRec_cash_v1.0_train.csv,109821
008772638,271670.8000,USD,2023-01-01T00:00:00Z,CREDIT,,"BenchRec production-derived, obfuscated source side A",741652181542,008772638 61008 BREI662                                                                         NIGROUS VOWED FUTHERMORE,ACC#00001,271670.80,CR,2023-01-01,2023-01-02,BenchRec_cash_v1.0_train.csv,93764
008379310,28538.9300,USD,2023-02-12T00:00:00Z,DEBIT,,"BenchRec production-derived, obfuscated source side A",742468272835,008379310 14407 BOAS229                                                                         UPCLOSER MONOCOQUE GAB -,ACC#00001,-28538.93,DR,2023-02-12,2023-02-13,BenchRec_cash_v1.0_train.csv,130685
008397057,20315956.3700,USD,2023-02-18T00:00:00Z,CREDIT,,"BenchRec production-derived, obfuscated source side A",742750299596,008397057 19262 OKET388                                                                         SLATTERN BAA YEAN EFI,ACC#00001,20315956.37,CR,2023-02-18,2023-02-19,BenchRec_cash_v1.0_train.csv,135677
32566J6W7Q,188704.1400,USD,2023-01-07T00:00:00Z,DEBIT,,"BenchRec production-derived, obfuscated source side A",743577768846,32566J6W7Q 32566J6W7Q                                                                      JOQVY - ELUVIA -,ACC#00001,-188704.14,DR,2023-01-07,2023-01-08,BenchRec_cash_v1.0_train.csv,98924
008310625,179303.0300,USD,2023-02-12T00:00:00Z,DEBIT,,"BenchRec production-derived, obfuscated source side A",744648524951,008310625 14409 EPEE517                                                                         UPCLOSER MONOCOQUE GAB -,ACC#00001,-179303.03,DR,2023-02-12,2023-02-13,BenchRec_cash_v1.0_train.csv,130252
35020772,939880.6500,USD,2023-02-22T00:00:00Z,DEBIT,,"BenchRec production-derived, obfuscated source side A",744874119184,35020772 ALME7U5173JOQG7U                                                                JO TONITE SAUNT 664952723,ACC#00001,-939880.65,DR,2023-02-22,2023-02-23,BenchRec_cash_v1.0_train.csv,139932
48470106,1600200.0000,USD,2023-01-21T00:00:00Z,DEBIT,,"BenchRec production-derived, obfuscated source side A",744948624233,48470106 ALME7U0394JOQG7U                                                                JO TONITE SAUNT 664952723,ACC#00001,-1600200.00,DR,2023-01-21,2023-01-22,BenchRec_cash_v1.0_train.csv,111360
008127057,2255571.4700,USD,2023-01-21T00:00:00Z,DEBIT,,"BenchRec production-derived, obfuscated source side A",745402227775,008127057 14484 BOAS731                                                                         UPCLOSER MONOCOQUE GAB -,ACC#00001,-2255571.47,DR,2023-01-21,2023-01-22,BenchRec_cash_v1.0_train.csv,112244
008101531,6877685.5100,USD,2023-01-15T00:00:00Z,CREDIT,,"BenchRec production-derived, obfuscated source side A",745587226290,008101531 67674 RAKEE07                                                                         JO TONITE ETHERIFIES GAB,ACC#00001,6877685.51,CR,2023-01-15,2023-01-16,BenchRec_cash_v1.0_train.csv,107018
39077446,2406550.0000,USD,2023-01-14T00:00:00Z,CREDIT,,"BenchRec production-derived, obfuscated source side A",746402200910,39077446 V39077446                                                                       JO TONITE SAUNT 664952723,ACC#00001,2406550.00,CR,2023-01-14,2023-01-15,BenchRec_cash_v1.0_train.csv,106127
32566RL7MM,153096.8300,USD,2023-02-04T00:00:00Z,DEBIT,,"BenchRec production-derived, obfuscated source side A",74701026390,32566RL7MM 32566RL7MM                                                                      JOQVY - ELUVIA -,ACC#00001,-153096.83,DR,2023-02-04,2023-02-05,BenchRec_cash_v1.0_train.csv,122739
6160656S6Z6V6Y67,11523.6500,USD,2023-02-25T00:00:00Z,DEBIT,,"BenchRec production-derived, obfuscated source side A",747432272959,6160656S6Z6V6Y67 606Q656S6Z696R6Q                                                                SLATTERN TYPY OEV,ACC#00001,-11523.65,DR,2023-02-25,2023-02-26,BenchRec_cash_v1.0_train.csv,143610
008474166,967449.7000,USD,2023-02-24T00:00:00Z,CREDIT,,"BenchRec production-derived, obfuscated source side A",749530869309,008474166 67027 NAPE746                                                                         JO TONITE ETHERIFIES GAB,ACC#00001,967449.70,CR,2023-02-24,2023-02-25,BenchRec_cash_v1.0_train.csv,142321
32566J6RPQ,48838.1800,USD,2023-01-07T00:00:00Z,DEBIT,,"BenchRec production-derived, obfuscated source side A",749915401745,32566J6RPQ 32566J6RPQ                                                                      JOQVY - ELUVIA -,ACC#00001,-48838.18,DR,2023-01-07,2023-01-08,BenchRec_cash_v1.0_train.csv,99665
45329566,4696429.4300,USD,2023-01-26T00:00:00Z,CREDIT,,"BenchRec production-derived, obfuscated source side A",750170536313,45329566 V45329566                                                                       JO TONITE SAUNT 664952723,ACC#00001,4696429.43,CR,2023-01-26,2023-01-27,BenchRec_cash_v1.0_train.csv,115678
008261389,11809101.7800,USD,2023-03-05T00:00:00Z,CREDIT,,"BenchRec production-derived, obfuscated source side A",751200483039,008261389 17661 OKET481                                                                         UPCLOSER MONOCOQUE GAB -,ACC#00001,11809101.78,CR,2023-03-05,2023-03-06,BenchRec_cash_v1.0_train.csv,149356
008342632,50511960.3900,USD,2023-02-16T00:00:00Z,CREDIT,,"BenchRec production-derived, obfuscated source side A",751297948106,008342632 17661 NAPE580                                                                         UPCLOSER MONOCOQUE GAB -,ACC#00001,50511960.39,CR,2023-02-16,2023-02-17,BenchRec_cash_v1.0_train.csv,133227
35622854,1262575.6500,USD,2023-02-04T00:00:00Z,DEBIT,,"BenchRec production-derived, obfuscated source side A",751775316102,35622854 ALME7U4777JOQG7U                                                                JOQ MENDEL      664952723,ACC#00001,-1262575.65,DR,2023-02-04,2023-02-05,BenchRec_cash_v1.0_train.csv,123677
30453946,689900.0000,USD,2023-01-05T00:00:00Z,DEBIT,,"BenchRec production-derived, obfuscated source side A",751893502870,30453946 ALME7U8468JOQG7U                                                                JO TONITE SAUNT 664952723,ACC#00001,-689900.00,DR,2023-01-05,2023-01-06,BenchRec_cash_v1.0_train.csv,96476
169156,84110000.0000,USD,2023-02-08T00:00:00Z,DEBIT,,"BenchRec production-derived, obfuscated source side A",752425415496,169156 1863JOQG7U                                                                WUR AI-WHINNY   669267817,ACC#00001,-84110000.00,DR,2023-02-08,2023-02-09,BenchRec_cash_v1.0_train.csv,125977
008158301,39868050.0000,USD,2023-01-20T00:00:00Z,CREDIT,,"BenchRec production-derived, obfuscated source side A",752534998553,008158301 41477 MEGGY88 L9XU3TA                                                                 UPCLOSER MONOCOQUE GAB -,ACC#00001,39868050.00,CR,2023-01-20,2023-01-21,BenchRec_cash_v1.0_train.csv,110040
008267489,53178131.8700,USD,2023-03-05T00:00:00Z,DEBIT,,"BenchRec production-derived, obfuscated source side A",753184011727,008267489 41477 EPEE242 L9IE3LF                                                                 UPCLOSER MONOCOQUE GAB -,ACC#00001,-53178131.87,DR,2023-03-05,2023-03-06,BenchRec_cash_v1.0_train.csv,149595
008893406,60054038.7000,USD,2023-02-05T00:00:00Z,DEBIT,,"BenchRec production-derived, obfuscated source side A",754429545950,008893406 41477 NAPE703 L9CY9B9                                                                 UPCLOSER MONOCOQUE GAB -,ACC#00001,-60054038.70,DR,2023-02-05,2023-02-06,BenchRec_cash_v1.0_train.csv,124403
008894860,34209000.0000,USD,2023-02-04T00:00:00Z,DEBIT,,"BenchRec production-derived, obfuscated source side A",755390638420,008894860 41477 MOZO702 L9CY91X                                                                 UPCLOSER MONOCOQUE GAB -,ACC#00001,-34209000.00,DR,2023-02-04,2023-02-05,BenchRec_cash_v1.0_train.csv,123558
15338967,368087.1100,USD,2023-02-10T00:00:00Z,CREDIT,,"BenchRec production-derived, obfuscated source side A",757042631539,15338967 V15338967                                                                       LGYV EU RUSA ETY666417429,ACC#00001,368087.11,CR,2023-02-10,2023-02-11,BenchRec_cash_v1.0_train.csv,128591
008339665,345249.1700,USD,2023-02-17T00:00:00Z,DEBIT,,"BenchRec production-derived, obfuscated source side A",758728113425,008339665 61008 FUGIT75                                                                         PREOCCUR FUTHERMORE YARAY,ACC#00001,-345249.17,DR,2023-02-17,2023-02-18,BenchRec_cash_v1.0_train.csv,134886
32941607,285645.0000,USD,2023-01-19T00:00:00Z,DEBIT,,"BenchRec production-derived, obfuscated source side A",759728402377,32941607 ALME7U6575JOQG7U                                                                JO TONITE SAUNT 664952723,ACC#00001,-285645.00,DR,2023-01-19,2023-01-20,BenchRec_cash_v1.0_train.csv,109481
008300705,5424465.6900,USD,2023-02-10T00:00:00Z,CREDIT,,"BenchRec production-derived, obfuscated source side A",759971960800,008300705 67005 CUTIN24                                                                         JO TONITE ETHERIFIES GAB,ACC#00001,5424465.69,CR,2023-02-10,2023-02-11,BenchRec_cash_v1.0_train.csv,128402
HEY,4656347.3800,USD,2023-02-11T00:00:00Z,CREDIT,,"BenchRec production-derived, obfuscated source side A",761974972383,HEY RAMON DISNEY JOQ ELUVIA KR - TA,ACC#00001,4656347.38,CR,2023-02-11,2023-02-12,BenchRec_cash_v1.0_train.csv,129758
32566RKQEJ,96310.9000,USD,2023-02-02T00:00:00Z,CREDIT,,"BenchRec production-derived, obfuscated source side A",76252242654,32566RKQEJ 32566RKQEJ                                                                      JOQVY - BAS - DG,ACC#00001,96310.90,CR,2023-02-02,2023-02-03,BenchRec_cash_v1.0_train.csv,120960
32566J9H7V,121324.8300,USD,2023-01-21T00:00:00Z,DEBIT,,"BenchRec production-derived, obfuscated source side A",762591256182,32566J9H7V 32566J9H7V                                                                      JOQVY - ELUVIA -,ACC#00001,-121324.83,DR,2023-01-21,2023-01-22,BenchRec_cash_v1.0_train.csv,111222
008195939,13317000.0000,USD,2023-01-27T00:00:00Z,DEBIT,,"BenchRec production-derived, obfuscated source side A",763403018227,008195939 12660 NAPE976                                                                         UPCLOSER MONOCOQUE GAB -,ACC#00001,-13317000.00,DR,2023-01-27,2023-01-28,BenchRec_cash_v1.0_train.csv,116422
008734333,55164482.5300,USD,2023-01-06T00:00:00Z,CREDIT,,"BenchRec production-derived, obfuscated source side A",763534176519,008734333 17661 NAPE159                                                                         UPCLOSER MONOCOQUE GAB -,ACC#00001,55164482.53,CR,2023-01-06,2023-01-07,BenchRec_cash_v1.0_train.csv,97870
6666666664236562,2404000000.0000,USD,2023-01-21T00:00:00Z,DEBIT,,"BenchRec production-derived, obfuscated source side A",764469350976,6666666664236562 JEE - DESINENT,ACC#00001,-2404000000.00,DR,2023-01-21,2023-01-22,BenchRec_cash_v1.0_train.csv,111928
32566J4K31,80835.2700,USD,2023-01-14T00:00:00Z,CREDIT,,"BenchRec production-derived, obfuscated source side A",764742194432,32566J4K31 32566J4K31                                                                      JOQVY - ELUVIA -,ACC#00001,80835.27,CR,2023-01-14,2023-01-15,BenchRec_cash_v1.0_train.csv,105778
008712765,584007.8100,USD,2023-01-04T00:00:00Z,DEBIT,,"BenchRec production-derived, obfuscated source side A",765709169119,008712765 67005 RIGHT76                                                                         CHINOL BUT STIVY,ACC#00001,-584007.81,DR,2023-01-04,2023-01-05,BenchRec_cash_v1.0_train.csv,94917
008357227,22270.0000,USD,2023-02-23T00:00:00Z,DEBIT,,"BenchRec production-derived, obfuscated source side A",766249776003,008357227 67609 OKET466                                                                         NIGROUS VOWED AVIARY BETA,ACC#00001,-22270.00,DR,2023-02-23,2023-02-24,BenchRec_cash_v1.0_train.csv,140332
008102817,3832416.5000,USD,2023-01-13T00:00:00Z,DEBIT,,"BenchRec production-derived, obfuscated source side A",76732513084,008102817 55570 NAPE703                                                                         OXEOTE MUTUALITY THRESHAL,ACC#00001,-3832416.50,DR,2023-01-13,2023-01-14,BenchRec_cash_v1.0_train.csv,104138
35763399,1240146.9400,USD,2023-02-26T00:00:00Z,CREDIT,,"BenchRec production-derived, obfuscated source side A",767821377214,35763399 V35763399                                                                       JO TONITE SAUNT 664952723,ACC#00001,1240146.94,CR,2023-02-26,2023-02-27,BenchRec_cash_v1.0_train.csv,144233
32566J9M6V,489299.2400,USD,2023-01-21T00:00:00Z,CREDIT,,"BenchRec production-derived, obfuscated source side A",767908830064,32566J9M6V 32566J9M6V                                                                      JOQVY - ELUVIA -,ACC#00001,489299.24,CR,2023-01-21,2023-01-22,BenchRec_cash_v1.0_train.csv,111289
32566RF8EH,512308.9000,USD,2023-03-03T00:00:00Z,CREDIT,,"BenchRec production-derived, obfuscated source side A",768583367302,32566RF8EH 32566RF8EH                                                                      JOQVY - ELUVIA -,ACC#00001,512308.90,CR,2023-03-03,2023-03-04,BenchRec_cash_v1.0_train.csv,148240
008847064,2624805.2900,USD,2023-02-02T00:00:00Z,CREDIT,,"BenchRec production-derived, obfuscated source side A",770473448196,008847064 55570 NAPE580                                                                         ZEE ETHERIFIES EFI,ACC#00001,2624805.29,CR,2023-02-02,2023-02-03,BenchRec_cash_v1.0_train.csv,120486
47760820,9959592.4900,USD,2023-03-04T00:00:00Z,CREDIT,,"BenchRec production-derived, obfuscated source side A",770518211295,47760820 V47760820                                                                       GVKYHE          666610809,ACC#00001,9959592.49,CR,2023-03-04,2023-03-05,BenchRec_cash_v1.0_train.csv,148461
008855810,12710404.9800,USD,2023-03-05T00:00:00Z,DEBIT,,"BenchRec production-derived, obfuscated source side A",770565958708,008855810 41416 BRAVI86 L9CY5MK                                                                 KAZATSKI VITI MIB DIASENE,ACC#00001,-12710404.98,DR,2023-03-05,2023-03-06,BenchRec_cash_v1.0_train.csv,149335
15054280,90485.0200,USD,2023-01-04T00:00:00Z,DEBIT,,"BenchRec production-derived, obfuscated source side A",771025324069,15054280 JOQG7U7073GVYE7U                                                                JINSHANG        700056068,ACC#00001,-90485.02,DR,2023-01-04,2023-01-05,BenchRec_cash_v1.0_train.csv,95412
008128719,4417404.3800,USD,2023-01-22T00:00:00Z,DEBIT,,"BenchRec production-derived, obfuscated source side A",77310017514,008128719 14407 NAPE247                                                                         UPCLOSER MONOCOQUE GAB -,ACC#00001,-4417404.38,DR,2023-01-22,2023-01-23,BenchRec_cash_v1.0_train.csv,113181
008789621,743310.4200,USD,2023-01-04T00:00:00Z,DEBIT,,"BenchRec production-derived, obfuscated source side A",773531385484,008789621 55570 NAPE703                                                                         FREELANCER ACHOO PROCHOOI,ACC#00001,-743310.42,DR,2023-01-04,2023-01-05,BenchRec_cash_v1.0_train.csv,95697
008477270,1241863.8800,USD,2023-02-26T00:00:00Z,DEBIT,,"BenchRec production-derived, obfuscated source side A",774477697830,008477270 14407 KELD506                                                                         UPCLOSER MONOCOQUE GAB -,ACC#00001,-1241863.88,DR,2023-02-26,2023-02-27,BenchRec_cash_v1.0_train.csv,144778
40272596,9993879.5600,USD,2023-01-25T00:00:00Z,DEBIT,,"BenchRec production-derived, obfuscated source side A",776218389872,40272596 ALME7U9943JOQG7U                                                                JO TONITE SAUNT 664952723,ACC#00001,-9993879.56,DR,2023-01-25,2023-01-26,BenchRec_cash_v1.0_train.csv,114420
008875264,9979000.0000,USD,2023-02-03T00:00:00Z,CREDIT,,"BenchRec production-derived, obfuscated source side A",776479987371,008875264 12660 CUCA256                                                                         UPCLOSER MONOCOQUE GAB -,ACC#00001,9979000.00,CR,2023-02-03,2023-02-04,BenchRec_cash_v1.0_train.csv,121776
008100749,35154802.2400,USD,2023-01-12T00:00:00Z,DEBIT,,"BenchRec production-derived, obfuscated source side A",776572932244,008100749 41477 NAPE150 L9HH90P                                                                 UPCLOSER MONOCOQUE GAB -,ACC#00001,-35154802.24,DR,2023-01-12,2023-01-13,BenchRec_cash_v1.0_train.csv,103828
32566RHF7E,75847.0000,USD,2023-02-11T00:00:00Z,CREDIT,,"BenchRec production-derived, obfuscated source side A",776841138908,32566RHF7E 32566RHF7E                                                                      JOQVY - ELUVIA -,ACC#00001,75847.00,CR,2023-02-11,2023-02-12,BenchRec_cash_v1.0_train.csv,129782
008411316,62629.4000,USD,2023-02-26T00:00:00Z,DEBIT,,"BenchRec production-derived, obfuscated source side A",777045595318,008411316 14476 NAUT308                                                                         UPCLOSER MONOCOQUE GAB -,ACC#00001,-62629.40,DR,2023-02-26,2023-02-27,BenchRec_cash_v1.0_train.csv,144264
008868177,5634000.0000,USD,2023-01-27T00:00:00Z,CREDIT,,"BenchRec production-derived, obfuscated source side A",778396630862,008868177 12667 NAPE917                                                                         UPCLOSER MONOCOQUE GAB -,ACC#00001,5634000.00,CR,2023-01-27,2023-01-28,BenchRec_cash_v1.0_train.csv,115809
32566RPTBK,468282.9300,USD,2023-02-23T00:00:00Z,CREDIT,,"BenchRec production-derived, obfuscated source side A",779296646100,32566RPTBK 32566RPTBK                                                                      JOQVY DE -ELUVIA,ACC#00001,468282.93,CR,2023-02-23,2023-02-24,BenchRec_cash_v1.0_train.csv,140973
32566J31VB,38225.0700,USD,2023-01-11T00:00:00Z,DEBIT,,"BenchRec production-derived, obfuscated source side A",779339972122,32566J31VB 32566J31VB                                                                      JOQVY - BAS - DG,ACC#00001,-38225.07,DR,2023-01-11,2023-01-12,BenchRec_cash_v1.0_train.csv,102604
6622656G6P6D6666,3017.0000,USD,2023-01-20T00:00:00Z,DEBIT,,"BenchRec production-derived, obfuscated source side A",779445208847,6622656G6P6D6666 6+6Z656G6L6O686K                                                                UPCLOSER QUETCH EFI (WYE-,ACC#00001,-3017.00,DR,2023-01-20,2023-01-22,BenchRec_cash_v1.0_train.csv,111104
008830965,43734825.5100,USD,2023-02-02T00:00:00Z,CREDIT,,"BenchRec production-derived, obfuscated source side A",780105496690,008830965 17667 NAPE509                                                                         JOQVY ELUVIA DESINENT,ACC#00001,43734825.51,CR,2023-02-02,2023-02-03,BenchRec_cash_v1.0_train.csv,120327
VU6333285,16856.3400,USD,2023-02-26T00:00:00Z,DEBIT,,"BenchRec production-derived, obfuscated source side A",78200988010,VU6333285 41477 JOQVY H.C. ZUCCHINIS TENT,ACC#00001,-16856.34,DR,2023-02-26,2023-02-27,BenchRec_cash_v1.0_train.csv,144757
008109909,4723896.9500,USD,2023-01-15T00:00:00Z,CREDIT,,"BenchRec production-derived, obfuscated source side A",78227809545,008109909 12660 OKET655                                                                         UPCLOSER MONOCOQUE GAB -,ACC#00001,4723896.95,CR,2023-01-15,2023-01-16,BenchRec_cash_v1.0_train.csv,107381
IYO9126666755236,20657919.0000,USD,2023-01-01T00:00:00Z,DEBIT,,"BenchRec production-derived, obfuscated source side A",782908994638,IYO9126666755236 IYO9126666755236,ACC#00001,-20657919.00,DR,2023-01-01,2023-01-02,BenchRec_cash_v1.0_train.csv,94163
32566RJ48S,1000000.0000,USD,2023-02-08T00:00:00Z,DEBIT,,"BenchRec production-derived, obfuscated source side A",783802423383,32566RJ48S 32566RJ48S                                                                      JOQVY DE-BAS - T,ACC#00001,-1000000.00,DR,2023-02-08,2023-02-09,BenchRec_cash_v1.0_train.csv,125390
32566RHA07,612840.3900,USD,2023-02-11T00:00:00Z,DEBIT,,"BenchRec production-derived, obfuscated source side A",784389086532,32566RHA07 32566RHA07                                                                      JOQVY - ELUVIA -,ACC#00001,-612840.39,DR,2023-02-11,2023-02-12,BenchRec_cash_v1.0_train.csv,129171
008757890,59432618.1000,USD,2023-01-07T00:00:00Z,CREDIT,,"BenchRec production-derived, obfuscated source side A",785123529736,008757890 17667 AUG0762                                                                         UPCLOSER MONOCOQUE GAB -,ACC#00001,59432618.10,CR,2023-01-07,2023-01-08,BenchRec_cash_v1.0_train.csv,99608
32566J3TU4,446066.7800,USD,2023-01-13T00:00:00Z,DEBIT,,"BenchRec production-derived, obfuscated source side A",785918692440,32566J3TU4 32566J3TU4                                                                      JOQVY - BAS - DG,ACC#00001,-446066.78,DR,2023-01-13,2023-01-14,BenchRec_cash_v1.0_train.csv,105241
008753630,1765587.0200,USD,2023-01-11T00:00:00Z,DEBIT,,"BenchRec production-derived, obfuscated source side A",787155448337,008753630 12660 MBAYA01                                                                         UPCLOSER MONOCOQUE GAB -,ACC#00001,-1765587.02,DR,2023-01-11,2023-01-12,BenchRec_cash_v1.0_train.csv,101303
008382282,3989236.4700,USD,2023-02-12T00:00:00Z,DEBIT,,"BenchRec production-derived, obfuscated source side A",787902694290,008382282 67888 SHOWD61 L9HP0MF                                                                 JO TONITE ETHERIFIES GAB,ACC#00001,-3989236.47,DR,2023-02-12,2023-02-13,BenchRec_cash_v1.0_train.csv,130265
32566J3J1Z,27563783.3000,USD,2023-01-13T00:00:00Z,CREDIT,,"BenchRec production-derived, obfuscated source side A",788671593356,32566J3J1Z 32566J3J1Z                                                                      JOQVY DE-BAS - T,ACC#00001,27563783.30,CR,2023-01-13,2023-01-14,BenchRec_cash_v1.0_train.csv,104618
35782557,2000000.0000,USD,2023-03-04T00:00:00Z,DEBIT,,"BenchRec production-derived, obfuscated source side A",789159882117,35782557 ALME7U5659JOQG7U                                                                JO TONITE SAUNT 664952723,ACC#00001,-2000000.00,DR,2023-03-04,2023-03-05,BenchRec_cash_v1.0_train.csv,149215
008400995,188505.3400,USD,2023-02-24T00:00:00Z,DEBIT,,"BenchRec production-derived, obfuscated source side A",789344393350,008400995 14476 OKET328                                                                         UPCLOSER MONOCOQUE GAB -,ACC#00001,-188505.34,DR,2023-02-24,2023-02-25,BenchRec_cash_v1.0_train.csv,141660
2250626,21124085.0100,USD,2023-02-19T00:00:00Z,DEBIT,,"BenchRec production-derived, obfuscated source side A",789966198891,2250626 ALME7U0565JOQG7U                                                                JO TONITE SAUNT 664952723,ACC#00001,-21124085.01,DR,2023-02-19,2023-02-20,BenchRec_cash_v1.0_train.csv,136654
32566J6ROI,74356.6400,USD,2023-01-07T00:00:00Z,CREDIT,,"BenchRec production-derived, obfuscated source side A",790502075354,32566J6ROI 32566J6ROI                                                                      JOQVY - BAS - DG,ACC#00001,74356.64,CR,2023-01-07,2023-01-08,BenchRec_cash_v1.0_train.csv,99289
008114093,9232.9600,USD,2023-01-26T00:00:00Z,CREDIT,,"BenchRec production-derived, obfuscated source side A",790583245965,008114093 67666 AUG2147 L9HK8Z2                                                                 ALL TYPY AS FEW GIRE PAAR,ACC#00001,9232.96,CR,2023-01-26,2023-01-27,BenchRec_cash_v1.0_train.csv,115468
47100976,445110.0000,USD,2023-01-19T00:00:00Z,CREDIT,,"BenchRec production-derived, obfuscated source side A",79118678172,47100976 V47100976                                                                       SHALE           667933724,ACC#00001,445110.00,CR,2023-01-19,2023-01-20,BenchRec_cash_v1.0_train.csv,109173
35043261,4676892.6800,USD,2023-02-19T00:00:00Z,CREDIT,,"BenchRec production-derived, obfuscated source side A",794762091857,35043261 V35043261                                                                       JO TONITE SAUNT 664952723,ACC#00001,4676892.68,CR,2023-02-19,2023-02-20,BenchRec_cash_v1.0_train.csv,136880
008823729,99494.8800,USD,2023-02-04T00:00:00Z,CREDIT,,"BenchRec production-derived, obfuscated source side A",79573558383,008823729 14407 NAPE562                                                                         UPCLOSER MONOCOQUE GAB -,ACC#00001,99494.88,CR,2023-02-04,2023-02-05,BenchRec_cash_v1.0_train.csv,123243
008749133,429405.1600,USD,2023-01-08T00:00:00Z,CREDIT,,"BenchRec production-derived, obfuscated source side A",797143985302,008749133 67463 BRAVI04                                                                         ASSUMER NONREGULATIVE OWD,ACC#00001,429405.16,CR,2023-01-08,2023-01-09,BenchRec_cash_v1.0_train.csv,100639
008740074,1177768.0100,USD,2023-01-05T00:00:00Z,DEBIT,,"BenchRec production-derived, obfuscated source side A",798131372664,008740074 12660 TUMOR30                                                                         UPCLOSER MONOCOQUE GAB -,ACC#00001,-1177768.01,DR,2023-01-05,2023-01-06,BenchRec_cash_v1.0_train.csv,96355
48307106,1676900.0000,USD,2023-01-21T00:00:00Z,DEBIT,,"BenchRec production-derived, obfuscated source side A",799704302260,48307106 ALME7U3981JOQG7U                                                                JO TONITE SAUNT 664952723,ACC#00001,-1676900.00,DR,2023-01-21,2023-01-22,BenchRec_cash_v1.0_train.csv,111382
008411634,4294490.0000,USD,2023-02-23T00:00:00Z,CREDIT,,"BenchRec production-derived, obfuscated source side A",799911265252,008411634 67888 ROMAN42 L9HG6EN                                                                 JO TONITE ETHERIFIES GAB,ACC#00001,4294490.00,CR,2023-02-23,2023-02-24,BenchRec_cash_v1.0_train.csv,140868
32566RVJ5Q,38563.7900,USD,2023-01-26T00:00:00Z,CREDIT,,"BenchRec production-derived, obfuscated source side A",800343388863,32566RVJ5Q 32566RVJ5Q                                                                         DE VIZIR LATA,ACC#00001,38563.79,CR,2023-01-26,2023-01-27,BenchRec_cash_v1.0_train.csv,114889
008372013,20593150.0000,USD,2023-02-09T00:00:00Z,CREDIT,,"BenchRec production-derived, obfuscated source side A",800493126420,008372013 41477 OKET746 L9HO49H                                                                 UPCLOSER MONOCOQUE GAB -,ACC#00001,20593150.00,CR,2023-02-09,2023-02-10,BenchRec_cash_v1.0_train.csv,126498
008470564,256608.8600,USD,2023-02-24T00:00:00Z,CREDIT,,"BenchRec production-derived, obfuscated source side A",801945838477,008470564 67609 OKET466                                                                         HATER GRAVEL KEEPINGS,ACC#00001,256608.86,CR,2023-02-24,2023-02-25,BenchRec_cash_v1.0_train.csv,142084
32566J1S5P,2257914.2000,USD,2023-01-11T00:00:00Z,DEBIT,,"BenchRec production-derived, obfuscated source side A",80255196099,32566J1S5P 32566J1S5P                                                                      JO TONITE AGGEST,ACC#00001,-2257914.20,DR,2023-01-11,2023-01-12,BenchRec_cash_v1.0_train.csv,103502
32566RJ238,4385.3900,USD,2023-02-08T00:00:00Z,CREDIT,,"BenchRec production-derived, obfuscated source side A",802984264307,32566RJ238 32566RJ238                                                                      JO TONITE CROM X,ACC#00001,4385.39,CR,2023-02-08,2023-02-09,BenchRec_cash_v1.0_train.csv,126122
008869311,40115.2600,USD,2023-01-26T00:00:00Z,CREDIT,,"BenchRec production-derived, obfuscated source side A",803267560699,008869311 14476 ATMA607                                                                         UPCLOSER MONOCOQUE GAB -,ACC#00001,40115.26,CR,2023-01-26,2023-01-27,BenchRec_cash_v1.0_train.csv,115424
008713470,1278742.4500,USD,2023-01-04T00:00:00Z,DEBIT,,"BenchRec production-derived, obfuscated source side A",805887068944,008713470 12660 KAVI127                                                                         SIGHT QUETCH EFI.,ACC#00001,-1278742.45,DR,2023-01-04,2023-01-05,BenchRec_cash_v1.0_train.csv,95216
008724369,54230231.3100,USD,2023-01-14T00:00:00Z,CREDIT,,"BenchRec production-derived, obfuscated source side A",80652258801,008724369 10007 AUG0762                                                                         ALL OVENFUL TYPY AS LYMPH,ACC#00001,54230231.31,CR,2023-01-14,2023-01-15,BenchRec_cash_v1.0_train.csv,105506
42495936,6466774.4800,USD,2023-01-22T00:00:00Z,CREDIT,,"BenchRec production-derived, obfuscated source side A",807428139455,42495936 V42495936                                                                       JO TONITE SAUNT 664952723,ACC#00001,6466774.48,CR,2023-01-22,2023-01-23,BenchRec_cash_v1.0_train.csv,112872
15398799,20666.4400,USD,2023-02-22T00:00:00Z,CREDIT,,"BenchRec production-derived, obfuscated source side A",809060483374,15398799 V15398799                                                                       SLATTERN EU     706670310,ACC#00001,20666.44,CR,2023-02-22,2023-02-23,BenchRec_cash_v1.0_train.csv,138980
35008566,1300000.0000,USD,2023-02-11T00:00:00Z,CREDIT,,"BenchRec production-derived, obfuscated source side A",810398969511,35008566 V35008566                                                                       FWD AI          661038718,ACC#00001,1300000.00,CR,2023-02-11,2023-02-12,BenchRec_cash_v1.0_train.csv,129521
008754054,763020.7900,USD,2023-01-11T00:00:00Z,DEBIT,,"BenchRec production-derived, obfuscated source side A",811243670959,008754054 17808 DOYST68                                                                         CHINOL BUT STIVY,ACC#00001,-763020.79,DR,2023-01-11,2023-01-12,BenchRec_cash_v1.0_train.csv,102744
2262826,1918330.0000,USD,2023-02-23T00:00:00Z,CREDIT,,"BenchRec production-derived, obfuscated source side A",811436248277,2262826 V62262826                                                                       JO TONITE SAUNT 664952723,ACC#00001,1918330.00,CR,2023-02-23,2023-02-24,BenchRec_cash_v1.0_train.csv,141161
666071,3100.0000,USD,2023-02-03T00:00:00Z,CREDIT,,"BenchRec production-derived, obfuscated source side A",812296772832,666071 666666667923026,ACC#00001,3100.00,CR,2023-02-03,2023-02-11,BenchRec_cash_v1.0_train.csv,128284
32566RL652,2275607.0200,USD,2023-02-04T00:00:00Z,DEBIT,,"BenchRec production-derived, obfuscated source side A",813549397848,32566RL652 32566RL652                                                                      JO TONITE AGGEST,ACC#00001,-2275607.02,DR,2023-02-04,2023-02-05,BenchRec_cash_v1.0_train.csv,123460
89162656,30763071.0000,USD,2023-02-09T00:00:00Z,CREDIT,,"BenchRec production-derived, obfuscated source side A",814023657530,89162656 V89162656                                                                       WUR AI-WHINNY   669267817,ACC#00001,30763071.00,CR,2023-02-09,2023-02-10,BenchRec_cash_v1.0_train.csv,127432
47618695,6014635.8600,USD,2023-02-05T00:00:00Z,CREDIT,,"BenchRec production-derived, obfuscated source side A",815330852889,47618695 V47618695                                                                       GVKYHE          666610809,ACC#00001,6014635.86,CR,2023-02-05,2023-02-06,BenchRec_cash_v1.0_train.csv,124543
008201237,923973.9200,USD,2023-03-05T00:00:00Z,CREDIT,,"BenchRec production-derived, obfuscated source side A",81561269385,008201237 19262 WASN685                                                                         JO TONITE (GOLACH) NM-SUF,ACC#00001,923973.92,CR,2023-03-05,2023-03-06,BenchRec_cash_v1.0_train.csv,149316
008158330,59428113.8700,USD,2023-01-21T00:00:00Z,DEBIT,,"BenchRec production-derived, obfuscated source side A",817204332786,008158330 41477 EPEE553 L9XU3RY                                                                 UPCLOSER MONOCOQUE GAB -,ACC#00001,-59428113.87,DR,2023-01-21,2023-01-22,BenchRec_cash_v1.0_train.csv,111288
008894265,2544977.7900,USD,2023-02-09T00:00:00Z,DEBIT,,"BenchRec production-derived, obfuscated source side A",818225433155,008894265 41476 PUDGY43 L9NR82J                                                                 APPLICANT BAA CROM WUZZLE,ACC#00001,-2544977.79,DR,2023-02-09,2023-02-10,BenchRec_cash_v1.0_train.csv,127142
008433875,30118.3700,USD,2023-03-01T00:00:00Z,CREDIT,,"BenchRec production-derived, obfuscated source side A",820351596039,008433875 14407 CUCA997                                                                         UPCLOSER MONOCOQUE GAB -,ACC#00001,30118.37,CR,2023-03-01,2023-03-02,BenchRec_cash_v1.0_train.csv,146040
008357413,2716460.0000,USD,2023-02-19T00:00:00Z,CREDIT,,"BenchRec production-derived, obfuscated source side A",820360131057,008357413 67463 KAVI255                                                                         PREOCCUR FUTHERMORE YARAY,ACC#00001,2716460.00,CR,2023-02-19,2023-02-20,BenchRec_cash_v1.0_train.csv,136939
008751689,30391354.7500,USD,2023-01-07T00:00:00Z,CREDIT,,"BenchRec production-derived, obfuscated source side A",820563621452,008751689 17661 AUG0762                                                                         UPCLOSER MONOCOQUE GAB -,ACC#00001,30391354.75,CR,2023-01-07,2023-01-08,BenchRec_cash_v1.0_train.csv,99144
47107836,940340.0000,USD,2023-01-19T00:00:00Z,CREDIT,,"BenchRec production-derived, obfuscated source side A",821034154141,47107836 V47107836                                                                       SHALE           667933724,ACC#00001,940340.00,CR,2023-01-19,2023-01-20,BenchRec_cash_v1.0_train.csv,109433
008755534,1073582.8800,USD,2023-01-13T00:00:00Z,CREDIT,,"BenchRec production-derived, obfuscated source side A",822065500338,008755534 15574 NAPE159                                                                         JACKPLANE AVIARY PANTOPOD,ACC#00001,1073582.88,CR,2023-01-13,2023-01-14,BenchRec_cash_v1.0_train.csv,104927
15604220,489973.4000,USD,2023-01-04T00:00:00Z,CREDIT,,"BenchRec production-derived, obfuscated source side A",822134430619,15604220 V15604220                                                                       VERANDAH AI     103618748,ACC#00001,489973.40,CR,2023-01-04,2023-01-05,BenchRec_cash_v1.0_train.csv,94884
15845773,38987.6600,USD,2023-02-19T00:00:00Z,DEBIT,,"BenchRec production-derived, obfuscated source side A",823262837449,15845773 EGBA7U8259JOQG7U                                                                VERANDAH AI     103618748,ACC#00001,-38987.66,DR,2023-02-19,2023-02-20,BenchRec_cash_v1.0_train.csv,136956
01336186,334533.6900,USD,2023-02-26T00:00:00Z,DEBIT,,"BenchRec production-derived, obfuscated source side A",824973597388,01336186 ALME7U7593JOQG7U                                                                JO TONITE SAUNT 664952723,ACC#00001,-334533.69,DR,2023-02-26,2023-02-27,BenchRec_cash_v1.0_train.csv,144736
43632866,1300000.0000,USD,2023-01-20T00:00:00Z,CREDIT,,"BenchRec production-derived, obfuscated source side A",825970719930,43632866 V43632866                                                                       SHALE           667933724,ACC#00001,1300000.00,CR,2023-01-20,2023-01-21,BenchRec_cash_v1.0_train.csv,110340
008132463,840206.0000,USD,2023-01-21T00:00:00Z,DEBIT,,"BenchRec production-derived, obfuscated source side A",826444887077,008132463 14407 COCT669                                                                         UPCLOSER MONOCOQUE GAB -,ACC#00001,-840206.00,DR,2023-01-21,2023-01-22,BenchRec_cash_v1.0_train.csv,112264
008361401,90535584.0000,USD,2023-02-08T00:00:00Z,CREDIT,,"BenchRec production-derived, obfuscated source side A",829077382591,008361401 12607 OKET802                                                                         UPCLOSER MONOCOQUE GAB -,ACC#00001,90535584.00,CR,2023-02-08,2023-02-09,BenchRec_cash_v1.0_train.csv,125723
008154478,35694.7700,USD,2023-01-22T00:00:00Z,CREDIT,,"BenchRec production-derived, obfuscated source side A",829372389195,008154478 14407 SYNE463                                                                         UPCLOSER MONOCOQUE GAB -,ACC#00001,35694.77,CR,2023-01-22,2023-01-23,BenchRec_cash_v1.0_train.csv,112967
008894739,810707.0000,USD,2023-02-04T00:00:00Z,CREDIT,,"BenchRec production-derived, obfuscated source side A",829730340363,008894739 67888 VELIC90 L9CY97K                                                                 JO TONITE ETHERIFIES GAB,ACC#00001,810707.00,CR,2023-02-04,2023-02-05,BenchRec_cash_v1.0_train.csv,123151
6666666662683496,883000000.0000,USD,2023-01-26T00:00:00Z,DEBIT,,"BenchRec production-derived, obfuscated source side A",831172566251,6666666662683496 JOQOEV HUMP FGDK,ACC#00001,-883000000.00,DR,2023-01-26,2023-01-27,BenchRec_cash_v1.0_train.csv,115388
008756457,4717233.2200,USD,2023-01-08T00:00:00Z,DEBIT,,"BenchRec production-derived, obfuscated source side A",832558995882,008756457 80789 NAPE703                                                                         YMV NONREGULATIVE,ACC#00001,-4717233.22,DR,2023-01-08,2023-01-09,BenchRec_cash_v1.0_train.csv,100539
7084221688,52790428.8700,USD,2023-01-05T00:00:00Z,CREDIT,,"BenchRec production-derived, obfuscated source side A",833550233770,7084221688 7084221688                                                                      OARS PISTRIX -V&F SHY,ACC#00001,52790428.87,CR,2023-01-05,2023-01-06,BenchRec_cash_v1.0_train.csv,96676
008408619,193497.2800,USD,2023-02-24T00:00:00Z,CREDIT,,"BenchRec production-derived, obfuscated source side A",837845793089,008408619 61008 MEGGY15                                                                         MUTUALITY AVIARY DEFENSER,ACC#00001,193497.28,CR,2023-02-24,2023-02-25,BenchRec_cash_v1.0_train.csv,141594
3559576,740080.0000,USD,2023-02-19T00:00:00Z,DEBIT,,"BenchRec production-derived, obfuscated source side A",838070387956,3559576 ALME7U4108JOQG7U                                                                JO TONITE SAUNT 664952723,ACC#00001,-740080.00,DR,2023-02-19,2023-02-20,BenchRec_cash_v1.0_train.csv,136951
008827291,39007665.0000,USD,2023-02-02T00:00:00Z,CREDIT,,"BenchRec production-derived, obfuscated source side A",8380918213,008827291 41477 AUG0762 L9CY3V7                                                                 UPCLOSER MONOCOQUE GAB -,ACC#00001,39007665.00,CR,2023-02-02,2023-02-03,BenchRec_cash_v1.0_train.csv,120722
008888827,2115538.6800,USD,2023-01-29T00:00:00Z,CREDIT,,"BenchRec production-derived, obfuscated source side A",839139717176,008888827 17661 AUG0762                                                                         UPCLOSER MONOCOQUE GAB -,ACC#00001,2115538.68,CR,2023-01-29,2023-01-30,BenchRec_cash_v1.0_train.csv,119238
008732047,1197117.6900,USD,2023-01-05T00:00:00Z,DEBIT,,"BenchRec production-derived, obfuscated source side A",839643925171,008732047 55570 NAPE159                                                                         MANESHEET COTTEREL TYPY Q,ACC#00001,-1197117.69,DR,2023-01-05,2023-01-06,BenchRec_cash_v1.0_train.csv,96771
666766,3626.3400,USD,2023-02-04T00:00:00Z,CREDIT,,"BenchRec production-derived, obfuscated source side A",839732962179,666766 666666667944220,ACC#00001,3626.34,CR,2023-02-04,2023-02-10,BenchRec_cash_v1.0_train.csv,127248
32566J415R,12837.6100,USD,2023-01-13T00:00:00Z,CREDIT,,"BenchRec production-derived, obfuscated source side A",841572802862,32566J415R 32566J415R                                                                      JOQVY - BAS - DG,ACC#00001,12837.61,CR,2023-01-13,2023-01-14,BenchRec_cash_v1.0_train.csv,104588
32566RUG7E,490.3700,USD,2023-02-18T00:00:00Z,DEBIT,,"BenchRec production-derived, obfuscated source side A",84319685397,32566RUG7E 32566RUG7E                                                                      JOQVY - BAS - DG,ACC#00001,-490.37,DR,2023-02-18,2023-02-19,BenchRec_cash_v1.0_train.csv,135585
32566RL11M,64439.7700,USD,2023-02-04T00:00:00Z,CREDIT,,"BenchRec production-derived, obfuscated source side A",844021783550,32566RL11M 32566RL11M                                                                      JOQVY DE-BAS - T,ACC#00001,64439.77,CR,2023-02-04,2023-02-05,BenchRec_cash_v1.0_train.csv,123637
008378305,1089730.0800,USD,2023-02-11T00:00:00Z,CREDIT,,"BenchRec production-derived, obfuscated source side A",845245129057,008378305 10111 NAPE580                                                                         TAPU ETHERIFIES AUANTIC,ACC#00001,1089730.08,CR,2023-02-11,2023-02-12,BenchRec_cash_v1.0_train.csv,130112
008332787,26807746.0000,USD,2023-02-17T00:00:00Z,CREDIT,,"BenchRec production-derived, obfuscated source side A",845374398269,008332787 17661 GULA633                                                                         UPCLOSER MONOCOQUE GAB -,ACC#00001,26807746.00,CR,2023-02-17,2023-02-18,BenchRec_cash_v1.0_train.csv,134595
49887166,116988.6800,USD,2023-01-27T00:00:00Z,DEBIT,,"BenchRec production-derived, obfuscated source side A",846144973328,49887166 ALME7U3224JOQG7U                                                                JO TONITE SAUNT 664952723,ACC#00001,-116988.68,DR,2023-01-27,2023-01-28,BenchRec_cash_v1.0_train.csv,116487
32566J41EP,5438.8200,USD,2023-01-13T00:00:00Z,CREDIT,,"BenchRec production-derived, obfuscated source side A",847735114303,32566J41EP 32566J41EP                                                                      JOQVY - BAS - DG,ACC#00001,5438.82,CR,2023-01-13,2023-01-14,BenchRec_cash_v1.0_train.csv,105227
008797469,28446.5000,USD,2023-01-12T00:00:00Z,DEBIT,,"BenchRec production-derived, obfuscated source side A",849841057855,008797469 14407 COCT455                                                                         UPCLOSER MONOCOQUE GAB -,ACC#00001,-28446.50,DR,2023-01-12,2023-01-13,BenchRec_cash_v1.0_train.csv,103909
32566J9NY0,51368.3000,USD,2023-01-21T00:00:00Z,CREDIT,,"BenchRec production-derived, obfuscated source side A",851442214136,32566J9NY0 32566J9NY0                                                                      JOQVY - ELUVIA -,ACC#00001,51368.30,CR,2023-01-21,2023-01-22,BenchRec_cash_v1.0_train.csv,111416
008734539,611699.1100,USD,2023-01-06T00:00:00Z,DEBIT,,"BenchRec production-derived, obfuscated source side A",851746758796,008734539 13737 ATMA612                                                                         BULT DUFFED BUT MG,ACC#00001,-611699.11,DR,2023-01-06,2023-01-07,BenchRec_cash_v1.0_train.csv,97741
29266REDOG,1195010.0000,USD,2023-02-15T00:00:00Z,CREDIT,,"BenchRec production-derived, obfuscated source side A",852028851987,29266REDOG 29266REDOG                                                                      JOQVY DE-BAS-DP,ACC#00001,1195010.00,CR,2023-02-15,2023-02-16,BenchRec_cash_v1.0_train.csv,131687
008178691,11589.4500,USD,2023-01-15T00:00:00Z,DEBIT,,"BenchRec production-derived, obfuscated source side A",852710593005,008178691 14407 ATMA750                                                                         ENHAT CROM TYPY AS CARENE,ACC#00001,-11589.45,DR,2023-01-15,2023-01-16,BenchRec_cash_v1.0_train.csv,107237
32146316,3233091.6700,USD,2023-01-13T00:00:00Z,DEBIT,,"BenchRec production-derived, obfuscated source side A",853417146027,32146316 ALME7U0823JOQG7U                                                                JO TONITE SAUNT 664952723,ACC#00001,-3233091.67,DR,2023-01-13,2023-01-14,BenchRec_cash_v1.0_train.csv,104876
32566J080G,2180.4300,USD,2023-01-07T00:00:00Z,CREDIT,,"BenchRec production-derived, obfuscated source side A",853648772512,32566J080G 32566J080G                                                                      JOQVY - BAS - DG,ACC#00001,2180.43,CR,2023-01-07,2023-01-08,BenchRec_cash_v1.0_train.csv,98875
008357803,241726.0000,USD,2023-02-19T00:00:00Z,CREDIT,,"BenchRec production-derived, obfuscated source side A",856656065656,008357803 12660 OLDIE56                                                                         UPCLOSER MONOCOQUE GAB -,ACC#00001,241726.00,CR,2023-02-19,2023-02-20,BenchRec_cash_v1.0_train.csv,137237
008774407,389604.2600,USD,2023-01-04T00:00:00Z,DEBIT,,"BenchRec production-derived, obfuscated source side A",857036325971,008774407 67387 NAPE460                                                                         RHODIZITE GEOMETRINE BETA,ACC#00001,-389604.26,DR,2023-01-04,2023-01-05,BenchRec_cash_v1.0_train.csv,95032
008340548,58721000.0000,USD,2023-02-18T00:00:00Z,DEBIT,,"BenchRec production-derived, obfuscated source side A",858625716798,008340548 67613 OKET347                                                                         ASCIDIA GEOMETRINE MOGGIO,ACC#00001,-58721000.00,DR,2023-02-18,2023-02-19,BenchRec_cash_v1.0_train.csv,135395
VIP9126666792340,3154642.9000,USD,2023-01-29T00:00:00Z,DEBIT,,"BenchRec production-derived, obfuscated source side A",85921112894,VIP9126666792340 VIP9126666792340,ACC#00001,-3154642.90,DR,2023-01-29,2023-01-30,BenchRec_cash_v1.0_train.csv,119186
32566BM1Q9,6500.9900,USD,2023-02-26T00:00:00Z,DEBIT,,"BenchRec production-derived, obfuscated source side A",859863607045,32566BM1Q9 32566BM1Q9                                                                      JOQVY - BAS - DG,ACC#00001,-6500.99,DR,2023-02-26,2023-02-27,BenchRec_cash_v1.0_train.csv,144609
15716218,98513.7600,USD,2023-02-23T00:00:00Z,CREDIT,,"BenchRec production-derived, obfuscated source side A",860428978835,15716218 V15716218                                                                       YUO WATERER     156546904,ACC#00001,98513.76,CR,2023-02-23,2023-02-24,BenchRec_cash_v1.0_train.csv,140615
008793963,9346811.5100,USD,2023-01-08T00:00:00Z,DEBIT,,"BenchRec production-derived, obfuscated source side A",860682253534,008793963 67387 NAPE703                                                                         CLINOGRAPH CONSTANCY GAUR,ACC#00001,-9346811.51,DR,2023-01-08,2023-01-09,BenchRec_cash_v1.0_train.csv,100100
008442432,45691.7400,USD,2023-03-01T00:00:00Z,CREDIT,,"BenchRec production-derived, obfuscated source side A",86148718920,008442432 67387 MOZO891                                                                         CHINOL BUT STIVY,ACC#00001,45691.74,CR,2023-03-01,2023-03-02,BenchRec_cash_v1.0_train.csv,145806
008458139,3100000.0000,USD,2023-03-02T00:00:00Z,DEBIT,,"BenchRec production-derived, obfuscated source side A",862479194231,008458139 41476 L9IE0GR                                                                 NONIC WILLI MIZE PAR QUEM,ACC#00001,-3100000.00,DR,2023-03-02,2023-03-03,BenchRec_cash_v1.0_train.csv,147249
29519456,1589100.0000,USD,2023-02-09T00:00:00Z,DEBIT,,"BenchRec production-derived, obfuscated source side A",862605198447,29519456 ALME7U8525JOQG7U                                                                JO TONITE SAUNT 664952723,ACC#00001,-1589100.00,DR,2023-02-09,2023-02-10,BenchRec_cash_v1.0_train.csv,126525
008108238,526861.2400,USD,2023-01-13T00:00:00Z,DEBIT,,"BenchRec production-derived, obfuscated source side A",865374240439,008108238 67423 SHOJI69                                                                         ASCIDIA GEOMETRINE QMQF C,ACC#00001,-526861.24,DR,2023-01-13,2023-01-14,BenchRec_cash_v1.0_train.csv,104707
32566RIUJR,31384.1100,USD,2023-01-28T00:00:00Z,CREDIT,,"BenchRec production-derived, obfuscated source side A",865916942723,32566RIUJR 32566RIUJR                                                                      JOQVY - BAS - DG,ACC#00001,31384.11,CR,2023-01-28,2023-01-29,BenchRec_cash_v1.0_train.csv,118526
008441062,149371.9400,USD,2023-03-04T00:00:00Z,CREDIT,,"BenchRec production-derived, obfuscated source side A",866577632293,008441062 67463 NAPE910                                                                         DISACCORDANCE UNSOLACED S,ACC#00001,149371.94,CR,2023-03-04,2023-03-05,BenchRec_cash_v1.0_train.csv,148671
32566RPA8S,145119.5100,USD,2023-02-23T00:00:00Z,CREDIT,,"BenchRec production-derived, obfuscated source side A",867561728918,32566RPA8S 32566RPA8S                                                                      ESNE - OL OGPU L,ACC#00001,145119.51,CR,2023-02-23,2023-02-24,BenchRec_cash_v1.0_train.csv,140472
667501,121820.2000,USD,2023-02-10T00:00:00Z,CREDIT,,"BenchRec production-derived, obfuscated source side A",868054296027,667501 666666667928170,ACC#00001,121820.20,CR,2023-02-10,2023-02-11,BenchRec_cash_v1.0_train.csv,128310
008458355,11973484.3000,USD,2023-03-04T00:00:00Z,DEBIT,,"BenchRec production-derived, obfuscated source side A",873226825897,008458355 17661 OKET481                                                                         JOQVY ELUVIA DESINENT,ACC#00001,-11973484.30,DR,2023-03-04,2023-03-05,BenchRec_cash_v1.0_train.csv,149214
008199178,496917.8300,USD,2023-01-26T00:00:00Z,DEBIT,,"BenchRec production-derived, obfuscated source side A",873662912000,008199178 14407 KAVI883                                                                         UPCLOSER MONOCOQUE GAB -,ACC#00001,-496917.83,DR,2023-01-26,2023-01-27,BenchRec_cash_v1.0_train.csv,115483
32566J5MJF,42981.0600,USD,2023-01-19T00:00:00Z,DEBIT,,"BenchRec production-derived, obfuscated source side A",873923269706,32566J5MJF 32566J5MJF                                                                      JOQVY - BAS - DG,ACC#00001,-42981.06,DR,2023-01-19,2023-01-20,BenchRec_cash_v1.0_train.csv,108793
008332109,108174.0100,USD,2023-02-15T00:00:00Z,DEBIT,,"BenchRec production-derived, obfuscated source side A",874998901740,008332109 14476 RUMBO27                                                                         UPCLOSER MONOCOQUE GAB -,ACC#00001,-108174.01,DR,2023-02-15,2023-02-16,BenchRec_cash_v1.0_train.csv,131884
008357493,586632.6000,USD,2023-02-19T00:00:00Z,DEBIT,,"BenchRec production-derived, obfuscated source side A",877140019485,008357493 67399 BAIS127                                                                         CHINOL BUT STIVY,ACC#00001,-586632.60,DR,2023-02-19,2023-02-20,BenchRec_cash_v1.0_train.csv,137081
32566J4IP5,1216.6900,USD,2023-01-14T00:00:00Z,CREDIT,,"BenchRec production-derived, obfuscated source side A",877158627385,32566J4IP5 32566J4IP5                                                                      JOQVY DE -ELUVIA,ACC#00001,1216.69,CR,2023-01-14,2023-01-15,BenchRec_cash_v1.0_train.csv,105502
008890024,17583649.0500,USD,2023-02-05T00:00:00Z,CREDIT,,"BenchRec production-derived, obfuscated source side A",879673212231,008890024 17661 NAPE703                                                                         JOQVY ELUVIA DESINENT,ACC#00001,17583649.05,CR,2023-02-05,2023-02-06,BenchRec_cash_v1.0_train.csv,124119
008458405,886600.0000,USD,2023-03-02T00:00:00Z,DEBIT,,"BenchRec production-derived, obfuscated source side A",879695116647,008458405 67888 NAPE580 L9IE0WH                                                                 JO TONITE ETHERIFIES GAB,ACC#00001,-886600.00,DR,2023-03-02,2023-03-03,BenchRec_cash_v1.0_train.csv,147586
008137163,7400000.0000,USD,2023-01-15T00:00:00Z,CREDIT,,"BenchRec production-derived, obfuscated source side A",881595886809,008137163 41476 L9FR57J                                                                 BAHUT ASSUMER FUTHERMORE,ACC#00001,7400000.00,CR,2023-01-15,2023-01-16,BenchRec_cash_v1.0_train.csv,106991
008336246,6008279.1300,USD,2023-02-16T00:00:00Z,CREDIT,,"BenchRec production-derived, obfuscated source side A",885184150145,008336246 17808 FALX051                                                                         HASLETS OXY MG KEF QMQF E,ACC#00001,6008279.13,CR,2023-02-16,2023-02-17,BenchRec_cash_v1.0_train.csv,133303
008465585,1436173.5800,USD,2023-02-23T00:00:00Z,DEBIT,,"BenchRec production-derived, obfuscated source side A",887159198771,008465585 67609 NAPE703                                                                         PALOUR PROMINIMUM BUT EYL,ACC#00001,-1436173.58,DR,2023-02-23,2023-02-24,BenchRec_cash_v1.0_train.csv,140831
008199119,136805.6500,USD,2023-01-22T00:00:00Z,CREDIT,,"BenchRec production-derived, obfuscated source side A",887920596983,008199119 14407 MARCS59                                                                         UPCLOSER MONOCOQUE GAB -,ACC#00001,136805.65,CR,2023-01-22,2023-01-23,BenchRec_cash_v1.0_train.csv,113202
32566J67EH,95453.2800,USD,2023-01-05T00:00:00Z,DEBIT,,"BenchRec production-derived, obfuscated source side A",888000316545,32566J67EH 32566J67EH                                                                      JOQVY - ELUVIA -,ACC#00001,-95453.28,DR,2023-01-05,2023-01-06,BenchRec_cash_v1.0_train.csv,96444
37266ROPRM,128154.1400,USD,2023-02-19T00:00:00Z,CREDIT,,"BenchRec production-derived, obfuscated source side A",888117906074,37266ROPRM 37266ROPRM                                                                      LG HATRED VOWED,ACC#00001,128154.14,CR,2023-02-19,2023-02-20,BenchRec_cash_v1.0_train.csv,137274
6622656G6F6X6E66,3106.1000,USD,2023-01-20T00:00:00Z,DEBIT,,"BenchRec production-derived, obfuscated source side A",890200823579,6622656G6F6X6E66 6D6W656G6M636U64                                                                UPCLOSER QUETCH AUANTIC (,ACC#00001,-3106.10,DR,2023-01-20,2023-01-22,BenchRec_cash_v1.0_train.csv,111990
12576948,7396043.8100,USD,2023-02-12T00:00:00Z,CREDIT,,"BenchRec production-derived, obfuscated source side A",891138639578,12576948 V12576948                                                                       VERANDAH AI     103618748,ACC#00001,7396043.81,CR,2023-02-12,2023-02-13,BenchRec_cash_v1.0_train.csv,130777
008743575,357560.3000,USD,2023-01-07T00:00:00Z,CREDIT,,"BenchRec production-derived, obfuscated source side A",89178020382,008743575 67327 JADE521                                                                         VOLUPT NAPKIN & RESSAUT,ACC#00001,357560.30,CR,2023-01-07,2023-01-08,BenchRec_cash_v1.0_train.csv,99400
008137946,58733222.3000,USD,2023-01-18T00:00:00Z,DEBIT,,"BenchRec production-derived, obfuscated source side A",892570908710,008137946 41477 EPEE553 L9FR53C                                                                 UPCLOSER MONOCOQUE GAB -,ACC#00001,-58733222.30,DR,2023-01-18,2023-01-19,BenchRec_cash_v1.0_train.csv,108516
48307166,1676900.0000,USD,2023-01-21T00:00:00Z,CREDIT,,"BenchRec production-derived, obfuscated source side A",892629737278,48307166 V48307166                                                                       SHALE           667933724,ACC#00001,1676900.00,CR,2023-01-21,2023-01-22,BenchRec_cash_v1.0_train.csv,111181
7084566770,129160209.7000,USD,2023-02-12T00:00:00Z,CREDIT,,"BenchRec production-derived, obfuscated source side A",895528756171,7084566770 7084566770                                                                      OARS PISTRIX -V&F SHY,ACC#00001,129160209.70,CR,2023-02-12,2023-02-13,BenchRec_cash_v1.0_train.csv,130813
49887836,4486389.1900,USD,2023-01-27T00:00:00Z,DEBIT,,"BenchRec production-derived, obfuscated source side A",897928608955,49887836 ALME7U7522JOQG7U                                                                JO TONITE SAUNT 664952723,ACC#00001,-4486389.19,DR,2023-01-27,2023-01-28,BenchRec_cash_v1.0_train.csv,116344
VU6380753,44641.6600,USD,2023-01-06T00:00:00Z,CREDIT,,"BenchRec production-derived, obfuscated source side A",899359021751,VU6380753 41477 JOQVY H.C. ZUCCHINIS TENT,ACC#00001,44641.66,CR,2023-01-06,2023-01-07,BenchRec_cash_v1.0_train.csv,97514
008750036,5365369.9800,USD,2023-01-07T00:00:00Z,CREDIT,,"BenchRec production-derived, obfuscated source side A",900794177478,008750036 80789 NAPE703                                                                         YMV NONREGULATIVE,ACC#00001,5365369.98,CR,2023-01-07,2023-01-08,BenchRec_cash_v1.0_train.csv,99283
008740363,43946733.7000,USD,2023-01-05T00:00:00Z,DEBIT,,"BenchRec production-derived, obfuscated source side A",901030236081,008740363 41477 NAPE090 L9HJ5O0                                                                 UPCLOSER MONOCOQUE GAB -,ACC#00001,-43946733.70,DR,2023-01-05,2023-01-06,BenchRec_cash_v1.0_train.csv,96634
32566RUGKF,215.8200,USD,2023-02-18T00:00:00Z,DEBIT,,"BenchRec production-derived, obfuscated source side A",90221121941,32566RUGKF 32566RUGKF                                                                      JOQVY - BAS - DG,ACC#00001,-215.82,DR,2023-02-18,2023-02-19,BenchRec_cash_v1.0_train.csv,135678
32566BM7D8,36416267.2100,USD,2023-02-26T00:00:00Z,CREDIT,,"BenchRec production-derived, obfuscated source side A",902797641386,32566BM7D8 32566BM7D8                                                                      JOQVY DE -ELUVIA,ACC#00001,36416267.21,CR,2023-02-26,2023-02-27,BenchRec_cash_v1.0_train.csv,144319
VIP9126666799187,13646300.0000,USD,2023-02-04T00:00:00Z,CREDIT,,"BenchRec production-derived, obfuscated source side A",904114454380,VIP9126666799187 VIP9126666799187,ACC#00001,13646300.00,CR,2023-02-04,2023-02-05,BenchRec_cash_v1.0_train.csv,123291
15738587,321414.1800,USD,2023-01-25T00:00:00Z,CREDIT,,"BenchRec production-derived, obfuscated source side A",906772429894,15738587 V15738587                                                                       JINSHANG        700056068,ACC#00001,321414.18,CR,2023-01-25,2023-01-26,BenchRec_cash_v1.0_train.csv,114354
008344184,123000.0000,USD,2023-02-18T00:00:00Z,DEBIT,,"BenchRec production-derived, obfuscated source side A",906866400389,008344184 67005 OKET347                                                                         ROOTIEST ASSUMER PETIOLAR,ACC#00001,-123000.00,DR,2023-02-18,2023-02-19,BenchRec_cash_v1.0_train.csv,135663
32566J90DJ,44805.7000,USD,2023-01-20T00:00:00Z,CREDIT,,"BenchRec production-derived, obfuscated source side A",90755829096,32566J90DJ 32566J90DJ                                                                      JOQVY - BAS - DG,ACC#00001,44805.70,CR,2023-01-20,2023-01-21,BenchRec_cash_v1.0_train.csv,110346
008391321,19036587.6700,USD,2023-02-22T00:00:00Z,CREDIT,,"BenchRec production-derived, obfuscated source side A",907577369220,008391321 67387 OKET131                                                                         1E ASSUMER KEEPINGS EFI,ACC#00001,19036587.67,CR,2023-02-22,2023-02-23,BenchRec_cash_v1.0_train.csv,138595
008401996,32202.5700,USD,2023-02-24T00:00:00Z,DEBIT,,"BenchRec production-derived, obfuscated source side A",908342634770,008401996 14407 NAPE074                                                                         UPCLOSER MONOCOQUE GAB -,ACC#00001,-32202.57,DR,2023-02-24,2023-02-25,BenchRec_cash_v1.0_train.csv,141994
008160429,3433731.2600,USD,2023-01-11T00:00:00Z,DEBIT,,"BenchRec production-derived, obfuscated source side A",908961016668,008160429 41477 NAPE090 L9HH2I3                                                                 UPCLOSER MONOCOQUE GAB -,ACC#00001,-3433731.26,DR,2023-01-11,2023-01-12,BenchRec_cash_v1.0_train.csv,103081
008823717,104650.5900,USD,2023-02-05T00:00:00Z,DEBIT,,"BenchRec production-derived, obfuscated source side A",910426793700,008823717 14407 BOAS695                                                                         UPCLOSER MONOCOQUE GAB -,ACC#00001,-104650.59,DR,2023-02-05,2023-02-06,BenchRec_cash_v1.0_train.csv,124049
008851322,5424289.0600,USD,2023-02-08T00:00:00Z,CREDIT,,"BenchRec production-derived, obfuscated source side A",910712344824,008851322 88856 OKET746                                                                         DIANITE ANIMI VOWED AGHAN,ACC#00001,5424289.06,CR,2023-02-08,2023-02-09,BenchRec_cash_v1.0_train.csv,125178
008833412,7881648.5900,USD,2023-02-02T00:00:00Z,CREDIT,,"BenchRec production-derived, obfuscated source side A",9111159166,008833412 17661 NAPE580                                                                         JOQVY ELUVIA DESINENT,ACC#00001,7881648.59,CR,2023-02-02,2023-02-03,BenchRec_cash_v1.0_train.csv,120198
07166RBDOA,158968.5200,USD,2023-02-26T00:00:00Z,CREDIT,,"BenchRec production-derived, obfuscated source side A",912544578032,07166RBDOA 07166RBDOA                                                                      JOQ COLUMNATED M,ACC#00001,158968.52,CR,2023-02-26,2023-02-27,BenchRec_cash_v1.0_train.csv,144298
008414900,308444.4800,USD,2023-03-01T00:00:00Z,DEBIT,,"BenchRec production-derived, obfuscated source side A",915211306193,008414900 61008 KAVI296                                                                         CHINOL BUT STIVY,ACC#00001,-308444.48,DR,2023-03-01,2023-03-02,BenchRec_cash_v1.0_train.csv,146598
HEY,188410.0000,USD,2023-02-26T00:00:00Z,DEBIT,,"BenchRec production-derived, obfuscated source side A",91526803271,HEY RAMON DISNEY TOBY - TA,ACC#00001,-188410.00,DR,2023-02-26,2023-02-27,BenchRec_cash_v1.0_train.csv,144249
008784812,11057577.8100,USD,2023-01-01T00:00:00Z,DEBIT,,"BenchRec production-derived, obfuscated source side A",915799803136,008784812 10007 NAPE703                                                                         TABID TYPY AS AKAZGA -MOD,ACC#00001,-11057577.81,DR,2023-01-01,2023-01-02,BenchRec_cash_v1.0_train.csv,93945
008304517,1182390.2100,USD,2023-02-09T00:00:00Z,CREDIT,,"BenchRec production-derived, obfuscated source side A",91654043916,008304517 41477 NAPE576 L9HO8DP                                                                 UPCLOSER MONOCOQUE GAB -,ACC#00001,1182390.21,CR,2023-02-09,2023-02-10,BenchRec_cash_v1.0_train.csv,127156
008893677,160000.0000,USD,2023-02-09T00:00:00Z,DEBIT,,"BenchRec production-derived, obfuscated source side A",91749417477,008893677 14726 OKET184                                                                         PETTAH SUBHEADINGS LUPINE,ACC#00001,-160000.00,DR,2023-02-09,2023-02-10,BenchRec_cash_v1.0_train.csv,127519
008376439,16980.5000,USD,2023-02-11T00:00:00Z,DEBIT,,"BenchRec production-derived, obfuscated source side A",917849350232,008376439 14476 CROWL16                                                                         UPCLOSER MONOCOQUE GAB -,ACC#00001,-16980.50,DR,2023-02-11,2023-02-12,BenchRec_cash_v1.0_train.csv,128968
32566RVVB6,146959.8300,USD,2023-01-25T00:00:00Z,DEBIT,,"BenchRec production-derived, obfuscated source side A",918356341840,32566RVVB6 32566RVVB6                                                                      JOQVY - ELUVIA -,ACC#00001,-146959.83,DR,2023-01-25,2023-01-26,BenchRec_cash_v1.0_train.csv,114138
49819906,12699.4100,USD,2023-01-27T00:00:00Z,DEBIT,,"BenchRec production-derived, obfuscated source side A",91953243464,49819906 ALME7U2193JOQG7U                                                                JO TONITE SAUNT 664952723,ACC#00001,-12699.41,DR,2023-01-27,2023-01-28,BenchRec_cash_v1.0_train.csv,117221
666071,556105.0000,USD,2023-01-29T00:00:00Z,DEBIT,,"BenchRec production-derived, obfuscated source side A",920240743972,666071 666666661686187,ACC#00001,-556105.00,DR,2023-01-29,2023-02-19,BenchRec_cash_v1.0_train.csv,136169
35777746,762148.0000,USD,2023-03-01T00:00:00Z,CREDIT,,"BenchRec production-derived, obfuscated source side A",924231092366,35777746 V35777746                                                                       JO TONITE SAUNT 664952723,ACC#00001,762148.00,CR,2023-03-01,2023-03-02,BenchRec_cash_v1.0_train.csv,146396
32566J9H7H,115356.8000,USD,2023-01-21T00:00:00Z,DEBIT,,"BenchRec production-derived, obfuscated source side A",92491486150,32566J9H7H 32566J9H7H                                                                      JOQVY - ELUVIA -,ACC#00001,-115356.80,DR,2023-01-21,2023-01-22,BenchRec_cash_v1.0_train.csv,111313
008369333,459605.6400,USD,2023-02-10T00:00:00Z,DEBIT,,"BenchRec production-derived, obfuscated source side A",929897865049,008369333 67163 CLICH58                                                                         PREOCCUR FUTHERMORE BUT L,ACC#00001,-459605.64,DR,2023-02-10,2023-02-11,BenchRec_cash_v1.0_train.csv,127649
49031676,3920640.0000,USD,2023-01-27T00:00:00Z,DEBIT,,"BenchRec production-derived, obfuscated source side A",930279201682,49031676 ALME7U8471JOQG7U                                                                JO TONITE SAUNT 664952723,ACC#00001,-3920640.00,DR,2023-01-27,2023-01-28,BenchRec_cash_v1.0_train.csv,116387
32566REJP7,684229.3800,USD,2023-02-12T00:00:00Z,DEBIT,,"BenchRec production-derived, obfuscated source side A",930377160561,32566REJP7 32566REJP7                                                                      JOQVY - BAS - DG,ACC#00001,-684229.38,DR,2023-02-12,2023-02-13,BenchRec_cash_v1.0_train.csv,130700
008187890,49132.7000,USD,2023-01-15T00:00:00Z,CREDIT,,"BenchRec production-derived, obfuscated source side A",930537670205,008187890 41477 NAPE159 L9FR46K                                                                 JOQVY H.C. ZUCCHINIS TENT,ACC#00001,49132.70,CR,2023-01-15,2023-01-16,BenchRec_cash_v1.0_train.csv,107312
UVA9126666160415,514588.0000,USD,2023-02-11T00:00:00Z,CREDIT,,"BenchRec production-derived, obfuscated source side A",931206644440,UVA9126666160415 UVA9126666160415,ACC#00001,514588.00,CR,2023-02-11,2023-02-12,BenchRec_cash_v1.0_train.csv,130105
008335985,179323.4300,USD,2023-02-18T00:00:00Z,DEBIT,,"BenchRec production-derived, obfuscated source side A",931394690321,008335985 67613 OKET347                                                                         THEATRICALISATION HURA YN,ACC#00001,-179323.43,DR,2023-02-18,2023-02-19,BenchRec_cash_v1.0_train.csv,135745
32566TDRYU,14756949.0200,USD,2023-01-04T00:00:00Z,CREDIT,,"BenchRec production-derived, obfuscated source side A",932485130512,32566TDRYU 32566TDRYU                                                                      JOQVY - BAS - DG,ACC#00001,14756949.02,CR,2023-01-04,2023-01-05,BenchRec_cash_v1.0_train.csv,95604
008470598,368631.8400,USD,2023-02-25T00:00:00Z,DEBIT,,"BenchRec production-derived, obfuscated source side A",933129311863,008470598 88856 HEDER36                                                                         UPCLOSER MONOCOQUE GAB -,ACC#00001,-368631.84,DR,2023-02-25,2023-02-26,BenchRec_cash_v1.0_train.csv,143766
35656408,730000.0000,USD,2023-02-04T00:00:00Z,CREDIT,,"BenchRec production-derived, obfuscated source side A",934849815746,35656408 V35656408                                                                       JO TONITE SAUNT 664952723,ACC#00001,730000.00,CR,2023-02-04,2023-02-05,BenchRec_cash_v1.0_train.csv,123721
32566RVDY2,59383521.0000,USD,2023-01-27T00:00:00Z,CREDIT,,"BenchRec production-derived, obfuscated source side A",935310051180,32566RVDY2 32566RVDY2                                                                      JOQGO IW-OQGO FL,ACC#00001,59383521.00,CR,2023-01-27,2023-01-28,BenchRec_cash_v1.0_train.csv,116003
32943885,4521870.1200,USD,2023-01-20T00:00:00Z,DEBIT,,"BenchRec production-derived, obfuscated source side A",936287545404,32943885 ALME7U6759JOQG7U                                                                JO TONITE SAUNT 664952723,ACC#00001,-4521870.12,DR,2023-01-20,2023-01-21,BenchRec_cash_v1.0_train.csv,110272
IYO9126666167385,110278058.0000,USD,2023-02-15T00:00:00Z,DEBIT,,"BenchRec production-derived, obfuscated source side A",936332775476,IYO9126666167385 IYO9126666167385,ACC#00001,-110278058.00,DR,2023-02-15,2023-02-16,BenchRec_cash_v1.0_train.csv,131490
008803976,105576.2900,USD,2023-01-28T00:00:00Z,CREDIT,,"BenchRec production-derived, obfuscated source side A",940264090821,008803976 12660 SCOTE38                                                                         ING FOUL LACTARENE NIYAMA,ACC#00001,105576.29,CR,2023-01-28,2023-01-29,BenchRec_cash_v1.0_train.csv,117563
32566BM3Y1,6895.9000,USD,2023-02-26T00:00:00Z,CREDIT,,"BenchRec production-derived, obfuscated source side A",941111795891,32566BM3Y1 32566BM3Y1                                                                      JOQVY - BAS - DG,ACC#00001,6895.90,CR,2023-02-26,2023-02-27,BenchRec_cash_v1.0_train.csv,144858
008685906,3751.4600,USD,2023-01-04T00:00:00Z,CREDIT,,"BenchRec production-derived, obfuscated source side A",942474688134,008685906 67666 BAIS453 L9HX5WK                                                                 VOCALIZABLE WIVES TWO OEV,ACC#00001,3751.46,CR,2023-01-04,2023-01-05,BenchRec_cash_v1.0_train.csv,95279
008794680,25789.2000,USD,2023-01-25T00:00:00Z,CREDIT,,"BenchRec production-derived, obfuscated source side A",943135787729,008794680 67666 BAIS951 L9Y45V1                                                                 PHOBIC CROM OEV,ACC#00001,25789.20,CR,2023-01-25,2023-01-26,BenchRec_cash_v1.0_train.csv,113821
008385403,2030000.0000,USD,2023-02-11T00:00:00Z,DEBIT,,"BenchRec production-derived, obfuscated source side A",943293965412,008385403 41476 L9HP00V                                                                 BAHUT ASSUMER FUTHERMORE,ACC#00001,-2030000.00,DR,2023-02-11,2023-02-12,BenchRec_cash_v1.0_train.csv,129562
32566J3KL1,4635.7500,USD,2023-01-12T00:00:00Z,CREDIT,,"BenchRec production-derived, obfuscated source side A",944243162094,32566J3KL1 32566J3KL1                                                                      JOQVY - ELUVIA -,ACC#00001,4635.75,CR,2023-01-12,2023-01-13,BenchRec_cash_v1.0_train.csv,103311
008826674,7768215.2000,USD,2023-02-03T00:00:00Z,CREDIT,,"BenchRec production-derived, obfuscated source side A",947448008354,008826674 17661 NAPE703                                                                         TAPU ETHERIFIES AUANTIC,ACC#00001,7768215.20,CR,2023-02-03,2023-02-04,BenchRec_cash_v1.0_train.csv,121202
008895320,6358.4100,USD,2023-02-09T00:00:00Z,DEBIT,,"BenchRec production-derived, obfuscated source side A",947720100852,008895320 14407 HUBBA68                                                                         UPCLOSER MONOCOQUE GAB -,ACC#00001,-6358.41,DR,2023-02-09,2023-02-10,BenchRec_cash_v1.0_train.csv,126453
008428266,2860516.7000,USD,2023-03-02T00:00:00Z,CREDIT,,"BenchRec production-derived, obfuscated source side A",950454218787,008428266 15601 EPEE553                                                                         ELUVIA ANNONCE AS GODHOOD,ACC#00001,2860516.70,CR,2023-03-02,2023-03-03,BenchRec_cash_v1.0_train.csv,147005
008863363,39919069.0000,USD,2023-01-25T00:00:00Z,CREDIT,,"BenchRec production-derived, obfuscated source side A",950967207673,008863363 41477 NAPE150 L9XU94D                                                                 UPCLOSER MONOCOQUE GAB -,ACC#00001,39919069.00,CR,2023-01-25,2023-01-26,BenchRec_cash_v1.0_train.csv,113706
32566J5E7G,3750.9200,USD,2023-01-19T00:00:00Z,CREDIT,,"BenchRec production-derived, obfuscated source side A",951643813263,32566J5E7G 32566J5E7G                                                                      JOQVY - BAS - DG,ACC#00001,3750.92,CR,2023-01-19,2023-01-20,BenchRec_cash_v1.0_train.csv,109618
008181601,13152.0000,USD,2023-01-18T00:00:00Z,CREDIT,,"BenchRec production-derived, obfuscated source side A",954099381854,008181601 13737 SYNE060                                                                         BULT DUFFED,ACC#00001,13152.00,CR,2023-01-18,2023-01-19,BenchRec_cash_v1.0_train.csv,108245
008488087,5202183.5500,USD,2023-02-26T00:00:00Z,CREDIT,,"BenchRec production-derived, obfuscated source side A",955341528564,008488087 12660 NAPE913                                                                         WASPS ASSUMER FUTHERMORE,ACC#00001,5202183.55,CR,2023-02-26,2023-02-27,BenchRec_cash_v1.0_train.csv,144850
008340979,5872100.0000,USD,2023-02-18T00:00:00Z,DEBIT,,"BenchRec production-derived, obfuscated source side A",956324075060,008340979 67613 OKET347                                                                         ASCIDIA GEOMETRINE MOGGIO,ACC#00001,-5872100.00,DR,2023-02-18,2023-02-19,BenchRec_cash_v1.0_train.csv,135349
008790596,2094445.9500,USD,2023-01-08T00:00:00Z,DEBIT,,"BenchRec production-derived, obfuscated source side A",956390704387,008790596 67888 NAPE159 L9HH3JT                                                                 JO TONITE ETHERIFIES GAB,ACC#00001,-2094445.95,DR,2023-01-08,2023-01-09,BenchRec_cash_v1.0_train.csv,100628
32566RITUR,71.9200,USD,2023-01-28T00:00:00Z,DEBIT,,"BenchRec production-derived, obfuscated source side A",959471921017,32566RITUR 32566RITUR                                                                      JOQVY DE -ELUVIA,ACC#00001,-71.92,DR,2023-01-28,2023-01-29,BenchRec_cash_v1.0_train.csv,118346
008827367,1588567.3000,USD,2023-02-05T00:00:00Z,DEBIT,,"BenchRec production-derived, obfuscated source side A",959503730520,008827367 12660 KAVI167                                                                         UPCLOSER MONOCOQUE GAB -,ACC#00001,-1588567.30,DR,2023-02-05,2023-02-06,BenchRec_cash_v1.0_train.csv,124566
008818561,40708450.0000,USD,2023-01-27T00:00:00Z,CREDIT,,"BenchRec production-derived, obfuscated source side A",959617414902,008818561 41477 NAPE580 L9HY4I4                                                                 UPCLOSER MONOCOQUE GAB -,ACC#00001,40708450.00,CR,2023-01-27,2023-01-28,BenchRec_cash_v1.0_train.csv,116024
008103449,11042.2200,USD,2023-01-14T00:00:00Z,DEBIT,,"BenchRec production-derived, obfuscated source side A",959853804788,008103449 67387 BRAVI25                                                                         MUTUALITY AVIARY DEFENSER,ACC#00001,-11042.22,DR,2023-01-14,2023-01-15,BenchRec_cash_v1.0_train.csv,106419
008858782,1736585.3600,USD,2023-02-05T00:00:00Z,DEBIT,,"BenchRec production-derived, obfuscated source side A",96081181189,008858782 12660 NAPE245                                                                         UPCLOSER MONOCOQUE GAB -,ACC#00001,-1736585.36,DR,2023-02-05,2023-02-06,BenchRec_cash_v1.0_train.csv,124213
008458462,1913771.7000,USD,2023-03-02T00:00:00Z,DEBIT,,"BenchRec production-derived, obfuscated source side A",960811973177,008458462 67888 CHARE18 L9IE0NO                                                                 JO TONITE ETHERIFIES GAB,ACC#00001,-1913771.70,DR,2023-03-02,2023-03-03,BenchRec_cash_v1.0_train.csv,146698
008180890,1230000.0000,USD,2023-01-14T00:00:00Z,CREDIT,,"BenchRec production-derived, obfuscated source side A",960914959042,008180890 41476 L9FR4SS                                                                 JON ASSUMER CUBICLES EEV,ACC#00001,1230000.00,CR,2023-01-14,2023-01-15,BenchRec_cash_v1.0_train.csv,105608
32566RLQD7,21057.0500,USD,2023-02-05T00:00:00Z,DEBIT,,"BenchRec production-derived, obfuscated source side A",962221361278,32566RLQD7 32566RLQD7                                                                      JOQVY - ELUVIA -,ACC#00001,-21057.05,DR,2023-02-05,2023-02-06,BenchRec_cash_v1.0_train.csv,124327
008469688,36135213.1500,USD,2023-02-22T00:00:00Z,DEBIT,,"BenchRec production-derived, obfuscated source side A",96239846565,008469688 41477 NAPE150 L9WA88X                                                                 UPCLOSER MONOCOQUE GAB -,ACC#00001,-36135213.15,DR,2023-02-22,2023-02-23,BenchRec_cash_v1.0_train.csv,139330
32566J99XC,1233.3600,USD,2023-01-20T00:00:00Z,DEBIT,,"BenchRec production-derived, obfuscated source side A",962710893556,32566J99XC 32566J99XC                                                                      JOQVY DE -ELUVIA,ACC#00001,-1233.36,DR,2023-01-20,2023-01-21,BenchRec_cash_v1.0_train.csv,109806
008191472,24295685.0000,USD,2023-01-21T00:00:00Z,CREDIT,,"BenchRec production-derived, obfuscated source side A",962802658100,008191472 41416 SAUM527 L9XU2TB                                                                 UPCLOSER MONOCOQUE GAB -,ACC#00001,24295685.00,CR,2023-01-21,2023-01-22,BenchRec_cash_v1.0_train.csv,112594
008312743,5203000.0000,USD,2023-02-10T00:00:00Z,DEBIT,,"BenchRec production-derived, obfuscated source side A",962808300837,008312743 41477 REOWN79 L9HO9IR                                                                 UPCLOSER MONOCOQUE GAB -,ACC#00001,-5203000.00,DR,2023-02-10,2023-02-11,BenchRec_cash_v1.0_train.csv,128526
008750919,3987900.0000,USD,2023-01-06T00:00:00Z,DEBIT,,"BenchRec production-derived, obfuscated source side A",963681580206,008750919 41477 MOZO702 L9HH1X9                                                                 UPCLOSER MONOCOQUE GAB -,ACC#00001,-3987900.00,DR,2023-01-06,2023-01-07,BenchRec_cash_v1.0_train.csv,97884
008487249,892667.6700,USD,2023-02-25T00:00:00Z,DEBIT,,"BenchRec production-derived, obfuscated source side A",964282343101,008487249 67888 VELIC90 L9HG7UL                                                                 JO TONITE ETHERIFIES GAB,ACC#00001,-892667.67,DR,2023-02-25,2023-02-26,BenchRec_cash_v1.0_train.csv,143981
UVA9126666790206,147520403.0000,USD,2023-01-12T00:00:00Z,DEBIT,,"BenchRec production-derived, obfuscated source side A",964547017900,UVA9126666790206 UVA9126666790206,ACC#00001,-147520403.00,DR,2023-01-12,2023-01-13,BenchRec_cash_v1.0_train.csv,104032
6666666660133870,45000000.0000,USD,2023-02-25T00:00:00Z,DEBIT,,"BenchRec production-derived, obfuscated source side A",964959011147,6666666660133870 JOQ ANNAT CITE,ACC#00001,-45000000.00,DR,2023-02-25,2023-02-26,BenchRec_cash_v1.0_train.csv,143796
32566RIJ6E,107694.6900,USD,2023-01-28T00:00:00Z,CREDIT,,"BenchRec production-derived, obfuscated source side A",965972415161,32566RIJ6E 32566RIJ6E                                                                      JOQVY - ELUVIA -,ACC#00001,107694.69,CR,2023-01-28,2023-01-29,BenchRec_cash_v1.0_train.csv,118449
008446673,1454394.1000,USD,2023-03-01T00:00:00Z,CREDIT,,"BenchRec production-derived, obfuscated source side A",966007443248,008446673 15574 OKET481                                                                         JACKPLANE AVIARY PANTOPOD,ACC#00001,1454394.10,CR,2023-03-01,2023-03-02,BenchRec_cash_v1.0_train.csv,146043
008144349,1707990.0000,USD,2023-01-25T00:00:00Z,DEBIT,,"BenchRec production-derived, obfuscated source side A",967635346515,008144349 12607 NAPE523                                                                         PREOCCUR CROM KEF LEK (ZH,ACC#00001,-1707990.00,DR,2023-01-25,2023-01-26,BenchRec_cash_v1.0_train.csv,113760
008879702,103775.5300,USD,2023-01-28T00:00:00Z,CREDIT,,"BenchRec production-derived, obfuscated source side A",967714026817,008879702 67463 SKITE23                                                                         HATER GRAVEL KEEPINGS,ACC#00001,103775.53,CR,2023-01-28,2023-01-29,BenchRec_cash_v1.0_train.csv,117501
008878054,39918700.0000,USD,2023-01-26T00:00:00Z,DEBIT,,"BenchRec production-derived, obfuscated source side A",968374052975,008878054 41477 NAPE150 L9HY8AV                                                                 UPCLOSER MONOCOQUE GAB -,ACC#00001,-39918700.00,DR,2023-01-26,2023-01-27,BenchRec_cash_v1.0_train.csv,114813
32566RHGDY,11052962.8300,USD,2023-02-11T00:00:00Z,DEBIT,,"BenchRec production-derived, obfuscated source side A",96862308989,32566RHGDY 32566RHGDY                                                                      JOQVY DE-BAS - T,ACC#00001,-11052962.83,DR,2023-02-11,2023-02-12,BenchRec_cash_v1.0_train.csv,130149
32566RUYBK,5209450.8500,USD,2023-02-17T00:00:00Z,DEBIT,,"BenchRec production-derived, obfuscated source side A",968680744489,32566RUYBK 32566RUYBK                                                                      JOQVY - ELUVIA -,ACC#00001,-5209450.85,DR,2023-02-17,2023-02-18,BenchRec_cash_v1.0_train.csv,134312
IYO9126666166124,122760183.0000,USD,2023-02-08T00:00:00Z,DEBIT,,"BenchRec production-derived, obfuscated source side A",969106083847,IYO9126666166124 IYO9126666166124,ACC#00001,-122760183.00,DR,2023-02-08,2023-02-10,BenchRec_cash_v1.0_train.csv,127586
37266J3L0D,2249.0000,USD,2023-01-13T00:00:00Z,CREDIT,,"BenchRec production-derived, obfuscated source side A",970019801570,37266J3L0D 37266J3L0D                                                                      INKROOT LIKED BY,ACC#00001,2249.00,CR,2023-01-13,2023-01-14,BenchRec_cash_v1.0_train.csv,104453
008871219,530000.0000,USD,2023-01-26T00:00:00Z,DEBIT,,"BenchRec production-derived, obfuscated source side A",971166913217,008871219 41476 L9HY8XA                                                                 JON ASSUMER CUBICLES EEV,ACC#00001,-530000.00,DR,2023-01-26,2023-01-27,BenchRec_cash_v1.0_train.csv,115087
008895125,1823.2600,USD,2023-02-08T00:00:00Z,CREDIT,,"BenchRec production-derived, obfuscated source side A",971602045980,008895125 14407 CRIB135                                                                         UPCLOSER MONOCOQUE GAB -,ACC#00001,1823.26,CR,2023-02-08,2023-02-09,BenchRec_cash_v1.0_train.csv,125941
32900047,919433.2000,USD,2023-01-12T00:00:00Z,DEBIT,,"BenchRec production-derived, obfuscated source side A",972325785662,32900047 ALME7U5667JOQG7U                                                                JO TONITE SAUNT 664952723,ACC#00001,-919433.20,DR,2023-01-12,2023-01-13,BenchRec_cash_v1.0_train.csv,103541
VU6381657,72.0000,USD,2023-01-13T00:00:00Z,CREDIT,,"BenchRec production-derived, obfuscated source side A",974262344444,VU6381657 14407 UPCLOSER MONOCOQUE GAB -,ACC#00001,72.00,CR,2023-01-13,2023-01-14,BenchRec_cash_v1.0_train.csv,104698
008169737,990000.0000,USD,2023-01-12T00:00:00Z,DEBIT,,"BenchRec production-derived, obfuscated source side A",974627422081,008169737 41476 L9HH9SS                                                                 BISERIAL TYPY,ACC#00001,-990000.00,DR,2023-01-12,2023-01-13,BenchRec_cash_v1.0_train.csv,103486
008818242,11839000.0000,USD,2023-01-27T00:00:00Z,CREDIT,,"BenchRec production-derived, obfuscated source side A",975564226478,008818242 41477 PRODD82 L9HY4EW                                                                 UPCLOSER MONOCOQUE GAB -,ACC#00001,11839000.00,CR,2023-01-27,2023-01-28,BenchRec_cash_v1.0_train.csv,116535
32599812,440000.0000,USD,2023-01-07T00:00:00Z,DEBIT,,"BenchRec production-derived, obfuscated source side A",975723272038,32599812 ALME7U1640JOQG7U                                                                JO TONITE SAUNT 664952723,ACC#00001,-440000.00,DR,2023-01-07,2023-01-08,BenchRec_cash_v1.0_train.csv,99215
30452846,3209000.0000,USD,2023-01-05T00:00:00Z,CREDIT,,"BenchRec production-derived, obfuscated source side A",975775689948,30452846 V30452846                                                                       SHALE           667933724,ACC#00001,3209000.00,CR,2023-01-05,2023-01-06,BenchRec_cash_v1.0_train.csv,96726
008834796,1136255.7800,USD,2023-02-02T00:00:00Z,DEBIT,,"BenchRec production-derived, obfuscated source side A",977210399724,008834796 41477 GULA414 L9CY0HY                                                                 JOQVY H.C. ZUCCHINIS TENT,ACC#00001,-1136255.78,DR,2023-02-02,2023-02-03,BenchRec_cash_v1.0_train.csv,119942
008881503,99240.3900,USD,2023-02-23T00:00:00Z,DEBIT,,"BenchRec production-derived, obfuscated source side A",977502364353,008881503 67609 NAPE058                                                                         NIGROUS VOWED AVIARY BETA,ACC#00001,-99240.39,DR,2023-02-23,2023-02-24,BenchRec_cash_v1.0_train.csv,141027
AHT9126666162396,89100.0000,USD,2023-03-04T00:00:00Z,CREDIT,,"BenchRec production-derived, obfuscated source side A",978150239831,AHT9126666162396 AHT9126666162396,ACC#00001,89100.00,CR,2023-03-04,2023-03-05,BenchRec_cash_v1.0_train.csv,147877
37266J1GEJ,5167.4300,USD,2023-01-11T00:00:00Z,CREDIT,,"BenchRec production-derived, obfuscated source side A",978724731571,37266J1GEJ 37266J1GEJ                                                                      TOURNOIS GDUFL C,ACC#00001,5167.43,CR,2023-01-11,2023-01-12,BenchRec_cash_v1.0_train.csv,101894
008181675,110339.8800,USD,2023-01-19T00:00:00Z,CREDIT,,"BenchRec production-derived, obfuscated source side A",979886460158,008181675 13737 SYNE060                                                                         BULT DUFFED BUT MG,ACC#00001,110339.88,CR,2023-01-19,2023-01-20,BenchRec_cash_v1.0_train.csv,108705
44594216,2000000.0000,USD,2023-01-25T00:00:00Z,CREDIT,,"BenchRec production-derived, obfuscated source side A",981974211453,44594216 V44594216                                                                       SHALE           667933724,ACC#00001,2000000.00,CR,2023-01-25,2023-01-26,BenchRec_cash_v1.0_train.csv,114651
008261038,5060300.0000,USD,2023-03-04T00:00:00Z,CREDIT,,"BenchRec production-derived, obfuscated source side A",982149210270,008261038 67888 EPEE553 L9IE3FN                                                                 JO TONITE ETHERIFIES GAB,ACC#00001,5060300.00,CR,2023-03-04,2023-03-05,BenchRec_cash_v1.0_train.csv,148123
7034876,40000.0000,USD,2023-02-10T00:00:00Z,CREDIT,,"BenchRec production-derived, obfuscated source side A",982347380626,7034876 V67034876                                                                       TIDDLER TRIFOLY 668261992,ACC#00001,40000.00,CR,2023-02-10,2023-02-11,BenchRec_cash_v1.0_train.csv,128124
32566RLG80,536590.1400,USD,2023-02-05T00:00:00Z,DEBIT,,"BenchRec production-derived, obfuscated source side A",982379665625,32566RLG80 32566RLG80                                                                      JOQVY - BAS - DG,ACC#00001,-536590.14,DR,2023-02-05,2023-02-06,BenchRec_cash_v1.0_train.csv,124170
32566RHVKU,551412.3200,USD,2023-02-10T00:00:00Z,DEBIT,,"BenchRec production-derived, obfuscated source side A",983505191204,32566RHVKU 32566RHVKU                                                                      JOQVY - BAS - DG,ACC#00001,-551412.32,DR,2023-02-10,2023-02-11,BenchRec_cash_v1.0_train.csv,127710
07166J4HH3,1914940.0000,USD,2023-01-14T00:00:00Z,CREDIT,,"BenchRec production-derived, obfuscated source side A",984044334792,07166J4HH3 07166J4HH3                                                                      JOQVY DE-BAS - L,ACC#00001,1914940.00,CR,2023-01-14,2023-01-15,BenchRec_cash_v1.0_train.csv,106255
6666666666166020,1455431190.0000,USD,2023-02-12T00:00:00Z,CREDIT,,"BenchRec production-derived, obfuscated source side A",9878357141,6666666666166020 P661660207173303                                                                JEE - DESINENT,ACC#00001,1455431190.00,CR,2023-02-12,2023-02-13,BenchRec_cash_v1.0_train.csv,130774
008154404,35709.1500,USD,2023-01-25T00:00:00Z,DEBIT,,"BenchRec production-derived, obfuscated source side A",988129339755,008154404 14407 SYNE463                                                                         BEDOWN AMAINE CRYOCHORIC,ACC#00001,-35709.15,DR,2023-01-25,2023-01-26,BenchRec_cash_v1.0_train.csv,113748
008878523,4382330.0000,USD,2023-01-26T00:00:00Z,CREDIT,,"BenchRec production-derived, obfuscated source side A",988321770558,008878523 67888 POSSE29 L9HY8U9                                                                 JO TONITE ETHERIFIES GAB,ACC#00001,4382330.00,CR,2023-01-26,2023-01-27,BenchRec_cash_v1.0_train.csv,114829
008772662,119834.0900,USD,2023-01-01T00:00:00Z,DEBIT,,"BenchRec production-derived, obfuscated source side A",988367359012,008772662 13737 COCT971                                                                         CHINOL BUT STIVY,ACC#00001,-119834.09,DR,2023-01-01,2023-01-02,BenchRec_cash_v1.0_train.csv,93838
008101601,657020.6600,USD,2023-01-18T00:00:00Z,CREDIT,,"BenchRec production-derived, obfuscated source side A",989021341942,008101601 67674 VINYL26                                                                         JO TONITE ETHERIFIES GAB,ACC#00001,657020.66,CR,2023-01-18,2023-01-19,BenchRec_cash_v1.0_train.csv,107991
008419583,11746124.6200,USD,2023-02-25T00:00:00Z,CREDIT,,"BenchRec production-derived, obfuscated source side A",989245250146,008419583 17661 OKET746                                                                         UPCLOSER MONOCOQUE GAB -,ACC#00001,11746124.62,CR,2023-02-25,2023-02-26,BenchRec_cash_v1.0_train.csv,143811
008372088,19178825.1100,USD,2023-02-10T00:00:00Z,DEBIT,,"BenchRec production-derived, obfuscated source side A",989871210846,008372088 41477 NAPE576 L9HO49G                                                                 UPCLOSER MONOCOQUE GAB -,ACC#00001,-19178825.11,DR,2023-02-10,2023-02-11,BenchRec_cash_v1.0_train.csv,128659
008335822,1058888.4700,USD,2023-02-15T00:00:00Z,DEBIT,,"BenchRec production-derived, obfuscated source side A",99057422694,008335822 14476 NAPE580                                                                         AMAINE QL SKYRIN X'GRIVET,ACC#00001,-1058888.47,DR,2023-02-15,2023-02-16,BenchRec_cash_v1.0_train.csv,132433
HEY,845010.8800,USD,2023-01-14T00:00:00Z,CREDIT,,"BenchRec production-derived, obfuscated source side A",991120305426,HEY RAMON DISNEY JOQ ELUVIA KR - TA,ACC#00001,845010.88,CR,2023-01-14,2023-01-15,BenchRec_cash_v1.0_train.csv,106689
32566RBI4G,1229.0900,USD,2023-02-25T00:00:00Z,DEBIT,,"BenchRec production-derived, obfuscated source side A",992269334018,32566RBI4G 32566RBI4G                                                                      JOQVY - BAS - DG,ACC#00001,-1229.09,DR,2023-02-25,2023-02-26,BenchRec_cash_v1.0_train.csv,143339
32566RJ24M,43784.0400,USD,2023-02-08T00:00:00Z,DEBIT,,"BenchRec production-derived, obfuscated source side A",992873265923,32566RJ24M 32566RJ24M                                                                      JOQVY - ELUVIA -,ACC#00001,-43784.04,DR,2023-02-08,2023-02-09,BenchRec_cash_v1.0_train.csv,125757
49035696,2055600.0000,USD,2023-01-27T00:00:00Z,CREDIT,,"BenchRec production-derived, obfuscated source side A",993412249172,49035696 V49035696                                                                       SHALE           667933724,ACC#00001,2055600.00,CR,2023-01-27,2023-01-28,BenchRec_cash_v1.0_train.csv,116227
008381434,34170684.2600,USD,2023-02-11T00:00:00Z,DEBIT,,"BenchRec production-derived, obfuscated source side A",994486805996,008381434 88856 NAPE509                                                                         SLATTERN AVIARY ENNOBLERS,ACC#00001,-34170684.26,DR,2023-02-11,2023-02-12,BenchRec_cash_v1.0_train.csv,129575
008743428,162140.8700,USD,2023-01-07T00:00:00Z,CREDIT,,"BenchRec production-derived, obfuscated source side A",994507837941,008743428 67327 JADE521                                                                         VOLUPT NAPKIN & RESSAUT,ACC#00001,162140.87,CR,2023-01-07,2023-01-08,BenchRec_cash_v1.0_train.csv,99293
35779586,150000.0000,USD,2023-03-02T00:00:00Z,CREDIT,,"BenchRec production-derived, obfuscated source side A",995009231031,35779586 V35779586                                                                       JO TONITE SAUNT 664952723,ACC#00001,150000.00,CR,2023-03-02,2023-03-03,BenchRec_cash_v1.0_train.csv,147301
008839854,81646.3500,USD,2023-02-04T00:00:00Z,DEBIT,,"BenchRec production-derived, obfuscated source side A",99531445412,008839854 14407 CHARE55                                                                         UPCLOSER MONOCOQUE GAB -,ACC#00001,-81646.35,DR,2023-02-04,2023-02-05,BenchRec_cash_v1.0_train.csv,123660
008107084,549734.2200,USD,2023-01-12T00:00:00Z,DEBIT,,"BenchRec production-derived, obfuscated source side A",995736804644,008107084 67609 CHARY43                                                                         RHODIZITE GEOMETRINE BETA,ACC#00001,-549734.22,DR,2023-01-12,2023-01-13,BenchRec_cash_v1.0_train.csv,103261
008487571,1056815.5000,USD,2023-03-04T00:00:00Z,CREDIT,,"BenchRec production-derived, obfuscated source side A",99592377585,008487571 41477 OKET487 L9HG7UR                                                                 UPCLOSER MONOCOQUE GAB -,ACC#00001,1056815.50,CR,2023-03-04,2023-03-05,BenchRec_cash_v1.0_train.csv,148214
32944932,3600000.0000,USD,2023-01-18T00:00:00Z,CREDIT,,"BenchRec production-derived, obfuscated source side A",996545400692,32944932 V32944932                                                                       JO TONITE SAUNT 664952723,ACC#00001,3600000.00,CR,2023-01-18,2023-01-19,BenchRec_cash_v1.0_train.csv,108089
32566RUG8R,11.9200,USD,2023-02-18T00:00:00Z,DEBIT,,"BenchRec production-derived, obfuscated source side A",996964026235,32566RUG8R 32566RUG8R                                                                      JOQVY - BAS - DG,ACC#00001,-11.92,DR,2023-02-18,2023-02-19,BenchRec_cash_v1.0_train.csv,136395
008322281,16700000.0000,USD,2023-02-16T00:00:00Z,CREDIT,,"BenchRec production-derived, obfuscated source side A",997730754154,008322281 41477 DODOS23 L9HP5C0                                                                 UPCLOSER MONOCOQUE GAB -,ACC#00001,16700000.00,CR,2023-02-16,2023-02-17,BenchRec_cash_v1.0_train.csv,133432
008895829,2591.7200,USD,2023-02-08T00:00:00Z,CREDIT,,"BenchRec production-derived, obfuscated source side A",999419064132,008895829 14407 DODOS91                                                                         UPCLOSER MONOCOQUE GAB -,ACC#00001,2591.72,CR,2023-02-08,2023-02-09,BenchRec_cash_v1.0_train.csv,126289
008335811,2235043.1000,USD,2023-02-15T00:00:00Z,CREDIT,,"BenchRec production-derived, obfuscated source side A",999999971244,008335811 19262 KAVI532                                                                         UPCLOSER MONOCOQUE GAB -,ACC#00001,2235043.10,CR,2023-02-15,2023-02-16,BenchRec_cash_v1.0_train.csv,132018
