reference,amount,currency,timestamp,direction,counterparty,description,source_id,source_reference,source_account,source_signed_amount,source_debit_or_credit,source_value_date,source_import_date,source_member,source_line
VOLERY,5554638.8300,USD,2023-01-25T00:00:00Z,DEBIT,,"BenchRec production-derived, obfuscated source side B",100558278655,VOLERY 3176170666FP,ACC#00001,-5554638.83,CR,2023-01-25,2023-01-26,BenchRec_cash_v1.0_train.csv,114137
32566J639X,31571000.0000,USD,2023-01-06T00:00:00Z,CREDIT,,"BenchRec production-derived, obfuscated source side B",100597601719,32566J639X 3385766739VI,ACC#00001,31571000.00,DR,2023-01-06,2023-01-07,BenchRec_cash_v1.0_train.csv,98076
VOLERY,2030000.0000,USD,2023-02-11T00:00:00Z,DEBIT,,"BenchRec production-derived, obfuscated source side B",10325988245,VOLERY 1210866793CQ,ACC#00001,-2030000.00,CR,2023-02-11,2023-02-12,BenchRec_cash_v1.0_train.csv,129319
AHT9126666791090,718091.0000,USD,2023-01-18T00:00:00Z,DEBIT,,"BenchRec production-derived, obfuscated source side B",10390990045,AHT9126666791090 8910766720XD,ACC#00001,-718091.00,CR,2023-01-18,2023-01-19,BenchRec_cash_v1.0_train.csv,108085
322756AL61373193,8474.7400,USD,2023-01-21T00:00:00Z,DEBIT,,"BenchRec production-derived, obfuscated source side B",105608318683,322756AL61373193 0292666728VI,ACC#00001,-8474.74,CR,2023-01-21,2023-01-22,BenchRec_cash_v1.0_train.csv,111663
V767477860041391,3000000.0000,USD,2023-03-05T00:00:00Z,DEBIT,,"BenchRec production-derived, obfuscated source side B",107351146645,V767477860041391 7151066102VI,ACC#00001,-3000000.00,CR,2023-03-05,2023-03-07,BenchRec_cash_v1.0_train.csv,149438
VOLERY,209835.1500,USD,2023-01-08T00:00:00Z,CREDIT,,"BenchRec production-derived, obfuscated source side B",109147010598,VOLERY 3763253666FP,ACC#00001,209835.15,DR,2023-01-08,2023-01-09,BenchRec_cash_v1.0_train.csv,100825
VOLERY,50886.9600,USD,2023-01-08T00:00:00Z,CREDIT,,"BenchRec production-derived, obfuscated source side B",109387861155,VOLERY 3763272666FP,ACC#00001,50886.96,DR,2023-01-08,2023-01-09,BenchRec_cash_v1.0_train.csv,100095
322746AL68189337,96599.3300,USD,2023-01-21T00:00:00Z,DEBIT,,"BenchRec production-derived, obfuscated source side B",111147344526,322746AL68189337 7738966728VI,ACC#00001,-96599.33,CR,2023-01-21,2023-01-22,BenchRec_cash_v1.0_train.csv,112137
VOLERY,345249.1700,USD,2023-02-17T00:00:00Z,DEBIT,,"BenchRec production-derived, obfuscated source side B",11240373261,VOLERY 3890367666FP,ACC#00001,-345249.17,CR,2023-02-17,2023-02-18,BenchRec_cash_v1.0_train.csv,134304
32566J662I,36508.8700,USD,2023-01-05T00:00:00Z,CREDIT,,"BenchRec production-derived, obfuscated source side B",113055242675,32566J662I 0545266735VI,ACC#00001,36508.87,DR,2023-01-05,2023-01-06,BenchRec_cash_v1.0_train.csv,96594
VOLERY,11839000.0000,USD,2023-01-27T00:00:00Z,CREDIT,,"BenchRec production-derived, obfuscated source side B",116279704635,VOLERY 3186974666FP,ACC#00001,11839000.00,DR,2023-01-27,2023-01-28,BenchRec_cash_v1.0_train.csv,115707
32566KA7D3,244.0000,USD,2023-01-25T00:00:00Z,CREDIT,,"BenchRec production-derived, obfuscated source side B",116959404205,32566KA7D3 9458766725VI,ACC#00001,244.00,DR,2023-01-25,2023-01-26,BenchRec_cash_v1.0_train.csv,114462
VOLERY,161140.0000,USD,2023-01-06T00:00:00Z,CREDIT,,"BenchRec production-derived, obfuscated source side B",117381924916,VOLERY 3054272666FP,ACC#00001,161140.00,DR,2023-01-06,2023-01-07,BenchRec_cash_v1.0_train.csv,97639
VOLERY,884461.5000,USD,2023-02-09T00:00:00Z,CREDIT,,"BenchRec production-derived, obfuscated source side B",117999326833,VOLERY 3810296666FP,ACC#00001,884461.50,DR,2023-02-09,2023-02-10,BenchRec_cash_v1.0_train.csv,126646
V274828560175469,5000000.0000,USD,2023-02-02T00:00:00Z,CREDIT,,"BenchRec production-derived, obfuscated source side B",118075918936,V274828560175469 9952766754VI,ACC#00001,5000000.00,DR,2023-02-02,2023-02-03,BenchRec_cash_v1.0_train.csv,121038
32566RQF4R,1293403.9300,USD,2023-02-16T00:00:00Z,CREDIT,,"BenchRec production-derived, obfuscated source side B",118194960406,32566RQF4R 7702366166VI,ACC#00001,1293403.93,DR,2023-02-16,2023-02-17,BenchRec_cash_v1.0_train.csv,133289
VOLERY,840206.0000,USD,2023-01-21T00:00:00Z,DEBIT,,"BenchRec production-derived, obfuscated source side B",120645502816,VOLERY 3160078666FP,ACC#00001,-840206.00,CR,2023-01-21,2023-01-22,BenchRec_cash_v1.0_train.csv,111992
VOLERY,9614.8300,USD,2023-02-10T00:00:00Z,CREDIT,,"BenchRec production-derived, obfuscated source side B",121199312515,VOLERY 3886101666FP,ACC#00001,9614.83,DR,2023-02-10,2023-02-11,BenchRec_cash_v1.0_train.csv,127900
322756AL61364365,446066.7800,USD,2023-01-13T00:00:00Z,DEBIT,,"BenchRec production-derived, obfuscated source side B",12244696256,322756AL61364365 3078166743VI,ACC#00001,-446066.78,CR,2023-01-13,2023-01-14,BenchRec_cash_v1.0_train.csv,104661
VOLERY,5508250.0000,USD,2023-03-04T00:00:00Z,DEBIT,,"BenchRec production-derived, obfuscated source side B",12262783,VOLERY 3355967666FP,ACC#00001,-5508250.00,CR,2023-03-04,2023-03-05,BenchRec_cash_v1.0_train.csv,148105
RM126815-767-660,50000.0000,USD,2023-01-25T00:00:00Z,CREDIT,,"BenchRec production-derived, obfuscated source side B",12270991131,RM126815-767-660 9248966725VI,ACC#00001,50000.00,DR,2023-01-25,2023-01-26,BenchRec_cash_v1.0_train.csv,114264
VOLERY,108174.0100,USD,2023-02-15T00:00:00Z,DEBIT,,"BenchRec production-derived, obfuscated source side B",123394667614,VOLERY 3820547666FP,ACC#00001,-108174.01,CR,2023-02-15,2023-02-16,BenchRec_cash_v1.0_train.csv,132310
322746AL68189907,438.1700,USD,2023-01-20T00:00:00Z,DEBIT,,"BenchRec production-derived, obfuscated source side B",124207488008,322746AL68189907 5027366721VI,ACC#00001,-438.17,CR,2023-01-20,2023-01-21,BenchRec_cash_v1.0_train.csv,110056
VOLERY,382970.0400,USD,2023-01-12T00:00:00Z,DEBIT,,"BenchRec production-derived, obfuscated source side B",12634848849,VOLERY 3772360666FP,ACC#00001,-382970.04,CR,2023-01-12,2023-01-13,BenchRec_cash_v1.0_train.csv,103524
32566BM3Y1,6895.9000,USD,2023-02-26T00:00:00Z,CREDIT,,"BenchRec production-derived, obfuscated source side B",126381331755,32566BM3Y1 8405766106VI,ACC#00001,6895.90,DR,2023-02-26,2023-02-27,BenchRec_cash_v1.0_train.csv,144599
VOLERY,1314675.8500,USD,2023-02-11T00:00:00Z,CREDIT,,"BenchRec production-derived, obfuscated source side B",128377638556,VOLERY 3836132666FP,ACC#00001,1314675.85,DR,2023-02-11,2023-02-12,BenchRec_cash_v1.0_train.csv,128999
32566J4JBU,24060.0000,USD,2023-01-14T00:00:00Z,CREDIT,,"BenchRec production-derived, obfuscated source side B",129538541633,32566J4JBU 5512066744VI,ACC#00001,24060.00,DR,2023-01-14,2023-01-15,BenchRec_cash_v1.0_train.csv,106530
VOLERY,1633911.1100,USD,2023-03-01T00:00:00Z,DEBIT,,"BenchRec production-derived, obfuscated source side B",130524027586,VOLERY 8603366101MT,ACC#00001,-1633911.11,CR,2023-03-01,2023-03-02,BenchRec_cash_v1.0_train.csv,146212
V357666496811695,1600000.0000,USD,2023-02-24T00:00:00Z,CREDIT,,"BenchRec production-derived, obfuscated source side B",130737242483,V357666496811695 4638466165VI,ACC#00001,1600000.00,DR,2023-02-24,2023-02-25,BenchRec_cash_v1.0_train.csv,141825
VOLERY,35154802.2400,USD,2023-01-12T00:00:00Z,DEBIT,,"BenchRec production-derived, obfuscated source side B",130783933849,VOLERY 3774803666FP,ACC#00001,-35154802.24,CR,2023-01-12,2023-01-13,BenchRec_cash_v1.0_train.csv,103948
6622656G6F6X6V6R,3106.1000,USD,2023-01-21T00:00:00Z,DEBIT,,"BenchRec production-derived, obfuscated source side B",131696265317,6622656G6F6X6V6R 1082566728VI,ACC#00001,-3106.10,CR,2023-01-21,2023-01-22,BenchRec_cash_v1.0_train.csv,111587
VOLERY,2177730.0000,USD,2023-01-06T00:00:00Z,DEBIT,,"BenchRec production-derived, obfuscated source side B",133223204313,VOLERY 3053222666FP,ACC#00001,-2177730.00,CR,2023-01-06,2023-01-07,BenchRec_cash_v1.0_train.csv,98215
VOLERY,271670.8000,USD,2023-01-01T00:00:00Z,CREDIT,,"BenchRec production-derived, obfuscated source side B",133466751864,VOLERY 3031479666FP,ACC#00001,271670.80,DR,2023-01-01,2023-01-02,BenchRec_cash_v1.0_train.csv,93785
VOLERY,2094445.9500,USD,2023-01-08T00:00:00Z,DEBIT,,"BenchRec production-derived, obfuscated source side B",13362946404,VOLERY 3764014666FP,ACC#00001,-2094445.95,CR,2023-01-08,2023-01-09,BenchRec_cash_v1.0_train.csv,100793
VOLERY,21049887.7600,USD,2023-02-15T00:00:00Z,DEBIT,,"BenchRec production-derived, obfuscated source side B",13390996074,VOLERY 3820167666FP,ACC#00001,-21049887.76,CR,2023-02-15,2023-02-16,BenchRec_cash_v1.0_train.csv,132216
32566J6ROI,74356.6400,USD,2023-01-07T00:00:00Z,CREDIT,,"BenchRec production-derived, obfuscated source side B",136534215322,32566J6ROI 2185366739VI,ACC#00001,74356.64,DR,2023-01-07,2023-01-08,BenchRec_cash_v1.0_train.csv,98674
32566RILIB,1587.5000,USD,2023-01-28T00:00:00Z,CREDIT,,"BenchRec production-derived, obfuscated source side B",136925782245,32566RILIB 5492266756VI,ACC#00001,1587.50,DR,2023-01-28,2023-01-29,BenchRec_cash_v1.0_train.csv,118532
32566RIJ6E,107694.6900,USD,2023-01-28T00:00:00Z,CREDIT,,"BenchRec production-derived, obfuscated source side B",137594309516,32566RIJ6E 5494066756VI,ACC#00001,107694.69,DR,2023-01-28,2023-01-29,BenchRec_cash_v1.0_train.csv,117612
VOLERY,108722.6900,USD,2023-02-25T00:00:00Z,DEBIT,,"BenchRec production-derived, obfuscated source side B",141982798199,VOLERY 3337030666FP,ACC#00001,-108722.69,CR,2023-02-25,2023-02-26,BenchRec_cash_v1.0_train.csv,142846
VOLERY,5316730.7000,USD,2023-01-12T00:00:00Z,CREDIT,,"BenchRec production-derived, obfuscated source side B",144110487114,VOLERY 3773925666FP,ACC#00001,5316730.70,DR,2023-01-12,2023-01-13,BenchRec_cash_v1.0_train.csv,103699
VOLERY,24295685.0000,USD,2023-01-21T00:00:00Z,CREDIT,,"BenchRec production-derived, obfuscated source side B",144625638246,VOLERY 3166440666FP,ACC#00001,24295685.00,DR,2023-01-21,2023-01-22,BenchRec_cash_v1.0_train.csv,111581
32566RY5Q2,89295961.1200,USD,2023-01-22T00:00:00Z,CREDIT,,"BenchRec production-derived, obfuscated source side B",145866502406,32566RY5Q2 3697166723VI,ACC#00001,89295961.12,DR,2023-01-22,2023-01-23,BenchRec_cash_v1.0_train.csv,112705
32566RVNDD,63377507.1400,USD,2023-01-27T00:00:00Z,CREDIT,,"BenchRec production-derived, obfuscated source side B",148292735251,32566RVNDD 4281266756VI,ACC#00001,63377507.14,DR,2023-01-27,2023-01-28,BenchRec_cash_v1.0_train.csv,115967
VOLERY,4570964.5200,USD,2023-02-04T00:00:00Z,DEBIT,,"BenchRec production-derived, obfuscated source side B",150814382961,VOLERY 3860511666FP,ACC#00001,-4570964.52,CR,2023-02-04,2023-02-05,BenchRec_cash_v1.0_train.csv,123332
37266J85SR,718.7000,USD,2023-01-11T00:00:00Z,CREDIT,,"BenchRec production-derived, obfuscated source side B",151793249664,37266J85SR 5774066741VI,ACC#00001,718.70,DR,2023-01-11,2023-01-12,BenchRec_cash_v1.0_train.csv,101846
SEMIRIDDLE1HAN69,145044000.0000,USD,2023-01-27T00:00:00Z,CREDIT,,"BenchRec production-derived, obfuscated source side B",15183690366,SEMIRIDDLE1HAN69 3198766757VI,ACC#00001,145044000.00,DR,2023-01-27,2023-01-30,BenchRec_cash_v1.0_train.csv,118940
VOLERY,3274833.7700,USD,2023-01-21T00:00:00Z,CREDIT,,"BenchRec production-derived, obfuscated source side B",152191599394,VOLERY 3799088666FP,ACC#00001,3274833.77,DR,2023-01-21,2023-01-22,BenchRec_cash_v1.0_train.csv,112235
V622628266117045,1918330.0000,USD,2023-02-23T00:00:00Z,CREDIT,,"BenchRec production-derived, obfuscated source side B",152854937972,V622628266117045 7087266162VI,ACC#00001,1918330.00,DR,2023-02-23,2023-02-24,BenchRec_cash_v1.0_train.csv,140361
VOLERY,819000.0000,USD,2023-03-05T00:00:00Z,DEBIT,,"BenchRec production-derived, obfuscated source side B",153103055051,VOLERY 1190166102VI,ACC#00001,-819000.00,CR,2023-03-05,2023-03-07,BenchRec_cash_v1.0_train.csv,149433
VOLERY,7892.6000,USD,2023-01-12T00:00:00Z,DEBIT,,"BenchRec production-derived, obfuscated source side B",153209327904,VOLERY 3774938666FP,ACC#00001,-7892.60,CR,2023-01-12,2023-01-13,BenchRec_cash_v1.0_train.csv,104030
595756VU61318232,60065951.0000,USD,2023-01-21T00:00:00Z,DEBIT,,"BenchRec production-derived, obfuscated source side B",155745244952,595756VU61318232 0255466728VI,ACC#00001,-60065951.00,CR,2023-01-21,2023-01-22,BenchRec_cash_v1.0_train.csv,111492
VOLERY,295404.9100,USD,2023-03-04T00:00:00Z,CREDIT,,"BenchRec production-derived, obfuscated source side B",15714580665,VOLERY 3355888666FP,ACC#00001,295404.91,DR,2023-03-04,2023-03-05,BenchRec_cash_v1.0_train.csv,148653
TORTRICIDAE.,729740.0000,USD,2023-02-16T00:00:00Z,DEBIT,,"BenchRec production-derived, obfuscated source side B",157406403366,TORTRICIDAE. 1952766166XD,ACC#00001,-729740.00,CR,2023-02-16,2023-02-17,BenchRec_cash_v1.0_train.csv,133237
VOLERY,1883384.1500,USD,2023-01-28T00:00:00Z,DEBIT,,"BenchRec production-derived, obfuscated source side B",15754534341,VOLERY 3130866666FP,ACC#00001,-1883384.15,CR,2023-01-28,2023-01-29,BenchRec_cash_v1.0_train.csv,118095
V294533560489515,2116043.6200,USD,2023-02-09T00:00:00Z,DEBIT,,"BenchRec production-derived, obfuscated source side B",158627338483,V294533560489515 0148266791VI,ACC#00001,-2116043.62,CR,2023-02-09,2023-02-10,BenchRec_cash_v1.0_train.csv,127464
VOLERY,4382330.0000,USD,2023-01-26T00:00:00Z,CREDIT,,"BenchRec production-derived, obfuscated source side B",159099899585,VOLERY 3116945666FP,ACC#00001,4382330.00,DR,2023-01-26,2023-01-27,BenchRec_cash_v1.0_train.csv,114848
VOLERY,11765100.0000,USD,2023-01-21T00:00:00Z,DEBIT,,"BenchRec production-derived, obfuscated source side B",160122746424,VOLERY 3799587666FP,ACC#00001,-11765100.00,CR,2023-01-21,2023-01-22,BenchRec_cash_v1.0_train.csv,112448
VOLERY,27879.8500,USD,2023-02-09T00:00:00Z,DEBIT,,"BenchRec production-derived, obfuscated source side B",16282991648,VOLERY 3817703666FP,ACC#00001,-27879.85,CR,2023-02-09,2023-02-10,BenchRec_cash_v1.0_train.csv,127306
V390774467817854,2406550.0000,USD,2023-01-14T00:00:00Z,CREDIT,,"BenchRec production-derived, obfuscated source side B",162871851490,V390774467817854 6696166742VI,ACC#00001,2406550.00,DR,2023-01-14,2023-01-15,BenchRec_cash_v1.0_train.csv,105688
VOLERY,5425609.9100,USD,2023-02-04T00:00:00Z,DEBIT,,"BenchRec production-derived, obfuscated source side B",163007927222,VOLERY 3199937666FP,ACC#00001,-5425609.91,CR,2023-02-04,2023-02-05,BenchRec_cash_v1.0_train.csv,123021
VOLERY,856000000.0000,USD,2023-02-08T00:00:00Z,DEBIT,,"BenchRec production-derived, obfuscated source side B",163860576953,VOLERY 6667766797XY,ACC#00001,-856000000.00,CR,2023-02-08,2023-02-09,BenchRec_cash_v1.0_train.csv,126269
VOLERY,17361476.5100,USD,2023-01-27T00:00:00Z,CREDIT,,"BenchRec production-derived, obfuscated source side B",164184068500,VOLERY 3186966666FP,ACC#00001,17361476.51,DR,2023-01-27,2023-01-28,BenchRec_cash_v1.0_train.csv,116101
AHT9126666796928,543660.0000,USD,2023-01-12T00:00:00Z,DEBIT,,"BenchRec production-derived, obfuscated source side B",16480984479,AHT9126666796928 1668866743XD,ACC#00001,-543660.00,CR,2023-01-12,2023-01-13,BenchRec_cash_v1.0_train.csv,103450
V013816566911043,2549580.8100,USD,2023-03-01T00:00:00Z,CREDIT,,"BenchRec production-derived, obfuscated source side B",165213357273,V013816566911043 2293666101VI,ACC#00001,2549580.81,DR,2023-03-01,2023-03-02,BenchRec_cash_v1.0_train.csv,146451
P661660207173303,1455431190.0000,USD,2023-02-12T00:00:00Z,CREDIT,,"BenchRec production-derived, obfuscated source side B",165289301281,P661660207173303 7489866794VI,ACC#00001,1455431190.00,DR,2023-02-12,2023-02-13,BenchRec_cash_v1.0_train.csv,130640
32566J1JJU,4864.4000,USD,2023-01-11T00:00:00Z,CREDIT,,"BenchRec production-derived, obfuscated source side B",165354612891,32566J1JJU 4839166747VI,ACC#00001,4864.40,DR,2023-01-11,2023-01-12,BenchRec_cash_v1.0_train.csv,103027
6B6F656G6Q6V6166,11.8300,USD,2023-01-13T00:00:00Z,DEBIT,,"BenchRec production-derived, obfuscated source side B",16631631928,6B6F656G6Q6V6166 5868966744VI,ACC#00001,-11.83,CR,2023-01-13,2023-01-14,BenchRec_cash_v1.0_train.csv,104727
VOLERY,55184133.2400,USD,2023-02-03T00:00:00Z,CREDIT,,"BenchRec production-derived, obfuscated source side B",166433610806,VOLERY 3196055666FP,ACC#00001,55184133.24,DR,2023-02-03,2023-02-04,BenchRec_cash_v1.0_train.csv,121728
VOLERY,81640.0000,USD,2023-01-22T00:00:00Z,DEBIT,,"BenchRec production-derived, obfuscated source side B",166736014503,VOLERY L-6347166750HQ,ACC#00001,-81640.00,CR,2023-01-22,2023-01-29,BenchRec_cash_v1.0_train.csv,117412
IYO9126666755236,20657919.0000,USD,2023-01-01T00:00:00Z,DEBIT,,"BenchRec production-derived, obfuscated source side B",166810954775,IYO9126666755236 1992366738VI,ACC#00001,-20657919.00,CR,2023-01-01,2023-01-02,BenchRec_cash_v1.0_train.csv,94017
V606203967683722,3928500.0000,USD,2023-02-11T00:00:00Z,DEBIT,,"BenchRec production-derived, obfuscated source side B",167430812570,V606203967683722 9814266793VI,ACC#00001,-3928500.00,CR,2023-02-11,2023-02-12,BenchRec_cash_v1.0_train.csv,129650
VOLERY,5054210.0000,USD,2023-01-25T00:00:00Z,CREDIT,,"BenchRec production-derived, obfuscated source side B",168052615167,VOLERY 3170703666FP,ACC#00001,5054210.00,DR,2023-01-25,2023-01-26,BenchRec_cash_v1.0_train.csv,113715
VOLERY,1176153.1000,USD,2023-01-12T00:00:00Z,DEBIT,,"BenchRec production-derived, obfuscated source side B",16973313534,VOLERY 3774193666FP,ACC#00001,-1176153.10,CR,2023-01-12,2023-01-13,BenchRec_cash_v1.0_train.csv,103487
IYO9126666791892,87413380.0000,USD,2023-01-18T00:00:00Z,CREDIT,,"BenchRec production-derived, obfuscated source side B",169813416698,IYO9126666791892 6170566720VI,ACC#00001,87413380.00,DR,2023-01-18,2023-01-19,BenchRec_cash_v1.0_train.csv,108195
32566RYEMQ,234660.1700,USD,2023-01-22T00:00:00Z,CREDIT,,"BenchRec production-derived, obfuscated source side B",172464649464,32566RYEMQ 4035466723VI,ACC#00001,234660.17,DR,2023-01-22,2023-01-23,BenchRec_cash_v1.0_train.csv,113024
VOLERY,42970632.3000,USD,2023-01-04T00:00:00Z,DEBIT,,"BenchRec production-derived, obfuscated source side B",173573420320,VOLERY 3048060666FP,ACC#00001,-42970632.30,CR,2023-01-04,2023-01-05,BenchRec_cash_v1.0_train.csv,95755
VOLERY,124409.3100,USD,2023-02-03T00:00:00Z,CREDIT,,"BenchRec production-derived, obfuscated source side B",177325933018,VOLERY 3150383666FP,ACC#00001,124409.31,DR,2023-02-03,2023-02-04,BenchRec_cash_v1.0_train.csv,121738
VIP9126666790789,59440780.2600,USD,2023-01-11T00:00:00Z,DEBIT,,"BenchRec production-derived, obfuscated source side B",178514706230,VIP9126666790789 9057866748MT,ACC#00001,-59440780.26,CR,2023-01-11,2023-01-12,BenchRec_cash_v1.0_train.csv,101690
32566RF8EH,512308.9000,USD,2023-03-04T00:00:00Z,CREDIT,,"BenchRec production-derived, obfuscated source side B",181061203795,32566RF8EH 6889766101VI,ACC#00001,512308.90,DR,2023-03-04,2023-03-05,BenchRec_cash_v1.0_train.csv,148245
322756AL61337393,325.1600,USD,2023-03-04T00:00:00Z,DEBIT,,"BenchRec production-derived, obfuscated source side B",181248892092,322756AL61337393 9021266104VI,ACC#00001,-325.16,CR,2023-03-04,2023-03-05,BenchRec_cash_v1.0_train.csv,148321
VOLERY,356700.0000,USD,2023-01-13T00:00:00Z,CREDIT,,"BenchRec production-derived, obfuscated source side B",18184059168,VOLERY 3712639666FP,ACC#00001,356700.00,DR,2023-01-13,2023-01-14,BenchRec_cash_v1.0_train.csv,104651
V357633996417055,1240146.9400,USD,2023-02-26T00:00:00Z,CREDIT,,"BenchRec production-derived, obfuscated source side B",183091124343,V357633996417055 1518866106VI,ACC#00001,1240146.94,DR,2023-02-26,2023-02-27,BenchRec_cash_v1.0_train.csv,144361
32566RO4I5,22271.3800,USD,2023-02-19T00:00:00Z,CREDIT,,"BenchRec production-derived, obfuscated source side B",183580337253,32566RO4I5 0388066167VI,ACC#00001,22271.38,DR,2023-02-19,2023-02-20,BenchRec_cash_v1.0_train.csv,137165
VOLERY,18175.7400,USD,2023-02-05T00:00:00Z,CREDIT,,"BenchRec production-derived, obfuscated source side B",184370635704,VOLERY 3806163666FP,ACC#00001,18175.74,DR,2023-02-05,2023-02-06,BenchRec_cash_v1.0_train.csv,124377
VOLERY,285773.1700,USD,2023-02-02T00:00:00Z,CREDIT,,"BenchRec production-derived, obfuscated source side B",184462414721,VOLERY 3125906666FP,ACC#00001,285773.17,DR,2023-02-02,2023-02-03,BenchRec_cash_v1.0_train.csv,120531
MG15865993M600MK,709041.9500,USD,2023-01-15T00:00:00Z,CREDIT,,"BenchRec production-derived, obfuscated source side B",184793777344,MG15865993M600MK 4853966745VI,ACC#00001,709041.95,DR,2023-01-15,2023-01-16,BenchRec_cash_v1.0_train.csv,107287
VOLERY,1458174.5800,USD,2023-03-05T00:00:00Z,CREDIT,,"BenchRec production-derived, obfuscated source side B",187063168955,VOLERY 3399828666FP,ACC#00001,1458174.58,DR,2023-03-05,2023-03-07,BenchRec_cash_v1.0_train.csv,149610
VOLERY,20315956.3200,USD,2023-02-18T00:00:00Z,CREDIT,,"BenchRec production-derived, obfuscated source side B",187553264379,VOLERY 3366909666FP,ACC#00001,20315956.32,DR,2023-02-18,2023-02-19,BenchRec_cash_v1.0_train.csv,135746
32566J4JHU,23046.0400,USD,2023-01-14T00:00:00Z,CREDIT,,"BenchRec production-derived, obfuscated source side B",189475500396,32566J4JHU 5577466744VI,ACC#00001,23046.04,DR,2023-01-14,2023-01-15,BenchRec_cash_v1.0_train.csv,106260
VOLERY,127936.5100,USD,2023-02-04T00:00:00Z,DEBIT,,"BenchRec production-derived, obfuscated source side B",190140290618,VOLERY 3860251666FP,ACC#00001,-127936.51,CR,2023-02-04,2023-02-05,BenchRec_cash_v1.0_train.csv,122959
VOLERY,115512.8300,USD,2023-02-24T00:00:00Z,CREDIT,,"BenchRec production-derived, obfuscated source side B",192663761591,VOLERY 3386386666FP,ACC#00001,115512.83,DR,2023-02-24,2023-02-25,BenchRec_cash_v1.0_train.csv,142319
32566J4JTL,668498.1300,USD,2023-01-14T00:00:00Z,CREDIT,,"BenchRec production-derived, obfuscated source side B",19386305746,32566J4JTL 5573966744VI,ACC#00001,668498.13,DR,2023-01-14,2023-01-15,BenchRec_cash_v1.0_train.csv,106674
32566RBL1Y,115330.9000,USD,2023-02-25T00:00:00Z,CREDIT,,"BenchRec production-derived, obfuscated source side B",193962264606,32566RBL1Y 5245066165VI,ACC#00001,115330.90,DR,2023-02-25,2023-02-26,BenchRec_cash_v1.0_train.csv,143953
V622053566117045,1916000.0000,USD,2023-02-23T00:00:00Z,CREDIT,,"BenchRec production-derived, obfuscated source side B",194427386672,V622053566117045 7087966162VI,ACC#00001,1916000.00,DR,2023-02-23,2023-02-24,BenchRec_cash_v1.0_train.csv,140412
32566RPK9L,28157.4500,USD,2023-02-22T00:00:00Z,CREDIT,,"BenchRec production-derived, obfuscated source side B",19445961520,32566RPK9L 9743966164VI,ACC#00001,28157.45,DR,2023-02-22,2023-02-23,BenchRec_cash_v1.0_train.csv,139471
325756AL61838899,6500.9900,USD,2023-02-26T00:00:00Z,DEBIT,,"BenchRec production-derived, obfuscated source side B",19627069191,325756AL61838899 8324766106VI,ACC#00001,-6500.99,CR,2023-02-26,2023-02-27,BenchRec_cash_v1.0_train.csv,144675
VOLERY,262731.0700,USD,2023-01-27T00:00:00Z,CREDIT,,"BenchRec production-derived, obfuscated source side B",198736772571,VOLERY 3119878666FP,ACC#00001,262731.07,DR,2023-01-27,2023-01-28,BenchRec_cash_v1.0_train.csv,117058
V483071666017178,1676900.0000,USD,2023-01-21T00:00:00Z,CREDIT,,"BenchRec production-derived, obfuscated source side B",198810217260,V483071666017178 6264066728VI,ACC#00001,1676900.00,DR,2023-01-21,2023-01-22,BenchRec_cash_v1.0_train.csv,111858
VOLERY,35694.7700,USD,2023-01-22T00:00:00Z,CREDIT,,"BenchRec production-derived, obfuscated source side B",200227098222,VOLERY 3169216666FP,ACC#00001,35694.77,DR,2023-01-22,2023-01-23,BenchRec_cash_v1.0_train.csv,112916
VOLERY,4578444.6100,USD,2023-02-02T00:00:00Z,CREDIT,,"BenchRec production-derived, obfuscated source side B",200277482004,VOLERY 3156791666FP,ACC#00001,4578444.61,DR,2023-02-02,2023-02-03,BenchRec_cash_v1.0_train.csv,120552
VOLERY,1500000.0000,USD,2023-01-18T00:00:00Z,DEBIT,,"BenchRec production-derived, obfuscated source side B",200348031080,VOLERY 3745078666FP,ACC#00001,-1500000.00,CR,2023-01-18,2023-01-19,BenchRec_cash_v1.0_train.csv,108110
595756VU61381959,46618080.2000,USD,2023-02-15T00:00:00Z,DEBIT,,"BenchRec production-derived, obfuscated source side B",200608480948,595756VU61381959 2574966799VI,ACC#00001,-46618080.20,CR,2023-02-15,2023-02-16,BenchRec_cash_v1.0_train.csv,131521
32566J6RMQ,53966.3000,USD,2023-01-07T00:00:00Z,CREDIT,,"BenchRec production-derived, obfuscated source side B",202164325695,32566J6RMQ 2139166739VI,ACC#00001,53966.30,DR,2023-01-07,2023-01-08,BenchRec_cash_v1.0_train.csv,99085
322756AL61896874,608.7300,USD,2023-01-07T00:00:00Z,DEBIT,,"BenchRec production-derived, obfuscated source side B",202878735517,322756AL61896874 9785766746VI,ACC#00001,-608.73,CR,2023-01-07,2023-01-08,BenchRec_cash_v1.0_train.csv,99962
VOLERY,1600000.0000,USD,2023-01-07T00:00:00Z,DEBIT,,"BenchRec production-derived, obfuscated source side B",203435341831,VOLERY 1581666746CQ,ACC#00001,-1600000.00,CR,2023-01-07,2023-01-08,BenchRec_cash_v1.0_train.csv,99583
VOLERY,39211.7000,USD,2023-01-14T00:00:00Z,CREDIT,,"BenchRec production-derived, obfuscated source side B",204040503136,VOLERY 3783549666FP,ACC#00001,39211.70,DR,2023-01-14,2023-01-15,BenchRec_cash_v1.0_train.csv,106569
MG15716218L600MK,98513.7600,USD,2023-02-23T00:00:00Z,CREDIT,,"BenchRec production-derived, obfuscated source side B",205242170825,MG15716218L600MK 7945766162VI,ACC#00001,98513.76,DR,2023-02-23,2023-02-24,BenchRec_cash_v1.0_train.csv,140230
VOLERY,737000000.0000,USD,2023-01-14T00:00:00Z,DEBIT,,"BenchRec production-derived, obfuscated source side B",20984803483,VOLERY 6663966742XY,ACC#00001,-737000000.00,CR,2023-01-14,2023-01-15,BenchRec_cash_v1.0_train.csv,106277
VOLERY,4000000.0000,USD,2023-02-09T00:00:00Z,CREDIT,,"BenchRec production-derived, obfuscated source side B",210920728884,VOLERY 3816439666FP,ACC#00001,4000000.00,DR,2023-02-09,2023-02-10,BenchRec_cash_v1.0_train.csv,127567
32566RUQP8,24633.7900,USD,2023-02-18T00:00:00Z,CREDIT,,"BenchRec production-derived, obfuscated source side B",211096720707,32566RUQP8 2386166160VI,ACC#00001,24633.79,DR,2023-02-18,2023-02-19,BenchRec_cash_v1.0_train.csv,135972
VOLERY,8008473.0700,USD,2023-03-02T00:00:00Z,DEBIT,,"BenchRec production-derived, obfuscated source side B",211466578043,VOLERY 3356849666FP,ACC#00001,-8008473.07,CR,2023-03-02,2023-03-03,BenchRec_cash_v1.0_train.csv,147067
V066176166140928,2026170.9100,USD,2023-02-26T00:00:00Z,DEBIT,,"BenchRec production-derived, obfuscated source side B",211612142916,V066176166140928 1591166106VI,ACC#00001,-2026170.91,CR,2023-02-26,2023-02-27,BenchRec_cash_v1.0_train.csv,144798
VOLERY,19709.8100,USD,2023-01-13T00:00:00Z,DEBIT,,"BenchRec production-derived, obfuscated source side B",212335192142,VOLERY 3712879666FP,ACC#00001,-19709.81,CR,2023-01-13,2023-01-14,BenchRec_cash_v1.0_train.csv,105079
VOLERY,723310.0000,USD,2023-02-25T00:00:00Z,CREDIT,,"BenchRec production-derived, obfuscated source side B",212433544354,VOLERY 3330250666FP,ACC#00001,723310.00,DR,2023-02-25,2023-02-26,BenchRec_cash_v1.0_train.csv,143032
VOLERY,28538.9300,USD,2023-02-12T00:00:00Z,DEBIT,,"BenchRec production-derived, obfuscated source side B",213786669421,VOLERY 3840893666FP,ACC#00001,-28538.93,CR,2023-02-12,2023-02-13,BenchRec_cash_v1.0_train.csv,130621
VOLERY,1152.0000,USD,2023-03-01T00:00:00Z,CREDIT,,"BenchRec production-derived, obfuscated source side B",214452876796,VOLERY 3349806666FP,ACC#00001,1152.00,DR,2023-03-01,2023-03-02,BenchRec_cash_v1.0_train.csv,146286
VOLERY,168982.9800,USD,2023-01-28T00:00:00Z,DEBIT,,"BenchRec production-derived, obfuscated source side B",215534264203,VOLERY 3130152666FP,ACC#00001,-168982.98,CR,2023-01-28,2023-01-29,BenchRec_cash_v1.0_train.csv,117455
VOLERY,584007.8100,USD,2023-01-04T00:00:00Z,DEBIT,,"BenchRec production-derived, obfuscated source side B",215548956728,VOLERY 3043530666FP,ACC#00001,-584007.81,CR,2023-01-04,2023-01-05,BenchRec_cash_v1.0_train.csv,95705
VOLERY,215272.7100,USD,2023-03-01T00:00:00Z,DEBIT,,"BenchRec production-derived, obfuscated source side B",215760756919,VOLERY 3320011666FP,ACC#00001,-215272.71,CR,2023-03-01,2023-03-02,BenchRec_cash_v1.0_train.csv,145682
32566RJR30,107395.8300,USD,2023-02-09T00:00:00Z,CREDIT,,"BenchRec production-derived, obfuscated source side B",215914664431,32566RJR30 9219866797VI,ACC#00001,107395.83,DR,2023-02-09,2023-02-10,BenchRec_cash_v1.0_train.csv,126626
MG31976720M600MK,45000000.0000,USD,2023-02-05T00:00:00Z,CREDIT,,"BenchRec production-derived, obfuscated source side B",216210455223,MG31976720M600MK 9684666755VI,ACC#00001,45000000.00,DR,2023-02-05,2023-02-06,BenchRec_cash_v1.0_train.csv,124093
VOLERY,5036633.1900,USD,2023-02-22T00:00:00Z,CREDIT,,"BenchRec production-derived, obfuscated source side B",216852797498,VOLERY 3370998666FP,ACC#00001,5036633.19,DR,2023-02-22,2023-02-23,BenchRec_cash_v1.0_train.csv,139782
VOLERY,5896892.7000,USD,2023-01-01T00:00:00Z,DEBIT,,"BenchRec production-derived, obfuscated source side B",217560190967,VOLERY 3033476666FP,ACC#00001,-5896892.70,CR,2023-01-01,2023-01-02,BenchRec_cash_v1.0_train.csv,93687
VOLERY,6844400.0000,USD,2023-01-25T00:00:00Z,CREDIT,,"BenchRec production-derived, obfuscated source side B",219097974211,VOLERY 3109214666FP,ACC#00001,6844400.00,DR,2023-01-25,2023-01-26,BenchRec_cash_v1.0_train.csv,114455
32566TDRYU,14756949.0200,USD,2023-01-04T00:00:00Z,CREDIT,,"BenchRec production-derived, obfuscated source side B",219376861822,32566TDRYU 8251966738VI,ACC#00001,14756949.02,DR,2023-01-04,2023-01-05,BenchRec_cash_v1.0_train.csv,95539
VOLERY,763242.0700,USD,2023-01-18T00:00:00Z,DEBIT,,"BenchRec production-derived, obfuscated source side B",219418125372,VOLERY 3744923666FP,ACC#00001,-763242.07,CR,2023-01-18,2023-01-19,BenchRec_cash_v1.0_train.csv,107901
322756AL61312930,100769.9300,USD,2023-02-19T00:00:00Z,DEBIT,,"BenchRec production-derived, obfuscated source side B",219945860130,322756AL61312930 0398766167VI,ACC#00001,-100769.93,CR,2023-02-19,2023-02-20,BenchRec_cash_v1.0_train.csv,136739
VOLERY,104650.5900,USD,2023-02-05T00:00:00Z,DEBIT,,"BenchRec production-derived, obfuscated source side B",22107788208,VOLERY 3807079666FP,ACC#00001,-104650.59,CR,2023-02-05,2023-02-06,BenchRec_cash_v1.0_train.csv,123899
32566RHF7M,9194.9000,USD,2023-02-11T00:00:00Z,CREDIT,,"BenchRec production-derived, obfuscated source side B",22346430436,32566RHF7M 2523066798VI,ACC#00001,9194.90,DR,2023-02-11,2023-02-12,BenchRec_cash_v1.0_train.csv,129069
32566J4HUQ,46528.0000,USD,2023-01-14T00:00:00Z,CREDIT,,"BenchRec production-derived, obfuscated source side B",224864228328,32566J4HUQ 5586666744VI,ACC#00001,46528.00,DR,2023-01-14,2023-01-15,BenchRec_cash_v1.0_train.csv,105667
VOLERY,886600.0000,USD,2023-03-02T00:00:00Z,DEBIT,,"BenchRec production-derived, obfuscated source side B",225111780174,VOLERY 3329149666FP,ACC#00001,-886600.00,CR,2023-03-02,2023-03-03,BenchRec_cash_v1.0_train.csv,146903
VOLERY,44839251.4000,USD,2023-02-24T00:00:00Z,CREDIT,,"BenchRec production-derived, obfuscated source side B",225707090710,VOLERY 3387600666FP,ACC#00001,44839251.40,DR,2023-02-24,2023-02-25,BenchRec_cash_v1.0_train.csv,141973
MG68096936M600MK,40000000.0000,USD,2023-02-17T00:00:00Z,CREDIT,,"BenchRec production-derived, obfuscated source side B",22614251970,MG68096936M600MK 0746066166VI,ACC#00001,40000000.00,DR,2023-02-17,2023-02-18,BenchRec_cash_v1.0_train.csv,133978
VOLERY,1765587.0200,USD,2023-01-11T00:00:00Z,DEBIT,,"BenchRec production-derived, obfuscated source side B",226431667432,VOLERY 3702352666FP,ACC#00001,-1765587.02,CR,2023-01-11,2023-01-12,BenchRec_cash_v1.0_train.csv,103140
VOLERY,1325444.3000,USD,2023-02-18T00:00:00Z,DEBIT,,"BenchRec production-derived, obfuscated source side B",227738716606,VOLERY 3360105666FP,ACC#00001,-1325444.30,CR,2023-02-18,2023-02-19,BenchRec_cash_v1.0_train.csv,134956
322746AL68165224,4657933.8800,USD,2023-02-23T00:00:00Z,DEBIT,,"BenchRec production-derived, obfuscated source side B",229787946668,322746AL68165224 0075966164VI,ACC#00001,-4657933.88,CR,2023-02-23,2023-02-24,BenchRec_cash_v1.0_train.csv,140614
322746AL68140006,230450.7200,USD,2023-01-14T00:00:00Z,DEBIT,,"BenchRec production-derived, obfuscated source side B",229875393479,322746AL68140006 5581066744VI,ACC#00001,-230450.72,CR,2023-01-14,2023-01-15,BenchRec_cash_v1.0_train.csv,106508
07166RBDOA,158968.5200,USD,2023-02-26T00:00:00Z,CREDIT,,"BenchRec production-derived, obfuscated source side B",231717233291,07166RBDOA 7430766169VI,ACC#00001,158968.52,DR,2023-02-26,2023-02-27,BenchRec_cash_v1.0_train.csv,144730
VOLERY,11973484.3000,USD,2023-03-04T00:00:00Z,DEBIT,,"BenchRec production-derived, obfuscated source side B",231858128544,VOLERY 3359411666FP,ACC#00001,-11973484.30,CR,2023-03-04,2023-03-05,BenchRec_cash_v1.0_train.csv,148047
VOLERY,466757.5000,USD,2023-01-29T00:00:00Z,CREDIT,,"BenchRec production-derived, obfuscated source side B",232392720392,VOLERY 3139133666FP,ACC#00001,466757.50,DR,2023-01-29,2023-01-30,BenchRec_cash_v1.0_train.csv,119852
322746AL68135219,43206.6000,USD,2023-01-07T00:00:00Z,DEBIT,,"BenchRec production-derived, obfuscated source side B",232694493542,322746AL68135219 2143066739VI,ACC#00001,-43206.60,CR,2023-01-07,2023-01-08,BenchRec_cash_v1.0_train.csv,99082
VOLERY,2624805.2900,USD,2023-02-02T00:00:00Z,CREDIT,,"BenchRec production-derived, obfuscated source side B",232999437577,VOLERY 3156759666FP,ACC#00001,2624805.29,DR,2023-02-02,2023-02-03,BenchRec_cash_v1.0_train.csv,120348
VOLERY,2234200.0000,USD,2023-02-08T00:00:00Z,DEBIT,,"BenchRec production-derived, obfuscated source side B",236339472537,VOLERY 3877739666FP,ACC#00001,-2234200.00,CR,2023-02-08,2023-02-09,BenchRec_cash_v1.0_train.csv,126301
VOLERY,8798142.6800,USD,2023-01-06T00:00:00Z,CREDIT,,"BenchRec production-derived, obfuscated source side B",237832217252,VOLERY 3054477666FP,ACC#00001,8798142.68,DR,2023-01-06,2023-01-07,BenchRec_cash_v1.0_train.csv,97776
VOLERY,1370240.7700,USD,2023-02-19T00:00:00Z,CREDIT,,"BenchRec production-derived, obfuscated source side B",238453511424,VOLERY 3306216666FP,ACC#00001,1370240.77,DR,2023-02-19,2023-02-20,BenchRec_cash_v1.0_train.csv,136710
MYB716990GAUGE45,3230000.0000,USD,2023-01-13T00:00:00Z,DEBIT,,"BenchRec production-derived, obfuscated source side B",239321581316,MYB716990GAUGE45 8388466744XD,ACC#00001,-3230000.00,CR,2023-01-13,2023-01-14,BenchRec_cash_v1.0_train.csv,105543
6C885NP5LR,13131.4700,USD,2023-02-02T00:00:00Z,DEBIT,,"BenchRec production-derived, obfuscated source side B",244022685797,6C885NP5LR 1841166754XD,ACC#00001,-13131.47,CR,2023-02-02,2023-02-03,BenchRec_cash_v1.0_train.csv,122050
VOLERY,8034535.1000,USD,2023-01-04T00:00:00Z,CREDIT,,"BenchRec production-derived, obfuscated source side B",244628760170,VOLERY 3043798666FP,ACC#00001,8034535.10,DR,2023-01-04,2023-01-05,BenchRec_cash_v1.0_train.csv,95400
322756AL61873564,684229.3800,USD,2023-02-12T00:00:00Z,DEBIT,,"BenchRec production-derived, obfuscated source side B",244776616614,322756AL61873564 7898966794VI,ACC#00001,-684229.38,CR,2023-02-12,2023-02-13,BenchRec_cash_v1.0_train.csv,130539
V350085667715039,1300000.0000,USD,2023-02-11T00:00:00Z,CREDIT,,"BenchRec production-derived, obfuscated source side B",245015088676,V350085667715039 9316166793VI,ACC#00001,1300000.00,DR,2023-02-11,2023-02-12,BenchRec_cash_v1.0_train.csv,129062
V498340066335041,12699.4100,USD,2023-01-27T00:00:00Z,DEBIT,,"BenchRec production-derived, obfuscated source side B",245369096588,V498340066335041 4122366756VI,ACC#00001,-12699.41,CR,2023-01-27,2023-01-28,BenchRec_cash_v1.0_train.csv,116696
32566RL6L3,839100.5900,USD,2023-02-04T00:00:00Z,CREDIT,,"BenchRec production-derived, obfuscated source side B",24661224987,32566RL6L3 2751066752VI,ACC#00001,839100.59,DR,2023-02-04,2023-02-05,BenchRec_cash_v1.0_train.csv,122694
32566EH4HG,91862.2600,USD,2023-01-01T00:00:00Z,CREDIT,,"BenchRec production-derived, obfuscated source side B",246652852843,32566EH4HG 1097166738VI,ACC#00001,91862.26,DR,2023-01-01,2023-01-02,BenchRec_cash_v1.0_train.csv,93672
VOLERY,763020.7900,USD,2023-01-11T00:00:00Z,DEBIT,,"BenchRec production-derived, obfuscated source side B",247591841934,VOLERY 3702473666FP,ACC#00001,-763020.79,CR,2023-01-11,2023-01-12,BenchRec_cash_v1.0_train.csv,102379
VOLERY,4271438.0700,USD,2023-01-07T00:00:00Z,CREDIT,,"BenchRec production-derived, obfuscated source side B",249178861164,VOLERY 3094555666FP,ACC#00001,4271438.07,DR,2023-01-07,2023-01-08,BenchRec_cash_v1.0_train.csv,99991
VOLERY,2860516.7000,USD,2023-03-02T00:00:00Z,CREDIT,,"BenchRec production-derived, obfuscated source side B",249940152514,VOLERY 3356086666FP,ACC#00001,2860516.70,DR,2023-03-02,2023-03-03,BenchRec_cash_v1.0_train.csv,147614
VOLERY,3419325.2000,USD,2023-02-17T00:00:00Z,CREDIT,,"BenchRec production-derived, obfuscated source side B",253397462233,VOLERY 3890729666FP,ACC#00001,3419325.20,DR,2023-02-17,2023-02-18,BenchRec_cash_v1.0_train.csv,134769
322746AL68126257,153096.8300,USD,2023-02-04T00:00:00Z,DEBIT,,"BenchRec production-derived, obfuscated source side B",25368615086,322746AL68126257 2110366752VI,ACC#00001,-153096.83,CR,2023-02-04,2023-02-05,BenchRec_cash_v1.0_train.csv,123718
322746AL68789270,8879.1600,USD,2023-02-24T00:00:00Z,DEBIT,,"BenchRec production-derived, obfuscated source side B",256183781568,322746AL68789270 2899666165VI,ACC#00001,-8879.16,CR,2023-02-24,2023-02-25,BenchRec_cash_v1.0_train.csv,142838
7669006466075728,188410.0000,USD,2023-02-26T00:00:00Z,DEBIT,,"BenchRec production-derived, obfuscated source side B",256664737,7669006466075728 6342369106WT,ACC#00001,-188410.00,CR,2023-02-26,2023-02-27,BenchRec_cash_v1.0_train.csv,144787
KRU69061669J6760,38987.6600,USD,2023-02-19T00:00:00Z,DEBIT,,"BenchRec production-derived, obfuscated source side B",258342171150,KRU69061669J6760 1570566161XD,ACC#00001,-38987.66,CR,2023-02-19,2023-02-20,BenchRec_cash_v1.0_train.csv,137300
VOLERY,255137.9700,USD,2023-02-23T00:00:00Z,DEBIT,,"BenchRec production-derived, obfuscated source side B",258621343986,VOLERY 3317206666FP,ACC#00001,-255137.97,CR,2023-02-23,2023-02-24,BenchRec_cash_v1.0_train.csv,140012
V080213006413206,17031701.4900,USD,2023-03-01T00:00:00Z,DEBIT,,"BenchRec production-derived, obfuscated source side B",261982495624,V080213006413206 5948466101VI,ACC#00001,-17031701.49,CR,2023-03-01,2023-03-02,BenchRec_cash_v1.0_train.csv,145639
VOLERY,4286.6700,USD,2023-02-05T00:00:00Z,DEBIT,,"BenchRec production-derived, obfuscated source side B",262590587712,VOLERY 3807012666FP,ACC#00001,-4286.67,CR,2023-02-05,2023-02-06,BenchRec_cash_v1.0_train.csv,124293
VOLERY,3866586.5000,USD,2023-01-01T00:00:00Z,CREDIT,,"BenchRec production-derived, obfuscated source side B",263075999574,VOLERY 3033776666FP,ACC#00001,3866586.50,DR,2023-01-01,2023-01-02,BenchRec_cash_v1.0_train.csv,94043
325756AL61310393,284460.8600,USD,2023-01-01T00:00:00Z,DEBIT,,"BenchRec production-derived, obfuscated source side B",265600714057,325756AL61310393 1408766738VI,ACC#00001,-284460.86,CR,2023-01-01,2023-01-02,BenchRec_cash_v1.0_train.csv,94060
07166RFM54,209097.5400,USD,2023-03-04T00:00:00Z,CREDIT,,"BenchRec production-derived, obfuscated source side B",266526114387,07166RFM54 3051266103VI,ACC#00001,209097.54,DR,2023-03-04,2023-03-05,BenchRec_cash_v1.0_train.csv,148314
VOLERY,117586.6000,USD,2023-02-15T00:00:00Z,DEBIT,,"BenchRec production-derived, obfuscated source side B",267720167575,VOLERY 3820544666FP,ACC#00001,-117586.60,CR,2023-02-15,2023-02-16,BenchRec_cash_v1.0_train.csv,132246
VOLERY,1197117.6900,USD,2023-01-05T00:00:00Z,DEBIT,,"BenchRec production-derived, obfuscated source side B",26958408225,VOLERY 3023775666FP,ACC#00001,-1197117.69,CR,2023-01-05,2023-01-06,BenchRec_cash_v1.0_train.csv,97213
VMBB-2B8HBB,210000.0000,USD,2023-01-11T00:00:00Z,CREDIT,,"BenchRec production-derived, obfuscated source side B",270126421924,VMBB-2B8HBB 6720066748VI,ACC#00001,210000.00,DR,2023-01-11,2023-01-12,BenchRec_cash_v1.0_train.csv,101546
VIP9126666792340,3154642.9000,USD,2023-01-29T00:00:00Z,DEBIT,,"BenchRec production-derived, obfuscated source side B",270460634600,VIP9126666792340 7062566757FW,ACC#00001,-3154642.90,CR,2023-01-29,2023-01-30,BenchRec_cash_v1.0_train.csv,119048
VOLERY,58759573.1300,USD,2023-01-20T00:00:00Z,CREDIT,,"BenchRec production-derived, obfuscated source side B",270931208517,VOLERY 3755386666FP,ACC#00001,58759573.13,DR,2023-01-20,2023-01-21,BenchRec_cash_v1.0_train.csv,109722
VOLERY,1823.2600,USD,2023-02-08T00:00:00Z,CREDIT,,"BenchRec production-derived, obfuscated source side B",272027561867,VOLERY 3876333666FP,ACC#00001,1823.26,DR,2023-02-08,2023-02-09,BenchRec_cash_v1.0_train.csv,125432
VOLERY,232351.3000,USD,2023-02-17T00:00:00Z,CREDIT,,"BenchRec production-derived, obfuscated source side B",272552075764,VOLERY 3859219666FP,ACC#00001,232351.30,DR,2023-02-17,2023-02-18,BenchRec_cash_v1.0_train.csv,134252
6906726775030,920000.0000,USD,2023-02-16T00:00:00Z,DEBIT,,"BenchRec production-derived, obfuscated source side B",27291351223,6906726775030 0632866166FW,ACC#00001,-920000.00,CR,2023-02-16,2023-02-17,BenchRec_cash_v1.0_train.csv,133333
VOLERY,1036925.3000,USD,2023-01-27T00:00:00Z,DEBIT,,"BenchRec production-derived, obfuscated source side B",273376396865,VOLERY 3180148666FP,ACC#00001,-1036925.30,CR,2023-01-27,2023-01-28,BenchRec_cash_v1.0_train.csv,116034
VOLERY,7596870.6000,USD,2023-02-03T00:00:00Z,CREDIT,,"BenchRec production-derived, obfuscated source side B",27377342089,VOLERY 3196168666FP,ACC#00001,7596870.60,DR,2023-02-03,2023-02-04,BenchRec_cash_v1.0_train.csv,121671
32566BM7D8,36416267.2100,USD,2023-02-26T00:00:00Z,CREDIT,,"BenchRec production-derived, obfuscated source side B",274904825846,32566BM7D8 8054966106VI,ACC#00001,36416267.21,DR,2023-02-26,2023-02-27,BenchRec_cash_v1.0_train.csv,144680
VOLERY,123000.0000,USD,2023-02-18T00:00:00Z,DEBIT,,"BenchRec production-derived, obfuscated source side B",276654166909,VOLERY 3360840666FP,ACC#00001,-123000.00,CR,2023-02-18,2023-02-19,BenchRec_cash_v1.0_train.csv,135529
VOLERY,36065502.6900,USD,2023-01-21T00:00:00Z,DEBIT,,"BenchRec production-derived, obfuscated source side B",280772086662,VOLERY 3799222666FP,ACC#00001,-36065502.69,CR,2023-01-21,2023-01-22,BenchRec_cash_v1.0_train.csv,111390
322746AL68142709,39935.6000,USD,2023-01-28T00:00:00Z,DEBIT,,"BenchRec production-derived, obfuscated source side B",283745980020,322746AL68142709 5495566756VI,ACC#00001,-39935.60,CR,2023-01-28,2023-01-29,BenchRec_cash_v1.0_train.csv,117438
VOLERY,10828.1400,USD,2023-02-11T00:00:00Z,CREDIT,,"BenchRec production-derived, obfuscated source side B",284218703629,VOLERY 3836187666FP,ACC#00001,10828.14,DR,2023-02-11,2023-02-12,BenchRec_cash_v1.0_train.csv,129077
VOLERY,105576.2900,USD,2023-01-28T00:00:00Z,CREDIT,,"BenchRec production-derived, obfuscated source side B",284625204780,VOLERY 3189845666FP,ACC#00001,105576.29,DR,2023-01-28,2023-01-29,BenchRec_cash_v1.0_train.csv,117812
322746AL68739041,3184905.4100,USD,2023-01-01T00:00:00Z,DEBIT,,"BenchRec production-derived, obfuscated source side B",285582797547,322746AL68739041 6262666731VI,ACC#00001,-3184905.41,CR,2023-01-01,2023-01-02,BenchRec_cash_v1.0_train.csv,93754
VOLERY,58721000.0000,USD,2023-02-18T00:00:00Z,DEBIT,,"BenchRec production-derived, obfuscated source side B",286566835735,VOLERY 3360130666FP,ACC#00001,-58721000.00,CR,2023-02-18,2023-02-19,BenchRec_cash_v1.0_train.csv,135893
V356124396511682,347090.0000,USD,2023-01-28T00:00:00Z,CREDIT,,"BenchRec production-derived, obfuscated source side B",287045692183,V356124396511682 9596966750VI,ACC#00001,347090.00,DR,2023-01-28,2023-01-29,BenchRec_cash_v1.0_train.csv,118204
VOLERY,16856.3400,USD,2023-02-26T00:00:00Z,DEBIT,,"BenchRec production-derived, obfuscated source side B",287344340391,VOLERY 6395466106RN,ACC#00001,-16856.34,CR,2023-02-26,2023-02-27,BenchRec_cash_v1.0_train.csv,144537
VOLERY,1789099.4900,USD,2023-03-01T00:00:00Z,CREDIT,,"BenchRec production-derived, obfuscated source side B",288160791576,VOLERY 3326480666FP,ACC#00001,1789099.49,DR,2023-03-01,2023-03-02,BenchRec_cash_v1.0_train.csv,146455
VOLERY,13950000.0000,USD,2023-02-15T00:00:00Z,CREDIT,,"BenchRec production-derived, obfuscated source side B",28822063193,VOLERY 3820894666FP,ACC#00001,13950000.00,DR,2023-02-15,2023-02-16,BenchRec_cash_v1.0_train.csv,131547
VOLERY,4417404.3800,USD,2023-01-22T00:00:00Z,DEBIT,,"BenchRec production-derived, obfuscated source side B",288888049404,VOLERY 3100382666FP,ACC#00001,-4417404.38,CR,2023-01-22,2023-01-23,BenchRec_cash_v1.0_train.csv,113003
322746AL68126052,63981.6700,USD,2023-02-04T00:00:00Z,DEBIT,,"BenchRec production-derived, obfuscated source side B",288896382586,322746AL68126052 2104566752VI,ACC#00001,-63981.67,CR,2023-02-04,2023-02-05,BenchRec_cash_v1.0_train.csv,123774
V403377267832333,285645.0000,USD,2023-01-19T00:00:00Z,DEBIT,,"BenchRec production-derived, obfuscated source side B",289929689872,V403377267832333 7420366727VI,ACC#00001,-285645.00,CR,2023-01-19,2023-01-20,BenchRec_cash_v1.0_train.csv,108948
32566J415R,12837.6100,USD,2023-01-13T00:00:00Z,CREDIT,,"BenchRec production-derived, obfuscated source side B",290096205928,32566J415R 2342566744VI,ACC#00001,12837.61,DR,2023-01-13,2023-01-14,BenchRec_cash_v1.0_train.csv,104811
VOLERY,2190.0000,USD,2023-02-26T00:00:00Z,CREDIT,,"BenchRec production-derived, obfuscated source side B",291736002809,VOLERY 3339982666FP,ACC#00001,2190.00,DR,2023-02-26,2023-02-27,BenchRec_cash_v1.0_train.csv,146206
MG67034876M600MK,40000.0000,USD,2023-02-10T00:00:00Z,CREDIT,,"BenchRec production-derived, obfuscated source side B",293591794133,MG67034876M600MK 4485866798VI,ACC#00001,40000.00,DR,2023-02-10,2023-02-11,BenchRec_cash_v1.0_train.csv,128378
OL07163,89100.0000,USD,2023-03-04T00:00:00Z,CREDIT,,"BenchRec production-derived, obfuscated source side B",294028936807,OL07163 3878966103VI,ACC#00001,89100.00,DR,2023-03-04,2023-03-05,BenchRec_cash_v1.0_train.csv,148774
32566RHF7E,75847.0000,USD,2023-02-11T00:00:00Z,CREDIT,,"BenchRec production-derived, obfuscated source side B",294215650057,32566RHF7E 2544766798VI,ACC#00001,75847.00,DR,2023-02-11,2023-02-12,BenchRec_cash_v1.0_train.csv,129016
008685906-767-0,3751.4600,USD,2023-01-04T00:00:00Z,CREDIT,,"BenchRec production-derived, obfuscated source side B",294303104975,008685906-767-0 4042766732VI,ACC#00001,3751.46,DR,2023-01-04,2023-01-05,BenchRec_cash_v1.0_train.csv,95215
V498878466332608,4486389.1900,USD,2023-01-27T00:00:00Z,DEBIT,,"BenchRec production-derived, obfuscated source side B",29456705305,V498878466332608 4123666756VI,ACC#00001,-4486389.19,CR,2023-01-27,2023-01-28,BenchRec_cash_v1.0_train.csv,117247
322746AL68148404,115356.8000,USD,2023-01-21T00:00:00Z,DEBIT,,"BenchRec production-derived, obfuscated source side B",294815415050,322746AL68148404 9180366721VI,ACC#00001,-115356.80,CR,2023-01-21,2023-01-22,BenchRec_cash_v1.0_train.csv,111165
VOLERY,437261.0000,USD,2023-01-21T00:00:00Z,DEBIT,,"BenchRec production-derived, obfuscated source side B",29490597661,VOLERY 3799580666FP,ACC#00001,-437261.00,CR,2023-01-21,2023-01-22,BenchRec_cash_v1.0_train.csv,111213
37266J82YL,4683.4800,USD,2023-01-11T00:00:00Z,CREDIT,,"BenchRec production-derived, obfuscated source side B",295738515592,37266J82YL 9991666748VI,ACC#00001,4683.48,DR,2023-01-11,2023-01-12,BenchRec_cash_v1.0_train.csv,101580
32566J9NY0,51368.3000,USD,2023-01-21T00:00:00Z,CREDIT,,"BenchRec production-derived, obfuscated source side B",298612987916,32566J9NY0 9181366721VI,ACC#00001,51368.30,DR,2023-01-21,2023-01-22,BenchRec_cash_v1.0_train.csv,111516
VOLERY,526861.2400,USD,2023-01-13T00:00:00Z,DEBIT,,"BenchRec production-derived, obfuscated source side B",298649678291,VOLERY 3712802666FP,ACC#00001,-526861.24,CR,2023-01-13,2023-01-14,BenchRec_cash_v1.0_train.csv,105219
322756AL61314913,2429262.7900,USD,2023-01-19T00:00:00Z,DEBIT,,"BenchRec production-derived, obfuscated source side B",299277906835,322756AL61314913 0624366720VI,ACC#00001,-2429262.79,CR,2023-01-19,2023-01-20,BenchRec_cash_v1.0_train.csv,108887
VOLERY,162064.4700,USD,2023-02-24T00:00:00Z,DEBIT,,"BenchRec production-derived, obfuscated source side B",299444014379,VOLERY 3380609666FP,ACC#00001,-162064.47,CR,2023-02-24,2023-02-25,BenchRec_cash_v1.0_train.csv,142495
VOLERY,217870.1100,USD,2023-01-04T00:00:00Z,CREDIT,,"BenchRec production-derived, obfuscated source side B",301535699760,VOLERY 3041332666FP,ACC#00001,217870.11,DR,2023-01-04,2023-01-05,BenchRec_cash_v1.0_train.csv,95946
VOLERY,5327617.0000,USD,2023-01-04T00:00:00Z,CREDIT,,"BenchRec production-derived, obfuscated source side B",301779228559,VOLERY 3043144666FP,ACC#00001,5327617.00,DR,2023-01-04,2023-01-05,BenchRec_cash_v1.0_train.csv,95331
7084224904,203237449.7000,USD,2023-01-11T00:00:00Z,DEBIT,,"BenchRec production-derived, obfuscated source side B",303450896295,7084224904 6378366748VI,ACC#00001,-203237449.70,CR,2023-01-11,2023-01-12,BenchRec_cash_v1.0_train.csv,102997
VOLERY,1588567.3000,USD,2023-02-05T00:00:00Z,DEBIT,,"BenchRec production-derived, obfuscated source side B",303815286289,VOLERY 3807765666FP,ACC#00001,-1588567.30,CR,2023-02-05,2023-02-06,BenchRec_cash_v1.0_train.csv,124199
VOLERY,8502.4800,USD,2023-01-11T00:00:00Z,DEBIT,,"BenchRec production-derived, obfuscated source side B",304177053717,VOLERY 3702008666FP,ACC#00001,-8502.48,CR,2023-01-11,2023-01-12,BenchRec_cash_v1.0_train.csv,101753
VOLERY,11589.4500,USD,2023-01-15T00:00:00Z,DEBIT,,"BenchRec production-derived, obfuscated source side B",307148895418,VOLERY 3735144666FP,ACC#00001,-11589.45,CR,2023-01-15,2023-01-16,BenchRec_cash_v1.0_train.csv,107087
VOLERY,49132.7000,USD,2023-01-15T00:00:00Z,CREDIT,,"BenchRec production-derived, obfuscated source side B",307646883277,VOLERY 3732906666FP,ACC#00001,49132.70,DR,2023-01-15,2023-01-16,BenchRec_cash_v1.0_train.csv,107086
VOLERY,892667.6700,USD,2023-02-25T00:00:00Z,DEBIT,,"BenchRec production-derived, obfuscated source side B",308019839469,VOLERY 3336226666FP,ACC#00001,-892667.67,CR,2023-02-25,2023-02-26,BenchRec_cash_v1.0_train.csv,143222
VOLERY,19036587.6700,USD,2023-02-22T00:00:00Z,CREDIT,,"BenchRec production-derived, obfuscated source side B",308969292970,VOLERY 3376469666FP,ACC#00001,19036587.67,DR,2023-02-22,2023-02-23,BenchRec_cash_v1.0_train.csv,139783
VOLERY,8808710.1000,USD,2023-03-02T00:00:00Z,CREDIT,,"BenchRec production-derived, obfuscated source side B",309014432600,VOLERY 3356646666FP,ACC#00001,8808710.10,DR,2023-03-02,2023-03-03,BenchRec_cash_v1.0_train.csv,146820
779756BW61879863,1797.1500,USD,2023-02-24T00:00:00Z,DEBIT,,"BenchRec production-derived, obfuscated source side B",31004696744,779756BW61879863 L-8453866162VI,ACC#00001,-1797.15,CR,2023-02-24,2023-02-25,BenchRec_cash_v1.0_train.csv,141793
322746AL68797462,95453.2800,USD,2023-01-05T00:00:00Z,DEBIT,,"BenchRec production-derived, obfuscated source side B",310079448803,322746AL68797462 7624766735VI,ACC#00001,-95453.28,CR,2023-01-05,2023-01-06,BenchRec_cash_v1.0_train.csv,96215
37266J1GVN,31520.9700,USD,2023-01-11T00:00:00Z,CREDIT,,"BenchRec production-derived, obfuscated source side B",310414080244,37266J1GVN 9912966748VI,ACC#00001,31520.97,DR,2023-01-11,2023-01-12,BenchRec_cash_v1.0_train.csv,102385
29266REDOG,1195010.0000,USD,2023-02-15T00:00:00Z,CREDIT,,"BenchRec production-derived, obfuscated source side B",310450199236,29266REDOG 3473166794VI,ACC#00001,1195010.00,DR,2023-02-15,2023-02-16,BenchRec_cash_v1.0_train.csv,132003
VOLERY,174803.7900,USD,2023-01-21T00:00:00Z,CREDIT,,"BenchRec production-derived, obfuscated source side B",312061309091,VOLERY 3166414666FP,ACC#00001,174803.79,DR,2023-01-21,2023-01-22,BenchRec_cash_v1.0_train.csv,112626
VOLERY,294300.2900,USD,2023-02-02T00:00:00Z,DEBIT,,"BenchRec production-derived, obfuscated source side B",312867174931,VOLERY 3156222666FP,ACC#00001,-294300.29,CR,2023-02-02,2023-02-03,BenchRec_cash_v1.0_train.csv,120828
VOLERY,38939381.0400,USD,2023-02-12T00:00:00Z,DEBIT,,"BenchRec production-derived, obfuscated source side B",312886094060,VOLERY 3846724666FP,ACC#00001,-38939381.04,CR,2023-02-12,2023-02-13,BenchRec_cash_v1.0_train.csv,130579
32566RIUJR,31384.1100,USD,2023-01-28T00:00:00Z,CREDIT,,"BenchRec production-derived, obfuscated source side B",314384022681,32566RIUJR 6836766750VI,ACC#00001,31384.11,DR,2023-01-28,2023-01-29,BenchRec_cash_v1.0_train.csv,117818
V364684460811038,2000000.0000,USD,2023-01-04T00:00:00Z,CREDIT,,"BenchRec production-derived, obfuscated source side B",314615977205,V364684460811038 4751866732VI,ACC#00001,2000000.00,DR,2023-01-04,2023-01-05,BenchRec_cash_v1.0_train.csv,95414
VOLERY,9979000.0000,USD,2023-02-03T00:00:00Z,CREDIT,,"BenchRec production-derived, obfuscated source side B",31563509339,VOLERY 3155983666FP,ACC#00001,9979000.00,DR,2023-02-03,2023-02-04,BenchRec_cash_v1.0_train.csv,121753
V473908367337702,3079171.0000,USD,2023-01-20T00:00:00Z,DEBIT,,"BenchRec production-derived, obfuscated source side B",316176154354,V473908367337702 4293866721VI,ACC#00001,-3079171.00,CR,2023-01-20,2023-01-21,BenchRec_cash_v1.0_train.csv,110205
V284904760817866,3567040.0000,USD,2023-02-03T00:00:00Z,CREDIT,,"BenchRec production-derived, obfuscated source side B",318331103191,V284904760817866 8135966752VI,ACC#00001,3567040.00,DR,2023-02-03,2023-02-04,BenchRec_cash_v1.0_train.csv,121347
VOLERY,49683319.1600,USD,2023-01-15T00:00:00Z,CREDIT,,"BenchRec production-derived, obfuscated source side B",319809524923,VOLERY 3734431666FP,ACC#00001,49683319.16,DR,2023-01-15,2023-01-16,BenchRec_cash_v1.0_train.csv,106852
32566RO279,239389.1400,USD,2023-02-19T00:00:00Z,CREDIT,,"BenchRec production-derived, obfuscated source side B",323873142418,32566RO279 0346266167VI,ACC#00001,239389.14,DR,2023-02-19,2023-02-20,BenchRec_cash_v1.0_train.csv,137216
322756AL61314384,25212.2800,USD,2023-03-05T00:00:00Z,DEBIT,,"BenchRec production-derived, obfuscated source side B",325467568204,322756AL61314384 7821866102VI,ACC#00001,-25212.28,CR,2023-03-05,2023-03-07,BenchRec_cash_v1.0_train.csv,149787
008021084-767-0,46900.0000,USD,2023-01-04T00:00:00Z,CREDIT,,"BenchRec production-derived, obfuscated source side B",327585433062,008021084-767-0 4890866732VI,ACC#00001,46900.00,DR,2023-01-04,2023-01-05,BenchRec_cash_v1.0_train.csv,96058
VOLERY,10739847.0800,USD,2023-01-01T00:00:00Z,CREDIT,,"BenchRec production-derived, obfuscated source side B",329324193906,VOLERY 3033017666FP,ACC#00001,10739847.08,DR,2023-01-01,2023-01-02,BenchRec_cash_v1.0_train.csv,93722
VIP9126666160405,70977730.6800,USD,2023-02-11T00:00:00Z,DEBIT,,"BenchRec production-derived, obfuscated source side B",329879604383,VIP9126666160405 4417366793FW,ACC#00001,-70977730.68,CR,2023-02-11,2023-02-12,BenchRec_cash_v1.0_train.csv,129603
GYNOMONOECISM,542490.3000,USD,2023-02-04T00:00:00Z,CREDIT,,"BenchRec production-derived, obfuscated source side B",331946075126,GYNOMONOECISM 9928266755VI,ACC#00001,542490.30,DR,2023-02-04,2023-02-05,BenchRec_cash_v1.0_train.csv,122523
322746AL68123309,137084.9400,USD,2023-02-18T00:00:00Z,DEBIT,,"BenchRec production-derived, obfuscated source side B",332174474194,322746AL68123309 2315066160VI,ACC#00001,-137084.94,CR,2023-02-18,2023-02-19,BenchRec_cash_v1.0_train.csv,135033
VOLERY,1623000.0000,USD,2023-01-19T00:00:00Z,DEBIT,,"BenchRec production-derived, obfuscated source side B",332274370430,VOLERY 3722490666FP,ACC#00001,-1623000.00,CR,2023-01-19,2023-01-20,BenchRec_cash_v1.0_train.csv,109351
37266J88MD,14354.9700,USD,2023-01-11T00:00:00Z,CREDIT,,"BenchRec production-derived, obfuscated source side B",333059122753,37266J88MD 9945066748VI,ACC#00001,14354.97,DR,2023-01-11,2023-01-12,BenchRec_cash_v1.0_train.csv,102756
VOLERY,54462447.5700,USD,2023-02-04T00:00:00Z,DEBIT,,"BenchRec production-derived, obfuscated source side B",333704122318,VOLERY 3199903666FP,ACC#00001,-54462447.57,CR,2023-02-04,2023-02-05,BenchRec_cash_v1.0_train.csv,122414
322756AL61894612,22043.0300,USD,2023-02-19T00:00:00Z,DEBIT,,"BenchRec production-derived, obfuscated source side B",335195925574,322756AL61894612 1909566161VI,ACC#00001,-22043.03,CR,2023-02-19,2023-02-20,BenchRec_cash_v1.0_train.csv,136836
VOLERY,54230231.3100,USD,2023-01-14T00:00:00Z,CREDIT,,"BenchRec production-derived, obfuscated source side B",33587084476,VOLERY 3782304666FP,ACC#00001,54230231.31,DR,2023-01-14,2023-01-15,BenchRec_cash_v1.0_train.csv,106240
VOLERY,5060300.0000,USD,2023-02-17T00:00:00Z,CREDIT,,"BenchRec production-derived, obfuscated source side B",338580761261,VOLERY 3890658666FP,ACC#00001,5060300.00,DR,2023-02-17,2023-02-18,BenchRec_cash_v1.0_train.csv,134603
VOLERY,48635.6700,USD,2023-02-12T00:00:00Z,CREDIT,,"BenchRec production-derived, obfuscated source side B",339013115369,VOLERY 3839513666FP,ACC#00001,48635.67,DR,2023-02-12,2023-02-13,BenchRec_cash_v1.0_train.csv,130399
VOLERY,90535584.0000,USD,2023-02-08T00:00:00Z,CREDIT,,"BenchRec production-derived, obfuscated source side B",340328929660,VOLERY 3801615666FP,ACC#00001,90535584.00,DR,2023-02-08,2023-02-09,BenchRec_cash_v1.0_train.csv,126224
VOLERY,40096.1200,USD,2023-01-15T00:00:00Z,DEBIT,,"BenchRec production-derived, obfuscated source side B",34150148418,VOLERY 3735149666FP,ACC#00001,-40096.12,CR,2023-01-15,2023-01-16,BenchRec_cash_v1.0_train.csv,107142
322746AL68123607,52682.0000,USD,2023-02-18T00:00:00Z,DEBIT,,"BenchRec production-derived, obfuscated source side B",341543074477,322746AL68123607 2303066160VI,ACC#00001,-52682.00,CR,2023-02-18,2023-02-19,BenchRec_cash_v1.0_train.csv,136473
VOLERY,50663095.0000,USD,2023-01-13T00:00:00Z,CREDIT,,"BenchRec production-derived, obfuscated source side B",341828970918,VOLERY 3712637666FP,ACC#00001,50663095.00,DR,2023-01-13,2023-01-14,BenchRec_cash_v1.0_train.csv,104448
420DIP912DR,7224060.0000,USD,2023-01-18T00:00:00Z,DEBIT,,"BenchRec production-derived, obfuscated source side B",343383751581,420DIP912DR 5815866720VI,ACC#00001,-7224060.00,CR,2023-01-18,2023-01-19,BenchRec_cash_v1.0_train.csv,107844
VOLERY,170.4600,USD,2023-01-01T00:00:00Z,DEBIT,,"BenchRec production-derived, obfuscated source side B",343698878388,VOLERY 3033407666FP,ACC#00001,-170.46,CR,2023-01-01,2023-01-02,BenchRec_cash_v1.0_train.csv,100318
V350478057919166,1000000.0000,USD,2023-02-18T00:00:00Z,CREDIT,,"BenchRec production-derived, obfuscated source side B",343863869565,V350478057919166 9701766167VI,ACC#00001,1000000.00,DR,2023-02-18,2023-02-19,BenchRec_cash_v1.0_train.csv,136418
VOLERY,6116154.3600,USD,2023-01-04T00:00:00Z,CREDIT,,"BenchRec production-derived, obfuscated source side B",344061636463,VOLERY 3041485666FP,ACC#00001,6116154.36,DR,2023-01-04,2023-01-05,BenchRec_cash_v1.0_train.csv,95508
VOLERY,4226412.0000,USD,2023-02-09T00:00:00Z,DEBIT,,"BenchRec production-derived, obfuscated source side B",344164434304,VOLERY 3817035666FP,ACC#00001,-4226412.00,CR,2023-02-09,2023-02-10,BenchRec_cash_v1.0_train.csv,126909
322756AL61374022,1000000.0000,USD,2023-01-05T00:00:00Z,DEBIT,,"BenchRec production-derived, obfuscated source side B",344233672915,322756AL61374022 5256366732VI,ACC#00001,-1000000.00,CR,2023-01-05,2023-01-06,BenchRec_cash_v1.0_train.csv,96451
32566RHFRG,251452.4400,USD,2023-02-11T00:00:00Z,CREDIT,,"BenchRec production-derived, obfuscated source side B",345562873261,32566RHFRG 2546966798VI,ACC#00001,251452.44,DR,2023-02-11,2023-02-12,BenchRec_cash_v1.0_train.csv,129144
VOLERY,623000000.0000,USD,2023-01-14T00:00:00Z,DEBIT,,"BenchRec production-derived, obfuscated source side B",345886819063,VOLERY 0317766742VI,ACC#00001,-623000000.00,CR,2023-01-14,2023-01-15,BenchRec_cash_v1.0_train.csv,105564
32566J3J1Z,27563783.3000,USD,2023-01-13T00:00:00Z,CREDIT,,"BenchRec production-derived, obfuscated source side B",348591278173,32566J3J1Z 3074166743VI,ACC#00001,27563783.30,DR,2023-01-13,2023-01-14,BenchRec_cash_v1.0_train.csv,104315
V284565460817866,4000000.0000,USD,2023-02-03T00:00:00Z,CREDIT,,"BenchRec production-derived, obfuscated source side B",348718577966,V284565460817866 8135666752VI,ACC#00001,4000000.00,DR,2023-02-03,2023-02-04,BenchRec_cash_v1.0_train.csv,122233
32566J5E8S,18835.4900,USD,2023-01-19T00:00:00Z,CREDIT,,"BenchRec production-derived, obfuscated source side B",349748358300,32566J5E8S 0611266720VI,ACC#00001,18835.49,DR,2023-01-19,2023-01-20,BenchRec_cash_v1.0_train.csv,109183
V635593467581334,740080.0000,USD,2023-02-19T00:00:00Z,DEBIT,,"BenchRec production-derived, obfuscated source side B",350628929468,V635593467581334 1876866161VI,ACC#00001,-740080.00,CR,2023-02-19,2023-02-20,BenchRec_cash_v1.0_train.csv,136685
322756AL61897832,4241.6100,USD,2023-01-19T00:00:00Z,DEBIT,,"BenchRec production-derived, obfuscated source side B",351466454802,322756AL61897832 1028766727VI,ACC#00001,-4241.61,CR,2023-01-19,2023-01-20,BenchRec_cash_v1.0_train.csv,109661
VOLERY,113000.0000,USD,2023-02-18T00:00:00Z,DEBIT,,"BenchRec production-derived, obfuscated source side B",351638077466,VOLERY 3360195666FP,ACC#00001,-113000.00,CR,2023-02-18,2023-02-19,BenchRec_cash_v1.0_train.csv,136235
VOLERY,149371.9400,USD,2023-03-04T00:00:00Z,CREDIT,,"BenchRec production-derived, obfuscated source side B",351925856352,VOLERY 3355873666FP,ACC#00001,149371.94,DR,2023-03-04,2023-03-05,BenchRec_cash_v1.0_train.csv,148886
62094462,41000000.0000,USD,2023-01-27T00:00:00Z,DEBIT,,"BenchRec production-derived, obfuscated source side B",35236405679,62094462 2462366756VI,ACC#00001,-41000000.00,CR,2023-01-27,2023-01-28,BenchRec_cash_v1.0_train.csv,117000
VOLERY,1192924.6400,USD,2023-02-23T00:00:00Z,DEBIT,,"BenchRec production-derived, obfuscated source side B",352391882448,VOLERY 3310385666FP,ACC#00001,-1192924.64,CR,2023-02-23,2023-02-24,BenchRec_cash_v1.0_train.csv,140621
322746AL68125018,219034.4000,USD,2023-02-25T00:00:00Z,DEBIT,,"BenchRec production-derived, obfuscated source side B",35271636267,322746AL68125018 5232466165VI,ACC#00001,-219034.40,CR,2023-02-25,2023-02-26,BenchRec_cash_v1.0_train.csv,144117
322746AL68111599,1327464.5200,USD,2023-01-13T00:00:00Z,DEBIT,,"BenchRec production-derived, obfuscated source side B",352949546026,322746AL68111599 3070366743VI,ACC#00001,-1327464.52,CR,2023-01-13,2023-01-14,BenchRec_cash_v1.0_train.csv,104916
322756AL61368591,72847.3300,USD,2023-01-05T00:00:00Z,DEBIT,,"BenchRec production-derived, obfuscated source side B",353692572368,322756AL61368591 0307266735VI,ACC#00001,-72847.33,CR,2023-01-05,2023-01-06,BenchRec_cash_v1.0_train.csv,97155
MG12954888L600MK,1703577.9000,USD,2023-01-18T00:00:00Z,CREDIT,,"BenchRec production-derived, obfuscated source side B",354127718028,MG12954888L600MK 3671666745VI,ACC#00001,1703577.90,DR,2023-01-18,2023-01-19,BenchRec_cash_v1.0_train.csv,107875
VOLERY,261993.7700,USD,2023-01-19T00:00:00Z,CREDIT,,"BenchRec production-derived, obfuscated source side B",354693806297,VOLERY 3724705666FP,ACC#00001,261993.77,DR,2023-01-19,2023-01-20,BenchRec_cash_v1.0_train.csv,109475
VOLERY,58733222.3000,USD,2023-01-18T00:00:00Z,DEBIT,,"BenchRec production-derived, obfuscated source side B",354856514780,VOLERY 3744915666FP,ACC#00001,-58733222.30,CR,2023-01-18,2023-01-19,BenchRec_cash_v1.0_train.csv,107955
V321891667115015,3233091.6700,USD,2023-01-13T00:00:00Z,DEBIT,,"BenchRec production-derived, obfuscated source side B",355022102220,V321891667115015 4439766744VI,ACC#00001,-3233091.67,CR,2023-01-13,2023-01-14,BenchRec_cash_v1.0_train.csv,104567
V153389677010273,368087.1100,USD,2023-02-10T00:00:00Z,CREDIT,,"BenchRec production-derived, obfuscated source side B",357777281214,V153389677010273 3780066798VI,ACC#00001,368087.11,DR,2023-02-10,2023-02-11,BenchRec_cash_v1.0_train.csv,128244
VOLERY,39007665.0000,USD,2023-02-02T00:00:00Z,CREDIT,,"BenchRec production-derived, obfuscated source side B",357845243522,VOLERY 3156174666FP,ACC#00001,39007665.00,DR,2023-02-02,2023-02-03,BenchRec_cash_v1.0_train.csv,120121
VOLERY,385940.0000,USD,2023-01-08T00:00:00Z,DEBIT,,"BenchRec production-derived, obfuscated source side B",358019370266,VOLERY 1737366740VI,ACC#00001,-385940.00,CR,2023-01-08,2023-01-09,BenchRec_cash_v1.0_train.csv,100331
V356501530317291,780000.0000,USD,2023-02-04T00:00:00Z,CREDIT,,"BenchRec production-derived, obfuscated source side B",359142983824,V356501530317291 5425966755VI,ACC#00001,780000.00,DR,2023-02-04,2023-02-05,BenchRec_cash_v1.0_train.csv,123554
V347264060246830,3016261.6000,USD,2023-01-11T00:00:00Z,DEBIT,,"BenchRec production-derived, obfuscated source side B",359316159646,V347264060246830 5532766748VI,ACC#00001,-3016261.60,CR,2023-01-11,2023-01-12,BenchRec_cash_v1.0_train.csv,102282
VOLERY,3641140.0000,USD,2023-03-04T00:00:00Z,CREDIT,,"BenchRec production-derived, obfuscated source side B",359890301120,VOLERY 3359216666FP,ACC#00001,3641140.00,DR,2023-03-04,2023-03-05,BenchRec_cash_v1.0_train.csv,148172
VOLERY,5941300.0000,USD,2023-02-15T00:00:00Z,CREDIT,,"BenchRec production-derived, obfuscated source side B",360424836384,VOLERY 3820881666FP,ACC#00001,5941300.00,DR,2023-02-15,2023-02-16,BenchRec_cash_v1.0_train.csv,132319
32566J6RFN,238793.0600,USD,2023-01-07T00:00:00Z,CREDIT,,"BenchRec production-derived, obfuscated source side B",362155215126,32566J6RFN 2123866739VI,ACC#00001,238793.06,DR,2023-01-07,2023-01-08,BenchRec_cash_v1.0_train.csv,99306
325746BW68131621,217783.6400,USD,2023-01-12T00:00:00Z,DEBIT,,"BenchRec production-derived, obfuscated source side B",362999349943,325746BW68131621 8697466743VI,ACC#00001,-217783.64,CR,2023-01-12,2023-01-13,BenchRec_cash_v1.0_train.csv,103175
VOLERY,93800.3300,USD,2023-02-09T00:00:00Z,DEBIT,,"BenchRec production-derived, obfuscated source side B",36398281653,VOLERY 3817706666FP,ACC#00001,-93800.33,CR,2023-02-09,2023-02-10,BenchRec_cash_v1.0_train.csv,127457
VOLERY,1184000.0000,USD,2023-02-25T00:00:00Z,CREDIT,,"BenchRec production-derived, obfuscated source side B",364058402691,VOLERY 3336612666FP,ACC#00001,1184000.00,DR,2023-02-25,2023-02-26,BenchRec_cash_v1.0_train.csv,143449
322756AL61844924,10.8500,USD,2023-01-13T00:00:00Z,DEBIT,,"BenchRec production-derived, obfuscated source side B",364356698277,322756AL61844924 2377166744VI,ACC#00001,-10.85,CR,2023-01-13,2023-01-14,BenchRec_cash_v1.0_train.csv,104579
V363517360811038,1000000.0000,USD,2023-01-04T00:00:00Z,CREDIT,,"BenchRec production-derived, obfuscated source side B",368107642879,V363517360811038 4750266732VI,ACC#00001,1000000.00,DR,2023-01-04,2023-01-05,BenchRec_cash_v1.0_train.csv,95997
MG47760820M600MK,9959592.4900,USD,2023-03-04T00:00:00Z,CREDIT,,"BenchRec production-derived, obfuscated source side B",368268967645,MG47760820M600MK 3763666103VI,ACC#00001,9959592.49,DR,2023-03-04,2023-03-05,BenchRec_cash_v1.0_train.csv,148966
BAIS528,18250.0000,USD,2023-01-26T00:00:00Z,DEBIT,,"BenchRec production-derived, obfuscated source side B",368900482367,BAIS528 1187466729VI,ACC#00001,-18250.00,CR,2023-01-26,2023-01-27,BenchRec_cash_v1.0_train.csv,115291
VOLERY,59428113.8700,USD,2023-01-21T00:00:00Z,DEBIT,,"BenchRec production-derived, obfuscated source side B",370892925188,VOLERY 3799512666FP,ACC#00001,-59428113.87,CR,2023-01-21,2023-01-22,BenchRec_cash_v1.0_train.csv,112371
VOLERY,4682588.9000,USD,2023-02-09T00:00:00Z,CREDIT,,"BenchRec production-derived, obfuscated source side B",371633640608,VOLERY 3810962666FP,ACC#00001,4682588.90,DR,2023-02-09,2023-02-10,BenchRec_cash_v1.0_train.csv,127397
IYO9126666759397,549591.0000,USD,2023-01-05T00:00:00Z,CREDIT,,"BenchRec production-derived, obfuscated source side B",374763426563,IYO9126666759397 7040766735VI,ACC#00001,549591.00,DR,2023-01-05,2023-01-06,BenchRec_cash_v1.0_train.csv,96735
VOLERY,2716460.0000,USD,2023-02-19T00:00:00Z,CREDIT,,"BenchRec production-derived, obfuscated source side B",375180830071,VOLERY 3369468666FP,ACC#00001,2716460.00,DR,2023-02-19,2023-02-20,BenchRec_cash_v1.0_train.csv,136775
VOLERY,2644890.0000,USD,2023-02-22T00:00:00Z,CREDIT,,"BenchRec production-derived, obfuscated source side B",375771374865,VOLERY 3377619666FP,ACC#00001,2644890.00,DR,2023-02-22,2023-02-23,BenchRec_cash_v1.0_train.csv,139961
VOLERY,572135.3700,USD,2023-01-20T00:00:00Z,DEBIT,,"BenchRec production-derived, obfuscated source side B",375783510338,VOLERY 3752848666FP,ACC#00001,-572135.37,CR,2023-01-20,2023-01-21,BenchRec_cash_v1.0_train.csv,111031
UVA9126666790206,147520403.0000,USD,2023-01-12T00:00:00Z,DEBIT,,"BenchRec production-derived, obfuscated source side B",376249078623,UVA9126666790206 9675066743FW,ACC#00001,-147520403.00,CR,2023-01-12,2023-01-13,BenchRec_cash_v1.0_train.csv,103643
VOLERY,116636.4000,USD,2023-01-29T00:00:00Z,CREDIT,,"BenchRec production-derived, obfuscated source side B",377665844600,VOLERY 3146288666FP,ACC#00001,116636.40,DR,2023-01-29,2023-01-30,BenchRec_cash_v1.0_train.csv,118999
VOLERY,50604778.1700,USD,2023-02-24T00:00:00Z,CREDIT,,"BenchRec production-derived, obfuscated source side B",377762320701,VOLERY 3380548666FP,ACC#00001,50604778.17,DR,2023-02-24,2023-02-25,BenchRec_cash_v1.0_train.csv,141581
V048720066986939,2000000.0000,USD,2023-03-04T00:00:00Z,DEBIT,,"BenchRec production-derived, obfuscated source side B",378602037312,V048720066986939 2870666104VI,ACC#00001,-2000000.00,CR,2023-03-04,2023-03-05,BenchRec_cash_v1.0_train.csv,147837
VOLERY,13934725.5300,USD,2023-02-05T00:00:00Z,DEBIT,,"BenchRec production-derived, obfuscated source side B",37936640227,VOLERY 3806448666FP,ACC#00001,-13934725.53,CR,2023-02-05,2023-02-06,BenchRec_cash_v1.0_train.csv,124334
VOLERY,209664.5000,USD,2023-01-12T00:00:00Z,CREDIT,,"BenchRec production-derived, obfuscated source side B",380921942216,VOLERY 3773944666FP,ACC#00001,209664.50,DR,2023-01-12,2023-01-13,BenchRec_cash_v1.0_train.csv,103402
64236254,2404000000.0000,USD,2023-01-21T00:00:00Z,DEBIT,,"BenchRec production-derived, obfuscated source side B",381584072220,64236254 7051166728VI,ACC#00001,-2404000000.00,CR,2023-01-21,2023-01-22,BenchRec_cash_v1.0_train.csv,111210
VOLERY,51774.3000,USD,2023-01-14T00:00:00Z,CREDIT,,"BenchRec production-derived, obfuscated source side B",382697319093,VOLERY 3783224666FP,ACC#00001,51774.30,DR,2023-01-14,2023-01-15,BenchRec_cash_v1.0_train.csv,105834
VOLERY,73966.0800,USD,2023-02-26T00:00:00Z,CREDIT,,"BenchRec production-derived, obfuscated source side B",384300242591,VOLERY 3339911666FP,ACC#00001,73966.08,DR,2023-02-26,2023-02-27,BenchRec_cash_v1.0_train.csv,144282
GYNOMONOECISM,4656347.3800,USD,2023-02-11T00:00:00Z,CREDIT,,"BenchRec production-derived, obfuscated source side B",384496470125,GYNOMONOECISM 6620766793VI,ACC#00001,4656347.38,DR,2023-02-11,2023-02-12,BenchRec_cash_v1.0_train.csv,129637
VOLERY,169830.3000,USD,2023-02-11T00:00:00Z,CREDIT,,"BenchRec production-derived, obfuscated source side B",384883553379,VOLERY 3836185666FP,ACC#00001,169830.30,DR,2023-02-11,2023-02-12,BenchRec_cash_v1.0_train.csv,129672
V246278160133924,1262575.6500,USD,2023-02-04T00:00:00Z,DEBIT,,"BenchRec production-derived, obfuscated source side B",387618838549,V246278160133924 9072266755VI,ACC#00001,-1262575.65,CR,2023-02-04,2023-02-05,BenchRec_cash_v1.0_train.csv,123152
VOLERY,110339.8700,USD,2023-01-19T00:00:00Z,CREDIT,,"BenchRec production-derived, obfuscated source side B",387943855584,VOLERY 3724707666FP,ACC#00001,110339.87,DR,2023-01-19,2023-01-20,BenchRec_cash_v1.0_train.csv,109503
VOLERY,1905450.8100,USD,2023-01-04T00:00:00Z,DEBIT,,"BenchRec production-derived, obfuscated source side B",388332987949,VOLERY 3048690666FP,ACC#00001,-1905450.81,CR,2023-01-04,2023-01-05,BenchRec_cash_v1.0_train.csv,94790
VOLERY,34270716.0100,USD,2023-01-22T00:00:00Z,CREDIT,,"BenchRec production-derived, obfuscated source side B",389545715481,VOLERY 3100087666FP,ACC#00001,34270716.01,DR,2023-01-22,2023-01-23,BenchRec_cash_v1.0_train.csv,112838
32566RHLG8,7043.0000,USD,2023-02-10T00:00:00Z,CREDIT,,"BenchRec production-derived, obfuscated source side B",389695496650,32566RHLG8 3903766798VI,ACC#00001,7043.00,DR,2023-02-10,2023-02-11,BenchRec_cash_v1.0_train.csv,127845
VOLERY,171316.1900,USD,2023-03-02T00:00:00Z,DEBIT,,"BenchRec production-derived, obfuscated source side B",391854051315,VOLERY 3356892666FP,ACC#00001,-171316.19,CR,2023-03-02,2023-03-03,BenchRec_cash_v1.0_train.csv,146824
VOLERY,840855.0400,USD,2023-02-10T00:00:00Z,CREDIT,,"BenchRec production-derived, obfuscated source side B",392925069555,VOLERY 3886172666FP,ACC#00001,840855.04,DR,2023-02-10,2023-02-11,BenchRec_cash_v1.0_train.csv,128648
32566KA7J5,776.1500,USD,2023-01-25T00:00:00Z,CREDIT,,"BenchRec production-derived, obfuscated source side B",395101543276,32566KA7J5 9236466725VI,ACC#00001,776.15,DR,2023-01-25,2023-01-26,BenchRec_cash_v1.0_train.csv,114330
ICHTHYIZATION,1696324.0000,USD,2023-02-15T00:00:00Z,DEBIT,,"BenchRec production-derived, obfuscated source side B",39517036668,ICHTHYIZATION 8047666799XD,ACC#00001,-1696324.00,CR,2023-02-15,2023-02-16,BenchRec_cash_v1.0_train.csv,131961
VOLERY,21831267.0400,USD,2023-01-19T00:00:00Z,DEBIT,,"BenchRec production-derived, obfuscated source side B",395606377991,VOLERY 3724356666FP,ACC#00001,-21831267.04,CR,2023-01-19,2023-01-20,BenchRec_cash_v1.0_train.csv,108803
07166J3MK2,2175346.0000,USD,2023-01-15T00:00:00Z,CREDIT,,"BenchRec production-derived, obfuscated source side B",397501312556,07166J3MK2 3781066745VI,ACC#00001,2175346.00,DR,2023-01-15,2023-01-16,BenchRec_cash_v1.0_train.csv,106931
VOLERY,429405.1600,USD,2023-01-08T00:00:00Z,CREDIT,,"BenchRec production-derived, obfuscated source side B",398026563690,VOLERY 3763288666FP,ACC#00001,429405.16,DR,2023-01-08,2023-01-09,BenchRec_cash_v1.0_train.csv,100410
VOLERY,13317000.0000,USD,2023-01-27T00:00:00Z,DEBIT,,"BenchRec production-derived, obfuscated source side B",398187289881,VOLERY 3180135666FP,ACC#00001,-13317000.00,CR,2023-01-27,2023-01-28,BenchRec_cash_v1.0_train.csv,116405
VOLERY,21783000.0000,USD,2023-02-25T00:00:00Z,CREDIT,,"BenchRec production-derived, obfuscated source side B",398231953541,VOLERY 3330257666FP,ACC#00001,21783000.00,DR,2023-02-25,2023-02-26,BenchRec_cash_v1.0_train.csv,144062
32566J2MLY,116804.9200,USD,2023-01-15T00:00:00Z,CREDIT,,"BenchRec production-derived, obfuscated source side B",400215722364,32566J2MLY 3242466745VI,ACC#00001,116804.92,DR,2023-01-15,2023-01-16,BenchRec_cash_v1.0_train.csv,107425
6178466798RN,1198159.9000,USD,2023-02-10T00:00:00Z,CREDIT,,"BenchRec production-derived, obfuscated source side B",400319936882,6178466798RN 6178466798RN,ACC#00001,1198159.90,DR,2023-02-10,2023-02-11,BenchRec_cash_v1.0_train.csv,128544
32566WI2IK,4865.1700,USD,2023-01-27T00:00:00Z,CREDIT,,"BenchRec production-derived, obfuscated source side B",400886058656,32566WI2IK 2113966756VI,ACC#00001,4865.17,DR,2023-01-27,2023-01-28,BenchRec_cash_v1.0_train.csv,116762
VOLERY,23423.8800,USD,2023-02-08T00:00:00Z,DEBIT,,"BenchRec production-derived, obfuscated source side B",401526237356,VOLERY 3877105666FP,ACC#00001,-23423.88,CR,2023-02-08,2023-02-09,BenchRec_cash_v1.0_train.csv,125706
VOLERY,10423453.3700,USD,2023-01-08T00:00:00Z,DEBIT,,"BenchRec production-derived, obfuscated source side B",404748528851,VOLERY 3764440666FP,ACC#00001,-10423453.37,CR,2023-01-08,2023-01-09,BenchRec_cash_v1.0_train.csv,100797
322746AL68139077,188704.1400,USD,2023-01-07T00:00:00Z,DEBIT,,"BenchRec production-derived, obfuscated source side B",408093467714,322746AL68139077 2157366739VI,ACC#00001,-188704.14,CR,2023-01-07,2023-01-08,BenchRec_cash_v1.0_train.csv,98939
VIP9126666799187,13646300.0000,USD,2023-02-04T00:00:00Z,CREDIT,,"BenchRec production-derived, obfuscated source side B",40874412103,VIP9126666799187 6031666755VI,ACC#00001,13646300.00,DR,2023-02-04,2023-02-05,BenchRec_cash_v1.0_train.csv,122929
VOLERY,53178131.8700,USD,2023-03-05T00:00:00Z,DEBIT,,"BenchRec production-derived, obfuscated source side B",408861545698,VOLERY 3395828666FP,ACC#00001,-53178131.87,CR,2023-03-05,2023-03-07,BenchRec_cash_v1.0_train.csv,149473
32566RIJ9S,99311.1200,USD,2023-01-28T00:00:00Z,CREDIT,,"BenchRec production-derived, obfuscated source side B",409620888745,32566RIJ9S 5276366756VI,ACC#00001,99311.12,DR,2023-01-28,2023-01-29,BenchRec_cash_v1.0_train.csv,117495
VOLERY,531691.1400,USD,2023-02-04T00:00:00Z,DEBIT,,"BenchRec production-derived, obfuscated source side B",409751197808,VOLERY 3199536666FP,ACC#00001,-531691.14,CR,2023-02-04,2023-02-05,BenchRec_cash_v1.0_train.csv,122775
322746AL68123343,9.6300,USD,2023-02-18T00:00:00Z,DEBIT,,"BenchRec production-derived, obfuscated source side B",411951436042,322746AL68123343 2319566160VI,ACC#00001,-9.63,CR,2023-02-18,2023-02-19,BenchRec_cash_v1.0_train.csv,135867
VOLERY,3100.0000,USD,2023-02-03T00:00:00Z,CREDIT,,"BenchRec production-derived, obfuscated source side B",412229337297,VOLERY 3155927666FP,ACC#00001,3100.00,DR,2023-02-03,2023-02-04,BenchRec_cash_v1.0_train.csv,128718
V405687300517415,136405.0000,USD,2023-01-08T00:00:00Z,CREDIT,,"BenchRec production-derived, obfuscated source side B",414011916408,V405687300517415 1681866740VI,ACC#00001,136405.00,DR,2023-01-08,2023-01-09,BenchRec_cash_v1.0_train.csv,100313
32566RY50G,2102559.2800,USD,2023-01-22T00:00:00Z,CREDIT,,"BenchRec production-derived, obfuscated source side B",414104623668,32566RY50G 3697766723VI,ACC#00001,2102559.28,DR,2023-01-22,2023-01-23,BenchRec_cash_v1.0_train.csv,113214
VOLERY,923973.9200,USD,2023-03-05T00:00:00Z,CREDIT,,"BenchRec production-derived, obfuscated source side B",414804107707,VOLERY 3399856666FP,ACC#00001,923973.92,DR,2023-03-05,2023-03-07,BenchRec_cash_v1.0_train.csv,149553
008794680-767-0,25789.2000,USD,2023-01-25T00:00:00Z,CREDIT,,"BenchRec production-derived, obfuscated source side B",416130121649,008794680-767-0 9733466725VI,ACC#00001,25789.20,DR,2023-01-25,2023-01-26,BenchRec_cash_v1.0_train.csv,113731
VOLERY,92464.4000,USD,2023-01-11T00:00:00Z,CREDIT,,"BenchRec production-derived, obfuscated source side B",41708007649,VOLERY 3704638666FP,ACC#00001,92464.40,DR,2023-01-11,2023-01-12,BenchRec_cash_v1.0_train.csv,101462
VOLERY,43946733.7000,USD,2023-01-05T00:00:00Z,DEBIT,,"BenchRec production-derived, obfuscated source side B",417941662521,VOLERY 3023721666FP,ACC#00001,-43946733.70,CR,2023-01-05,2023-01-06,BenchRec_cash_v1.0_train.csv,97197
VOLERY,50511960.1700,USD,2023-02-16T00:00:00Z,CREDIT,,"BenchRec production-derived, obfuscated source side B",418314013701,VOLERY 3850032666FP,ACC#00001,50511960.17,DR,2023-02-16,2023-02-17,BenchRec_cash_v1.0_train.csv,132816
69HYJJ62513,31264.2300,USD,2023-02-03T00:00:00Z,DEBIT,,"BenchRec production-derived, obfuscated source side B",419074700574,69HYJJ62513 8956866752XD,ACC#00001,-31264.23,CR,2023-02-03,2023-02-04,BenchRec_cash_v1.0_train.csv,121790
VOLERY,33350000.0000,USD,2023-01-20T00:00:00Z,CREDIT,,"BenchRec production-derived, obfuscated source side B",422521570008,VOLERY 3755337666FP,ACC#00001,33350000.00,DR,2023-01-20,2023-01-21,BenchRec_cash_v1.0_train.csv,110503
VOLERY,10807514.2400,USD,2023-01-28T00:00:00Z,CREDIT,,"BenchRec production-derived, obfuscated source side B",422879785693,VOLERY 3136939666FP,ACC#00001,10807514.24,DR,2023-01-28,2023-01-29,BenchRec_cash_v1.0_train.csv,117805
322746AL68148418,78636.0000,USD,2023-01-21T00:00:00Z,DEBIT,,"BenchRec production-derived, obfuscated source side B",423087937934,322746AL68148418 9183166721VI,ACC#00001,-78636.00,CR,2023-01-21,2023-01-22,BenchRec_cash_v1.0_train.csv,112396
VOLERY,1085261.8700,USD,2023-01-01T00:00:00Z,CREDIT,,"BenchRec production-derived, obfuscated source side B",423691177776,VOLERY 3033078666FP,ACC#00001,1085261.87,DR,2023-01-01,2023-01-02,BenchRec_cash_v1.0_train.csv,94113
VOLERY,5872100.0000,USD,2023-02-18T00:00:00Z,DEBIT,,"BenchRec production-derived, obfuscated source side B",42372465771,VOLERY 3360129666FP,ACC#00001,-5872100.00,CR,2023-02-18,2023-02-19,BenchRec_cash_v1.0_train.csv,135597
32566J5DL8,161727.2900,USD,2023-01-19T00:00:00Z,CREDIT,,"BenchRec production-derived, obfuscated source side B",424348481737,32566J5DL8 1051566727VI,ACC#00001,161727.29,DR,2023-01-19,2023-01-20,BenchRec_cash_v1.0_train.csv,108929
VOLERY,5424465.6900,USD,2023-02-10T00:00:00Z,CREDIT,,"BenchRec production-derived, obfuscated source side B",425403520165,VOLERY 3886110666FP,ACC#00001,5424465.69,DR,2023-02-10,2023-02-11,BenchRec_cash_v1.0_train.csv,128712
VOLERY,58062258.0000,USD,2023-02-16T00:00:00Z,CREDIT,,"BenchRec production-derived, obfuscated source side B",426090881376,VOLERY 3850014666FP,ACC#00001,58062258.00,DR,2023-02-16,2023-02-17,BenchRec_cash_v1.0_train.csv,133731
32566REJD9,359429.0300,USD,2023-02-12T00:00:00Z,CREDIT,,"BenchRec production-derived, obfuscated source side B",428398499535,32566REJD9 7898566794VI,ACC#00001,359429.03,DR,2023-02-12,2023-02-13,BenchRec_cash_v1.0_train.csv,130717
322756AL61370656,7876.1200,USD,2023-03-01T00:00:00Z,DEBIT,,"BenchRec production-derived, obfuscated source side B",428748266186,322756AL61370656 5567666101VI,ACC#00001,-7876.12,CR,2023-03-01,2023-03-02,BenchRec_cash_v1.0_train.csv,145560
VOLERY,173780.0000,USD,2023-01-01T00:00:00Z,CREDIT,,"BenchRec production-derived, obfuscated source side B",429099799910,VOLERY 3033701666FP,ACC#00001,173780.00,DR,2023-01-01,2023-01-02,BenchRec_cash_v1.0_train.csv,93870
AHT9126666166401,32876559.0000,USD,2023-02-09T00:00:00Z,DEBIT,,"BenchRec production-derived, obfuscated source side B",429127548493,AHT9126666166401 8483266791XD,ACC#00001,-32876559.00,CR,2023-02-09,2023-02-10,BenchRec_cash_v1.0_train.csv,126841
322746BW64663996,730745.3600,USD,2023-03-04T00:00:00Z,DEBIT,,"BenchRec production-derived, obfuscated source side B",430073373682,322746BW64663996 8042966108VI,ACC#00001,-730745.36,CR,2023-03-04,2023-03-05,BenchRec_cash_v1.0_train.csv,148598
7084221683,52790428.8700,USD,2023-01-05T00:00:00Z,CREDIT,,"BenchRec production-derived, obfuscated source side B",430986593281,7084221683 7002366735VI,ACC#00001,52790428.87,DR,2023-01-05,2023-01-06,BenchRec_cash_v1.0_train.csv,96832
32566RL11M,64439.7700,USD,2023-02-04T00:00:00Z,CREDIT,,"BenchRec production-derived, obfuscated source side B",431301789694,32566RL11M 2118766752VI,ACC#00001,64439.77,DR,2023-02-04,2023-02-05,BenchRec_cash_v1.0_train.csv,122509
VOLERY,3183449.0000,USD,2023-01-01T00:00:00Z,DEBIT,,"BenchRec production-derived, obfuscated source side B",431992621519,VOLERY 2135066738FW,ACC#00001,-3183449.00,CR,2023-01-01,2023-01-02,BenchRec_cash_v1.0_train.csv,97032
VOLERY,50287.2500,USD,2023-02-22T00:00:00Z,CREDIT,,"BenchRec production-derived, obfuscated source side B",432250063870,VOLERY 3376439666FP,ACC#00001,50287.25,DR,2023-02-22,2023-02-23,BenchRec_cash_v1.0_train.csv,138984
VOLERY,91811.5000,USD,2023-02-23T00:00:00Z,DEBIT,,"BenchRec production-derived, obfuscated source side B",432683482059,VOLERY 3317200666FP,ACC#00001,-91811.50,CR,2023-02-23,2023-02-24,BenchRec_cash_v1.0_train.csv,140595
VOLERY,1454878.8300,USD,2023-01-06T00:00:00Z,CREDIT,,"BenchRec production-derived, obfuscated source side B",43365193577,VOLERY 3054246666FP,ACC#00001,1454878.83,DR,2023-01-06,2023-01-07,BenchRec_cash_v1.0_train.csv,98125
V449058366318106,2000000.0000,USD,2023-01-25T00:00:00Z,CREDIT,,"BenchRec production-derived, obfuscated source side B",435558433052,V449058366318106 5314666725VI,ACC#00001,2000000.00,DR,2023-01-25,2023-01-26,BenchRec_cash_v1.0_train.csv,114117
VOLERY,1736585.3600,USD,2023-02-05T00:00:00Z,DEBIT,,"BenchRec production-derived, obfuscated source side B",436423321143,VOLERY 3807043666FP,ACC#00001,-1736585.36,CR,2023-02-05,2023-02-06,BenchRec_cash_v1.0_train.csv,124401
VOLERY,55931.4800,USD,2023-01-29T00:00:00Z,CREDIT,,"BenchRec production-derived, obfuscated source side B",436462077931,VOLERY 3139191666FP,ACC#00001,55931.48,DR,2023-01-29,2023-01-30,BenchRec_cash_v1.0_train.csv,119280
VOLERY,11761603.0000,USD,2023-01-15T00:00:00Z,CREDIT,,"BenchRec production-derived, obfuscated source side B",437481503451,VOLERY 3732240666FP,ACC#00001,11761603.00,DR,2023-01-15,2023-01-16,BenchRec_cash_v1.0_train.csv,107393
VOLERY,2058900.0000,USD,2023-02-18T00:00:00Z,DEBIT,,"BenchRec production-derived, obfuscated source side B",43778923308,VOLERY 3360181666FP,ACC#00001,-2058900.00,CR,2023-02-18,2023-02-19,BenchRec_cash_v1.0_train.csv,135630
VOLERY,13277071.4700,USD,2023-02-24T00:00:00Z,CREDIT,,"BenchRec production-derived, obfuscated source side B",43818780901,VOLERY 3386322666FP,ACC#00001,13277071.47,DR,2023-02-24,2023-02-25,BenchRec_cash_v1.0_train.csv,142424
32566RPTBK,468282.9300,USD,2023-02-23T00:00:00Z,CREDIT,,"BenchRec production-derived, obfuscated source side B",438225523777,32566RPTBK 1867966162VI,ACC#00001,468282.93,DR,2023-02-23,2023-02-24,BenchRec_cash_v1.0_train.csv,140275
322756AL61317045,551412.3200,USD,2023-02-10T00:00:00Z,DEBIT,,"BenchRec production-derived, obfuscated source side B",438898014812,322756AL61317045 1952966791VI,ACC#00001,-551412.32,CR,2023-02-10,2023-02-11,BenchRec_cash_v1.0_train.csv,128484
V379204860310149,2000000.0000,USD,2023-01-05T00:00:00Z,CREDIT,,"BenchRec production-derived, obfuscated source side B",441299829959,V379204860310149 6030066735VI,ACC#00001,2000000.00,DR,2023-01-05,2023-01-06,BenchRec_cash_v1.0_train.csv,96438
VOLERY,34500.0000,USD,2023-03-01T00:00:00Z,CREDIT,,"BenchRec production-derived, obfuscated source side B",441519022193,VOLERY 3349876666FP,ACC#00001,34500.00,DR,2023-03-01,2023-03-02,BenchRec_cash_v1.0_train.csv,145859
OL07726,1688179.6400,USD,2023-02-15T00:00:00Z,CREDIT,,"BenchRec production-derived, obfuscated source side B",442036785852,OL07726 8075066794VI,ACC#00001,1688179.64,DR,2023-02-15,2023-02-16,BenchRec_cash_v1.0_train.csv,131909
VOLERY,21583259.5000,USD,2023-02-19T00:00:00Z,DEBIT,,"BenchRec production-derived, obfuscated source side B",443578103463,VOLERY 3306656666FP,ACC#00001,-21583259.50,CR,2023-02-19,2023-02-20,BenchRec_cash_v1.0_train.csv,136722
VOLERY,103775.5300,USD,2023-01-28T00:00:00Z,CREDIT,,"BenchRec production-derived, obfuscated source side B",443989025475,VOLERY 3189306666FP,ACC#00001,103775.53,DR,2023-01-28,2023-01-29,BenchRec_cash_v1.0_train.csv,117772
VOLERY,22767257.5500,USD,2023-03-02T00:00:00Z,CREDIT,,"BenchRec production-derived, obfuscated source side B",44719748531,VOLERY 3356644666FP,ACC#00001,22767257.55,DR,2023-03-02,2023-03-03,BenchRec_cash_v1.0_train.csv,147665
32566RBBII,44800.2000,USD,2023-02-25T00:00:00Z,CREDIT,,"BenchRec production-derived, obfuscated source side B",448358439856,32566RBBII 0811166169VI,ACC#00001,44800.20,DR,2023-02-25,2023-02-26,BenchRec_cash_v1.0_train.csv,143825
VOLERY,39965052.4800,USD,2023-02-11T00:00:00Z,DEBIT,,"BenchRec production-derived, obfuscated source side B",449192668176,VOLERY 3836509666FP,ACC#00001,-39965052.48,CR,2023-02-11,2023-02-12,BenchRec_cash_v1.0_train.csv,129187
322746AL68790810,1233.3600,USD,2023-01-20T00:00:00Z,DEBIT,,"BenchRec production-derived, obfuscated source side B",449549193296,322746AL68790810 5009666721VI,ACC#00001,-1233.36,CR,2023-01-20,2023-01-21,BenchRec_cash_v1.0_train.csv,109890
32566RPQG4,2360.2000,USD,2023-02-23T00:00:00Z,CREDIT,,"BenchRec production-derived, obfuscated source side B",450082111759,32566RPQG4 0072966164VI,ACC#00001,2360.20,DR,2023-02-23,2023-02-24,BenchRec_cash_v1.0_train.csv,140862
322746AL68150433,1242044.3000,USD,2023-03-04T00:00:00Z,DEBIT,,"BenchRec production-derived, obfuscated source side B",450464701618,322746AL68150433 8028166108VI,ACC#00001,-1242044.30,CR,2023-03-04,2023-03-05,BenchRec_cash_v1.0_train.csv,149002
VOLERY,60125.8100,USD,2023-01-18T00:00:00Z,DEBIT,,"BenchRec production-derived, obfuscated source side B",45060592854,VOLERY 3745653666FP,ACC#00001,-60125.81,CR,2023-01-18,2023-01-19,BenchRec_cash_v1.0_train.csv,108278
008762152,126376.0000,USD,2023-03-05T00:00:00Z,CREDIT,,"BenchRec production-derived, obfuscated source side B",451440635097,008762152 1770666102VI,ACC#00001,126376.00,DR,2023-03-05,2023-03-07,BenchRec_cash_v1.0_train.csv,149352
VOLERY,53263115.9200,USD,2023-02-18T00:00:00Z,DEBIT,,"BenchRec production-derived, obfuscated source side B",45459076721,VOLERY 3366015666FP,ACC#00001,-53263115.92,CR,2023-02-18,2023-02-19,BenchRec_cash_v1.0_train.csv,135042
322756AL61886533,3152.6000,USD,2023-02-18T00:00:00Z,DEBIT,,"BenchRec production-derived, obfuscated source side B",456094506894,322756AL61886533 9416866167VI,ACC#00001,-3152.60,CR,2023-02-18,2023-02-19,BenchRec_cash_v1.0_train.csv,135863
V329449337517755,1300000.0000,USD,2023-01-18T00:00:00Z,CREDIT,,"BenchRec production-derived, obfuscated source side B",456195827396,V329449337517755 5808866720VI,ACC#00001,1300000.00,DR,2023-01-18,2023-01-19,BenchRec_cash_v1.0_train.csv,108534
VOLERY,4372610.0000,USD,2023-01-28T00:00:00Z,DEBIT,,"BenchRec production-derived, obfuscated source side B",456297787278,VOLERY 3189928666FP,ACC#00001,-4372610.00,CR,2023-01-28,2023-01-29,BenchRec_cash_v1.0_train.csv,117737
VOLERY,32255400.5100,USD,2023-02-04T00:00:00Z,CREDIT,,"BenchRec production-derived, obfuscated source side B",456500302011,VOLERY 3860053666FP,ACC#00001,32255400.51,DR,2023-02-04,2023-02-05,BenchRec_cash_v1.0_train.csv,123163
37266J3928,2249.0000,USD,2023-01-11T00:00:00Z,CREDIT,,"BenchRec production-derived, obfuscated source side B",45703935292,37266J3928 6118266748VI,ACC#00001,2249.00,DR,2023-01-11,2023-01-12,BenchRec_cash_v1.0_train.csv,101417
32566RUQOI,52682.0000,USD,2023-02-18T00:00:00Z,CREDIT,,"BenchRec production-derived, obfuscated source side B",459050468127,32566RUQOI 2378666160VI,ACC#00001,52682.00,DR,2023-02-18,2023-02-19,BenchRec_cash_v1.0_train.csv,134998
322756AL61310102,5896.8200,USD,2023-02-02T00:00:00Z,DEBIT,,"BenchRec production-derived, obfuscated source side B",461813868937,322756AL61310102 4433266757VI,ACC#00001,-5896.82,CR,2023-02-02,2023-02-03,BenchRec_cash_v1.0_train.csv,120574
7084257509,42433739.3800,USD,2023-01-19T00:00:00Z,DEBIT,,"BenchRec production-derived, obfuscated source side B",46225455967,7084257509 8408666727VI,ACC#00001,-42433739.38,CR,2023-01-19,2023-01-20,BenchRec_cash_v1.0_train.csv,108679
595756VU61382368,46871500.0000,USD,2023-03-01T00:00:00Z,DEBIT,,"BenchRec production-derived, obfuscated source side B",464337539437,595756VU61382368 5123166101VI,ACC#00001,-46871500.00,CR,2023-03-01,2023-03-02,BenchRec_cash_v1.0_train.csv,146211
VOLERY,1136255.7800,USD,2023-02-02T00:00:00Z,DEBIT,,"BenchRec production-derived, obfuscated source side B",466027903961,VOLERY 3156707666FP,ACC#00001,-1136255.78,CR,2023-02-02,2023-02-03,BenchRec_cash_v1.0_train.csv,121011
VOLERY,5708318.4100,USD,2023-02-17T00:00:00Z,CREDIT,,"BenchRec production-derived, obfuscated source side B",466585597874,VOLERY 3890711666FP,ACC#00001,5708318.41,DR,2023-02-17,2023-02-18,BenchRec_cash_v1.0_train.csv,133920
VOLERY,21108125.0000,USD,2023-01-29T00:00:00Z,CREDIT,,"BenchRec production-derived, obfuscated source side B",468637669255,VOLERY 3146425666FP,ACC#00001,21108125.00,DR,2023-01-29,2023-01-30,BenchRec_cash_v1.0_train.csv,118881
V350598066310598,1278840.3700,USD,2023-02-25T00:00:00Z,CREDIT,,"BenchRec production-derived, obfuscated source side B",469849077139,V350598066310598 6628266169VI,ACC#00001,1278840.37,DR,2023-02-25,2023-02-26,BenchRec_cash_v1.0_train.csv,143187
V471009767917474,445110.0000,USD,2023-01-19T00:00:00Z,CREDIT,,"BenchRec production-derived, obfuscated source side B",470236169158,V471009767917474 7199266727VI,ACC#00001,445110.00,DR,2023-01-19,2023-01-20,BenchRec_cash_v1.0_train.csv,108953
008875991-767-0,42930.0000,USD,2023-01-29T00:00:00Z,CREDIT,,"BenchRec production-derived, obfuscated source side B",470452345606,008875991-767-0 8588666757VI,ACC#00001,42930.00,DR,2023-01-29,2023-01-30,BenchRec_cash_v1.0_train.csv,118789
VOLERY,399473.8800,USD,2023-01-22T00:00:00Z,DEBIT,,"BenchRec production-derived, obfuscated source side B",471076480285,VOLERY 3106837666FP,ACC#00001,-399473.88,CR,2023-01-22,2023-01-23,BenchRec_cash_v1.0_train.csv,113043
VOLERY,308444.4800,USD,2023-03-01T00:00:00Z,DEBIT,,"BenchRec production-derived, obfuscated source side B",471119879084,VOLERY 3320065666FP,ACC#00001,-308444.48,CR,2023-03-01,2023-03-02,BenchRec_cash_v1.0_train.csv,145534
VOLERY,6683500.0000,USD,2023-02-17T00:00:00Z,CREDIT,,"BenchRec production-derived, obfuscated source side B",471630929323,VOLERY 3859277666FP,ACC#00001,6683500.00,DR,2023-02-17,2023-02-18,BenchRec_cash_v1.0_train.csv,134483
322756AL61307130,536590.1400,USD,2023-02-05T00:00:00Z,DEBIT,,"BenchRec production-derived, obfuscated source side B",473076459307,322756AL61307130 8824366759VI,ACC#00001,-536590.14,CR,2023-02-05,2023-02-06,BenchRec_cash_v1.0_train.csv,124156
P624018760874121,3268182893.0000,USD,2023-02-03T00:00:00Z,CREDIT,,"BenchRec production-derived, obfuscated source side B",473427801237,P624018760874121 8045366752VI,ACC#00001,3268182893.00,DR,2023-02-03,2023-02-04,BenchRec_cash_v1.0_train.csv,121627
MG23445566M600YO,2206999.2800,USD,2023-01-22T00:00:00Z,CREDIT,,"BenchRec production-derived, obfuscated source side B",474358497044,MG23445566M600YO 1125166728KR,ACC#00001,2206999.28,DR,2023-01-22,2023-01-23,BenchRec_cash_v1.0_train.csv,113147
VOLERY,1188650.3300,USD,2023-01-01T00:00:00Z,CREDIT,,"BenchRec production-derived, obfuscated source side B",474784286156,VOLERY 3031495666FP,ACC#00001,1188650.33,DR,2023-01-01,2023-01-02,BenchRec_cash_v1.0_train.csv,93909
VOLERY,49075.0000,USD,2023-02-26T00:00:00Z,CREDIT,,"BenchRec production-derived, obfuscated source side B",476741759581,VOLERY 3339552666FP,ACC#00001,49075.00,DR,2023-02-26,2023-02-27,BenchRec_cash_v1.0_train.csv,144468
VOLERY,169248.2500,USD,2023-01-07T00:00:00Z,CREDIT,,"BenchRec production-derived, obfuscated source side B",476897664192,VOLERY 3093311666FP,ACC#00001,169248.25,DR,2023-01-07,2023-01-08,BenchRec_cash_v1.0_train.csv,99081
VOLERY,368631.8400,USD,2023-02-25T00:00:00Z,DEBIT,,"BenchRec production-derived, obfuscated source side B",477689961632,VOLERY 3336420666FP,ACC#00001,-368631.84,CR,2023-02-25,2023-02-26,BenchRec_cash_v1.0_train.csv,143777
VOLERY,4394469.8300,USD,2023-01-01T00:00:00Z,CREDIT,,"BenchRec production-derived, obfuscated source side B",47809207049,VOLERY 3031426666FP,ACC#00001,4394469.83,DR,2023-01-01,2023-01-02,BenchRec_cash_v1.0_train.csv,94370
VOLERY,40708450.0000,USD,2023-01-27T00:00:00Z,CREDIT,,"BenchRec production-derived, obfuscated source side B",478465551820,VOLERY 3186538666FP,ACC#00001,40708450.00,DR,2023-01-27,2023-01-28,BenchRec_cash_v1.0_train.csv,116418
VOLERY,30391354.7500,USD,2023-01-07T00:00:00Z,CREDIT,,"BenchRec production-derived, obfuscated source side B",478475081786,VOLERY 3094909666FP,ACC#00001,30391354.75,DR,2023-01-07,2023-01-08,BenchRec_cash_v1.0_train.csv,99807
32566TNQ9B,5596.8900,USD,2023-01-05T00:00:00Z,CREDIT,,"BenchRec production-derived, obfuscated source side B",478513556906,32566TNQ9B 5221066732VI,ACC#00001,5596.89,DR,2023-01-05,2023-01-06,BenchRec_cash_v1.0_train.csv,97120
VOLERY,5424289.0500,USD,2023-02-08T00:00:00Z,CREDIT,,"BenchRec production-derived, obfuscated source side B",47903724922,VOLERY 3870900666FP,ACC#00001,5424289.05,DR,2023-02-08,2023-02-09,BenchRec_cash_v1.0_train.csv,125574
VOLERY,1073582.8800,USD,2023-01-13T00:00:00Z,CREDIT,,"BenchRec production-derived, obfuscated source side B",479806844604,VOLERY 3714922666FP,ACC#00001,1073582.88,DR,2023-01-13,2023-01-14,BenchRec_cash_v1.0_train.csv,105276
VOLERY,60079.6000,USD,2023-01-07T00:00:00Z,CREDIT,,"BenchRec production-derived, obfuscated source side B",48066678543,VOLERY 3093378666FP,ACC#00001,60079.60,DR,2023-01-07,2023-01-08,BenchRec_cash_v1.0_train.csv,99198
322746AL68115180,43784.0400,USD,2023-02-08T00:00:00Z,DEBIT,,"BenchRec production-derived, obfuscated source side B",481103546714,322746AL68115180 3851066759VI,ACC#00001,-43784.04,CR,2023-02-08,2023-02-09,BenchRec_cash_v1.0_train.csv,126290
VOLERY,2849200.0000,USD,2023-02-10T00:00:00Z,CREDIT,,"BenchRec production-derived, obfuscated source side B",481905584879,VOLERY 3886790666FP,ACC#00001,2849200.00,DR,2023-02-10,2023-02-11,BenchRec_cash_v1.0_train.csv,127850
VOLERY,4065211.6000,USD,2023-02-15T00:00:00Z,CREDIT,,"BenchRec production-derived, obfuscated source side B",483022526780,VOLERY 3820882666FP,ACC#00001,4065211.60,DR,2023-02-15,2023-02-16,BenchRec_cash_v1.0_train.csv,131608
VOLERY,54462402.2000,USD,2023-01-06T00:00:00Z,DEBIT,,"BenchRec production-derived, obfuscated source side B",484030631723,VOLERY 3053288666FP,ACC#00001,-54462402.20,CR,2023-01-06,2023-01-07,BenchRec_cash_v1.0_train.csv,98108
MG89162656L600MK,30763071.0000,USD,2023-02-09T00:00:00Z,CREDIT,,"BenchRec production-derived, obfuscated source side B",484265840180,MG89162656L600MK 0658666791VI,ACC#00001,30763071.00,DR,2023-02-09,2023-02-10,BenchRec_cash_v1.0_train.csv,126510
AHT9126666164751,21565215.0000,USD,2023-03-01T00:00:00Z,CREDIT,,"BenchRec production-derived, obfuscated source side B",484323325896,AHT9126666164751 8204866106VI,ACC#00001,21565215.00,DR,2023-03-01,2023-03-02,BenchRec_cash_v1.0_train.csv,145644
VOLERY,45691.7400,USD,2023-03-01T00:00:00Z,CREDIT,,"BenchRec production-derived, obfuscated source side B",484564183135,VOLERY 3349191666FP,ACC#00001,45691.74,DR,2023-03-01,2023-03-02,BenchRec_cash_v1.0_train.csv,146322
VOLERY,8416.2700,USD,2023-03-04T00:00:00Z,CREDIT,,"BenchRec production-derived, obfuscated source side B",485269344766,VOLERY 3355195666FP,ACC#00001,8416.27,DR,2023-03-04,2023-03-05,BenchRec_cash_v1.0_train.csv,148649
322746AL68170602,0.0100,USD,2023-02-19T00:00:00Z,DEBIT,,"BenchRec production-derived, obfuscated source side B",486026612194,322746AL68170602 0382066167VI,ACC#00001,-0.01,CR,2023-02-19,2023-02-20,BenchRec_cash_v1.0_train.csv,136756
V656533561646447,457893.4300,USD,2023-02-23T00:00:00Z,DEBIT,,"BenchRec production-derived, obfuscated source side B",48610994402,V656533561646447 7808966162VI,ACC#00001,-457893.43,CR,2023-02-23,2023-02-24,BenchRec_cash_v1.0_train.csv,141142
MG15604220L600MK,489973.4000,USD,2023-01-04T00:00:00Z,CREDIT,,"BenchRec production-derived, obfuscated source side B",486974524169,MG15604220L600MK 4575766732VI,ACC#00001,489973.40,DR,2023-01-04,2023-01-05,BenchRec_cash_v1.0_train.csv,95316
VOLERY,295168.1200,USD,2023-02-23T00:00:00Z,DEBIT,,"BenchRec production-derived, obfuscated source side B",488300128460,VOLERY 3317202666FP,ACC#00001,-295168.12,CR,2023-02-23,2023-02-24,BenchRec_cash_v1.0_train.csv,140790
VOLERY,22986.5500,USD,2023-01-07T00:00:00Z,CREDIT,,"BenchRec production-derived, obfuscated source side B",489145674158,VOLERY 3093899666FP,ACC#00001,22986.55,DR,2023-01-07,2023-01-08,BenchRec_cash_v1.0_train.csv,98804
VOLERY,2120543.2300,USD,2023-01-29T00:00:00Z,CREDIT,,"BenchRec production-derived, obfuscated source side B",48936878819,VOLERY 3139155666FP,ACC#00001,2120543.23,DR,2023-01-29,2023-01-30,BenchRec_cash_v1.0_train.csv,118901
VOLERY,7331590.0000,USD,2023-01-20T00:00:00Z,DEBIT,,"BenchRec production-derived, obfuscated source side B",48959281778,VOLERY 3752327666FP,ACC#00001,-7331590.00,CR,2023-01-20,2023-01-21,BenchRec_cash_v1.0_train.csv,110885
VOLERY,17078.2100,USD,2023-03-02T00:00:00Z,CREDIT,,"BenchRec production-derived, obfuscated source side B",490368338744,VOLERY 3329665666FP,ACC#00001,17078.21,DR,2023-03-02,2023-03-03,BenchRec_cash_v1.0_train.csv,146996
322756AL61870630,215.8200,USD,2023-02-18T00:00:00Z,DEBIT,,"BenchRec production-derived, obfuscated source side B",490483701486,322756AL61870630 9472866167VI,ACC#00001,-215.82,CR,2023-02-18,2023-02-19,BenchRec_cash_v1.0_train.csv,134953
VOLERY,179323.4300,USD,2023-02-18T00:00:00Z,DEBIT,,"BenchRec production-derived, obfuscated source side B",491736315329,VOLERY 3360161666FP,ACC#00001,-179323.43,CR,2023-02-18,2023-02-19,BenchRec_cash_v1.0_train.csv,136229
VOLERY,1695619.1300,USD,2023-01-22T00:00:00Z,CREDIT,,"BenchRec production-derived, obfuscated source side B",491830928142,VOLERY 3169282666FP,ACC#00001,1695619.13,DR,2023-01-22,2023-01-23,BenchRec_cash_v1.0_train.csv,113191
ICHTHYIZATION,12786.6500,USD,2023-01-29T00:00:00Z,DEBIT,,"BenchRec production-derived, obfuscated source side B",492279577566,ICHTHYIZATION 1765169757WT,ACC#00001,-12786.65,CR,2023-01-29,2023-01-30,BenchRec_cash_v1.0_train.csv,122490
VOLERY,375068.5000,USD,2023-01-11T00:00:00Z,DEBIT,,"BenchRec production-derived, obfuscated source side B",49346235752,VOLERY 3702477666FP,ACC#00001,-375068.50,CR,2023-01-11,2023-01-12,BenchRec_cash_v1.0_train.csv,101531
VOLERY,3516588.4400,USD,2023-02-09T00:00:00Z,CREDIT,,"BenchRec production-derived, obfuscated source side B",494131458492,VOLERY 3810585666FP,ACC#00001,3516588.44,DR,2023-02-09,2023-02-10,BenchRec_cash_v1.0_train.csv,126562
JOE690604-666789,1300000.0000,USD,2023-02-05T00:00:00Z,DEBIT,,"BenchRec production-derived, obfuscated source side B",494999740304,JOE690604-666789 L-6509066797LL,ACC#00001,-1300000.00,CR,2023-02-05,2023-02-09,BenchRec_cash_v1.0_train.csv,125469
VOLERY,113298.7000,USD,2023-01-01T00:00:00Z,DEBIT,,"BenchRec production-derived, obfuscated source side B",495745278886,VOLERY 3033637666FP,ACC#00001,-113298.70,CR,2023-01-01,2023-01-02,BenchRec_cash_v1.0_train.csv,94122
322746AL68135438,48838.1800,USD,2023-01-07T00:00:00Z,DEBIT,,"BenchRec production-derived, obfuscated source side B",498290439980,322746AL68135438 2148266739VI,ACC#00001,-48838.18,CR,2023-01-07,2023-01-08,BenchRec_cash_v1.0_train.csv,99098
322746AL68187508,71.9200,USD,2023-01-28T00:00:00Z,DEBIT,,"BenchRec production-derived, obfuscated source side B",499485020971,322746AL68187508 0175766750VI,ACC#00001,-71.92,CR,2023-01-28,2023-01-29,BenchRec_cash_v1.0_train.csv,117769
VOLERY,19178825.1100,USD,2023-02-10T00:00:00Z,DEBIT,,"BenchRec production-derived, obfuscated source side B",499693785047,VOLERY 3886283666FP,ACC#00001,-19178825.11,CR,2023-02-10,2023-02-11,BenchRec_cash_v1.0_train.csv,127779
62529767,2091000000.0000,USD,2023-02-04T00:00:00Z,DEBIT,,"BenchRec production-derived, obfuscated source side B",500435643244,62529767 6824566755VI,ACC#00001,-2091000000.00,CR,2023-02-04,2023-02-05,BenchRec_cash_v1.0_train.csv,122706
VOLERY,16700000.0000,USD,2023-02-16T00:00:00Z,CREDIT,,"BenchRec production-derived, obfuscated source side B",501936967759,VOLERY 3850763666FP,ACC#00001,16700000.00,DR,2023-02-16,2023-02-17,BenchRec_cash_v1.0_train.csv,133472
VOLERY,55164482.5300,USD,2023-01-06T00:00:00Z,CREDIT,,"BenchRec production-derived, obfuscated source side B",502473584074,VOLERY 3054472666FP,ACC#00001,55164482.53,DR,2023-01-06,2023-01-07,BenchRec_cash_v1.0_train.csv,98006
322746AL68138591,1616.1800,USD,2023-03-01T00:00:00Z,DEBIT,,"BenchRec production-derived, obfuscated source side B",502842172173,322746AL68138591 5070066101VI,ACC#00001,-1616.18,CR,2023-03-01,2023-03-02,BenchRec_cash_v1.0_train.csv,146584
6110566755RN,3626.3400,USD,2023-02-04T00:00:00Z,CREDIT,,"BenchRec production-derived, obfuscated source side B",502855497765,6110566755RN 6110566755RN,ACC#00001,3626.34,DR,2023-02-04,2023-02-05,BenchRec_cash_v1.0_train.csv,126529
32566J080G,2180.4300,USD,2023-01-07T00:00:00Z,CREDIT,,"BenchRec production-derived, obfuscated source side B",503809431453,32566J080G 5261366746VI,ACC#00001,2180.43,DR,2023-01-07,2023-01-08,BenchRec_cash_v1.0_train.csv,99320
VOLERY,45830000.0000,USD,2023-01-26T00:00:00Z,CREDIT,,"BenchRec production-derived, obfuscated source side B",505298518506,VOLERY 3116910666FP,ACC#00001,45830000.00,DR,2023-01-26,2023-01-27,BenchRec_cash_v1.0_train.csv,114822
VOLERY,3330755.7900,USD,2023-02-05T00:00:00Z,CREDIT,,"BenchRec production-derived, obfuscated source side B",507212749777,VOLERY 3800413666FP,ACC#00001,3330755.79,DR,2023-02-05,2023-02-06,BenchRec_cash_v1.0_train.csv,124520
VOLERY,300900.0000,USD,2023-02-26T00:00:00Z,DEBIT,,"BenchRec production-derived, obfuscated source side B",508260469743,VOLERY 6805466165FW,ACC#00001,-300900.00,CR,2023-02-26,2023-02-27,BenchRec_cash_v1.0_train.csv,144484
VOLERY,2030685.1200,USD,2023-01-27T00:00:00Z,CREDIT,,"BenchRec production-derived, obfuscated source side B",50883822967,VOLERY 3186552666FP,ACC#00001,2030685.12,DR,2023-01-27,2023-01-28,BenchRec_cash_v1.0_train.csv,116066
VOLERY,99240.3900,USD,2023-02-23T00:00:00Z,DEBIT,,"BenchRec production-derived, obfuscated source side B",508981955863,VOLERY 3317496666FP,ACC#00001,-99240.39,CR,2023-02-23,2023-02-24,BenchRec_cash_v1.0_train.csv,141275
322756AL61304129,42981.0600,USD,2023-01-19T00:00:00Z,DEBIT,,"BenchRec production-derived, obfuscated source side B",510473765694,322756AL61304129 0614566720VI,ACC#00001,-42981.06,CR,2023-01-19,2023-01-20,BenchRec_cash_v1.0_train.csv,109341
VOLERY,6172750.0000,USD,2023-02-03T00:00:00Z,CREDIT,,"BenchRec production-derived, obfuscated source side B",510503804549,VOLERY 3196729666FP,ACC#00001,6172750.00,DR,2023-02-03,2023-02-04,BenchRec_cash_v1.0_train.csv,121524
32566J5E9M,3521.6500,USD,2023-01-19T00:00:00Z,CREDIT,,"BenchRec production-derived, obfuscated source side B",51175664023,32566J5E9M 0675966720VI,ACC#00001,3521.65,DR,2023-01-19,2023-01-20,BenchRec_cash_v1.0_train.csv,108934
V329675230286107,1200000.0000,USD,2023-01-07T00:00:00Z,CREDIT,,"BenchRec production-derived, obfuscated source side B",51402257142,V329675230286107 9709866746VI,ACC#00001,1200000.00,DR,2023-01-07,2023-01-08,BenchRec_cash_v1.0_train.csv,99094
VOLERY,1041549.9700,USD,2023-03-02T00:00:00Z,DEBIT,,"BenchRec production-derived, obfuscated source side B",514332549123,VOLERY 3356369666FP,ACC#00001,-1041549.97,CR,2023-03-02,2023-03-03,BenchRec_cash_v1.0_train.csv,147549
VOLERY,85956.4300,USD,2023-03-02T00:00:00Z,CREDIT,,"BenchRec production-derived, obfuscated source side B",515301465847,VOLERY 3329677666FP,ACC#00001,85956.43,DR,2023-03-02,2023-03-03,BenchRec_cash_v1.0_train.csv,147855
IYO9126666168175,53957.0000,USD,2023-02-19T00:00:00Z,CREDIT,,"BenchRec production-derived, obfuscated source side B",515487856844,IYO9126666168175 3646466161VI,ACC#00001,53957.00,DR,2023-02-19,2023-02-20,BenchRec_cash_v1.0_train.csv,137086
912DIP71,20573.0000,USD,2023-02-16T00:00:00Z,CREDIT,,"BenchRec production-derived, obfuscated source side B",517680565170,912DIP71 0790666166VI,ACC#00001,20573.00,DR,2023-02-16,2023-02-17,BenchRec_cash_v1.0_train.csv,133229
6E6V656S676D6469,18259.5900,USD,2023-02-19T00:00:00Z,DEBIT,,"BenchRec production-derived, obfuscated source side B",518470705695,6E6V656S676D6469 8692266161VI,ACC#00001,-18259.59,CR,2023-02-19,2023-02-20,BenchRec_cash_v1.0_train.csv,137072
V483077267980668,1676900.0000,USD,2023-01-21T00:00:00Z,DEBIT,,"BenchRec production-derived, obfuscated source side B",519600461749,V483077267980668 6291566728VI,ACC#00001,-1676900.00,CR,2023-01-21,2023-01-22,BenchRec_cash_v1.0_train.csv,111093
V237773560110949,7165198.3600,USD,2023-02-02T00:00:00Z,CREDIT,,"BenchRec production-derived, obfuscated source side B",520347545575,V237773560110949 6070666754VI,ACC#00001,7165198.36,DR,2023-02-02,2023-02-03,BenchRec_cash_v1.0_train.csv,120570
VOLERY,5423620.0000,USD,2023-01-18T00:00:00Z,CREDIT,,"BenchRec production-derived, obfuscated source side B",520491070824,VOLERY 3744467666FP,ACC#00001,5423620.00,DR,2023-01-18,2023-01-19,BenchRec_cash_v1.0_train.csv,108207
32566J6W04,57206.3300,USD,2023-01-07T00:00:00Z,CREDIT,,"BenchRec production-derived, obfuscated source side B",520713895429,32566J6W04 2126666739VI,ACC#00001,57206.33,DR,2023-01-07,2023-01-08,BenchRec_cash_v1.0_train.csv,99833
VOLERY,21808.9200,USD,2023-01-07T00:00:00Z,CREDIT,,"BenchRec production-derived, obfuscated source side B",521256202545,VOLERY 3093398666FP,ACC#00001,21808.92,DR,2023-01-07,2023-01-08,BenchRec_cash_v1.0_train.csv,99244
32566J3KL1,4635.7500,USD,2023-01-12T00:00:00Z,CREDIT,,"BenchRec production-derived, obfuscated source side B",52137995960,32566J3KL1 0155566748VI,ACC#00001,4635.75,DR,2023-01-12,2023-01-13,BenchRec_cash_v1.0_train.csv,104040
VOLERY,103703.0000,USD,2023-02-02T00:00:00Z,DEBIT,,"BenchRec production-derived, obfuscated source side B",522653741091,VOLERY 3156270666FP,ACC#00001,-103703.00,CR,2023-02-02,2023-02-03,BenchRec_cash_v1.0_train.csv,120036
FLOEY006364006,1473.3700,USD,2023-02-03T00:00:00Z,DEBIT,,"BenchRec production-derived, obfuscated source side B",523366179390,FLOEY006364006 8210566752XD,ACC#00001,-1473.37,CR,2023-02-03,2023-02-04,BenchRec_cash_v1.0_train.csv,122310
AHT9126666161096,716938.0000,USD,2023-02-18T00:00:00Z,DEBIT,,"BenchRec production-derived, obfuscated source side B",523955688149,AHT9126666161096 7965166167XD,ACC#00001,-716938.00,CR,2023-02-18,2023-02-19,BenchRec_cash_v1.0_train.csv,135407
69MASS60376,6071585.4200,USD,2023-03-04T00:00:00Z,DEBIT,,"BenchRec production-derived, obfuscated source side B",526952207257,69MASS60376 3424366104XD,ACC#00001,-6071585.42,CR,2023-03-04,2023-03-05,BenchRec_cash_v1.0_train.csv,147847
VOLERY,186837.7800,USD,2023-02-25T00:00:00Z,CREDIT,,"BenchRec production-derived, obfuscated source side B",52711632723,VOLERY 3336644666FP,ACC#00001,186837.78,DR,2023-02-25,2023-02-26,BenchRec_cash_v1.0_train.csv,143700
1666767942,11523.6500,USD,2023-02-25T00:00:00Z,DEBIT,,"BenchRec production-derived, obfuscated source side B",52758948463,1666767942 7672566169XD,ACC#00001,-11523.65,CR,2023-02-25,2023-02-26,BenchRec_cash_v1.0_train.csv,143423
37266RH6BY,4229.7000,USD,2023-02-09T00:00:00Z,CREDIT,,"BenchRec production-derived, obfuscated source side B",529214940662,37266RH6BY 0335466791VI,ACC#00001,4229.70,DR,2023-02-09,2023-02-10,BenchRec_cash_v1.0_train.csv,127408
32566RM2L6,4482.7400,USD,2023-02-02T00:00:00Z,CREDIT,,"BenchRec production-derived, obfuscated source side B",530176160131,32566RM2L6 0621866754VI,ACC#00001,4482.74,DR,2023-02-02,2023-02-03,BenchRec_cash_v1.0_train.csv,120864
IYO9126666798592,7280000.0000,USD,2023-01-21T00:00:00Z,DEBIT,,"BenchRec production-derived, obfuscated source side B",530415483862,IYO9126666798592 7170166728VI,ACC#00001,-7280000.00,CR,2023-01-21,2023-01-22,BenchRec_cash_v1.0_train.csv,112148
VIP9126666759081,1788800.0000,USD,2023-01-04T00:00:00Z,CREDIT,,"BenchRec production-derived, obfuscated source side B",531883058625,VIP9126666759081 2879066732VI,ACC#00001,1788800.00,DR,2023-01-04,2023-01-05,BenchRec_cash_v1.0_train.csv,94809
V356542297610894,909730.4300,USD,2023-02-09T00:00:00Z,CREDIT,,"BenchRec production-derived, obfuscated source side B",53291476187,V356542297610894 0623066791VI,ACC#00001,909730.43,DR,2023-02-09,2023-02-10,BenchRec_cash_v1.0_train.csv,127495
V334851907710464,348410200.0000,USD,2023-01-12T00:00:00Z,CREDIT,,"BenchRec production-derived, obfuscated source side B",533489860061,V334851907710464 7127966743VI,ACC#00001,348410200.00,DR,2023-01-12,2023-01-13,BenchRec_cash_v1.0_train.csv,103801
VOLERY,1009953.5100,USD,2023-02-18T00:00:00Z,CREDIT,,"BenchRec production-derived, obfuscated source side B",534627011244,VOLERY 3366551666FP,ACC#00001,1009953.51,DR,2023-02-18,2023-02-19,BenchRec_cash_v1.0_train.csv,134958
VOLERY,39880659.1600,USD,2023-01-26T00:00:00Z,DEBIT,,"BenchRec production-derived, obfuscated source side B",536937557611,VOLERY 3116699666FP,ACC#00001,-39880659.16,CR,2023-01-26,2023-01-27,BenchRec_cash_v1.0_train.csv,115088
VOLERY,36814.9900,USD,2023-02-15T00:00:00Z,DEBIT,,"BenchRec production-derived, obfuscated source side B",538700186490,VOLERY 3820541666FP,ACC#00001,-36814.99,CR,2023-02-15,2023-02-16,BenchRec_cash_v1.0_train.csv,132260
37266J1I95,7279.4600,USD,2023-01-11T00:00:00Z,CREDIT,,"BenchRec production-derived, obfuscated source side B",5392923642,37266J1I95 5472066748VI,ACC#00001,7279.46,DR,2023-01-11,2023-01-12,BenchRec_cash_v1.0_train.csv,102071
48481989,2059273.0200,USD,2023-01-19T00:00:00Z,DEBIT,,"BenchRec production-derived, obfuscated source side B",540069779269,48481989 3033566727XD,ACC#00001,-2059273.02,CR,2023-01-19,2023-01-20,BenchRec_cash_v1.0_train.csv,109221
V402208230014285,9742.0000,USD,2023-01-01T00:00:00Z,CREDIT,,"BenchRec production-derived, obfuscated source side B",54040822619,V402208230014285 7351366738VI,ACC#00001,9742.00,DR,2023-01-01,2023-01-02,BenchRec_cash_v1.0_train.csv,93724
VOLERY,1455187.6500,USD,2023-02-22T00:00:00Z,CREDIT,,"BenchRec production-derived, obfuscated source side B",541988856887,VOLERY 3377660666FP,ACC#00001,1455187.65,DR,2023-02-22,2023-02-23,BenchRec_cash_v1.0_train.csv,139551
I79VVBB704522,556105.0000,USD,2023-01-29T00:00:00Z,DEBIT,,"BenchRec production-derived, obfuscated source side B",543158391339,I79VVBB704522 1097966750FS,ACC#00001,-556105.00,CR,2023-01-29,2023-01-30,BenchRec_cash_v1.0_train.csv,135121
008122459-767-0,60000.0000,USD,2023-01-25T00:00:00Z,CREDIT,,"BenchRec production-derived, obfuscated source side B",543491571366,008122459-767-0 9230766725VI,ACC#00001,60000.00,DR,2023-01-25,2023-01-26,BenchRec_cash_v1.0_train.csv,114725
912DIP768,1044656.0000,USD,2023-02-16T00:00:00Z,CREDIT,,"BenchRec production-derived, obfuscated source side B",54415449759,912DIP768 0164466166VI,ACC#00001,1044656.00,DR,2023-02-16,2023-02-17,BenchRec_cash_v1.0_train.csv,133084
322746AL68715855,7.3600,USD,2023-02-24T00:00:00Z,DEBIT,,"BenchRec production-derived, obfuscated source side B",544566558114,322746AL68715855 2462166165VI,ACC#00001,-7.36,CR,2023-02-24,2023-02-25,BenchRec_cash_v1.0_train.csv,142236
29266TNJNL,55104.5200,USD,2023-01-05T00:00:00Z,CREDIT,,"BenchRec production-derived, obfuscated source side B",544953568724,29266TNJNL 0161366735VI,ACC#00001,55104.52,DR,2023-01-05,2023-01-06,BenchRec_cash_v1.0_train.csv,96126
VOLERY,705792.0000,USD,2023-01-27T00:00:00Z,DEBIT,,"BenchRec production-derived, obfuscated source side B",548648756442,VOLERY 3180803666FP,ACC#00001,-705792.00,CR,2023-01-27,2023-01-28,BenchRec_cash_v1.0_train.csv,116162
VOLERY,203263.7400,USD,2023-01-14T00:00:00Z,CREDIT,,"BenchRec production-derived, obfuscated source side B",548729456751,VOLERY 3783516666FP,ACC#00001,203263.74,DR,2023-01-14,2023-01-15,BenchRec_cash_v1.0_train.csv,106607
VOLERY,20593150.0000,USD,2023-02-09T00:00:00Z,CREDIT,,"BenchRec production-derived, obfuscated source side B",550212721874,VOLERY 3810587666FP,ACC#00001,20593150.00,DR,2023-02-09,2023-02-10,BenchRec_cash_v1.0_train.csv,127122
37266J3L0D,2249.0000,USD,2023-01-13T00:00:00Z,CREDIT,,"BenchRec production-derived, obfuscated source side B",550911925585,37266J3L0D 1968266743VI,ACC#00001,2249.00,DR,2023-01-13,2023-01-14,BenchRec_cash_v1.0_train.csv,104506
VOLERY,256608.8600,USD,2023-02-24T00:00:00Z,CREDIT,,"BenchRec production-derived, obfuscated source side B",551326577211,VOLERY 3386300666FP,ACC#00001,256608.86,DR,2023-02-24,2023-02-25,BenchRec_cash_v1.0_train.csv,141961
VOLERY,611699.1100,USD,2023-01-06T00:00:00Z,DEBIT,,"BenchRec production-derived, obfuscated source side B",551934273644,VOLERY 3052683666FP,ACC#00001,-611699.11,CR,2023-01-06,2023-01-07,BenchRec_cash_v1.0_train.csv,98637
VOLERY,104643.1700,USD,2023-02-19T00:00:00Z,DEBIT,,"BenchRec production-derived, obfuscated source side B",55253775197,VOLERY 3300759666FP,ACC#00001,-104643.17,CR,2023-02-19,2023-02-20,BenchRec_cash_v1.0_train.csv,136684
VOLERY,17583649.0500,USD,2023-02-05T00:00:00Z,CREDIT,,"BenchRec production-derived, obfuscated source side B",552635388711,VOLERY 3800228666FP,ACC#00001,17583649.05,DR,2023-02-05,2023-02-06,BenchRec_cash_v1.0_train.csv,124191
VOLERY,1134959.8200,USD,2023-01-19T00:00:00Z,DEBIT,,"BenchRec production-derived, obfuscated source side B",552870369153,VOLERY 3722647666FP,ACC#00001,-1134959.82,CR,2023-01-19,2023-01-20,BenchRec_cash_v1.0_train.csv,108991
322746AL68148894,121324.8300,USD,2023-01-21T00:00:00Z,DEBIT,,"BenchRec production-derived, obfuscated source side B",552936593255,322746AL68148894 9115266721VI,ACC#00001,-121324.83,CR,2023-01-21,2023-01-22,BenchRec_cash_v1.0_train.csv,111133
32566RVJ5Q,38563.7900,USD,2023-01-26T00:00:00Z,CREDIT,,"BenchRec production-derived, obfuscated source side B",55306881171,32566RVJ5Q 0657666725VI,ACC#00001,38563.79,DR,2023-01-26,2023-01-27,BenchRec_cash_v1.0_train.csv,115631
VOLERY,332777.3000,USD,2023-02-09T00:00:00Z,DEBIT,,"BenchRec production-derived, obfuscated source side B",55445696946,VOLERY 3817718666FP,ACC#00001,-332777.30,CR,2023-02-09,2023-02-10,BenchRec_cash_v1.0_train.csv,127317
60133876,45000000.0000,USD,2023-02-25T00:00:00Z,DEBIT,,"BenchRec production-derived, obfuscated source side B",554695945210,60133876 0352366169VI,ACC#00001,-45000000.00,CR,2023-02-25,2023-02-26,BenchRec_cash_v1.0_train.csv,144133
IYO9126666166124,122760183.0000,USD,2023-02-08T00:00:00Z,DEBIT,,"BenchRec production-derived, obfuscated source side B",554901272571,IYO9126666166124 9057266797VI,ACC#00001,-122760183.00,CR,2023-02-08,2023-02-09,BenchRec_cash_v1.0_train.csv,127010
VOLERY,28446.5000,USD,2023-01-12T00:00:00Z,DEBIT,,"BenchRec production-derived, obfuscated source side B",555101688166,VOLERY 3772822666FP,ACC#00001,-28446.50,CR,2023-01-12,2023-01-13,BenchRec_cash_v1.0_train.csv,103393
VOLERY,4396616.3700,USD,2023-01-26T00:00:00Z,DEBIT,,"BenchRec production-derived, obfuscated source side B",556271764192,VOLERY 3116001666FP,ACC#00001,-4396616.37,CR,2023-01-26,2023-01-27,BenchRec_cash_v1.0_train.csv,114812
VOLERY,141434.3700,USD,2023-03-01T00:00:00Z,DEBIT,,"BenchRec production-derived, obfuscated source side B",556716400801,VOLERY 3320078666FP,ACC#00001,-141434.37,CR,2023-03-01,2023-03-02,BenchRec_cash_v1.0_train.csv,146022
V357782576432664,2604051.5000,USD,2023-02-26T00:00:00Z,CREDIT,,"BenchRec production-derived, obfuscated source side B",560038133985,V357782576432664 8960166106VI,ACC#00001,2604051.50,DR,2023-02-26,2023-02-27,BenchRec_cash_v1.0_train.csv,144397
VOLERY,4584742.1000,USD,2023-02-25T00:00:00Z,CREDIT,,"BenchRec production-derived, obfuscated source side B",561290705098,VOLERY 3330427666FP,ACC#00001,4584742.10,DR,2023-02-25,2023-02-26,BenchRec_cash_v1.0_train.csv,143463
VOLERY,160000.0000,USD,2023-02-09T00:00:00Z,DEBIT,,"BenchRec production-derived, obfuscated source side B",562081826444,VOLERY 3817762666FP,ACC#00001,-160000.00,CR,2023-02-09,2023-02-10,BenchRec_cash_v1.0_train.csv,126739
32566J5MD6,1767.2000,USD,2023-01-19T00:00:00Z,CREDIT,,"BenchRec production-derived, obfuscated source side B",562202493074,32566J5MD6 0637866720VI,ACC#00001,1767.20,DR,2023-01-19,2023-01-20,BenchRec_cash_v1.0_train.csv,108716
VOLERY,1834292.0200,USD,2023-01-25T00:00:00Z,DEBIT,,"BenchRec production-derived, obfuscated source side B",562999498277,VOLERY 3176733666FP,ACC#00001,-1834292.02,CR,2023-01-25,2023-01-26,BenchRec_cash_v1.0_train.csv,114065
37266RJFNK,4583.3300,USD,2023-02-09T00:00:00Z,CREDIT,,"BenchRec production-derived, obfuscated source side B",563151334588,37266RJFNK 9452766797VI,ACC#00001,4583.33,DR,2023-02-09,2023-02-10,BenchRec_cash_v1.0_train.csv,126801
VOLERY,4717233.2200,USD,2023-01-08T00:00:00Z,DEBIT,,"BenchRec production-derived, obfuscated source side B",565373784225,VOLERY 3764060666FP,ACC#00001,-4717233.22,CR,2023-01-08,2023-01-09,BenchRec_cash_v1.0_train.csv,100627
VOLERY,80882343.3000,USD,2023-02-23T00:00:00Z,DEBIT,,"BenchRec production-derived, obfuscated source side B",565702916697,VOLERY 3317272666FP,ACC#00001,-80882343.30,CR,2023-02-23,2023-02-24,BenchRec_cash_v1.0_train.csv,141705
KRU6900016136760,206822.5200,USD,2023-03-05T00:00:00Z,DEBIT,,"BenchRec production-derived, obfuscated source side B",566217287784,KRU6900016136760 3133766102XD,ACC#00001,-206822.52,CR,2023-03-05,2023-03-07,BenchRec_cash_v1.0_train.csv,149698
2924566689115483,56530856.3300,USD,2023-01-27T00:00:00Z,DEBIT,,"BenchRec production-derived, obfuscated source side B",56647385769,2924566689115483 8581166729VI,ACC#00001,-56530856.33,CR,2023-01-27,2023-01-28,BenchRec_cash_v1.0_train.csv,116708
URBD-2B5JHT,7400000.0000,USD,2023-01-15T00:00:00Z,CREDIT,,"BenchRec production-derived, obfuscated source side B",566564232840,URBD-2B5JHT 3273766745VI,ACC#00001,7400000.00,DR,2023-01-15,2023-01-16,BenchRec_cash_v1.0_train.csv,107068
AHT9126666791002,147643.0000,USD,2023-01-18T00:00:00Z,DEBIT,,"BenchRec production-derived, obfuscated source side B",566621168938,AHT9126666791002 1481066720XD,ACC#00001,-147643.00,CR,2023-01-18,2023-01-19,BenchRec_cash_v1.0_train.csv,108008
VOLERY,1278742.4500,USD,2023-01-04T00:00:00Z,DEBIT,,"BenchRec production-derived, obfuscated source side B",566856589592,VOLERY 3043587666FP,ACC#00001,-1278742.45,CR,2023-01-04,2023-01-05,BenchRec_cash_v1.0_train.csv,95603
URBD-2TVJRB,1000000.0000,USD,2023-01-19T00:00:00Z,CREDIT,,"BenchRec production-derived, obfuscated source side B",567201904448,URBD-2TVJRB 1280666727VI,ACC#00001,1000000.00,DR,2023-01-19,2023-01-20,BenchRec_cash_v1.0_train.csv,109000
VOLERY,1795039.2100,USD,2023-01-04T00:00:00Z,CREDIT,,"BenchRec production-derived, obfuscated source side B",567408011819,VOLERY 3041386666FP,ACC#00001,1795039.21,DR,2023-01-04,2023-01-05,BenchRec_cash_v1.0_train.csv,95202
VOLERY,1750354.4500,USD,2023-01-08T00:00:00Z,CREDIT,,"BenchRec production-derived, obfuscated source side B",567576541991,VOLERY 3764928666FP,ACC#00001,1750354.45,DR,2023-01-08,2023-01-09,BenchRec_cash_v1.0_train.csv,100273
VOLERY,5634000.0000,USD,2023-01-27T00:00:00Z,CREDIT,,"BenchRec production-derived, obfuscated source side B",567595447663,VOLERY 3119192666FP,ACC#00001,5634000.00,DR,2023-01-27,2023-01-28,BenchRec_cash_v1.0_train.csv,116100
32566TDRMR,14558038.5200,USD,2023-01-04T00:00:00Z,CREDIT,,"BenchRec production-derived, obfuscated source side B",568530028833,32566TDRMR 8253466738VI,ACC#00001,14558038.52,DR,2023-01-04,2023-01-05,BenchRec_cash_v1.0_train.csv,95218
32566RJ238,4385.3900,USD,2023-02-08T00:00:00Z,CREDIT,,"BenchRec production-derived, obfuscated source side B",570844932112,32566RJ238 2288066797VI,ACC#00001,4385.39,DR,2023-02-08,2023-02-09,BenchRec_cash_v1.0_train.csv,125614
VOLERY,268963.8600,USD,2023-01-29T00:00:00Z,DEBIT,,"BenchRec production-derived, obfuscated source side B",571454511260,VOLERY 3140040666FP,ACC#00001,-268963.86,CR,2023-01-29,2023-01-30,BenchRec_cash_v1.0_train.csv,119032
VOLERY,14750124.0000,USD,2023-02-16T00:00:00Z,CREDIT,,"BenchRec production-derived, obfuscated source side B",573242391841,VOLERY 3850765666FP,ACC#00001,14750124.00,DR,2023-02-16,2023-02-17,BenchRec_cash_v1.0_train.csv,132748
322746AL68115111,21057.0500,USD,2023-02-05T00:00:00Z,DEBIT,,"BenchRec production-derived, obfuscated source side B",575203887044,322746AL68115111 0382966755VI,ACC#00001,-21057.05,CR,2023-02-05,2023-02-06,BenchRec_cash_v1.0_train.csv,124324
76B85ANGELICNESS,21788.2500,USD,2023-02-15T00:00:00Z,DEBIT,,"BenchRec production-derived, obfuscated source side B",575780977624,76B85ANGELICNESS 7778769799WT,ACC#00001,-21788.25,CR,2023-02-15,2023-02-16,BenchRec_cash_v1.0_train.csv,133524
VOLERY,12710404.9800,USD,2023-03-05T00:00:00Z,DEBIT,,"BenchRec production-derived, obfuscated source side B",575827495415,VOLERY 3395876666FP,ACC#00001,-12710404.98,CR,2023-03-05,2023-03-07,BenchRec_cash_v1.0_train.csv,149353
VOLERY,9346811.5100,USD,2023-01-08T00:00:00Z,DEBIT,,"BenchRec production-derived, obfuscated source side B",575973443583,VOLERY 3764012666FP,ACC#00001,-9346811.51,CR,2023-01-08,2023-01-09,BenchRec_cash_v1.0_train.csv,100894
VOLERY,739638.6400,USD,2023-02-23T00:00:00Z,DEBIT,,"BenchRec production-derived, obfuscated source side B",576975028149,VOLERY 3317428666FP,ACC#00001,-739638.64,CR,2023-02-23,2023-02-24,BenchRec_cash_v1.0_train.csv,141399
VOLERY,2600.0000,USD,2023-02-17T00:00:00Z,CREDIT,,"BenchRec production-derived, obfuscated source side B",577486446080,VOLERY 3890700666FP,ACC#00001,2600.00,DR,2023-02-17,2023-02-18,BenchRec_cash_v1.0_train.csv,134374
VOLERY,1700653.5600,USD,2023-01-05T00:00:00Z,DEBIT,,"BenchRec production-derived, obfuscated source side B",579425705974,VOLERY 3024524666FP,ACC#00001,-1700653.56,CR,2023-01-05,2023-01-06,BenchRec_cash_v1.0_train.csv,96404
V293582660484308,1589100.0000,USD,2023-02-09T00:00:00Z,DEBIT,,"BenchRec production-derived, obfuscated source side B",580087098940,V293582660484308 0147866791VI,ACC#00001,-1589100.00,CR,2023-02-09,2023-02-10,BenchRec_cash_v1.0_train.csv,126968
VOLERY,5488207.1100,USD,2023-01-04T00:00:00Z,DEBIT,,"BenchRec production-derived, obfuscated source side B",580685189721,VOLERY 3048628666FP,ACC#00001,-5488207.11,CR,2023-01-04,2023-01-05,BenchRec_cash_v1.0_train.csv,95142
VOLERY,3989243.1200,USD,2023-01-13T00:00:00Z,DEBIT,,"BenchRec production-derived, obfuscated source side B",582125410615,VOLERY 3713989666FP,ACC#00001,-3989243.12,CR,2023-01-13,2023-01-14,BenchRec_cash_v1.0_train.csv,104257
VOLERY,2591.7200,USD,2023-02-08T00:00:00Z,CREDIT,,"BenchRec production-derived, obfuscated source side B",583823715429,VOLERY 3876346666FP,ACC#00001,2591.72,DR,2023-02-08,2023-02-09,BenchRec_cash_v1.0_train.csv,125891
32566RO2E7,1101.7300,USD,2023-02-19T00:00:00Z,CREDIT,,"BenchRec production-derived, obfuscated source side B",588032584539,32566RO2E7 0326066167VI,ACC#00001,1101.73,DR,2023-02-19,2023-02-20,BenchRec_cash_v1.0_train.csv,137186
V329737697117451,1285174.9000,USD,2023-01-13T00:00:00Z,CREDIT,,"BenchRec production-derived, obfuscated source side B",590080020673,V329737697117451 4798866744VI,ACC#00001,1285174.90,DR,2023-01-13,2023-01-14,BenchRec_cash_v1.0_train.csv,105308
V436328661617147,1300000.0000,USD,2023-01-20T00:00:00Z,CREDIT,,"BenchRec production-derived, obfuscated source side B",593587728948,V436328661617147 4841766721VI,ACC#00001,1300000.00,DR,2023-01-20,2023-01-21,BenchRec_cash_v1.0_train.csv,110521
UVA9126666160415,514588.0000,USD,2023-02-11T00:00:00Z,CREDIT,,"BenchRec production-derived, obfuscated source side B",594001469076,UVA9126666160415 6127066793VI,ACC#00001,514588.00,DR,2023-02-11,2023-02-12,BenchRec_cash_v1.0_train.csv,128955
VOLERY,2348243.5700,USD,2023-02-18T00:00:00Z,DEBIT,,"BenchRec production-derived, obfuscated source side B",596804807535,VOLERY 3360107666FP,ACC#00001,-2348243.57,CR,2023-02-18,2023-02-19,BenchRec_cash_v1.0_train.csv,136005
32566J9M6V,489299.2400,USD,2023-01-21T00:00:00Z,CREDIT,,"BenchRec production-derived, obfuscated source side B",598227832949,32566J9M6V 9182866721VI,ACC#00001,489299.24,DR,2023-01-21,2023-01-22,BenchRec_cash_v1.0_train.csv,111414
VOLERY,617804.5900,USD,2023-01-19T00:00:00Z,DEBIT,,"BenchRec production-derived, obfuscated source side B",598437467671,VOLERY 3722262666FP,ACC#00001,-617804.59,CR,2023-01-19,2023-01-20,BenchRec_cash_v1.0_train.csv,109474
VOLERY,28535814.3600,USD,2023-01-01T00:00:00Z,CREDIT,,"BenchRec production-derived, obfuscated source side B",598989175027,VOLERY 3033740666FP,ACC#00001,28535814.36,DR,2023-01-01,2023-01-02,BenchRec_cash_v1.0_train.csv,93706
VOLERY,58983383.1300,USD,2023-01-20T00:00:00Z,DEBIT,,"BenchRec production-derived, obfuscated source side B",599715490779,VOLERY 3752375666FP,ACC#00001,-58983383.13,CR,2023-01-20,2023-01-21,BenchRec_cash_v1.0_train.csv,110226
VOLERY,74536.0700,USD,2023-02-10T00:00:00Z,CREDIT,,"BenchRec production-derived, obfuscated source side B",602246299658,VOLERY 3886798666FP,ACC#00001,74536.07,DR,2023-02-10,2023-02-11,BenchRec_cash_v1.0_train.csv,128158
VOLERY,26807746.0000,USD,2023-02-17T00:00:00Z,CREDIT,,"BenchRec production-derived, obfuscated source side B",602696971761,VOLERY 3890024666FP,ACC#00001,26807746.00,DR,2023-02-17,2023-02-18,BenchRec_cash_v1.0_train.csv,134352
VOLERY,13275792.8000,USD,2023-02-17T00:00:00Z,CREDIT,,"BenchRec production-derived, obfuscated source side B",603556485881,VOLERY 3859234666FP,ACC#00001,13275792.80,DR,2023-02-17,2023-02-18,BenchRec_cash_v1.0_train.csv,134628
6K6C656M6W6P6L65,70.6300,USD,2023-01-07T00:00:00Z,DEBIT,,"BenchRec production-derived, obfuscated source side B",603807081123,6K6C656M6W6P6L65 9263466746VI,ACC#00001,-70.63,CR,2023-01-07,2023-01-08,BenchRec_cash_v1.0_train.csv,106171
63377930,399000000.0000,USD,2023-01-06T00:00:00Z,DEBIT,,"BenchRec production-derived, obfuscated source side B",606481124628,63377930 4005566739VI,ACC#00001,-399000000.00,CR,2023-01-06,2023-01-07,BenchRec_cash_v1.0_train.csv,97974
VOLERY,2180298.9000,USD,2023-01-05T00:00:00Z,DEBIT,,"BenchRec production-derived, obfuscated source side B",60779129671,VOLERY 3024523666FP,ACC#00001,-2180298.90,CR,2023-01-05,2023-01-06,BenchRec_cash_v1.0_train.csv,96716
37266J1D91,4638.8500,USD,2023-01-11T00:00:00Z,CREDIT,,"BenchRec production-derived, obfuscated source side B",608911495294,37266J1D91 5772266741VI,ACC#00001,4638.85,DR,2023-01-11,2023-01-12,BenchRec_cash_v1.0_train.csv,102238
VOLERY,7369019.3100,USD,2023-01-27T00:00:00Z,DEBIT,,"BenchRec production-derived, obfuscated source side B",610050332125,VOLERY 3180122666FP,ACC#00001,-7369019.31,CR,2023-01-27,2023-01-28,BenchRec_cash_v1.0_train.csv,116916
32566RBMRO,37883.0200,USD,2023-02-25T00:00:00Z,CREDIT,,"BenchRec production-derived, obfuscated source side B",61101351806,32566RBMRO 5235766165VI,ACC#00001,37883.02,DR,2023-02-25,2023-02-26,BenchRec_cash_v1.0_train.csv,143099
CORN-2B2HO4,1230000.0000,USD,2023-01-14T00:00:00Z,CREDIT,,"BenchRec production-derived, obfuscated source side B",61104289515,CORN-2B2HO4 0464966742VI,ACC#00001,1230000.00,DR,2023-01-14,2023-01-15,BenchRec_cash_v1.0_train.csv,105600
VOLERY,2859475.9000,USD,2023-02-04T00:00:00Z,DEBIT,,"BenchRec production-derived, obfuscated source side B",611215206149,VOLERY 3199530666FP,ACC#00001,-2859475.90,CR,2023-02-04,2023-02-05,BenchRec_cash_v1.0_train.csv,123686
7669066566003082,23076990.0000,USD,2023-01-28T00:00:00Z,DEBIT,,"BenchRec production-derived, obfuscated source side B",612488815229,7669066566003082 8633766750XD,ACC#00001,-23076990.00,CR,2023-01-28,2023-01-29,BenchRec_cash_v1.0_train.csv,118667
32566RJD8K,2092436.9300,USD,2023-02-09T00:00:00Z,CREDIT,,"BenchRec production-derived, obfuscated source side B",612756427305,32566RJD8K 0367366791VI,ACC#00001,2092436.93,DR,2023-02-09,2023-02-10,BenchRec_cash_v1.0_train.csv,127486
6917666663037805,12826600.0000,USD,2023-02-03T00:00:00Z,DEBIT,,"BenchRec production-derived, obfuscated source side B",613677720841,6917666663037805 3926766752VI,ACC#00001,-12826600.00,CR,2023-02-03,2023-02-04,BenchRec_cash_v1.0_train.csv,122042
VOLERY,325635.5000,USD,2023-03-05T00:00:00Z,CREDIT,,"BenchRec production-derived, obfuscated source side B",614502739803,VOLERY 3395001666FP,ACC#00001,325635.50,DR,2023-03-05,2023-03-07,BenchRec_cash_v1.0_train.csv,149435
008122220-767-0,49029.0000,USD,2023-01-25T00:00:00Z,CREDIT,,"BenchRec production-derived, obfuscated source side B",614902610700,008122220-767-0 9702166725VI,ACC#00001,49029.00,DR,2023-01-25,2023-01-26,BenchRec_cash_v1.0_train.csv,113807
7084566777,129160209.7000,USD,2023-02-12T00:00:00Z,CREDIT,,"BenchRec production-derived, obfuscated source side B",615522789686,7084566777 8387466794VI,ACC#00001,129160209.70,DR,2023-02-12,2023-02-13,BenchRec_cash_v1.0_train.csv,130660
VOLERY,882548.4100,USD,2023-02-04T00:00:00Z,CREDIT,,"BenchRec production-derived, obfuscated source side B",618020187297,VOLERY 3860049666FP,ACC#00001,882548.41,DR,2023-02-04,2023-02-05,BenchRec_cash_v1.0_train.csv,123736
VOLERY,881403.0000,USD,2023-01-07T00:00:00Z,DEBIT,,"BenchRec production-derived, obfuscated source side B",618249422519,VOLERY 3092132666FP,ACC#00001,-881403.00,CR,2023-01-07,2023-01-08,BenchRec_cash_v1.0_train.csv,99449
VOLERY,216474.8500,USD,2023-01-18T00:00:00Z,DEBIT,,"BenchRec production-derived, obfuscated source side B",618509503034,VOLERY 3745696666FP,ACC#00001,-216474.85,CR,2023-01-18,2023-01-19,BenchRec_cash_v1.0_train.csv,108397
VOLERY,50663249.7200,USD,2023-01-14T00:00:00Z,DEBIT,,"BenchRec production-derived, obfuscated source side B",618545945791,VOLERY 3784100666FP,ACC#00001,-50663249.72,CR,2023-01-14,2023-01-15,BenchRec_cash_v1.0_train.csv,106118
VOLERY,3331270.8500,USD,2023-02-15T00:00:00Z,CREDIT,,"BenchRec production-derived, obfuscated source side B",618582395784,VOLERY 3826645666FP,ACC#00001,3331270.85,DR,2023-02-15,2023-02-16,BenchRec_cash_v1.0_train.csv,132609
37266ROPRM,128154.1400,USD,2023-02-19T00:00:00Z,CREDIT,,"BenchRec production-derived, obfuscated source side B",621282058442,37266ROPRM 8503666161VI,ACC#00001,128154.14,DR,2023-02-19,2023-02-20,BenchRec_cash_v1.0_train.csv,136627
VOLERY,1058888.4700,USD,2023-02-15T00:00:00Z,DEBIT,,"BenchRec production-derived, obfuscated source side B",621744510121,VOLERY 3826428666FP,ACC#00001,-1058888.47,CR,2023-02-15,2023-02-16,BenchRec_cash_v1.0_train.csv,132164
VOLERY,883000000.0000,USD,2023-01-26T00:00:00Z,DEBIT,,"BenchRec production-derived, obfuscated source side B",622207812051,VOLERY 6661366729XY,ACC#00001,-883000000.00,CR,2023-01-26,2023-01-27,BenchRec_cash_v1.0_train.csv,115486
322746AL68754834,551049.9300,USD,2023-01-08T00:00:00Z,DEBIT,,"BenchRec production-derived, obfuscated source side B",622325429425,322746AL68754834 0745366746VI,ACC#00001,-551049.93,CR,2023-01-08,2023-01-09,BenchRec_cash_v1.0_train.csv,100906
32566J4IP5,1216.6900,USD,2023-01-14T00:00:00Z,CREDIT,,"BenchRec production-derived, obfuscated source side B",622885370770,32566J4IP5 6251766742VI,ACC#00001,1216.69,DR,2023-01-14,2023-01-15,BenchRec_cash_v1.0_train.csv,105914
32566RKV57,59846.9600,USD,2023-01-29T00:00:00Z,CREDIT,,"BenchRec production-derived, obfuscated source side B",623048266237,32566RKV57 3355866757VI,ACC#00001,59846.96,DR,2023-01-29,2023-01-30,BenchRec_cash_v1.0_train.csv,118984
V483210367987606,823270.0000,USD,2023-01-21T00:00:00Z,DEBIT,,"BenchRec production-derived, obfuscated source side B",624305088711,V483210367987606 6294166728VI,ACC#00001,-823270.00,CR,2023-01-21,2023-01-22,BenchRec_cash_v1.0_train.csv,111888
V330073760434966,2854656.0300,USD,2023-01-11T00:00:00Z,DEBIT,,"BenchRec production-derived, obfuscated source side B",624980015071,V330073760434966 5565366748VI,ACC#00001,-2854656.03,CR,2023-01-11,2023-01-12,BenchRec_cash_v1.0_train.csv,101614
322756AL61143237,38225.0700,USD,2023-01-11T00:00:00Z,DEBIT,,"BenchRec production-derived, obfuscated source side B",625174547205,322756AL61143237 9775466748VI,ACC#00001,-38225.07,CR,2023-01-11,2023-01-12,BenchRec_cash_v1.0_train.csv,102911
V001445466846666,8753320.0000,USD,2023-02-26T00:00:00Z,DEBIT,,"BenchRec production-derived, obfuscated source side B",625451486482,V001445466846666 1985966106VI,ACC#00001,-8753320.00,CR,2023-02-26,2023-02-27,BenchRec_cash_v1.0_train.csv,144528
32566RLF8X,7907.5700,USD,2023-02-05T00:00:00Z,CREDIT,,"BenchRec production-derived, obfuscated source side B",626078955284,32566RLF8X 8890266759VI,ACC#00001,7907.57,DR,2023-02-05,2023-02-06,BenchRec_cash_v1.0_train.csv,124471
VOLERY,389604.2600,USD,2023-01-04T00:00:00Z,DEBIT,,"BenchRec production-derived, obfuscated source side B",626324848966,VOLERY 3043524666FP,ACC#00001,-389604.26,CR,2023-01-04,2023-01-05,BenchRec_cash_v1.0_train.csv,95394
VOLERY,1688259.5800,USD,2023-02-03T00:00:00Z,DEBIT,,"BenchRec production-derived, obfuscated source side B",628534607959,VOLERY 3196452666FP,ACC#00001,-1688259.58,CR,2023-02-03,2023-02-04,BenchRec_cash_v1.0_train.csv,121365
VOLERY,53318.8900,USD,2023-01-08T00:00:00Z,CREDIT,,"BenchRec production-derived, obfuscated source side B",629486833749,VOLERY 3763222666FP,ACC#00001,53318.89,DR,2023-01-08,2023-01-09,BenchRec_cash_v1.0_train.csv,100865
P647245697573851,3270205664.0000,USD,2023-01-18T00:00:00Z,CREDIT,,"BenchRec production-derived, obfuscated source side B",633241272182,P647245697573851 5707766720VI,ACC#00001,3270205664.00,DR,2023-01-18,2023-01-19,BenchRec_cash_v1.0_train.csv,108149
VOLERY,967449.7000,USD,2023-02-24T00:00:00Z,CREDIT,,"BenchRec production-derived, obfuscated source side B",633501598652,VOLERY 3386336666FP,ACC#00001,967449.70,DR,2023-02-24,2023-02-25,BenchRec_cash_v1.0_train.csv,142684
VOLERY,357560.3000,USD,2023-01-07T00:00:00Z,CREDIT,,"BenchRec production-derived, obfuscated source side B",633506170965,VOLERY 3093338666FP,ACC#00001,357560.30,DR,2023-01-07,2023-01-08,BenchRec_cash_v1.0_train.csv,98899
VOLERY,26801.6500,USD,2023-01-20T00:00:00Z,DEBIT,,"BenchRec production-derived, obfuscated source side B",63364794015,VOLERY 3759044666FP,ACC#00001,-26801.65,CR,2023-01-20,2023-01-21,BenchRec_cash_v1.0_train.csv,110938
32566J663H,5800.2900,USD,2023-01-05T00:00:00Z,CREDIT,,"BenchRec production-derived, obfuscated source side B",633792414539,32566J663H 0527466735VI,ACC#00001,5800.29,DR,2023-01-05,2023-01-06,BenchRec_cash_v1.0_train.csv,96804
VOLERY,173578.9000,USD,2023-03-04T00:00:00Z,CREDIT,,"BenchRec production-derived, obfuscated source side B",635008258795,VOLERY 3355120666FP,ACC#00001,173578.90,DR,2023-03-04,2023-03-05,BenchRec_cash_v1.0_train.csv,147989
QR676606052191Q,90485.0200,USD,2023-01-04T00:00:00Z,DEBIT,,"BenchRec production-derived, obfuscated source side B",635517641565,QR676606052191Q 1395966732XD,ACC#00001,-90485.02,CR,2023-01-04,2023-01-05,BenchRec_cash_v1.0_train.csv,95974
VOLERY,20391916.4100,USD,2023-02-16T00:00:00Z,CREDIT,,"BenchRec production-derived, obfuscated source side B",637000028072,VOLERY 3850041666FP,ACC#00001,20391916.41,DR,2023-02-16,2023-02-17,BenchRec_cash_v1.0_train.csv,133376
INTERNIDAL,163813148.2000,USD,2023-03-04T00:00:00Z,DEBIT,,"BenchRec production-derived, obfuscated source side B",638871004867,INTERNIDAL 2742866104VI,ACC#00001,-163813148.20,CR,2023-03-04,2023-03-05,BenchRec_cash_v1.0_train.csv,148733
VOLERY,59432618.1000,USD,2023-01-07T00:00:00Z,CREDIT,,"BenchRec production-derived, obfuscated source side B",639557615675,VOLERY 3094962666FP,ACC#00001,59432618.10,DR,2023-01-07,2023-01-08,BenchRec_cash_v1.0_train.csv,99967
VOLERY,29643000.0000,USD,2023-01-29T00:00:00Z,CREDIT,,"BenchRec production-derived, obfuscated source side B",641599116257,VOLERY 3146298666FP,ACC#00001,29643000.00,DR,2023-01-29,2023-01-30,BenchRec_cash_v1.0_train.csv,119097
32566RUQE8,47.6500,USD,2023-02-18T00:00:00Z,CREDIT,,"BenchRec production-derived, obfuscated source side B",64251721337,32566RUQE8 2315666160VI,ACC#00001,47.65,DR,2023-02-18,2023-02-19,BenchRec_cash_v1.0_train.csv,136448
VOLERY,21879.4100,USD,2023-02-12T00:00:00Z,CREDIT,,"BenchRec production-derived, obfuscated source side B",642918483479,VOLERY 3839507666FP,ACC#00001,21879.41,DR,2023-02-12,2023-02-13,BenchRec_cash_v1.0_train.csv,131270
AHT9126666795132,121753.0000,USD,2023-02-02T00:00:00Z,DEBIT,,"BenchRec production-derived, obfuscated source side B",643738345813,AHT9126666795132 5704166754XD,ACC#00001,-121753.00,CR,2023-02-02,2023-02-03,BenchRec_cash_v1.0_train.csv,120298
322756AL61336376,1229.0900,USD,2023-02-25T00:00:00Z,DEBIT,,"BenchRec production-derived, obfuscated source side B",643859764377,322756AL61336376 6355766169VI,ACC#00001,-1229.09,CR,2023-02-25,2023-02-26,BenchRec_cash_v1.0_train.csv,143375
VOLERY,61776.7600,USD,2023-02-25T00:00:00Z,CREDIT,,"BenchRec production-derived, obfuscated source side B",645583626411,VOLERY 3336659666FP,ACC#00001,61776.76,DR,2023-02-25,2023-02-26,BenchRec_cash_v1.0_train.csv,143570
V660759160916055,14562847.8300,USD,2023-02-08T00:00:00Z,CREDIT,,"BenchRec production-derived, obfuscated source side B",645631327932,V660759160916055 4519666797VI,ACC#00001,14562847.83,DR,2023-02-08,2023-02-09,BenchRec_cash_v1.0_train.csv,125659
VOLERY,32202.5700,USD,2023-02-24T00:00:00Z,DEBIT,,"BenchRec production-derived, obfuscated source side B",646864919125,VOLERY 3387171666FP,ACC#00001,-32202.57,CR,2023-02-24,2023-02-25,BenchRec_cash_v1.0_train.csv,142158
32566RKQEJ,96310.9000,USD,2023-02-02T00:00:00Z,CREDIT,,"BenchRec production-derived, obfuscated source side B",647588031665,32566RKQEJ 4430366757VI,ACC#00001,96310.90,DR,2023-02-02,2023-02-03,BenchRec_cash_v1.0_train.csv,120715
VOLERY,4373744.7000,USD,2023-01-22T00:00:00Z,CREDIT,,"BenchRec production-derived, obfuscated source side B",647839738254,VOLERY 3100772666FP,ACC#00001,4373744.70,DR,2023-01-22,2023-01-23,BenchRec_cash_v1.0_train.csv,112880
VOLERY,30286.8600,USD,2023-02-24T00:00:00Z,DEBIT,,"BenchRec production-derived, obfuscated source side B",649596785174,VOLERY 3387170666FP,ACC#00001,-30286.86,CR,2023-02-24,2023-02-25,BenchRec_cash_v1.0_train.csv,142379
VOLERY,238583.7000,USD,2023-02-10T00:00:00Z,CREDIT,,"BenchRec production-derived, obfuscated source side B",649631513338,VOLERY 3886179666FP,ACC#00001,238583.70,DR,2023-02-10,2023-02-11,BenchRec_cash_v1.0_train.csv,128142
32566RBLJD,146696.1700,USD,2023-02-25T00:00:00Z,CREDIT,,"BenchRec production-derived, obfuscated source side B",650653286484,32566RBLJD 5223166165VI,ACC#00001,146696.17,DR,2023-02-25,2023-02-26,BenchRec_cash_v1.0_train.csv,143711
V490356966218640,2055600.0000,USD,2023-01-27T00:00:00Z,CREDIT,,"BenchRec production-derived, obfuscated source side B",651057402927,V490356966218640 4077266756VI,ACC#00001,2055600.00,DR,2023-01-27,2023-01-28,BenchRec_cash_v1.0_train.csv,116084
VOLERY,2673421.8000,USD,2023-02-19T00:00:00Z,CREDIT,,"BenchRec production-derived, obfuscated source side B",651109307183,VOLERY 3369332666FP,ACC#00001,2673421.80,DR,2023-02-19,2023-02-20,BenchRec_cash_v1.0_train.csv,137194
V357795860617456,150000.0000,USD,2023-03-02T00:00:00Z,CREDIT,,"BenchRec production-derived, obfuscated source side B",651465020322,V357795860617456 0443366108VI,ACC#00001,150000.00,DR,2023-03-02,2023-03-03,BenchRec_cash_v1.0_train.csv,146800
322746MI60539923,14.4300,USD,2023-02-17T00:00:00Z,DEBIT,,"BenchRec production-derived, obfuscated source side B",652117719273,322746MI60539923 3524266160VI,ACC#00001,-14.43,CR,2023-02-17,2023-02-18,BenchRec_cash_v1.0_train.csv,134402
322746AL68142613,918.2400,USD,2023-03-01T00:00:00Z,DEBIT,,"BenchRec production-derived, obfuscated source side B",652663874043,322746AL68142613 5070766101VI,ACC#00001,-918.24,CR,2023-03-01,2023-03-02,BenchRec_cash_v1.0_train.csv,146537
VOLERY,119834.0900,USD,2023-01-01T00:00:00Z,DEBIT,,"BenchRec production-derived, obfuscated source side B",654882066277,VOLERY 3033417666FP,ACC#00001,-119834.09,CR,2023-01-01,2023-01-02,BenchRec_cash_v1.0_train.csv,93940
VOLERY,45863.8700,USD,2023-01-25T00:00:00Z,CREDIT,,"BenchRec production-derived, obfuscated source side B",654977728540,VOLERY 3109258666FP,ACC#00001,45863.87,DR,2023-01-25,2023-01-26,BenchRec_cash_v1.0_train.csv,114589
VOLERY,161344.0800,USD,2023-01-15T00:00:00Z,DEBIT,,"BenchRec production-derived, obfuscated source side B",655622077795,VOLERY 3734997666FP,ACC#00001,-161344.08,CR,2023-01-15,2023-01-16,BenchRec_cash_v1.0_train.csv,106878
MG15738587L600MK,321414.1800,USD,2023-01-25T00:00:00Z,CREDIT,,"BenchRec production-derived, obfuscated source side B",656051649859,MG15738587L600MK 9703766725VI,ACC#00001,321414.18,DR,2023-01-25,2023-01-26,BenchRec_cash_v1.0_train.csv,114603
VOLERY,810707.0000,USD,2023-02-04T00:00:00Z,CREDIT,,"BenchRec production-derived, obfuscated source side B",658004736134,VOLERY 3860028666FP,ACC#00001,810707.00,DR,2023-02-04,2023-02-05,BenchRec_cash_v1.0_train.csv,123446
MG48155710M600MK,26268000.0000,USD,2023-02-18T00:00:00Z,CREDIT,,"BenchRec production-derived, obfuscated source side B",658713398626,MG48155710M600MK 5260066167VI,ACC#00001,26268000.00,DR,2023-02-18,2023-02-19,BenchRec_cash_v1.0_train.csv,135010
VOLERY,22270.0000,USD,2023-02-23T00:00:00Z,DEBIT,,"BenchRec production-derived, obfuscated source side B",658721143846,VOLERY 3317455666FP,ACC#00001,-22270.00,CR,2023-02-23,2023-02-24,BenchRec_cash_v1.0_train.csv,141003
VOLERY,28629505.3900,USD,2023-03-04T00:00:00Z,DEBIT,,"BenchRec production-derived, obfuscated source side B",659359671330,VOLERY 3355554666FP,ACC#00001,-28629505.39,CR,2023-03-04,2023-03-05,BenchRec_cash_v1.0_train.csv,148341
VOLERY,52705000.0000,USD,2023-01-21T00:00:00Z,CREDIT,,"BenchRec production-derived, obfuscated source side B",66009457790,VOLERY 3166273666FP,ACC#00001,52705000.00,DR,2023-01-21,2023-01-22,BenchRec_cash_v1.0_train.csv,111458
VOLERY,16921100.0000,USD,2023-02-04T00:00:00Z,CREDIT,,"BenchRec production-derived, obfuscated source side B",661230151736,VOLERY 3860039666FP,ACC#00001,16921100.00,DR,2023-02-04,2023-02-05,BenchRec_cash_v1.0_train.csv,122837
322756AL61364381,179156.6700,USD,2023-02-26T00:00:00Z,DEBIT,,"BenchRec production-derived, obfuscated source side B",662314512238,322756AL61364381 8405266106VI,ACC#00001,-179156.67,CR,2023-02-26,2023-02-27,BenchRec_cash_v1.0_train.csv,144585
37266J1EE7,3427.8000,USD,2023-01-11T00:00:00Z,CREDIT,,"BenchRec production-derived, obfuscated source side B",662423567684,37266J1EE7 5481866748VI,ACC#00001,3427.80,DR,2023-01-11,2023-01-12,BenchRec_cash_v1.0_train.csv,101977
V356564080317291,730000.0000,USD,2023-02-04T00:00:00Z,CREDIT,,"BenchRec production-derived, obfuscated source side B",663171071899,V356564080317291 5425466755VI,ACC#00001,730000.00,DR,2023-02-04,2023-02-05,BenchRec_cash_v1.0_train.csv,123094
VOLERY,7177857.1500,USD,2023-03-01T00:00:00Z,CREDIT,,"BenchRec production-derived, obfuscated source side B",66362862880,VOLERY 3326471666FP,ACC#00001,7177857.15,DR,2023-03-01,2023-03-02,BenchRec_cash_v1.0_train.csv,145685
008784572-767-0,18184.0000,USD,2023-01-18T00:00:00Z,CREDIT,,"BenchRec production-derived, obfuscated source side B",664844862908,008784572-767-0 9569266720VI,ACC#00001,18184.00,DR,2023-01-18,2023-01-19,BenchRec_cash_v1.0_train.csv,108593
VOLERY,2234927.6100,USD,2023-02-26T00:00:00Z,DEBIT,,"BenchRec production-derived, obfuscated source side B",667077340207,VOLERY 3346433666FP,ACC#00001,-2234927.61,CR,2023-02-26,2023-02-27,BenchRec_cash_v1.0_train.csv,144216
VMBB-2TEHAT,1000000.0000,USD,2023-01-27T00:00:00Z,CREDIT,,"BenchRec production-derived, obfuscated source side B",668037880628,VMBB-2TEHAT 2481366756VI,ACC#00001,1000000.00,DR,2023-01-27,2023-01-28,BenchRec_cash_v1.0_train.csv,117210
VOLERY,81646.3500,USD,2023-02-04T00:00:00Z,DEBIT,,"BenchRec production-derived, obfuscated source side B",668216985514,VOLERY 3860501666FP,ACC#00001,-81646.35,CR,2023-02-04,2023-02-05,BenchRec_cash_v1.0_train.csv,123425
VOLERY,2544977.7900,USD,2023-02-09T00:00:00Z,DEBIT,,"BenchRec production-derived, obfuscated source side B",669225398404,VOLERY 3817760666FP,ACC#00001,-2544977.79,CR,2023-02-09,2023-02-10,BenchRec_cash_v1.0_train.csv,126704
JOE690064-666142,12000000.0000,USD,2023-02-25T00:00:00Z,CREDIT,,"BenchRec production-derived, obfuscated source side B",671003832901,JOE690064-666142 L-2592866101LL,ACC#00001,12000000.00,DR,2023-02-25,2023-03-02,BenchRec_cash_v1.0_train.csv,146276
VOLERY,1028897.3000,USD,2023-02-18T00:00:00Z,DEBIT,,"BenchRec production-derived, obfuscated source side B",672055617512,VOLERY 3360872666FP,ACC#00001,-1028897.30,CR,2023-02-18,2023-02-19,BenchRec_cash_v1.0_train.csv,136308
V357771516911044,1000000.0000,USD,2023-03-01T00:00:00Z,CREDIT,,"BenchRec production-derived, obfuscated source side B",672283598580,V357771516911044 2294366101VI,ACC#00001,1000000.00,DR,2023-03-01,2023-03-02,BenchRec_cash_v1.0_train.csv,145595
VOLERY,4682594.0700,USD,2023-01-14T00:00:00Z,DEBIT,,"BenchRec production-derived, obfuscated source side B",674053352758,VOLERY 3784176666FP,ACC#00001,-4682594.07,CR,2023-01-14,2023-01-15,BenchRec_cash_v1.0_train.csv,106290
VOLERY,20539195.2000,USD,2023-02-15T00:00:00Z,DEBIT,,"BenchRec production-derived, obfuscated source side B",678246347753,VOLERY 3826268666FP,ACC#00001,-20539195.20,CR,2023-02-15,2023-02-16,BenchRec_cash_v1.0_train.csv,131469
JOQG7U6717NONCOM,500000.0000,USD,2023-01-15T00:00:00Z,DEBIT,,"BenchRec production-derived, obfuscated source side B",678283382180,JOQG7U6717NONCOM 8832866745XD,ACC#00001,-500000.00,CR,2023-01-15,2023-01-16,BenchRec_cash_v1.0_train.csv,107199
VOLERY,1219569.4000,USD,2023-02-24T00:00:00Z,CREDIT,,"BenchRec production-derived, obfuscated source side B",67850640254,VOLERY 3386349666FP,ACC#00001,1219569.40,DR,2023-02-24,2023-02-25,BenchRec_cash_v1.0_train.csv,141739
VOLERY,4680000.0000,USD,2023-02-08T00:00:00Z,CREDIT,,"BenchRec production-derived, obfuscated source side B",678526472419,VOLERY 3870967666FP,ACC#00001,4680000.00,DR,2023-02-08,2023-02-09,BenchRec_cash_v1.0_train.csv,125628
VOLERY,3987900.0000,USD,2023-01-06T00:00:00Z,DEBIT,,"BenchRec production-derived, obfuscated source side B",678643397407,VOLERY 3053225666FP,ACC#00001,-3987900.00,CR,2023-01-06,2023-01-07,BenchRec_cash_v1.0_train.csv,98337
322746AL68120974,267290.5700,USD,2023-02-08T00:00:00Z,DEBIT,,"BenchRec production-derived, obfuscated source side B",681493938252,322746AL68120974 3894766759VI,ACC#00001,-267290.57,CR,2023-02-08,2023-02-09,BenchRec_cash_v1.0_train.csv,126105
VOLERY,39868050.0000,USD,2023-01-20T00:00:00Z,CREDIT,,"BenchRec production-derived, obfuscated source side B",681649006138,VOLERY 3755466666FP,ACC#00001,39868050.00,DR,2023-01-20,2023-01-21,BenchRec_cash_v1.0_train.csv,110554
VOLERY,75052.8400,USD,2023-01-01T00:00:00Z,DEBIT,,"BenchRec production-derived, obfuscated source side B",681665188428,VOLERY 3033475666FP,ACC#00001,-75052.84,CR,2023-01-01,2023-01-02,BenchRec_cash_v1.0_train.csv,93923
VOLERY,1455195.9000,USD,2023-01-06T00:00:00Z,DEBIT,,"BenchRec production-derived, obfuscated source side B",682942671525,VOLERY 3053418666FP,ACC#00001,-1455195.90,CR,2023-01-06,2023-01-07,BenchRec_cash_v1.0_train.csv,98285
VMBB-2B8HAM,400000.0000,USD,2023-01-11T00:00:00Z,CREDIT,,"BenchRec production-derived, obfuscated source side B",683063118036,VMBB-2B8HAM 6723966748VI,ACC#00001,400000.00,DR,2023-01-11,2023-01-12,BenchRec_cash_v1.0_train.csv,102897
VOLERY,107902.7000,USD,2023-02-26T00:00:00Z,CREDIT,,"BenchRec production-derived, obfuscated source side B",684330876588,VOLERY 3339964666FP,ACC#00001,107902.70,DR,2023-02-26,2023-02-27,BenchRec_cash_v1.0_train.csv,144856
V158146517521932,119651.1000,USD,2023-01-18T00:00:00Z,CREDIT,,"BenchRec production-derived, obfuscated source side B",685731558177,V158146517521932 6733866720VI,ACC#00001,119651.10,DR,2023-01-18,2023-01-19,BenchRec_cash_v1.0_train.csv,108540
322756AL61379817,12203.7400,USD,2023-01-06T00:00:00Z,DEBIT,,"BenchRec production-derived, obfuscated source side B",686862736586,322756AL61379817 4003766739VI,ACC#00001,-12203.74,CR,2023-01-06,2023-01-07,BenchRec_cash_v1.0_train.csv,97660
VOLERY,4197539.7500,USD,2023-02-25T00:00:00Z,DEBIT,,"BenchRec production-derived, obfuscated source side B",688158761687,VOLERY 3336249666FP,ACC#00001,-4197539.75,CR,2023-02-25,2023-02-26,BenchRec_cash_v1.0_train.csv,143428
VOLERY,193497.2800,USD,2023-02-24T00:00:00Z,CREDIT,,"BenchRec production-derived, obfuscated source side B",689334508300,VOLERY 3386353666FP,ACC#00001,193497.28,DR,2023-02-24,2023-02-25,BenchRec_cash_v1.0_train.csv,142157
VOLERY,34209000.0000,USD,2023-02-04T00:00:00Z,DEBIT,,"BenchRec production-derived, obfuscated source side B",690813566489,VOLERY 3199545666FP,ACC#00001,-34209000.00,CR,2023-02-04,2023-02-05,BenchRec_cash_v1.0_train.csv,122994
URBD-2LIMAN,3000000.0000,USD,2023-02-04T00:00:00Z,CREDIT,,"BenchRec production-derived, obfuscated source side B",692488086854,URBD-2LIMAN 6655566755VI,ACC#00001,3000000.00,DR,2023-02-04,2023-02-05,BenchRec_cash_v1.0_train.csv,122857
32566J6W4J,262636.2000,USD,2023-01-07T00:00:00Z,CREDIT,,"BenchRec production-derived, obfuscated source side B",69257510081,32566J6W4J 2153666739VI,ACC#00001,262636.20,DR,2023-01-07,2023-01-08,BenchRec_cash_v1.0_train.csv,98926
VOLERY,586632.6000,USD,2023-02-19T00:00:00Z,DEBIT,,"BenchRec production-derived, obfuscated source side B",692946560609,VOLERY 3300106666FP,ACC#00001,-586632.60,CR,2023-02-19,2023-02-20,BenchRec_cash_v1.0_train.csv,137196
VOLERY,21909.9800,USD,2023-02-11T00:00:00Z,CREDIT,,"BenchRec production-derived, obfuscated source side B",694142738486,VOLERY 3836146666FP,ACC#00001,21909.98,DR,2023-02-11,2023-02-12,BenchRec_cash_v1.0_train.csv,129290
VOLERY,470135.9600,USD,2023-01-22T00:00:00Z,DEBIT,,"BenchRec production-derived, obfuscated source side B",694790005084,VOLERY 3100375666FP,ACC#00001,-470135.96,CR,2023-01-22,2023-01-23,BenchRec_cash_v1.0_train.csv,113111
322746AL68186807,11052962.8300,USD,2023-02-11T00:00:00Z,DEBIT,,"BenchRec production-derived, obfuscated source side B",694910533585,322746AL68186807 2530266798VI,ACC#00001,-11052962.83,CR,2023-02-11,2023-02-12,BenchRec_cash_v1.0_train.csv,129548
VOLERY,36135213.1500,USD,2023-02-22T00:00:00Z,DEBIT,,"BenchRec production-derived, obfuscated source side B",695187495443,VOLERY 3370064666FP,ACC#00001,-36135213.15,CR,2023-02-22,2023-02-23,BenchRec_cash_v1.0_train.csv,138590
VOLERY,21160405.6000,USD,2023-02-22T00:00:00Z,DEBIT,,"BenchRec production-derived, obfuscated source side B",695272670417,VOLERY 3370714666FP,ACC#00001,-21160405.60,CR,2023-02-22,2023-02-23,BenchRec_cash_v1.0_train.csv,139414
V606807167681477,1000000.0000,USD,2023-02-11T00:00:00Z,DEBIT,,"BenchRec production-derived, obfuscated source side B",696523476587,V606807167681477 9811666793VI,ACC#00001,-1000000.00,CR,2023-02-11,2023-02-12,BenchRec_cash_v1.0_train.csv,130570
V470929867386632,4521870.1200,USD,2023-01-20T00:00:00Z,DEBIT,,"BenchRec production-derived, obfuscated source side B",697382834892,V470929867386632 4298066721VI,ACC#00001,-4521870.12,CR,2023-01-20,2023-01-21,BenchRec_cash_v1.0_train.csv,110828
V416382167584597,2675549.6300,USD,2023-01-18T00:00:00Z,CREDIT,,"BenchRec production-derived, obfuscated source side B",697813045453,V416382167584597 9773066720VI,ACC#00001,2675549.63,DR,2023-01-18,2023-01-19,BenchRec_cash_v1.0_train.csv,107871
325746AL68114197,1027.0800,USD,2023-01-21T00:00:00Z,DEBIT,,"BenchRec production-derived, obfuscated source side B",698186497349,325746AL68114197 7139666728VI,ACC#00001,-1027.08,CR,2023-01-21,2023-01-22,BenchRec_cash_v1.0_train.csv,111790
V418035361617140,4000000.0000,USD,2023-01-20T00:00:00Z,CREDIT,,"BenchRec production-derived, obfuscated source side B",698926793551,V418035361617140 4846266721VI,ACC#00001,4000000.00,DR,2023-01-20,2023-01-21,BenchRec_cash_v1.0_train.csv,110222
VOLERY,8529.7500,USD,2023-01-22T00:00:00Z,CREDIT,,"BenchRec production-derived, obfuscated source side B",699293472320,VOLERY 3169202666FP,ACC#00001,8529.75,DR,2023-01-22,2023-01-23,BenchRec_cash_v1.0_train.csv,112755
066369-BL-76,2115673.0000,USD,2023-01-26T00:00:00Z,DEBIT,,"BenchRec production-derived, obfuscated source side B",699426281277,066369-BL-76 7575266729XD,ACC#00001,-2115673.00,CR,2023-01-26,2023-01-27,BenchRec_cash_v1.0_train.csv,116558
VOLERY,119743.2200,USD,2023-01-06T00:00:00Z,DEBIT,,"BenchRec production-derived, obfuscated source side B",699539635496,VOLERY 3053469666FP,ACC#00001,-119743.22,CR,2023-01-06,2023-01-07,BenchRec_cash_v1.0_train.csv,97846
32566J63PQ,56282190.0000,USD,2023-01-06T00:00:00Z,CREDIT,,"BenchRec production-derived, obfuscated source side B",699705258401,32566J63PQ 3382466739VI,ACC#00001,56282190.00,DR,2023-01-06,2023-01-07,BenchRec_cash_v1.0_train.csv,98048
RM125286-767-660,6750.0000,USD,2023-02-25T00:00:00Z,CREDIT,,"BenchRec production-derived, obfuscated source side B",700171669101,RM125286-767-660 6539066169VI,ACC#00001,6750.00,DR,2023-02-25,2023-02-26,BenchRec_cash_v1.0_train.csv,143565
VOLERY,188505.3400,USD,2023-02-24T00:00:00Z,DEBIT,,"BenchRec production-derived, obfuscated source side B",701145954695,VOLERY 3387176666FP,ACC#00001,-188505.34,CR,2023-02-24,2023-02-25,BenchRec_cash_v1.0_train.csv,142442
AHT9126666791422,640049.0000,USD,2023-01-19T00:00:00Z,DEBIT,,"BenchRec production-derived, obfuscated source side B",701732811669,AHT9126666791422 8510566727XD,ACC#00001,-640049.00,CR,2023-01-19,2023-01-20,BenchRec_cash_v1.0_train.csv,108846
V329449327517755,3600000.0000,USD,2023-01-18T00:00:00Z,CREDIT,,"BenchRec production-derived, obfuscated source side B",702165716547,V329449327517755 5808366720VI,ACC#00001,3600000.00,DR,2023-01-18,2023-01-19,BenchRec_cash_v1.0_train.csv,108302
V350432611611535,4676892.6800,USD,2023-02-19T00:00:00Z,CREDIT,,"BenchRec production-derived, obfuscated source side B",70281486486,V350432611611535 1626266161VI,ACC#00001,4676892.68,DR,2023-02-19,2023-02-20,BenchRec_cash_v1.0_train.csv,136883
VOLERY,15228.8700,USD,2023-01-19T00:00:00Z,DEBIT,,"BenchRec production-derived, obfuscated source side B",705312130516,VOLERY L-6540466729HQ,ACC#00001,-15228.87,CR,2023-01-19,2023-01-27,BenchRec_cash_v1.0_train.csv,115050
V490379566381469,3920640.0000,USD,2023-01-27T00:00:00Z,DEBIT,,"BenchRec production-derived, obfuscated source side B",70618007008,V490379566381469 4143466756VI,ACC#00001,-3920640.00,CR,2023-01-27,2023-01-28,BenchRec_cash_v1.0_train.csv,117038
VOLERY,53227.2200,USD,2023-01-25T00:00:00Z,DEBIT,,"BenchRec production-derived, obfuscated source side B",707354916693,VOLERY 3170444666FP,ACC#00001,-53227.22,CR,2023-01-25,2023-01-26,BenchRec_cash_v1.0_train.csv,113750
322746AL68126988,2664.6200,USD,2023-02-04T00:00:00Z,DEBIT,,"BenchRec production-derived, obfuscated source side B",708589804651,322746AL68126988 9236166755VI,ACC#00001,-2664.62,CR,2023-02-04,2023-02-05,BenchRec_cash_v1.0_train.csv,123609
VOLERY,241726.0000,USD,2023-02-19T00:00:00Z,CREDIT,,"BenchRec production-derived, obfuscated source side B",709201017953,VOLERY 3369351666FP,ACC#00001,241726.00,DR,2023-02-19,2023-02-20,BenchRec_cash_v1.0_train.csv,136958
VOLERY,1753650.0000,USD,2023-02-04T00:00:00Z,DEBIT,,"BenchRec production-derived, obfuscated source side B",71068893224,VOLERY 3860517666FP,ACC#00001,-1753650.00,CR,2023-02-04,2023-02-05,BenchRec_cash_v1.0_train.csv,123101
VOLERY,1183264.6000,USD,2023-02-09T00:00:00Z,DEBIT,,"BenchRec production-derived, obfuscated source side B",711042299124,VOLERY 3817779666FP,ACC#00001,-1183264.60,CR,2023-02-09,2023-02-10,BenchRec_cash_v1.0_train.csv,126779
VOLERY,7238.4500,USD,2023-02-24T00:00:00Z,CREDIT,,"BenchRec production-derived, obfuscated source side B",71109985890,VOLERY 3386383666FP,ACC#00001,7238.45,DR,2023-02-24,2023-02-25,BenchRec_cash_v1.0_train.csv,142388
VOLERY,954052.3700,USD,2023-01-14T00:00:00Z,CREDIT,,"BenchRec production-derived, obfuscated source side B",712941186069,VOLERY 3782379666FP,ACC#00001,954052.37,DR,2023-01-14,2023-01-15,BenchRec_cash_v1.0_train.csv,105686
VOLERY,1436173.5800,USD,2023-02-23T00:00:00Z,DEBIT,,"BenchRec production-derived, obfuscated source side B",714544562793,VOLERY 3310318666FP,ACC#00001,-1436173.58,CR,2023-02-23,2023-02-24,BenchRec_cash_v1.0_train.csv,141128
322756AL61863808,22490.0000,USD,2023-01-11T00:00:00Z,DEBIT,,"BenchRec production-derived, obfuscated source side B",715222410768,322756AL61863808 4348566747VI,ACC#00001,-22490.00,CR,2023-01-11,2023-01-12,BenchRec_cash_v1.0_train.csv,102986
VOLERY,116023.9000,USD,2023-01-11T00:00:00Z,DEBIT,,"BenchRec production-derived, obfuscated source side B",715629199367,VOLERY 1614866748CQ,ACC#00001,-116023.90,CR,2023-01-11,2023-01-12,BenchRec_cash_v1.0_train.csv,103503
322746AL68181251,677.3100,USD,2023-03-02T00:00:00Z,DEBIT,,"BenchRec production-derived, obfuscated source side B",716771757467,322746AL68181251 7204466108VI,ACC#00001,-677.31,CR,2023-03-02,2023-03-03,BenchRec_cash_v1.0_train.csv,147690
REFINE0751JOQG7U,4504787.1400,USD,2023-01-04T00:00:00Z,DEBIT,,"BenchRec production-derived, obfuscated source side B",717440949037,REFINE0751JOQG7U 0510066732XD,ACC#00001,-4504787.14,CR,2023-01-04,2023-01-05,BenchRec_cash_v1.0_train.csv,95995
MG15398799M600MK,20666.4400,USD,2023-02-22T00:00:00Z,CREDIT,,"BenchRec production-derived, obfuscated source side B",717563669815,MG15398799M600MK 8991366161VI,ACC#00001,20666.44,DR,2023-02-22,2023-02-23,BenchRec_cash_v1.0_train.csv,139385
VOLERY,4582541.0400,USD,2023-01-27T00:00:00Z,DEBIT,,"BenchRec production-derived, obfuscated source side B",717923099829,VOLERY 3119954666FP,ACC#00001,-4582541.04,CR,2023-01-27,2023-01-28,BenchRec_cash_v1.0_train.csv,116532
322746AL68170449,1000000.0000,USD,2023-02-08T00:00:00Z,DEBIT,,"BenchRec production-derived, obfuscated source side B",71896999996,322746AL68170449 3852666759VI,ACC#00001,-1000000.00,CR,2023-02-08,2023-02-09,BenchRec_cash_v1.0_train.csv,126305
VOLERY,5898724.9000,USD,2023-01-07T00:00:00Z,CREDIT,,"BenchRec production-derived, obfuscated source side B",719353853176,VOLERY 3094994666FP,ACC#00001,5898724.90,DR,2023-01-07,2023-01-08,BenchRec_cash_v1.0_train.csv,99360
V453295666417178,4696429.4300,USD,2023-01-26T00:00:00Z,CREDIT,,"BenchRec production-derived, obfuscated source side B",719540061622,V453295666417178 7778066729VI,ACC#00001,4696429.43,DR,2023-01-26,2023-01-27,BenchRec_cash_v1.0_train.csv,114868
TALCING,35000000.0000,USD,2023-02-17T00:00:00Z,DEBIT,,"BenchRec production-derived, obfuscated source side B",719736043720,TALCING 1438566166VI,ACC#00001,-35000000.00,CR,2023-02-17,2023-02-18,BenchRec_cash_v1.0_train.csv,136752
V498854066332489,116988.6800,USD,2023-01-27T00:00:00Z,DEBIT,,"BenchRec production-derived, obfuscated source side B",719930567213,V498854066332489 4124666756VI,ACC#00001,-116988.68,CR,2023-01-27,2023-01-28,BenchRec_cash_v1.0_train.csv,116481
32566RVL91,756973.7500,USD,2023-01-26T00:00:00Z,CREDIT,,"BenchRec production-derived, obfuscated source side B",720807185866,32566RVL91 0650166725VI,ACC#00001,756973.75,DR,2023-01-26,2023-01-27,BenchRec_cash_v1.0_train.csv,114958
VOLERY,549734.2200,USD,2023-01-12T00:00:00Z,DEBIT,,"BenchRec production-derived, obfuscated source side B",720944154979,VOLERY 3772847666FP,ACC#00001,-549734.22,CR,2023-01-12,2023-01-13,BenchRec_cash_v1.0_train.csv,103425
912DIP12721,15246000.0000,USD,2023-02-16T00:00:00Z,CREDIT,,"BenchRec production-derived, obfuscated source side B",721433275241,912DIP12721 0176066166VI,ACC#00001,15246000.00,DR,2023-02-16,2023-02-17,BenchRec_cash_v1.0_train.csv,132861
VOLERY,60054038.7000,USD,2023-02-05T00:00:00Z,DEBIT,,"BenchRec production-derived, obfuscated source side B",721764253573,VOLERY 3806200666FP,ACC#00001,-60054038.70,CR,2023-02-05,2023-02-06,BenchRec_cash_v1.0_train.csv,124023
VOLERY,162140.8700,USD,2023-01-07T00:00:00Z,CREDIT,,"BenchRec production-derived, obfuscated source side B",721926772953,VOLERY 3093397666FP,ACC#00001,162140.87,DR,2023-01-07,2023-01-08,BenchRec_cash_v1.0_train.csv,99124
VOLERY,11057577.8100,USD,2023-01-01T00:00:00Z,DEBIT,,"BenchRec production-derived, obfuscated source side B",722526953288,VOLERY 3038132666FP,ACC#00001,-11057577.81,CR,2023-01-01,2023-01-02,BenchRec_cash_v1.0_train.csv,93867
VOLERY,46408.1900,USD,2023-03-05T00:00:00Z,CREDIT,,"BenchRec production-derived, obfuscated source side B",722660589874,VOLERY 3395061666FP,ACC#00001,46408.19,DR,2023-03-05,2023-03-07,BenchRec_cash_v1.0_train.csv,149608
VOLERY,128806.1600,USD,2023-02-10T00:00:00Z,DEBIT,,"BenchRec production-derived, obfuscated source side B",72360986930,VOLERY 3887691666FP,ACC#00001,-128806.16,CR,2023-02-10,2023-02-11,BenchRec_cash_v1.0_train.csv,128683
VOLERY,7512153.6200,USD,2023-02-25T00:00:00Z,DEBIT,,"BenchRec production-derived, obfuscated source side B",726470815344,VOLERY 3337073666FP,ACC#00001,-7512153.62,CR,2023-02-25,2023-02-26,BenchRec_cash_v1.0_train.csv,142870
32566J4K0B,227518.4400,USD,2023-01-14T00:00:00Z,CREDIT,,"BenchRec production-derived, obfuscated source side B",727077304679,32566J4K0B 5515366744VI,ACC#00001,227518.44,DR,2023-01-14,2023-01-15,BenchRec_cash_v1.0_train.csv,105806
VOLERY,21775912.0000,USD,2023-02-22T00:00:00Z,DEBIT,,"BenchRec production-derived, obfuscated source side B",727935708638,VOLERY 3370087666FP,ACC#00001,-21775912.00,CR,2023-02-22,2023-02-23,BenchRec_cash_v1.0_train.csv,139400
32566RML9D,967.9400,USD,2023-02-03T00:00:00Z,CREDIT,,"BenchRec production-derived, obfuscated source side B",729836163983,32566RML9D 1075866754VI,ACC#00001,967.94,DR,2023-02-03,2023-02-04,BenchRec_cash_v1.0_train.csv,121206
VOLERY,524698.6300,USD,2023-02-18T00:00:00Z,DEBIT,,"BenchRec production-derived, obfuscated source side B",735474635608,VOLERY 3360710666FP,ACC#00001,-524698.63,CR,2023-02-18,2023-02-19,BenchRec_cash_v1.0_train.csv,135163
60664976,82000000.0000,USD,2023-02-23T00:00:00Z,DEBIT,,"BenchRec production-derived, obfuscated source side B",735778882743,60664976 1125566162VI,ACC#00001,-82000000.00,CR,2023-02-23,2023-02-24,BenchRec_cash_v1.0_train.csv,141436
VOLERY,5203000.0000,USD,2023-02-10T00:00:00Z,DEBIT,,"BenchRec production-derived, obfuscated source side B",736082611553,VOLERY 3886299666FP,ACC#00001,-5203000.00,CR,2023-02-10,2023-02-11,BenchRec_cash_v1.0_train.csv,128883
322756AL61831939,3991.9400,USD,2023-02-18T00:00:00Z,DEBIT,,"BenchRec production-derived, obfuscated source side B",736597945642,322756AL61831939 9845666167VI,ACC#00001,-3991.94,CR,2023-02-18,2023-02-19,BenchRec_cash_v1.0_train.csv,136120
VOLERY,11746124.6200,USD,2023-02-25T00:00:00Z,CREDIT,,"BenchRec production-derived, obfuscated source side B",738431978188,VOLERY 3330420666FP,ACC#00001,11746124.62,DR,2023-02-25,2023-02-26,BenchRec_cash_v1.0_train.csv,144173
VOLERY,39919069.0000,USD,2023-01-25T00:00:00Z,CREDIT,,"BenchRec production-derived, obfuscated source side B",740470374381,VOLERY 3170077666FP,ACC#00001,39919069.00,DR,2023-01-25,2023-01-26,BenchRec_cash_v1.0_train.csv,114592
322746AL68127247,35157.6500,USD,2023-02-11T00:00:00Z,DEBIT,,"BenchRec production-derived, obfuscated source side B",740717330611,322746AL68127247 2526566798VI,ACC#00001,-35157.65,CR,2023-02-11,2023-02-12,BenchRec_cash_v1.0_train.csv,129105
VOLERY,2115538.6800,USD,2023-01-29T00:00:00Z,CREDIT,,"BenchRec production-derived, obfuscated source side B",744759859960,VOLERY 3146219666FP,ACC#00001,2115538.68,DR,2023-01-29,2023-01-30,BenchRec_cash_v1.0_train.csv,118779
VOLERY,7768215.2000,USD,2023-02-03T00:00:00Z,CREDIT,,"BenchRec production-derived, obfuscated source side B",745680409231,VOLERY 3196022666FP,ACC#00001,7768215.20,DR,2023-02-03,2023-02-04,BenchRec_cash_v1.0_train.csv,121863
322746AL68172436,13228680.9600,USD,2023-01-06T00:00:00Z,DEBIT,,"BenchRec production-derived, obfuscated source side B",746629191898,322746AL68172436 1768566735VI,ACC#00001,-13228680.96,CR,2023-01-06,2023-01-07,BenchRec_cash_v1.0_train.csv,98295
VOLERY,10868483.5600,USD,2023-01-05T00:00:00Z,CREDIT,,"BenchRec production-derived, obfuscated source side B",747331033628,VOLERY 3028322666FP,ACC#00001,10868483.56,DR,2023-01-05,2023-01-06,BenchRec_cash_v1.0_train.csv,97045
V243912860814064,758656.8000,USD,2023-02-08T00:00:00Z,DEBIT,,"BenchRec production-derived, obfuscated source side B",747354874877,V243912860814064 2059866797VI,ACC#00001,-758656.80,CR,2023-02-08,2023-02-09,BenchRec_cash_v1.0_train.csv,125434
VOLERY,13308.5800,USD,2023-01-11T00:00:00Z,DEBIT,,"BenchRec production-derived, obfuscated source side B",7477355074,VOLERY 3702468666FP,ACC#00001,-13308.58,CR,2023-01-11,2023-01-12,BenchRec_cash_v1.0_train.csv,102802
64758915,2104000000.0000,USD,2023-01-15T00:00:00Z,DEBIT,,"BenchRec production-derived, obfuscated source side B",749664567012,64758915 4612266745VI,ACC#00001,-2104000000.00,CR,2023-01-15,2023-01-16,BenchRec_cash_v1.0_train.csv,107139
VOLERY,2571633.0000,USD,2023-02-05T00:00:00Z,DEBIT,,"BenchRec production-derived, obfuscated source side B",751075016666,VOLERY 3806447666FP,ACC#00001,-2571633.00,CR,2023-02-05,2023-02-06,BenchRec_cash_v1.0_train.csv,123927
V334851260214327,348416100.0000,USD,2023-01-08T00:00:00Z,DEBIT,,"BenchRec production-derived, obfuscated source side B",751977419025,V334851260214327 1810866740VI,ACC#00001,-348416100.00,CR,2023-01-08,2023-01-09,BenchRec_cash_v1.0_train.csv,100244
VOLERY,5057374.0000,USD,2023-01-05T00:00:00Z,DEBIT,,"BenchRec production-derived, obfuscated source side B",753255850310,VOLERY 3023771666FP,ACC#00001,-5057374.00,CR,2023-01-05,2023-01-06,BenchRec_cash_v1.0_train.csv,97236
VOLERY,1133329.3400,USD,2023-02-11T00:00:00Z,DEBIT,,"BenchRec production-derived, obfuscated source side B",755117410968,VOLERY 3830888666FP,ACC#00001,-1133329.34,CR,2023-02-11,2023-02-12,BenchRec_cash_v1.0_train.csv,128959
VOLERY,1089730.0800,USD,2023-02-11T00:00:00Z,CREDIT,,"BenchRec production-derived, obfuscated source side B",755329632411,VOLERY 3830356666FP,ACC#00001,1089730.08,DR,2023-02-11,2023-02-12,BenchRec_cash_v1.0_train.csv,129363
VOLERY,84604.3400,USD,2023-01-13T00:00:00Z,DEBIT,,"BenchRec production-derived, obfuscated source side B",755661761298,VOLERY 3712881666FP,ACC#00001,-84604.34,CR,2023-01-13,2023-01-14,BenchRec_cash_v1.0_train.csv,104806
6976366652671413,6000.0000,USD,2023-01-20T00:00:00Z,DEBIT,,"BenchRec production-derived, obfuscated source side B",756524952607,6976366652671413 3906866727VI,ACC#00001,-6000.00,CR,2023-01-20,2023-01-21,BenchRec_cash_v1.0_train.csv,112068
VOLERY,456900.3800,USD,2023-01-13T00:00:00Z,DEBIT,,"BenchRec production-derived, obfuscated source side B",759232605248,VOLERY 3712803666FP,ACC#00001,-456900.38,CR,2023-01-13,2023-01-14,BenchRec_cash_v1.0_train.csv,105305
VOLERY,32321.4800,USD,2023-03-02T00:00:00Z,CREDIT,,"BenchRec production-derived, obfuscated source side B",759465562934,VOLERY 3329671666FP,ACC#00001,32321.48,DR,2023-03-02,2023-03-03,BenchRec_cash_v1.0_train.csv,147854
32566J6CM4,4001790.7000,USD,2023-01-07T00:00:00Z,CREDIT,,"BenchRec production-derived, obfuscated source side B",760696695987,32566J6CM4 2157966739VI,ACC#00001,4001790.70,DR,2023-01-07,2023-01-08,BenchRec_cash_v1.0_train.csv,99370
VOLERY,34092600.0000,USD,2023-02-08T00:00:00Z,CREDIT,,"BenchRec production-derived, obfuscated source side B",760707567014,VOLERY 3870527666FP,ACC#00001,34092600.00,DR,2023-02-08,2023-02-09,BenchRec_cash_v1.0_train.csv,125984
VOLERY,3986800.0000,USD,2023-01-08T00:00:00Z,CREDIT,,"BenchRec production-derived, obfuscated source side B",762238353502,VOLERY 3763282666FP,ACC#00001,3986800.00,DR,2023-01-08,2023-01-09,BenchRec_cash_v1.0_train.csv,100615
VOLERY,486700.8700,USD,2023-01-11T00:00:00Z,DEBIT,,"BenchRec production-derived, obfuscated source side B",764803990882,VOLERY 3702479666FP,ACC#00001,-486700.87,CR,2023-01-11,2023-01-12,BenchRec_cash_v1.0_train.csv,102141
VOLERY,5487757.6800,USD,2023-02-23T00:00:00Z,DEBIT,,"BenchRec production-derived, obfuscated source side B",765026456513,VOLERY 3310381666FP,ACC#00001,-5487757.68,CR,2023-02-23,2023-02-24,BenchRec_cash_v1.0_train.csv,140135
VOLERY,97875.7900,USD,2023-02-24T00:00:00Z,CREDIT,,"BenchRec production-derived, obfuscated source side B",766680977895,VOLERY 3386339666FP,ACC#00001,97875.79,DR,2023-02-24,2023-02-25,BenchRec_cash_v1.0_train.csv,141822
VOLERY,4966024.3800,USD,2023-03-04T00:00:00Z,DEBIT,,"BenchRec production-derived, obfuscated source side B",766767586182,VOLERY 3355576666FP,ACC#00001,-4966024.38,CR,2023-03-04,2023-03-05,BenchRec_cash_v1.0_train.csv,148935
VOLERY,796832.0000,USD,2023-03-04T00:00:00Z,CREDIT,,"BenchRec production-derived, obfuscated source side B",769117013746,VOLERY 3355156666FP,ACC#00001,796832.00,DR,2023-03-04,2023-03-05,BenchRec_cash_v1.0_train.csv,147818
VOLERY,88000.0000,USD,2023-02-24T00:00:00Z,DEBIT,,"BenchRec production-derived, obfuscated source side B",770068977127,VOLERY 3380688666FP,ACC#00001,-88000.00,CR,2023-02-24,2023-02-25,BenchRec_cash_v1.0_train.csv,141814
VOLERY,1707990.0000,USD,2023-01-25T00:00:00Z,DEBIT,,"BenchRec production-derived, obfuscated source side B",771859996409,VOLERY 3170489666FP,ACC#00001,-1707990.00,CR,2023-01-25,2023-01-26,BenchRec_cash_v1.0_train.csv,113777
779756BW61845465,2851866.3400,USD,2023-01-04T00:00:00Z,DEBIT,,"BenchRec production-derived, obfuscated source side B",772609462166,779756BW61845465 L-8504566738VI,ACC#00001,-2851866.34,CR,2023-01-04,2023-01-05,BenchRec_cash_v1.0_train.csv,95342
VOLERY,113538.4000,USD,2023-03-05T00:00:00Z,CREDIT,,"BenchRec production-derived, obfuscated source side B",773597352046,VOLERY 3395070666FP,ACC#00001,113538.40,DR,2023-03-05,2023-03-07,BenchRec_cash_v1.0_train.csv,149704
VOLERY,1474794.1000,USD,2023-01-29T00:00:00Z,CREDIT,,"BenchRec production-derived, obfuscated source side B",774177053571,VOLERY 3146454666FP,ACC#00001,1474794.10,DR,2023-01-29,2023-01-30,BenchRec_cash_v1.0_train.csv,119023
VOLERY,240152.5400,USD,2023-02-17T00:00:00Z,CREDIT,,"BenchRec production-derived, obfuscated source side B",774193007162,VOLERY 3859271666FP,ACC#00001,240152.54,DR,2023-02-17,2023-02-18,BenchRec_cash_v1.0_train.csv,133923
32566BM5UK,1048900.0000,USD,2023-02-26T00:00:00Z,CREDIT,,"BenchRec production-derived, obfuscated source side B",774405453479,32566BM5UK 8979466106VI,ACC#00001,1048900.00,DR,2023-02-26,2023-02-27,BenchRec_cash_v1.0_train.csv,144346
VOLERY,4062705.7200,USD,2023-01-13T00:00:00Z,DEBIT,,"BenchRec production-derived, obfuscated source side B",774686807614,VOLERY 3713525666FP,ACC#00001,-4062705.72,CR,2023-01-13,2023-01-14,BenchRec_cash_v1.0_train.csv,104966
VOLERY,437222.6800,USD,2023-01-29T00:00:00Z,DEBIT,,"BenchRec production-derived, obfuscated source side B",775089703136,VOLERY 3140025666FP,ACC#00001,-437222.68,CR,2023-01-29,2023-01-30,BenchRec_cash_v1.0_train.csv,118848
322746AL68121090,612840.3900,USD,2023-02-11T00:00:00Z,DEBIT,,"BenchRec production-derived, obfuscated source side B",775278548168,322746AL68121090 2552466798VI,ACC#00001,-612840.39,CR,2023-02-11,2023-02-12,BenchRec_cash_v1.0_train.csv,129241
VOLERY,3989236.4700,USD,2023-02-12T00:00:00Z,DEBIT,,"BenchRec production-derived, obfuscated source side B",775463238869,VOLERY 3846725666FP,ACC#00001,-3989236.47,CR,2023-02-12,2023-02-13,BenchRec_cash_v1.0_train.csv,130775
VOLERY,13963900.0000,USD,2023-01-15T00:00:00Z,DEBIT,,"BenchRec production-derived, obfuscated source side B",775768335053,VOLERY 3735117666FP,ACC#00001,-13963900.00,CR,2023-01-15,2023-01-16,BenchRec_cash_v1.0_train.csv,107263
779726BW63768998,2257914.2000,USD,2023-01-12T00:00:00Z,DEBIT,,"BenchRec production-derived, obfuscated source side B",776958794177,779726BW63768998 L-8662766743VI,ACC#00001,-2257914.20,CR,2023-01-12,2023-01-13,BenchRec_cash_v1.0_train.csv,103415
32566J9H7M,147300.0000,USD,2023-01-21T00:00:00Z,CREDIT,,"BenchRec production-derived, obfuscated source side B",777970024670,32566J9H7M 9119466721VI,ACC#00001,147300.00,DR,2023-01-21,2023-01-22,BenchRec_cash_v1.0_train.csv,111549
VOLERY,382824.1700,USD,2023-01-07T00:00:00Z,CREDIT,,"BenchRec production-derived, obfuscated source side B",778322296055,VOLERY 3093843666FP,ACC#00001,382824.17,DR,2023-01-07,2023-01-08,BenchRec_cash_v1.0_train.csv,99792
VOLERY,4701967.3600,USD,2023-02-26T00:00:00Z,CREDIT,,"BenchRec production-derived, obfuscated source side B",778826590336,VOLERY 3339972666FP,ACC#00001,4701967.36,DR,2023-02-26,2023-02-27,BenchRec_cash_v1.0_train.csv,144330
VOLERY,43734825.5100,USD,2023-02-02T00:00:00Z,CREDIT,,"BenchRec production-derived, obfuscated source side B",779159803492,VOLERY 3156157666FP,ACC#00001,43734825.51,DR,2023-02-02,2023-02-03,BenchRec_cash_v1.0_train.csv,120585
V483925266017178,1679200.0000,USD,2023-01-21T00:00:00Z,CREDIT,,"BenchRec production-derived, obfuscated source side B",779229254404,V483925266017178 6262566728VI,ACC#00001,1679200.00,DR,2023-01-21,2023-01-22,BenchRec_cash_v1.0_train.csv,112198
VOLERY,2311480.2400,USD,2023-02-22T00:00:00Z,DEBIT,,"BenchRec production-derived, obfuscated source side B",779817390875,VOLERY 3377270666FP,ACC#00001,-2311480.24,CR,2023-02-22,2023-02-23,BenchRec_cash_v1.0_train.csv,138749
VOLERY,13934.7100,USD,2023-02-10T00:00:00Z,DEBIT,,"BenchRec production-derived, obfuscated source side B",780524437902,VOLERY 6904766798XD,ACC#00001,-13934.71,CR,2023-02-10,2023-02-11,BenchRec_cash_v1.0_train.csv,128159
VOLERY,36150.3300,USD,2023-02-10T00:00:00Z,DEBIT,,"BenchRec production-derived, obfuscated source side B",781377358087,VOLERY 3887693666FP,ACC#00001,-36150.33,CR,2023-02-10,2023-02-11,BenchRec_cash_v1.0_train.csv,128205
32566TDRDG,2851866.3400,USD,2023-01-04T00:00:00Z,CREDIT,,"BenchRec production-derived, obfuscated source side B",781757072453,32566TDRDG 4442766732VI,ACC#00001,2851866.34,DR,2023-01-04,2023-01-05,BenchRec_cash_v1.0_train.csv,95421
MG13597859M600MK,170253.3500,USD,2023-02-03T00:00:00Z,CREDIT,,"BenchRec production-derived, obfuscated source side B",78239639842,MG13597859M600MK 3076166752VI,ACC#00001,170253.35,DR,2023-02-03,2023-02-04,BenchRec_cash_v1.0_train.csv,122290
322746AL68790486,21082.7000,USD,2023-03-05T00:00:00Z,DEBIT,,"BenchRec production-derived, obfuscated source side B",785472950510,322746AL68790486 6457666104VI,ACC#00001,-21082.70,CR,2023-03-05,2023-03-07,BenchRec_cash_v1.0_train.csv,149328
VOLERY,55077.9400,USD,2023-02-22T00:00:00Z,CREDIT,,"BenchRec production-derived, obfuscated source side B",786066075307,VOLERY 3376416666FP,ACC#00001,55077.94,DR,2023-02-22,2023-02-23,BenchRec_cash_v1.0_train.csv,139506
V357899260112893,2386264.9300,USD,2023-03-05T00:00:00Z,CREDIT,,"BenchRec production-derived, obfuscated source side B",786778805287,V357899260112893 7813466102VI,ACC#00001,2386264.93,DR,2023-03-05,2023-03-07,BenchRec_cash_v1.0_train.csv,149635
VOLERY,2165032.0000,USD,2023-02-10T00:00:00Z,CREDIT,,"BenchRec production-derived, obfuscated source side B",787110398983,VOLERY 3880418666FP,ACC#00001,2165032.00,DR,2023-02-10,2023-02-11,BenchRec_cash_v1.0_train.csv,128495
V304528460310149,3209000.0000,USD,2023-01-05T00:00:00Z,CREDIT,,"BenchRec production-derived, obfuscated source side B",790074339898,V304528460310149 6089466735VI,ACC#00001,3209000.00,DR,2023-01-05,2023-01-06,BenchRec_cash_v1.0_train.csv,96139
VOLERY,1241863.8800,USD,2023-02-26T00:00:00Z,DEBIT,,"BenchRec production-derived, obfuscated source side B",790787152342,VOLERY 3340409666FP,ACC#00001,-1241863.88,CR,2023-02-26,2023-02-27,BenchRec_cash_v1.0_train.csv,144699
77966RMQ4L,86631.2400,USD,2023-02-03T00:00:00Z,CREDIT,,"BenchRec production-derived, obfuscated source side B",791612506075,77966RMQ4L 3711666752VI,ACC#00001,86631.24,DR,2023-02-03,2023-02-04,BenchRec_cash_v1.0_train.csv,121527
GYNOMONOECISM,845010.8800,USD,2023-01-14T00:00:00Z,CREDIT,,"BenchRec production-derived, obfuscated source side B",793537918614,GYNOMONOECISM 0678266742VI,ACC#00001,845010.88,DR,2023-01-14,2023-01-15,BenchRec_cash_v1.0_train.csv,105880
2924566668968069,477738.7000,USD,2023-01-13T00:00:00Z,DEBIT,,"BenchRec production-derived, obfuscated source side B",793564027795,2924566668968069 9978566720VI,ACC#00001,-477738.70,CR,2023-01-13,2023-01-19,BenchRec_cash_v1.0_train.csv,108016
VOLERY,33255022.4600,USD,2023-01-05T00:00:00Z,CREDIT,,"BenchRec production-derived, obfuscated source side B",793738839831,VOLERY 3024372666FP,ACC#00001,33255022.46,DR,2023-01-05,2023-01-06,BenchRec_cash_v1.0_train.csv,97135
322756AL61844921,121.9000,USD,2023-01-13T00:00:00Z,DEBIT,,"BenchRec production-derived, obfuscated source side B",796936856950,322756AL61844921 2364566744VI,ACC#00001,-121.90,CR,2023-01-13,2023-01-14,BenchRec_cash_v1.0_train.csv,104352
VOLERY,240057.2300,USD,2023-02-19T00:00:00Z,CREDIT,,"BenchRec production-derived, obfuscated source side B",797232144924,VOLERY 3369326666FP,ACC#00001,240057.23,DR,2023-02-19,2023-02-20,BenchRec_cash_v1.0_train.csv,136778
322756AL61831939,490.3700,USD,2023-02-18T00:00:00Z,DEBIT,,"BenchRec production-derived, obfuscated source side B",797348045828,322756AL61831939 9812366167VI,ACC#00001,-490.37,CR,2023-02-18,2023-02-19,BenchRec_cash_v1.0_train.csv,136200
VOLERY,433400.0000,USD,2023-01-13T00:00:00Z,CREDIT,,"BenchRec production-derived, obfuscated source side B",7982018009,VOLERY 3713359666FP,ACC#00001,433400.00,DR,2023-01-13,2023-01-14,BenchRec_cash_v1.0_train.csv,104745
VOLERY,179303.0300,USD,2023-02-12T00:00:00Z,DEBIT,,"BenchRec production-derived, obfuscated source side B",799902023278,VOLERY 3840369666FP,ACC#00001,-179303.03,CR,2023-02-12,2023-02-13,BenchRec_cash_v1.0_train.csv,130421
VOLERY,36214.4600,USD,2023-01-15T00:00:00Z,CREDIT,,"BenchRec production-derived, obfuscated source side B",800327288585,VOLERY 3734413666FP,ACC#00001,36214.46,DR,2023-01-15,2023-01-16,BenchRec_cash_v1.0_train.csv,107080
VOLERY,30118.3700,USD,2023-03-01T00:00:00Z,CREDIT,,"BenchRec production-derived, obfuscated source side B",800612955110,VOLERY 3349833666FP,ACC#00001,30118.37,DR,2023-03-01,2023-03-02,BenchRec_cash_v1.0_train.csv,146350
322756AL61312936,58147.4300,USD,2023-02-18T00:00:00Z,DEBIT,,"BenchRec production-derived, obfuscated source side B",800789828281,322756AL61312936 2306866160VI,ACC#00001,-58147.43,CR,2023-02-18,2023-02-19,BenchRec_cash_v1.0_train.csv,136517
VOLERY,4579448.1000,USD,2023-01-29T00:00:00Z,CREDIT,,"BenchRec production-derived, obfuscated source side B",801208849530,VOLERY 3146215666FP,ACC#00001,4579448.10,DR,2023-01-29,2023-01-30,BenchRec_cash_v1.0_train.csv,118786
VOLERY,486814.1800,USD,2023-01-15T00:00:00Z,DEBIT,,"BenchRec production-derived, obfuscated source side B",801751734551,VOLERY 3735119666FP,ACC#00001,-486814.18,CR,2023-01-15,2023-01-16,BenchRec_cash_v1.0_train.csv,106911
VOLERY,5416562.5100,USD,2023-01-29T00:00:00Z,DEBIT,,"BenchRec production-derived, obfuscated source side B",801824043729,VOLERY 3140049666FP,ACC#00001,-5416562.51,CR,2023-01-29,2023-01-30,BenchRec_cash_v1.0_train.csv,119247
VOLERY,52739550.2100,USD,2023-01-18T00:00:00Z,DEBIT,,"BenchRec production-derived, obfuscated source side B",802025921757,VOLERY 3744916666FP,ACC#00001,-52739550.21,CR,2023-01-18,2023-01-19,BenchRec_cash_v1.0_train.csv,107885
VOLERY,5202183.5500,USD,2023-02-26T00:00:00Z,CREDIT,,"BenchRec production-derived, obfuscated source side B",804317745326,VOLERY 3339979666FP,ACC#00001,5202183.55,DR,2023-02-26,2023-02-27,BenchRec_cash_v1.0_train.csv,144357
VOLERY,678048.3200,USD,2023-01-15T00:00:00Z,CREDIT,,"BenchRec production-derived, obfuscated source side B",804808638882,VOLERY 3732238666FP,ACC#00001,678048.32,DR,2023-01-15,2023-01-16,BenchRec_cash_v1.0_train.csv,107278
VOLERY,2859.4300,USD,2023-01-25T00:00:00Z,CREDIT,,"BenchRec production-derived, obfuscated source side B",805148781319,VOLERY 3109220666FP,ACC#00001,2859.43,DR,2023-01-25,2023-01-26,BenchRec_cash_v1.0_train.csv,114598
V622625161681740,21124085.0100,USD,2023-02-19T00:00:00Z,DEBIT,,"BenchRec production-derived, obfuscated source side B",805193076939,V622625161681740 8014066161VI,ACC#00001,-21124085.01,CR,2023-02-19,2023-02-20,BenchRec_cash_v1.0_train.csv,136635
CONSENESCENCY,530000.0000,USD,2023-01-26T00:00:00Z,DEBIT,,"BenchRec production-derived, obfuscated source side B",806064275274,CONSENESCENCY 8470666729XD,ACC#00001,-530000.00,CR,2023-01-26,2023-01-27,BenchRec_cash_v1.0_train.csv,115666
VOLERY,147900.2000,USD,2023-01-27T00:00:00Z,DEBIT,,"BenchRec production-derived, obfuscated source side B",807315319288,VOLERY 3180143666FP,ACC#00001,-147900.20,CR,2023-01-27,2023-01-28,BenchRec_cash_v1.0_train.csv,116537
VOLERY,1056815.5000,USD,2023-03-04T00:00:00Z,CREDIT,,"BenchRec production-derived, obfuscated source side B",807454771011,VOLERY 3359422666FP,ACC#00001,1056815.50,DR,2023-03-04,2023-03-05,BenchRec_cash_v1.0_train.csv,147919
07166J4HH3,1914940.0000,USD,2023-01-14T00:00:00Z,CREDIT,,"BenchRec production-derived, obfuscated source side B",80746475156,07166J4HH3 5511966744VI,ACC#00001,1914940.00,DR,2023-01-14,2023-01-15,BenchRec_cash_v1.0_train.csv,106682
37266J83Y5,9698.3400,USD,2023-01-11T00:00:00Z,CREDIT,,"BenchRec production-derived, obfuscated source side B",807597582968,37266J83Y5 5709066741VI,ACC#00001,9698.34,DR,2023-01-11,2023-01-12,BenchRec_cash_v1.0_train.csv,102889
VOLERY,16099627.5100,USD,2023-01-08T00:00:00Z,DEBIT,,"BenchRec production-derived, obfuscated source side B",807653098021,VOLERY 3764046666FP,ACC#00001,-16099627.51,CR,2023-01-08,2023-01-09,BenchRec_cash_v1.0_train.csv,100452
VOLERY,333253.0000,USD,2023-01-25T00:00:00Z,DEBIT,,"BenchRec production-derived, obfuscated source side B",811429784720,VOLERY 3170440666FP,ACC#00001,-333253.00,CR,2023-01-25,2023-01-26,BenchRec_cash_v1.0_train.csv,114260
VOLERY,99494.8800,USD,2023-02-04T00:00:00Z,CREDIT,,"BenchRec production-derived, obfuscated source side B",81176027502,VOLERY 3199185666FP,ACC#00001,99494.88,DR,2023-02-04,2023-02-05,BenchRec_cash_v1.0_train.csv,123857
183746AL68749313,59236.1000,USD,2023-01-27T00:00:00Z,DEBIT,,"BenchRec production-derived, obfuscated source side B",813163824246,183746AL68749313 8533766729VI,ACC#00001,-59236.10,CR,2023-01-27,2023-01-28,BenchRec_cash_v1.0_train.csv,116540
VOLERY,81008.3900,USD,2023-01-13T00:00:00Z,CREDIT,,"BenchRec production-derived, obfuscated source side B",814097230980,VOLERY 3714914666FP,ACC#00001,81008.39,DR,2023-01-13,2023-01-14,BenchRec_cash_v1.0_train.csv,105315
VOLERY,89807.2100,USD,2023-02-11T00:00:00Z,DEBIT,,"BenchRec production-derived, obfuscated source side B",814265301707,VOLERY 3830916666FP,ACC#00001,-89807.21,CR,2023-02-11,2023-02-12,BenchRec_cash_v1.0_train.csv,129864
32566RPA8S,145119.5100,USD,2023-02-23T00:00:00Z,CREDIT,,"BenchRec production-derived, obfuscated source side B",814659416018,32566RPA8S 7581166162VI,ACC#00001,145119.51,DR,2023-02-23,2023-02-24,BenchRec_cash_v1.0_train.csv,140577
HM0883780H667,3100000.0000,USD,2023-03-02T00:00:00Z,DEBIT,,"BenchRec production-derived, obfuscated source side B",815661263518,HM0883780H667 3051066108FW,ACC#00001,-3100000.00,CR,2023-03-02,2023-03-03,BenchRec_cash_v1.0_train.csv,147620
32566J3RYV,136459511.5000,USD,2023-01-13T00:00:00Z,CREDIT,,"BenchRec production-derived, obfuscated source side B",816724450152,32566J3RYV 3074766743VI,ACC#00001,136459511.50,DR,2023-01-13,2023-01-14,BenchRec_cash_v1.0_train.csv,104750
7669066266001066,177100.0000,USD,2023-01-27T00:00:00Z,DEBIT,,"BenchRec production-derived, obfuscated source side B",81766175006,7669066266001066 6801169756WT,ACC#00001,-177100.00,CR,2023-01-27,2023-01-28,BenchRec_cash_v1.0_train.csv,116138
3726266699003116,168548.0000,USD,2023-02-04T00:00:00Z,DEBIT,,"BenchRec production-derived, obfuscated source side B",820023537946,3726266699003116 7680666791VI,ACC#00001,-168548.00,CR,2023-02-04,2023-02-10,BenchRec_cash_v1.0_train.csv,126734
VOLERY,1191296.1000,USD,2023-03-01T00:00:00Z,CREDIT,,"BenchRec production-derived, obfuscated source side B",820834086300,VOLERY 3349883666FP,ACC#00001,1191296.10,DR,2023-03-01,2023-03-02,BenchRec_cash_v1.0_train.csv,146415
32566J41EP,5438.8200,USD,2023-01-13T00:00:00Z,CREDIT,,"BenchRec production-derived, obfuscated source side B",82114575055,32566J41EP 2339566744VI,ACC#00001,5438.82,DR,2023-01-13,2023-01-14,BenchRec_cash_v1.0_train.csv,104320
VOLERY,28474666.2600,USD,2023-01-14T00:00:00Z,DEBIT,,"BenchRec production-derived, obfuscated source side B",821620038449,VOLERY 3782004666FP,ACC#00001,-28474666.26,CR,2023-01-14,2023-01-15,BenchRec_cash_v1.0_train.csv,106581
VOLERY,209158.9000,USD,2023-01-08T00:00:00Z,CREDIT,,"BenchRec production-derived, obfuscated source side B",822190422038,VOLERY 3763441666FP,ACC#00001,209158.90,DR,2023-01-08,2023-01-09,BenchRec_cash_v1.0_train.csv,100577
VOLERY,29590321.7100,USD,2023-02-22T00:00:00Z,DEBIT,,"BenchRec production-derived, obfuscated source side B",822922734666,VOLERY 3370085666FP,ACC#00001,-29590321.71,CR,2023-02-22,2023-02-23,BenchRec_cash_v1.0_train.csv,139767
V471078367917474,940340.0000,USD,2023-01-19T00:00:00Z,CREDIT,,"BenchRec production-derived, obfuscated source side B",825564770882,V471078367917474 7866666727VI,ACC#00001,940340.00,DR,2023-01-19,2023-01-20,BenchRec_cash_v1.0_train.csv,109232
32566RQ01K,169000.0000,USD,2023-02-15T00:00:00Z,CREDIT,,"BenchRec production-derived, obfuscated source side B",825874452757,32566RQ01K 3450366794VI,ACC#00001,169000.00,DR,2023-02-15,2023-02-16,BenchRec_cash_v1.0_train.csv,131700
32566RVDY2,59383521.0000,USD,2023-01-27T00:00:00Z,CREDIT,,"BenchRec production-derived, obfuscated source side B",828502768131,32566RVDY2 4231766756VI,ACC#00001,59383521.00,DR,2023-01-27,2023-01-28,BenchRec_cash_v1.0_train.csv,116079
V484707967981310,1600200.0000,USD,2023-01-21T00:00:00Z,DEBIT,,"BenchRec production-derived, obfuscated source side B",82873659479,V484707967981310 6561066728VI,ACC#00001,-1600200.00,CR,2023-01-21,2023-01-22,BenchRec_cash_v1.0_train.csv,111670
VOLERY,11042.2200,USD,2023-01-14T00:00:00Z,DEBIT,,"BenchRec production-derived, obfuscated source side B",829173454107,VOLERY 3785680666FP,ACC#00001,-11042.22,CR,2023-01-14,2023-01-15,BenchRec_cash_v1.0_train.csv,105726
VOLERY,33353194.8700,USD,2023-01-21T00:00:00Z,DEBIT,,"BenchRec production-derived, obfuscated source side B",829205738646,VOLERY 3799559666FP,ACC#00001,-33353194.87,CR,2023-01-21,2023-01-22,BenchRec_cash_v1.0_train.csv,111336
VOLERY,63091.2000,USD,2023-02-12T00:00:00Z,DEBIT,,"BenchRec production-derived, obfuscated source side B",830385047985,VOLERY 3840857666FP,ACC#00001,-63091.20,CR,2023-02-12,2023-02-13,BenchRec_cash_v1.0_train.csv,130844
VOLERY,1033001.5100,USD,2023-03-04T00:00:00Z,CREDIT,,"BenchRec production-derived, obfuscated source side B",831247856099,VOLERY 3359456666FP,ACC#00001,1033001.51,DR,2023-03-04,2023-03-05,BenchRec_cash_v1.0_train.csv,148412
32566J5Z5Q,872452.3100,USD,2023-01-19T00:00:00Z,CREDIT,,"BenchRec production-derived, obfuscated source side B",83276102643,32566J5Z5Q 0650266720VI,ACC#00001,872452.31,DR,2023-01-19,2023-01-20,BenchRec_cash_v1.0_train.csv,109650
V216414666910569,2000000.0000,USD,2023-01-29T00:00:00Z,CREDIT,,"BenchRec production-derived, obfuscated source side B",833360686442,V216414666910569 1505466757VI,ACC#00001,2000000.00,DR,2023-01-29,2023-01-30,BenchRec_cash_v1.0_train.csv,119228
VOLERY,4294490.0000,USD,2023-02-23T00:00:00Z,CREDIT,,"BenchRec production-derived, obfuscated source side B",833522037766,VOLERY 3317112666FP,ACC#00001,4294490.00,DR,2023-02-23,2023-02-24,BenchRec_cash_v1.0_train.csv,141295
VOLERY,1442084.8600,USD,2023-03-01T00:00:00Z,DEBIT,,"BenchRec production-derived, obfuscated source side B",836359974050,VOLERY 3320068666FP,ACC#00001,-1442084.86,CR,2023-03-01,2023-03-02,BenchRec_cash_v1.0_train.csv,146666
779726BW63037850,2275607.0200,USD,2023-02-04T00:00:00Z,DEBIT,,"BenchRec production-derived, obfuscated source side B",836513387278,779726BW63037850 L-2756566752VI,ACC#00001,-2275607.02,CR,2023-02-04,2023-02-05,BenchRec_cash_v1.0_train.csv,123118
6622656G6P6D6660,3017.0000,USD,2023-01-21T00:00:00Z,DEBIT,,"BenchRec production-derived, obfuscated source side B",836873819538,6622656G6P6D6660 0958266728VI,ACC#00001,-3017.00,CR,2023-01-21,2023-01-22,BenchRec_cash_v1.0_train.csv,111826
VOLERY,2216290.0000,USD,2023-01-06T00:00:00Z,CREDIT,,"BenchRec production-derived, obfuscated source side B",837020551028,VOLERY 3053091666FP,ACC#00001,2216290.00,DR,2023-01-06,2023-01-07,BenchRec_cash_v1.0_train.csv,98134
37266J1D1P,4546.3900,USD,2023-01-11T00:00:00Z,CREDIT,,"BenchRec production-derived, obfuscated source side B",837444757970,37266J1D1P 5704966741VI,ACC#00001,4546.39,DR,2023-01-11,2023-01-12,BenchRec_cash_v1.0_train.csv,102868
V424959366719576,6466774.4800,USD,2023-01-22T00:00:00Z,CREDIT,,"BenchRec production-derived, obfuscated source side B",838647382596,V424959366719576 3063466723VI,ACC#00001,6466774.48,DR,2023-01-22,2023-01-23,BenchRec_cash_v1.0_train.csv,112902
V445942166318106,2000000.0000,USD,2023-01-25T00:00:00Z,CREDIT,,"BenchRec production-derived, obfuscated source side B",838694562438,V445942166318106 5314066725VI,ACC#00001,2000000.00,DR,2023-01-25,2023-01-26,BenchRec_cash_v1.0_train.csv,113804
VOLERY,2944970.0000,USD,2023-01-13T00:00:00Z,CREDIT,,"BenchRec production-derived, obfuscated source side B",842054720016,VOLERY 3713463666FP,ACC#00001,2944970.00,DR,2023-01-13,2023-01-14,BenchRec_cash_v1.0_train.csv,104414
VOLERY,1413843.2300,USD,2023-01-13T00:00:00Z,CREDIT,,"BenchRec production-derived, obfuscated source side B",843742508542,VOLERY 3713328666FP,ACC#00001,1413843.23,DR,2023-01-13,2023-01-14,BenchRec_cash_v1.0_train.csv,104598
VOLERY,743310.4200,USD,2023-01-04T00:00:00Z,DEBIT,,"BenchRec production-derived, obfuscated source side B",844834128619,VOLERY 3048691666FP,ACC#00001,-743310.42,CR,2023-01-04,2023-01-05,BenchRec_cash_v1.0_train.csv,94888
VOLERY,2235043.1100,USD,2023-02-15T00:00:00Z,CREDIT,,"BenchRec production-derived, obfuscated source side B",847060414303,VOLERY 3820194666FP,ACC#00001,2235043.11,DR,2023-02-15,2023-02-16,BenchRec_cash_v1.0_train.csv,132637
322756AL61833662,10321.7500,USD,2023-01-14T00:00:00Z,DEBIT,,"BenchRec production-derived, obfuscated source side B",847132892691,322756AL61833662 9590066742VI,ACC#00001,-10321.75,CR,2023-01-14,2023-01-15,BenchRec_cash_v1.0_train.csv,105658
VOLERY,13925367.9000,USD,2023-02-11T00:00:00Z,DEBIT,,"BenchRec production-derived, obfuscated source side B",847400752724,VOLERY 3836258666FP,ACC#00001,-13925367.90,CR,2023-02-11,2023-02-12,BenchRec_cash_v1.0_train.csv,129485
322746AL68121731,1601.8000,USD,2023-03-04T00:00:00Z,DEBIT,,"BenchRec production-derived, obfuscated source side B",848687214883,322746AL68121731 3743466103VI,ACC#00001,-1601.80,CR,2023-03-04,2023-03-05,BenchRec_cash_v1.0_train.csv,147965
VOLERY,3832416.5000,USD,2023-01-13T00:00:00Z,DEBIT,,"BenchRec production-derived, obfuscated source side B",848906151606,VOLERY 3713988666FP,ACC#00001,-3832416.50,CR,2023-01-13,2023-01-14,BenchRec_cash_v1.0_train.csv,104657
IYO9126666167385,110278058.0000,USD,2023-02-15T00:00:00Z,DEBIT,,"BenchRec production-derived, obfuscated source side B",849088039962,IYO9126666167385 5256766799VI,ACC#00001,-110278058.00,CR,2023-02-15,2023-02-16,BenchRec_cash_v1.0_train.csv,132314
VOLERY,21831200.0000,USD,2023-01-18T00:00:00Z,CREDIT,,"BenchRec production-derived, obfuscated source side B",849212604034,VOLERY 3742431666FP,ACC#00001,21831200.00,DR,2023-01-18,2023-01-19,BenchRec_cash_v1.0_train.csv,107913
V013861966341561,334533.6900,USD,2023-02-26T00:00:00Z,DEBIT,,"BenchRec production-derived, obfuscated source side B",851134802172,V013861966341561 8726666106VI,ACC#00001,-334533.69,CR,2023-02-26,2023-02-27,BenchRec_cash_v1.0_train.csv,144451
VOLERY,4686700.0000,USD,2023-01-27T00:00:00Z,DEBIT,,"BenchRec production-derived, obfuscated source side B",852666314193,VOLERY 7726269756WT,ACC#00001,-4686700.00,CR,2023-01-27,2023-01-28,BenchRec_cash_v1.0_train.csv,115789
VOLERY,84506.5000,USD,2023-02-23T00:00:00Z,DEBIT,,"BenchRec production-derived, obfuscated source side B",852997378343,VOLERY 3317427666FP,ACC#00001,-84506.50,CR,2023-02-23,2023-02-24,BenchRec_cash_v1.0_train.csv,140755
V329879327310771,986736.2400,USD,2023-01-15T00:00:00Z,CREDIT,,"BenchRec production-derived, obfuscated source side B",8532318016,V329879327310771 8620766745VI,ACC#00001,986736.24,DR,2023-01-15,2023-01-16,BenchRec_cash_v1.0_train.csv,107373
V304539160088475,689900.0000,USD,2023-01-05T00:00:00Z,DEBIT,,"BenchRec production-derived, obfuscated source side B",853600867662,V304539160088475 6720566735VI,ACC#00001,-689900.00,CR,2023-01-05,2023-01-06,BenchRec_cash_v1.0_train.csv,96999
IYO9126666168210,286860.0000,USD,2023-02-22T00:00:00Z,DEBIT,,"BenchRec production-derived, obfuscated source side B",854237964263,IYO9126666168210 6090266164VI,ACC#00001,-286860.00,CR,2023-02-22,2023-02-23,BenchRec_cash_v1.0_train.csv,139475
66966331,3621000000.0000,USD,2023-02-22T00:00:00Z,DEBIT,,"BenchRec production-derived, obfuscated source side B",855975328072,66966331 9594666164VI,ACC#00001,-3621000000.00,CR,2023-02-22,2023-02-23,BenchRec_cash_v1.0_train.csv,139800
VOLERY,209061.0000,USD,2023-02-24T00:00:00Z,DEBIT,,"BenchRec production-derived, obfuscated source side B",856955387126,VOLERY 3387109666FP,ACC#00001,-209061.00,CR,2023-02-24,2023-02-25,BenchRec_cash_v1.0_train.csv,142504
P0617GE8RU93GUP,544751.6000,USD,2023-02-22T00:00:00Z,DEBIT,,"BenchRec production-derived, obfuscated source side B",857365237161,P0617GE8RU93GUP 8363066164XD,ACC#00001,-544751.60,CR,2023-02-22,2023-02-23,BenchRec_cash_v1.0_train.csv,139047
912DIP212,945714.0000,USD,2023-02-16T00:00:00Z,CREDIT,,"BenchRec production-derived, obfuscated source side B",857422280522,912DIP212 0752566166VI,ACC#00001,945714.00,DR,2023-02-16,2023-02-17,BenchRec_cash_v1.0_train.csv,133269
322746AL68130193,3389.0400,USD,2023-01-06T00:00:00Z,DEBIT,,"BenchRec production-derived, obfuscated source side B",858888993473,322746AL68130193 4016066739VI,ACC#00001,-3389.04,CR,2023-01-06,2023-01-07,BenchRec_cash_v1.0_train.csv,97595
VOLERY,40000000.0000,USD,2023-02-23T00:00:00Z,CREDIT,,"BenchRec production-derived, obfuscated source side B",860252061207,VOLERY 3317736666FP,ACC#00001,40000000.00,DR,2023-02-23,2023-02-24,BenchRec_cash_v1.0_train.csv,140736
VOLERY,31480000.0000,USD,2023-01-21T00:00:00Z,CREDIT,,"BenchRec production-derived, obfuscated source side B",861916724913,VOLERY 3166288666FP,ACC#00001,31480000.00,DR,2023-01-21,2023-01-22,BenchRec_cash_v1.0_train.csv,112249
VOLERY,6877685.5100,USD,2023-01-15T00:00:00Z,CREDIT,,"BenchRec production-derived, obfuscated source side B",862083878881,VOLERY 3734438666FP,ACC#00001,6877685.51,DR,2023-01-15,2023-01-16,BenchRec_cash_v1.0_train.csv,107092
37266J1GEJ,5167.4300,USD,2023-01-11T00:00:00Z,CREDIT,,"BenchRec production-derived, obfuscated source side B",862252416125,37266J1GEJ 5775166741VI,ACC#00001,5167.43,DR,2023-01-11,2023-01-12,BenchRec_cash_v1.0_train.csv,102356
VOLERY,28186582.2300,USD,2023-01-29T00:00:00Z,DEBIT,,"BenchRec production-derived, obfuscated source side B",862297277426,VOLERY 3146032666FP,ACC#00001,-28186582.23,CR,2023-01-29,2023-01-30,BenchRec_cash_v1.0_train.csv,118802
VOLERY,21043538.9000,USD,2023-01-29T00:00:00Z,DEBIT,,"BenchRec production-derived, obfuscated source side B",862338194800,VOLERY 3139363666FP,ACC#00001,-21043538.90,CR,2023-01-29,2023-01-30,BenchRec_cash_v1.0_train.csv,118916
VOLERY,3855151.7800,USD,2023-03-02T00:00:00Z,CREDIT,,"BenchRec production-derived, obfuscated source side B",862829725465,VOLERY 3356080666FP,ACC#00001,3855151.78,DR,2023-03-02,2023-03-03,BenchRec_cash_v1.0_train.csv,147034
VOLERY,124322.4300,USD,2023-01-01T00:00:00Z,CREDIT,,"BenchRec production-derived, obfuscated source side B",866608015647,VOLERY 3033084666FP,ACC#00001,124322.43,DR,2023-01-01,2023-01-02,BenchRec_cash_v1.0_train.csv,93889
VOLERY,3433731.2600,USD,2023-01-11T00:00:00Z,DEBIT,,"BenchRec production-derived, obfuscated source side B",867232215524,VOLERY 3704748666FP,ACC#00001,-3433731.26,CR,2023-01-11,2023-01-12,BenchRec_cash_v1.0_train.csv,101464
VOLERY,95035.9100,USD,2023-02-05T00:00:00Z,CREDIT,,"BenchRec production-derived, obfuscated source side B",867335226533,VOLERY 3806106666FP,ACC#00001,95035.91,DR,2023-02-05,2023-02-06,BenchRec_cash_v1.0_train.csv,124233
6B6F656G6Q6V676W,1597.5600,USD,2023-01-13T00:00:00Z,DEBIT,,"BenchRec production-derived, obfuscated source side B",867799040202,6B6F656G6Q6V676W 5868566744VI,ACC#00001,-1597.56,CR,2023-01-13,2023-01-14,BenchRec_cash_v1.0_train.csv,104658
6969166720947,13310.2000,USD,2023-01-20T00:00:00Z,DEBIT,,"BenchRec production-derived, obfuscated source side B",868291385477,6969166720947 3156866721FW,ACC#00001,-13310.20,CR,2023-01-20,2023-01-21,BenchRec_cash_v1.0_train.csv,110943
VOLERY,1177768.0100,USD,2023-01-05T00:00:00Z,DEBIT,,"BenchRec production-derived, obfuscated source side B",869960148366,VOLERY 3024529666FP,ACC#00001,-1177768.01,CR,2023-01-05,2023-01-06,BenchRec_cash_v1.0_train.csv,96751
VOLERY,170946.5000,USD,2023-02-05T00:00:00Z,DEBIT,,"BenchRec production-derived, obfuscated source side B",870583814230,VOLERY 3807019666FP,ACC#00001,-170946.50,CR,2023-02-05,2023-02-06,BenchRec_cash_v1.0_train.csv,124272
VOLERY,1789072.7000,USD,2023-02-26T00:00:00Z,DEBIT,,"BenchRec production-derived, obfuscated source side B",871406553877,VOLERY 3346426666FP,ACC#00001,-1789072.70,CR,2023-02-26,2023-02-27,BenchRec_cash_v1.0_train.csv,144865
VOLERY,5325863.3500,USD,2023-02-02T00:00:00Z,DEBIT,,"BenchRec production-derived, obfuscated source side B",873198140851,VOLERY 3129311666FP,ACC#00001,-5325863.35,CR,2023-02-02,2023-02-03,BenchRec_cash_v1.0_train.csv,120651
VOLERY,1135751.6500,USD,2023-01-28T00:00:00Z,CREDIT,,"BenchRec production-derived, obfuscated source side B",873508130543,VOLERY 3136947666FP,ACC#00001,1135751.65,DR,2023-01-28,2023-01-29,BenchRec_cash_v1.0_train.csv,118584
VOLERY,34170684.2600,USD,2023-02-11T00:00:00Z,DEBIT,,"BenchRec production-derived, obfuscated source side B",877405759920,VOLERY 3836558666FP,ACC#00001,-34170684.26,CR,2023-02-11,2023-02-12,BenchRec_cash_v1.0_train.csv,129535
VOLERY,5060300.0000,USD,2023-03-04T00:00:00Z,CREDIT,,"BenchRec production-derived, obfuscated source side B",877531692033,VOLERY 3359437666FP,ACC#00001,5060300.00,DR,2023-03-04,2023-03-05,BenchRec_cash_v1.0_train.csv,148660
VOLERY,4026430.0000,USD,2023-03-04T00:00:00Z,DEBIT,,"BenchRec production-derived, obfuscated source side B",878991540555,VOLERY 3355903666FP,ACC#00001,-4026430.00,CR,2023-03-04,2023-03-05,BenchRec_cash_v1.0_train.csv,149100
V347484760246642,919433.2000,USD,2023-01-12T00:00:00Z,DEBIT,,"BenchRec production-derived, obfuscated source side B",879431260907,V347484760246642 7193066743VI,ACC#00001,-919433.20,CR,2023-01-12,2023-01-13,BenchRec_cash_v1.0_train.csv,104044
322746AL68796968,1046381.8700,USD,2023-01-14T00:00:00Z,DEBIT,,"BenchRec production-derived, obfuscated source side B",882003095097,322746AL68796968 5568466744VI,ACC#00001,-1046381.87,CR,2023-01-14,2023-01-15,BenchRec_cash_v1.0_train.csv,105825
VOLERY,27868.4800,USD,2023-02-26T00:00:00Z,CREDIT,,"BenchRec production-derived, obfuscated source side B",882318387856,VOLERY 3339596666FP,ACC#00001,27868.48,DR,2023-02-26,2023-02-27,BenchRec_cash_v1.0_train.csv,144272
VOLERY,1473000.0000,USD,2023-01-28T00:00:00Z,DEBIT,,"BenchRec production-derived, obfuscated source side B",882387328442,VOLERY 3189925666FP,ACC#00001,-1473000.00,CR,2023-01-28,2023-01-29,BenchRec_cash_v1.0_train.csv,117519
VOLERY,5424289.0600,USD,2023-02-08T00:00:00Z,DEBIT,,"BenchRec production-derived, obfuscated source side B",882585176159,VOLERY 3870628666FP,ACC#00001,-5424289.06,CR,2023-02-08,2023-02-09,BenchRec_cash_v1.0_train.csv,126145
VOLERY,39831045.3000,USD,2023-01-27T00:00:00Z,DEBIT,,"BenchRec production-derived, obfuscated source side B",885039611435,VOLERY 3119921666FP,ACC#00001,-39831045.30,CR,2023-01-27,2023-01-28,BenchRec_cash_v1.0_train.csv,117213
322756AL61301280,1708920.2200,USD,2023-01-04T00:00:00Z,DEBIT,,"BenchRec production-derived, obfuscated source side B",885149649233,322756AL61301280 8297366738VI,ACC#00001,-1708920.22,CR,2023-01-04,2023-01-05,BenchRec_cash_v1.0_train.csv,95941
VOLERY,66322.5900,USD,2023-02-26T00:00:00Z,DEBIT,,"BenchRec production-derived, obfuscated source side B",885286804718,VOLERY 3340340666FP,ACC#00001,-66322.59,CR,2023-02-26,2023-02-27,BenchRec_cash_v1.0_train.csv,144735
VOLERY,5365369.9800,USD,2023-01-07T00:00:00Z,CREDIT,,"BenchRec production-derived, obfuscated source side B",886387198587,VOLERY 3094599666FP,ACC#00001,5365369.98,DR,2023-01-07,2023-01-08,BenchRec_cash_v1.0_train.csv,99494
32566J90DJ,44805.7000,USD,2023-01-20T00:00:00Z,CREDIT,,"BenchRec production-derived, obfuscated source side B",888157216,32566J90DJ 8936166727VI,ACC#00001,44805.70,DR,2023-01-20,2023-01-21,BenchRec_cash_v1.0_train.csv,110946
VOLERY,2092386.0000,USD,2023-01-25T00:00:00Z,DEBIT,,"BenchRec production-derived, obfuscated source side B",8886897451,VOLERY 3170437666FP,ACC#00001,-2092386.00,CR,2023-01-25,2023-01-26,BenchRec_cash_v1.0_train.csv,114335
VOLERY,39918700.0000,USD,2023-01-26T00:00:00Z,DEBIT,,"BenchRec production-derived, obfuscated source side B",888830797559,VOLERY 3116072666FP,ACC#00001,-39918700.00,CR,2023-01-26,2023-01-27,BenchRec_cash_v1.0_train.csv,115290
VOLERY,88296.2100,USD,2023-01-07T00:00:00Z,CREDIT,,"BenchRec production-derived, obfuscated source side B",890353974293,VOLERY 3093833666FP,ACC#00001,88296.21,DR,2023-01-07,2023-01-08,BenchRec_cash_v1.0_train.csv,99920
VOLERY,218350.0000,USD,2023-01-01T00:00:00Z,CREDIT,,"BenchRec production-derived, obfuscated source side B",892014434124,VOLERY 3031438666FP,ACC#00001,218350.00,DR,2023-01-01,2023-01-02,BenchRec_cash_v1.0_train.csv,93808
VOLERY,1888898.3200,USD,2023-02-26T00:00:00Z,CREDIT,,"BenchRec production-derived, obfuscated source side B",892101937426,VOLERY 3339543666FP,ACC#00001,1888898.32,DR,2023-02-26,2023-02-27,BenchRec_cash_v1.0_train.csv,144456
V356870546511682,2000000.0000,USD,2023-01-28T00:00:00Z,CREDIT,,"BenchRec production-derived, obfuscated source side B",89292501225,V356870546511682 9590166750VI,ACC#00001,2000000.00,DR,2023-01-28,2023-01-29,BenchRec_cash_v1.0_train.csv,117956
32566RKOA6,5929.5000,USD,2023-02-02T00:00:00Z,CREDIT,,"BenchRec production-derived, obfuscated source side B",892981171101,32566RKOA6 4423366757VI,ACC#00001,5929.50,DR,2023-02-02,2023-02-03,BenchRec_cash_v1.0_train.csv,120813
V357777466911044,762148.0000,USD,2023-03-01T00:00:00Z,CREDIT,,"BenchRec production-derived, obfuscated source side B",893375945345,V357777466911044 2293566101VI,ACC#00001,762148.00,DR,2023-03-01,2023-03-02,BenchRec_cash_v1.0_train.csv,146318
322746AL68126094,10555.0100,USD,2023-02-17T00:00:00Z,DEBIT,,"BenchRec production-derived, obfuscated source side B",893537438721,322746AL68126094 4104366160VI,ACC#00001,-10555.01,CR,2023-02-17,2023-02-18,BenchRec_cash_v1.0_train.csv,134422
VOLERY,11811855.7900,USD,2023-03-05T00:00:00Z,CREDIT,,"BenchRec production-derived, obfuscated source side B",893858765661,VOLERY 3399822666FP,ACC#00001,11811855.79,DR,2023-03-05,2023-03-07,BenchRec_cash_v1.0_train.csv,149684
VOLERY,26455.0000,USD,2023-03-02T00:00:00Z,DEBIT,,"BenchRec production-derived, obfuscated source side B",894508542664,VOLERY 3356844666FP,ACC#00001,-26455.00,CR,2023-03-02,2023-03-03,BenchRec_cash_v1.0_train.csv,147419
V605985867117732,2026900.0000,USD,2023-02-12T00:00:00Z,CREDIT,,"BenchRec production-derived, obfuscated source side B",895915115166,V605985867117732 7906466794VI,ACC#00001,2026900.00,DR,2023-02-12,2023-02-13,BenchRec_cash_v1.0_train.csv,130737
322756AL61308337,1370.1700,USD,2023-01-13T00:00:00Z,DEBIT,,"BenchRec production-derived, obfuscated source side B",896503181849,322756AL61308337 2371666744VI,ACC#00001,-1370.17,CR,2023-01-13,2023-01-14,BenchRec_cash_v1.0_train.csv,104309
KRU69697360O6760,1792677.3500,USD,2023-01-15T00:00:00Z,DEBIT,,"BenchRec production-derived, obfuscated source side B",898251915599,KRU69697360O6760 3624966745XD,ACC#00001,-1792677.35,CR,2023-01-15,2023-01-16,BenchRec_cash_v1.0_train.csv,107372
V620651467934722,939880.6500,USD,2023-02-22T00:00:00Z,DEBIT,,"BenchRec production-derived, obfuscated source side B",898715160646,V620651467934722 5882466164VI,ACC#00001,-939880.65,CR,2023-02-22,2023-02-23,BenchRec_cash_v1.0_train.csv,139312
VOLERY,25155.9500,USD,2023-02-09T00:00:00Z,CREDIT,,"BenchRec production-derived, obfuscated source side B",900082592194,VOLERY 3816480666FP,ACC#00001,25155.95,DR,2023-02-09,2023-02-10,BenchRec_cash_v1.0_train.csv,126604
VOLERY,13152.0000,USD,2023-01-18T00:00:00Z,CREDIT,,"BenchRec production-derived, obfuscated source side B",900653398122,VOLERY 3744418666FP,ACC#00001,13152.00,DR,2023-01-18,2023-01-19,BenchRec_cash_v1.0_train.csv,108045
VOLERY,496917.8300,USD,2023-01-26T00:00:00Z,DEBIT,,"BenchRec production-derived, obfuscated source side B",901408342623,VOLERY 3110152666FP,ACC#00001,-496917.83,CR,2023-01-26,2023-01-27,BenchRec_cash_v1.0_train.csv,115141
32266RUVH4,1700573.1000,USD,2023-02-17T00:00:00Z,CREDIT,,"BenchRec production-derived, obfuscated source side B",901765509864,32266RUVH4 3934866160VI,ACC#00001,1700573.10,DR,2023-02-17,2023-02-18,BenchRec_cash_v1.0_train.csv,134363
VOLERY,657507.7000,USD,2023-02-18T00:00:00Z,DEBIT,,"BenchRec production-derived, obfuscated source side B",901873257777,VOLERY 3360709666FP,ACC#00001,-657507.70,CR,2023-02-18,2023-02-19,BenchRec_cash_v1.0_train.csv,136190
322746AL68187511,326.9900,USD,2023-03-02T00:00:00Z,DEBIT,,"BenchRec production-derived, obfuscated source side B",902204089008,322746AL68187511 7209766108VI,ACC#00001,-326.99,CR,2023-03-02,2023-03-03,BenchRec_cash_v1.0_train.csv,146701
V402725867844752,9993879.5600,USD,2023-01-25T00:00:00Z,DEBIT,,"BenchRec production-derived, obfuscated source side B",902666656424,V402725867844752 5452766725VI,ACC#00001,-9993879.56,CR,2023-01-25,2023-01-26,BenchRec_cash_v1.0_train.csv,113998
RM142543-767-660,20000.0000,USD,2023-01-13T00:00:00Z,CREDIT,,"BenchRec production-derived, obfuscated source side B",903394078601,RM142543-767-660 2863366744VI,ACC#00001,20000.00,DR,2023-01-13,2023-01-14,BenchRec_cash_v1.0_train.csv,105247
VOLERY,12882104.5900,USD,2023-01-25T00:00:00Z,DEBIT,,"BenchRec production-derived, obfuscated source side B",904387978409,VOLERY 3170480666FP,ACC#00001,-12882104.59,CR,2023-01-25,2023-01-26,BenchRec_cash_v1.0_train.csv,113714
V447546561640903,31540040.5600,USD,2023-01-22T00:00:00Z,DEBIT,,"BenchRec production-derived, obfuscated source side B",905236338249,V447546561640903 3517466723VI,ACC#00001,-31540040.56,CR,2023-01-22,2023-01-23,BenchRec_cash_v1.0_train.csv,112929
V389650060489528,440000.0000,USD,2023-01-07T00:00:00Z,DEBIT,,"BenchRec production-derived, obfuscated source side B",909765596666,V389650060489528 9634566746VI,ACC#00001,-440000.00,CR,2023-01-07,2023-01-08,BenchRec_cash_v1.0_train.csv,99841
VOLERY,2184724.0400,USD,2023-02-12T00:00:00Z,DEBIT,,"BenchRec production-derived, obfuscated source side B",91052638090,VOLERY 3840849666FP,ACC#00001,-2184724.04,CR,2023-02-12,2023-02-13,BenchRec_cash_v1.0_train.csv,130600
VOLERY,9335527.0000,USD,2023-02-18T00:00:00Z,CREDIT,,"BenchRec production-derived, obfuscated source side B",910610901422,VOLERY 3899213666FP,ACC#00001,9335527.00,DR,2023-02-18,2023-02-19,BenchRec_cash_v1.0_train.csv,136259
VOLERY,62629.4000,USD,2023-02-26T00:00:00Z,DEBIT,,"BenchRec production-derived, obfuscated source side B",913171535411,VOLERY 3340342666FP,ACC#00001,-62629.40,CR,2023-02-26,2023-02-27,BenchRec_cash_v1.0_train.csv,144420
ZYRENIAN,6348611.4800,USD,2023-02-12T00:00:00Z,DEBIT,,"BenchRec production-derived, obfuscated source side B",914416942880,ZYRENIAN 7898366794XD,ACC#00001,-6348611.48,CR,2023-02-12,2023-02-13,BenchRec_cash_v1.0_train.csv,130688
VOLERY,315326.2500,USD,2023-02-17T00:00:00Z,DEBIT,,"BenchRec production-derived, obfuscated source side B",914637166585,VOLERY 3896738666FP,ACC#00001,-315326.25,CR,2023-02-17,2023-02-18,BenchRec_cash_v1.0_train.csv,133831
VOLERY,600599.3800,USD,2023-01-07T00:00:00Z,CREDIT,,"BenchRec production-derived, obfuscated source side B",914738744230,VOLERY 3093882666FP,ACC#00001,600599.38,DR,2023-01-07,2023-01-08,BenchRec_cash_v1.0_train.csv,99482
UVA9126666167318,5738466.0000,USD,2023-02-15T00:00:00Z,DEBIT,,"BenchRec production-derived, obfuscated source side B",915307844204,UVA9126666167318 0695166799MT,ACC#00001,-5738466.00,CR,2023-02-15,2023-02-16,BenchRec_cash_v1.0_train.csv,132146
VOLERY,6008279.1300,USD,2023-02-16T00:00:00Z,CREDIT,,"BenchRec production-derived, obfuscated source side B",915339806937,VOLERY 3829557666FP,ACC#00001,6008279.13,DR,2023-02-16,2023-02-17,BenchRec_cash_v1.0_train.csv,133159
VOLERY,47265.4400,USD,2023-03-01T00:00:00Z,DEBIT,,"BenchRec production-derived, obfuscated source side B",915986339677,VOLERY 3320013666FP,ACC#00001,-47265.44,CR,2023-03-01,2023-03-02,BenchRec_cash_v1.0_train.csv,146493
32566J4K31,80835.2700,USD,2023-01-14T00:00:00Z,CREDIT,,"BenchRec production-derived, obfuscated source side B",915996213563,32566J4K31 5514866744VI,ACC#00001,80835.27,DR,2023-01-14,2023-01-15,BenchRec_cash_v1.0_train.csv,106319
HOO8154-68DER69,4916014.0000,USD,2023-02-24T00:00:00Z,DEBIT,,"BenchRec production-derived, obfuscated source side B",917203120163,HOO8154-68DER69 4071666165XD,ACC#00001,-4916014.00,CR,2023-02-24,2023-02-25,BenchRec_cash_v1.0_train.csv,143269
VOLERY,1620052.9600,USD,2023-02-24T00:00:00Z,CREDIT,,"BenchRec production-derived, obfuscated source side B",921158280078,VOLERY 3380525666FP,ACC#00001,1620052.96,DR,2023-02-24,2023-02-25,BenchRec_cash_v1.0_train.csv,141758
VOLERY,1913771.7000,USD,2023-03-02T00:00:00Z,DEBIT,,"BenchRec production-derived, obfuscated source side B",921443655563,VOLERY 3329126666FP,ACC#00001,-1913771.70,CR,2023-03-02,2023-03-03,BenchRec_cash_v1.0_train.csv,146865
VOLERY,4723896.9500,USD,2023-01-15T00:00:00Z,CREDIT,,"BenchRec production-derived, obfuscated source side B",922789846112,VOLERY 3734471666FP,ACC#00001,4723896.95,DR,2023-01-15,2023-01-16,BenchRec_cash_v1.0_train.csv,107008
VOLERY,1135987.1400,USD,2023-02-03T00:00:00Z,DEBIT,,"BenchRec production-derived, obfuscated source side B",925024890211,VOLERY 3196000666FP,ACC#00001,-1135987.14,CR,2023-02-03,2023-02-04,BenchRec_cash_v1.0_train.csv,121257
V418683561617140,2000000.0000,USD,2023-01-20T00:00:00Z,CREDIT,,"BenchRec production-derived, obfuscated source side B",92572168701,V418683561617140 4839066721VI,ACC#00001,2000000.00,DR,2023-01-20,2023-01-21,BenchRec_cash_v1.0_train.csv,110034
VOLERY,459605.6400,USD,2023-02-10T00:00:00Z,DEBIT,,"BenchRec production-derived, obfuscated source side B",928959769841,VOLERY 3887656666FP,ACC#00001,-459605.64,CR,2023-02-10,2023-02-11,BenchRec_cash_v1.0_train.csv,128017
VOLERY,11809101.7800,USD,2023-03-05T00:00:00Z,CREDIT,,"BenchRec production-derived, obfuscated source side B",930408432236,VOLERY 3399845666FP,ACC#00001,11809101.78,DR,2023-03-05,2023-03-07,BenchRec_cash_v1.0_train.csv,149348
VOLERY,84496.8500,USD,2023-03-04T00:00:00Z,DEBIT,,"BenchRec production-derived, obfuscated source side B",930493306040,VOLERY 3396705666FP,ACC#00001,-84496.85,CR,2023-03-04,2023-03-05,BenchRec_cash_v1.0_train.csv,148807
VOLERY,12425197.8100,USD,2023-02-17T00:00:00Z,DEBIT,,"BenchRec production-derived, obfuscated source side B",930776452264,VOLERY 3896700666FP,ACC#00001,-12425197.81,CR,2023-02-17,2023-02-18,BenchRec_cash_v1.0_train.csv,134081
VOLERY,1454394.1000,USD,2023-03-01T00:00:00Z,CREDIT,,"BenchRec production-derived, obfuscated source side B",931148665104,VOLERY 3326470666FP,ACC#00001,1454394.10,DR,2023-03-01,2023-03-02,BenchRec_cash_v1.0_train.csv,146621
2924566635621713,123143.0600,USD,2023-01-25T00:00:00Z,DEBIT,,"BenchRec production-derived, obfuscated source side B",931501086371,2924566635621713 2059766723VI,ACC#00001,-123143.06,CR,2023-01-25,2023-01-26,BenchRec_cash_v1.0_train.csv,125863
VOLERY,121460.7000,USD,2023-01-08T00:00:00Z,DEBIT,,"BenchRec production-derived, obfuscated source side B",933619543193,VOLERY 3762152666FP,ACC#00001,-121460.70,CR,2023-01-08,2023-01-09,BenchRec_cash_v1.0_train.csv,100265
IYO9126666791924,194896025.0000,USD,2023-01-19T00:00:00Z,DEBIT,,"BenchRec production-derived, obfuscated source side B",935285932214,IYO9126666791924 8032966727VI,ACC#00001,-194896025.00,CR,2023-01-19,2023-01-20,BenchRec_cash_v1.0_train.csv,109272
VOLERY,53165.9400,USD,2023-02-11T00:00:00Z,CREDIT,,"BenchRec production-derived, obfuscated source side B",935854160146,VOLERY 3836136666FP,ACC#00001,53165.94,DR,2023-02-11,2023-02-12,BenchRec_cash_v1.0_train.csv,129272
KNIT.YUO,990000.0000,USD,2023-01-12T00:00:00Z,DEBIT,,"BenchRec production-derived, obfuscated source side B",937148345102,KNIT.YUO 1617266743FW,ACC#00001,-990000.00,CR,2023-01-12,2023-01-13,BenchRec_cash_v1.0_train.csv,104059
VOLERY,1032714.6700,USD,2023-01-06T00:00:00Z,CREDIT,,"BenchRec production-derived, obfuscated source side B",937216562476,VOLERY 3054354666FP,ACC#00001,1032714.67,DR,2023-01-06,2023-01-07,BenchRec_cash_v1.0_train.csv,97467
VOLERY,22314982.0000,USD,2023-02-04T00:00:00Z,CREDIT,,"BenchRec production-derived, obfuscated source side B",937588161757,VOLERY 3860637666FP,ACC#00001,22314982.00,DR,2023-02-04,2023-02-05,BenchRec_cash_v1.0_train.csv,123103
V216667266532498,186450.1200,USD,2023-01-29T00:00:00Z,DEBIT,,"BenchRec production-derived, obfuscated source side B",938366558424,V216667266532498 7275466750VI,ACC#00001,-186450.12,CR,2023-01-29,2023-01-30,BenchRec_cash_v1.0_train.csv,119081
VOLERY,758349.6500,USD,2023-01-04T00:00:00Z,CREDIT,,"BenchRec production-derived, obfuscated source side B",939485338745,VOLERY 3043172666FP,ACC#00001,758349.65,DR,2023-01-04,2023-01-05,BenchRec_cash_v1.0_train.csv,95527
MG12576948L600MK,7396043.8100,USD,2023-02-12T00:00:00Z,CREDIT,,"BenchRec production-derived, obfuscated source side B",939753331223,MG12576948L600MK 1846466794VI,ACC#00001,7396043.81,DR,2023-02-12,2023-02-13,BenchRec_cash_v1.0_train.csv,130573
VOLERY,40115.2600,USD,2023-01-26T00:00:00Z,CREDIT,,"BenchRec production-derived, obfuscated source side B",94046102995,VOLERY 3179246666FP,ACC#00001,40115.26,DR,2023-01-26,2023-01-27,BenchRec_cash_v1.0_train.csv,115116
VOLERY,107611.2400,USD,2023-01-11T00:00:00Z,CREDIT,,"BenchRec production-derived, obfuscated source side B",941257682803,VOLERY 3704639666FP,ACC#00001,107611.24,DR,2023-01-11,2023-01-12,BenchRec_cash_v1.0_train.csv,101499
008114093-767-0,9232.9600,USD,2023-01-26T00:00:00Z,CREDIT,,"BenchRec production-derived, obfuscated source side B",942808425318,008114093-767-0 1859066729VI,ACC#00001,9232.96,DR,2023-01-26,2023-01-27,BenchRec_cash_v1.0_train.csv,115198
32566TDRGU,460356.5400,USD,2023-01-04T00:00:00Z,CREDIT,,"BenchRec production-derived, obfuscated source side B",944047422695,32566TDRGU 8568966738VI,ACC#00001,460356.54,DR,2023-01-04,2023-01-05,BenchRec_cash_v1.0_train.csv,95104
VOLERY,1619803.0000,USD,2023-01-11T00:00:00Z,CREDIT,,"BenchRec production-derived, obfuscated source side B",944667909050,VOLERY 3704624666FP,ACC#00001,1619803.00,DR,2023-01-11,2023-01-12,BenchRec_cash_v1.0_train.csv,102899
6450166739RN,44641.6600,USD,2023-01-06T00:00:00Z,CREDIT,,"BenchRec production-derived, obfuscated source side B",945885623590,6450166739RN 6450166739RN,ACC#00001,44641.66,DR,2023-01-06,2023-01-07,BenchRec_cash_v1.0_train.csv,98641
322746AL68189825,127.7400,USD,2023-03-01T00:00:00Z,DEBIT,,"BenchRec production-derived, obfuscated source side B",946247284373,322746AL68189825 5006266101VI,ACC#00001,-127.74,CR,2023-03-01,2023-03-02,BenchRec_cash_v1.0_train.csv,145711
VOLERY,173842.8900,USD,2023-01-08T00:00:00Z,CREDIT,,"BenchRec production-derived, obfuscated source side B",946524997666,VOLERY 3763295666FP,ACC#00001,173842.89,DR,2023-01-08,2023-01-09,BenchRec_cash_v1.0_train.csv,100108
VOLERY,11038.0500,USD,2023-01-06T00:00:00Z,DEBIT,,"BenchRec production-derived, obfuscated source side B",947998070903,VOLERY 3052639666FP,ACC#00001,-11038.05,CR,2023-01-06,2023-01-07,BenchRec_cash_v1.0_train.csv,97847
322756AL61315691,779.4900,USD,2023-02-10T00:00:00Z,DEBIT,,"BenchRec production-derived, obfuscated source side B",948507152967,322756AL61315691 4061366798VI,ACC#00001,-779.49,CR,2023-02-10,2023-02-11,BenchRec_cash_v1.0_train.csv,128167
VOLERY,2255571.4700,USD,2023-01-21T00:00:00Z,DEBIT,,"BenchRec production-derived, obfuscated source side B",949247586963,VOLERY 3160002666FP,ACC#00001,-2255571.47,CR,2023-01-21,2023-01-22,BenchRec_cash_v1.0_train.csv,111953
322756AL61319654,22198.0800,USD,2023-02-02T00:00:00Z,DEBIT,,"BenchRec production-derived, obfuscated source side B",949328729660,322756AL61319654 4434866757VI,ACC#00001,-22198.08,CR,2023-02-02,2023-02-03,BenchRec_cash_v1.0_train.csv,119876
VOLERY,70625.0000,USD,2023-01-28T00:00:00Z,CREDIT,,"BenchRec production-derived, obfuscated source side B",950721411798,VOLERY 3189846666FP,ACC#00001,70625.00,DR,2023-01-28,2023-01-29,BenchRec_cash_v1.0_train.csv,118543
VOLERY,468581.1400,USD,2023-02-17T00:00:00Z,CREDIT,,"BenchRec production-derived, obfuscated source side B",950840795223,VOLERY 3890025666FP,ACC#00001,468581.14,DR,2023-02-17,2023-02-18,BenchRec_cash_v1.0_train.csv,134915
THAVE84BUSHELER,121820.2000,USD,2023-02-10T00:00:00Z,CREDIT,,"BenchRec production-derived, obfuscated source side B",951807292975,THAVE84BUSHELER 4302666798VI,ACC#00001,121820.20,DR,2023-02-10,2023-02-11,BenchRec_cash_v1.0_train.csv,128516
VOLERY,1864600.0000,USD,2023-01-13T00:00:00Z,CREDIT,,"BenchRec production-derived, obfuscated source side B",951899065391,VOLERY 3714990666FP,ACC#00001,1864600.00,DR,2023-01-13,2023-01-14,BenchRec_cash_v1.0_train.csv,104899
VOLERY,34505580.0500,USD,2023-02-22T00:00:00Z,DEBIT,,"BenchRec production-derived, obfuscated source side B",954809146422,VOLERY 3370040666FP,ACC#00001,-34505580.05,CR,2023-02-22,2023-02-23,BenchRec_cash_v1.0_train.csv,138943
32566RQEMM,374321.0000,USD,2023-02-16T00:00:00Z,CREDIT,,"BenchRec production-derived, obfuscated source side B",955429063745,32566RQEMM 7681666166VI,ACC#00001,374321.00,DR,2023-02-16,2023-02-17,BenchRec_cash_v1.0_train.csv,132790
IYO9126666797098,281329.0000,USD,2023-01-13T00:00:00Z,DEBIT,,"BenchRec production-derived, obfuscated source side B",955938039840,IYO9126666797098 2968366744VI,ACC#00001,-281329.00,CR,2023-01-13,2023-01-14,BenchRec_cash_v1.0_train.csv,105117
779756BW61853462,6740.7900,USD,2023-02-04T00:00:00Z,DEBIT,,"BenchRec production-derived, obfuscated source side B",957076902087,779756BW61853462 L-2792866752VI,ACC#00001,-6740.79,CR,2023-02-04,2023-02-05,BenchRec_cash_v1.0_train.csv,123375
VOLERY,1770899.5000,USD,2023-01-14T00:00:00Z,DEBIT,,"BenchRec production-derived, obfuscated source side B",957106200047,VOLERY 3784716666FP,ACC#00001,-1770899.50,CR,2023-01-14,2023-01-15,BenchRec_cash_v1.0_train.csv,106317
VOLERY,18252318.4500,USD,2023-01-15T00:00:00Z,DEBIT,,"BenchRec production-derived, obfuscated source side B",957363172174,VOLERY 3732604666FP,ACC#00001,-18252318.45,CR,2023-01-15,2023-01-16,BenchRec_cash_v1.0_train.csv,106971
322756AL61387576,27313.0100,USD,2023-02-05T00:00:00Z,DEBIT,,"BenchRec production-derived, obfuscated source side B",957586247943,322756AL61387576 8367166759VI,ACC#00001,-27313.01,CR,2023-02-05,2023-02-06,BenchRec_cash_v1.0_train.csv,123918
VOLERY,715125.0000,USD,2023-02-25T00:00:00Z,CREDIT,,"BenchRec production-derived, obfuscated source side B",95875145012,VOLERY 3336679666FP,ACC#00001,715125.00,DR,2023-02-25,2023-02-26,BenchRec_cash_v1.0_train.csv,143209
VOLERY,16980.5000,USD,2023-02-11T00:00:00Z,DEBIT,,"BenchRec production-derived, obfuscated source side B",959083512249,VOLERY 3830904666FP,ACC#00001,-16980.50,CR,2023-02-11,2023-02-12,BenchRec_cash_v1.0_train.csv,129854
V304946460088920,2858260.0000,USD,2023-01-05T00:00:00Z,DEBIT,,"BenchRec production-derived, obfuscated source side B",960289702018,V304946460088920 6727166735VI,ACC#00001,-2858260.00,CR,2023-01-05,2023-01-06,BenchRec_cash_v1.0_train.csv,96539
VOLERY,136805.6500,USD,2023-01-22T00:00:00Z,CREDIT,,"BenchRec production-derived, obfuscated source side B",960318101354,VOLERY 3169280666FP,ACC#00001,136805.65,DR,2023-01-22,2023-01-23,BenchRec_cash_v1.0_train.csv,113087
MG47618695M600MK,6014635.8600,USD,2023-02-05T00:00:00Z,CREDIT,,"BenchRec production-derived, obfuscated source side B",960484212693,MG47618695M600MK 1228966759VI,ACC#00001,6014635.86,DR,2023-02-05,2023-02-06,BenchRec_cash_v1.0_train.csv,123926
VOLERY,102603.7000,USD,2023-01-07T00:00:00Z,DEBIT,,"BenchRec production-derived, obfuscated source side B",961017622185,VOLERY 3092129666FP,ACC#00001,-102603.70,CR,2023-01-07,2023-01-08,BenchRec_cash_v1.0_train.csv,99856
V609688767117732,2184240.0000,USD,2023-02-12T00:00:00Z,CREDIT,,"BenchRec production-derived, obfuscated source side B",96192023070,V609688767117732 7900266794VI,ACC#00001,2184240.00,DR,2023-02-12,2023-02-13,BenchRec_cash_v1.0_train.csv,130455
322746AL68140014,146959.8300,USD,2023-01-25T00:00:00Z,DEBIT,,"BenchRec production-derived, obfuscated source side B",962046872241,322746AL68140014 9587566725VI,ACC#00001,-146959.83,CR,2023-01-25,2023-01-26,BenchRec_cash_v1.0_train.csv,114509
6026766837233797,84110000.0000,USD,2023-02-08T00:00:00Z,DEBIT,,"BenchRec production-derived, obfuscated source side B",965151526681,6026766837233797 5732866797FW,ACC#00001,-84110000.00,CR,2023-02-08,2023-02-09,BenchRec_cash_v1.0_train.csv,126183
VOLERY,72.0000,USD,2023-01-13T00:00:00Z,CREDIT,,"BenchRec production-derived, obfuscated source side B",966429208005,VOLERY 3713329666FP,ACC#00001,72.00,DR,2023-01-13,2023-01-14,BenchRec_cash_v1.0_train.csv,104757
VOLERY,117904.1000,USD,2023-01-19T00:00:00Z,DEBIT,,"BenchRec production-derived, obfuscated source side B",966703080462,VOLERY 3722446666FP,ACC#00001,-117904.10,CR,2023-01-19,2023-01-20,BenchRec_cash_v1.0_train.csv,109246
VOLERY,3119746.2000,USD,2023-01-19T00:00:00Z,CREDIT,,"BenchRec production-derived, obfuscated source side B",967297980393,VOLERY 3722864666FP,ACC#00001,3119746.20,DR,2023-01-19,2023-01-20,BenchRec_cash_v1.0_train.csv,109565
322756AL61896804,3615.7900,USD,2023-02-08T00:00:00Z,DEBIT,,"BenchRec production-derived, obfuscated source side B",968139771774,322756AL61896804 2425366797VI,ACC#00001,-3615.79,CR,2023-02-08,2023-02-09,BenchRec_cash_v1.0_train.csv,125540
322756AL61890085,1618.0500,USD,2023-03-04T00:00:00Z,DEBIT,,"BenchRec production-derived, obfuscated source side B",968633017914,322756AL61890085 3705966103VI,ACC#00001,-1618.05,CR,2023-03-04,2023-03-05,BenchRec_cash_v1.0_train.csv,147984
37266J1BNO,6438.5400,USD,2023-01-11T00:00:00Z,CREDIT,,"BenchRec production-derived, obfuscated source side B",969389958011,37266J1BNO 5478766748VI,ACC#00001,6438.54,DR,2023-01-11,2023-01-12,BenchRec_cash_v1.0_train.csv,102020
322756AL61870689,11.9200,USD,2023-02-18T00:00:00Z,DEBIT,,"BenchRec production-derived, obfuscated source side B",969719458401,322756AL61870689 9828766167VI,ACC#00001,-11.92,CR,2023-02-18,2023-02-19,BenchRec_cash_v1.0_train.csv,135378
VOLERY,25953.4900,USD,2023-02-10T00:00:00Z,CREDIT,,"BenchRec production-derived, obfuscated source side B",970114781847,VOLERY 3886139666FP,ACC#00001,25953.49,DR,2023-02-10,2023-02-11,BenchRec_cash_v1.0_train.csv,127679
VOLERY,2843273.2200,USD,2023-01-27T00:00:00Z,DEBIT,,"BenchRec production-derived, obfuscated source side B",97031704508,VOLERY 3180154666FP,ACC#00001,-2843273.22,CR,2023-01-27,2023-01-28,BenchRec_cash_v1.0_train.csv,116211
VOLERY,7881648.5900,USD,2023-02-02T00:00:00Z,CREDIT,,"BenchRec production-derived, obfuscated source side B",972167644322,VOLERY 3156122666FP,ACC#00001,7881648.59,DR,2023-02-02,2023-02-03,BenchRec_cash_v1.0_train.csv,120912
32566J6DV2,39413.4500,USD,2023-01-07T00:00:00Z,CREDIT,,"BenchRec production-derived, obfuscated source side B",972893225601,32566J6DV2 2122766739VI,ACC#00001,39413.45,DR,2023-01-07,2023-01-08,BenchRec_cash_v1.0_train.csv,99616
VOLERY,6358.4100,USD,2023-02-09T00:00:00Z,DEBIT,,"BenchRec production-derived, obfuscated source side B",974748900468,VOLERY 3817770666FP,ACC#00001,-6358.41,CR,2023-02-09,2023-02-10,BenchRec_cash_v1.0_train.csv,126817
322756AL61312752,1080.0000,USD,2023-01-15T00:00:00Z,DEBIT,,"BenchRec production-derived, obfuscated source side B",976117155745,322756AL61312752 8674566745VI,ACC#00001,-1080.00,CR,2023-01-15,2023-01-16,BenchRec_cash_v1.0_train.csv,106992
322746AL68715853,26281.4000,USD,2023-03-01T00:00:00Z,DEBIT,,"BenchRec production-derived, obfuscated source side B",977371293074,322746AL68715853 9006466101VI,ACC#00001,-26281.40,CR,2023-03-01,2023-03-02,BenchRec_cash_v1.0_train.csv,145869
VOLERY,2107695.9100,USD,2023-02-26T00:00:00Z,DEBIT,,"BenchRec production-derived, obfuscated source side B",977670952984,VOLERY 3340341666FP,ACC#00001,-2107695.91,CR,2023-02-26,2023-02-27,BenchRec_cash_v1.0_train.csv,144812
32566RPAMN,1273830.8500,USD,2023-02-23T00:00:00Z,CREDIT,,"BenchRec production-derived, obfuscated source side B",978473140405,32566RPAMN 7581766162VI,ACC#00001,1273830.85,DR,2023-02-23,2023-02-24,BenchRec_cash_v1.0_train.csv,140763
VOLERY,35709.1500,USD,2023-01-25T00:00:00Z,DEBIT,,"BenchRec production-derived, obfuscated source side B",979934129347,VOLERY 3170425666FP,ACC#00001,-35709.15,CR,2023-01-25,2023-01-26,BenchRec_cash_v1.0_train.csv,114579
VOLERY,8726210.5800,USD,2023-02-17T00:00:00Z,DEBIT,,"BenchRec production-derived, obfuscated source side B",980657624721,VOLERY 3896776666FP,ACC#00001,-8726210.58,CR,2023-02-17,2023-02-18,BenchRec_cash_v1.0_train.csv,134536
322746AL68142493,828970.2400,USD,2023-01-28T00:00:00Z,DEBIT,,"BenchRec production-derived, obfuscated source side B",981235262869,322746AL68142493 5276166756VI,ACC#00001,-828970.24,CR,2023-01-28,2023-01-29,BenchRec_cash_v1.0_train.csv,118734
VOLERY,657020.6600,USD,2023-01-18T00:00:00Z,CREDIT,,"BenchRec production-derived, obfuscated source side B",982734741500,VOLERY 3744393666FP,ACC#00001,657020.66,DR,2023-01-18,2023-01-19,BenchRec_cash_v1.0_train.csv,108257
32566J5E7G,3750.9200,USD,2023-01-19T00:00:00Z,CREDIT,,"BenchRec production-derived, obfuscated source side B",982856377537,32566J5E7G 0683266720VI,ACC#00001,3750.92,DR,2023-01-19,2023-01-20,BenchRec_cash_v1.0_train.csv,109028
VOLERY,2966280.9400,USD,2023-01-07T00:00:00Z,DEBIT,,"BenchRec production-derived, obfuscated source side B",983834297419,VOLERY 3092196666FP,ACC#00001,-2966280.94,CR,2023-01-07,2023-01-08,BenchRec_cash_v1.0_train.csv,99398
VOLERY,1699600.0000,USD,2023-02-24T00:00:00Z,CREDIT,,"BenchRec production-derived, obfuscated source side B",985859541129,VOLERY 3380591666FP,ACC#00001,1699600.00,DR,2023-02-24,2023-02-25,BenchRec_cash_v1.0_train.csv,142588
VOLERY,10000000.0000,USD,2023-02-24T00:00:00Z,CREDIT,,"BenchRec production-derived, obfuscated source side B",985929826099,VOLERY 3380554666FP,ACC#00001,10000000.00,DR,2023-02-24,2023-02-25,BenchRec_cash_v1.0_train.csv,142455
VOLERY,418240.0000,USD,2023-01-18T00:00:00Z,CREDIT,,"BenchRec production-derived, obfuscated source side B",988646291806,VOLERY 3744461666FP,ACC#00001,418240.00,DR,2023-01-18,2023-01-19,BenchRec_cash_v1.0_train.csv,108346
V254143760334913,81656.4400,USD,2023-02-08T00:00:00Z,DEBIT,,"BenchRec production-derived, obfuscated source side B",990721266855,V254143760334913 2737166797VI,ACC#00001,-81656.44,CR,2023-02-08,2023-02-09,BenchRec_cash_v1.0_train.csv,125560
VOLERY,1737714.7500,USD,2023-02-04T00:00:00Z,CREDIT,,"BenchRec production-derived, obfuscated source side B",991650541272,VOLERY 3860072666FP,ACC#00001,1737714.75,DR,2023-02-04,2023-02-05,BenchRec_cash_v1.0_train.csv,122790
FLOEY006364006,12187.5100,USD,2023-02-03T00:00:00Z,DEBIT,,"BenchRec production-derived, obfuscated source side B",994930059048,FLOEY006364006 8499866752XD,ACC#00001,-12187.51,CR,2023-02-03,2023-02-04,BenchRec_cash_v1.0_train.csv,121425
322756MI61101976,22828.2000,USD,2023-02-03T00:00:00Z,DEBIT,,"BenchRec production-derived, obfuscated source side B",996495845425,322756MI61101976 8199966752VI,ACC#00001,-22828.20,CR,2023-02-03,2023-02-04,BenchRec_cash_v1.0_train.csv,122199
VOLERY,29697.5700,USD,2023-01-22T00:00:00Z,CREDIT,,"BenchRec production-derived, obfuscated source side B",996676405197,VOLERY 3169450666FP,ACC#00001,29697.57,DR,2023-01-22,2023-01-23,BenchRec_cash_v1.0_train.csv,113211
VOLERY,1182390.2000,USD,2023-02-09T00:00:00Z,CREDIT,,"BenchRec production-derived, obfuscated source side B",996845067359,VOLERY 3810290666FP,ACC#00001,1182390.20,DR,2023-02-09,2023-02-10,BenchRec_cash_v1.0_train.csv,127376
VOLERY,12000000.0000,USD,2023-02-24T00:00:00Z,DEBIT,,"BenchRec production-derived, obfuscated source side B",997158816345,VOLERY 4621966165VI,ACC#00001,-12000000.00,CR,2023-02-24,2023-02-25,BenchRec_cash_v1.0_train.csv,141959
V304574460310149,2000000.0000,USD,2023-01-05T00:00:00Z,CREDIT,,"BenchRec production-derived, obfuscated source side B",997214756178,V304574460310149 6089766735VI,ACC#00001,2000000.00,DR,2023-01-05,2023-01-06,BenchRec_cash_v1.0_train.csv,96888
VOLERY,5514793.6300,USD,2023-02-03T00:00:00Z,DEBIT,,"BenchRec production-derived, obfuscated source side B",997466886497,VOLERY 3159790666FP,ACC#00001,-5514793.63,CR,2023-02-03,2023-02-04,BenchRec_cash_v1.0_train.csv,121795
VOLERY,1792333.7300,USD,2023-03-01T00:00:00Z,CREDIT,,"BenchRec production-derived, obfuscated source side B",997905694769,VOLERY 3349195666FP,ACC#00001,1792333.73,DR,2023-03-01,2023-03-02,BenchRec_cash_v1.0_train.csv,146609
325746AL68057890,5209450.8500,USD,2023-02-17T00:00:00Z,DEBIT,,"BenchRec production-derived, obfuscated source side B",997936422472,325746AL68057890 3937166160VI,ACC#00001,-5209450.85,CR,2023-02-17,2023-02-18,BenchRec_cash_v1.0_train.csv,134860
VOLERY,1916000.0000,USD,2023-02-23T00:00:00Z,DEBIT,,"BenchRec production-derived, obfuscated source side B",998322119801,VOLERY 7736166162VI,ACC#00001,-1916000.00,CR,2023-02-23,2023-02-24,BenchRec_cash_v1.0_train.csv,140467
