reference,amount,currency,timestamp,direction,counterparty,description,source_id,source_reference,source_account,source_signed_amount,source_debit_or_credit,source_value_date,source_import_date,source_member,source_line
32566B3EKF,39982.7000,USD,2022-11-04T00:00:00Z,CREDIT,,"BenchRec production-derived, obfuscated source side B",100347293364,32566B3EKF 4830566094VI,ACC#00001,39982.70,DR,2022-11-04,2022-11-05,BenchRec_cash_v1.0_train.csv,50586
37266AGABG,385.7400,USD,2022-10-12T00:00:00Z,CREDIT,,"BenchRec production-derived, obfuscated source side B",101100415439,37266AGABG 6230566021VI,ACC#00001,385.74,DR,2022-10-12,2022-10-13,BenchRec_cash_v1.0_train.csv,33273
322746AL68005073,4000000.0000,USD,2022-11-20T00:00:00Z,DEBIT,,"BenchRec production-derived, obfuscated source side B",101277367054,322746AL68005073 5464066700VI,ACC#00001,-4000000.00,CR,2022-11-20,2022-11-21,BenchRec_cash_v1.0_train.csv,62393
322746AL68788565,399846.2000,USD,2022-10-07T00:00:00Z,DEBIT,,"BenchRec production-derived, obfuscated source side B",101494762160,322746AL68788565 3326566042VI,ACC#00001,-399846.20,CR,2022-10-07,2022-10-08,BenchRec_cash_v1.0_train.csv,28888
VOLERY,1448000000.0000,USD,2022-10-13T00:00:00Z,DEBIT,,"BenchRec production-derived, obfuscated source side B",101541213682,VOLERY 6668766028XY,ACC#00001,-1448000000.00,CR,2022-10-13,2022-10-14,BenchRec_cash_v1.0_train.csv,34537
VOLERY,4765993.0000,USD,2022-09-18T00:00:00Z,DEBIT,,"BenchRec production-derived, obfuscated source side B",101874295624,VOLERY 8806588666FP,ACC#00001,-4765993.00,CR,2022-09-18,2022-09-19,BenchRec_cash_v1.0_train.csv,9899
ALME112193JOQG7U,8000000.0000,USD,2022-10-05T00:00:00Z,DEBIT,,"BenchRec production-derived, obfuscated source side B",102748553104,ALME112193JOQG7U 0682016236,ACC#00001,-8000000.00,CR,2022-10-05,2022-10-06,BenchRec_cash_v1.0_train.csv,25719
VOLERY,103623.0000,USD,2022-10-06T00:00:00Z,CREDIT,,"BenchRec production-derived, obfuscated source side B",103507377884,VOLERY 8318726666FP,ACC#00001,103623.00,DR,2022-10-06,2022-10-07,BenchRec_cash_v1.0_train.csv,27248
VOLERY,1227137.0000,USD,2022-12-02T00:00:00Z,DEBIT,,"BenchRec production-derived, obfuscated source side B",103725666200,VOLERY 8985859666FP,ACC#00001,-1227137.00,CR,2022-12-02,2022-12-03,BenchRec_cash_v1.0_train.csv,70537
VOLERY,8825725.3500,USD,2022-11-23T00:00:00Z,CREDIT,,"BenchRec production-derived, obfuscated source side B",103910941907,VOLERY 8529174666FP,ACC#00001,8825725.35,DR,2022-11-23,2022-11-24,BenchRec_cash_v1.0_train.csv,63994
VOLERY,42370642.7800,USD,2022-12-10T00:00:00Z,DEBIT,,"BenchRec production-derived, obfuscated source side B",104931866776,VOLERY 3662216666FP,ACC#00001,-42370642.78,CR,2022-12-10,2022-12-11,BenchRec_cash_v1.0_train.csv,77012
VOLERY,113700.0000,USD,2022-12-01T00:00:00Z,CREDIT,,"BenchRec production-derived, obfuscated source side B",105652124816,VOLERY 8912083666FP,ACC#00001,113700.00,DR,2022-12-01,2022-12-02,BenchRec_cash_v1.0_train.csv,70251
32566AL8TB,52700.0000,USD,2022-09-24T00:00:00Z,CREDIT,,"BenchRec production-derived, obfuscated source side B",106805116506,32566AL8TB 0604266038VI,ACC#00001,52700.00,DR,2022-09-24,2022-09-25,BenchRec_cash_v1.0_train.csv,15993
VOLERY,133092.0400,USD,2022-09-21T00:00:00Z,CREDIT,,"BenchRec production-derived, obfuscated source side B",107077717783,VOLERY 8876264666FP,ACC#00001,133092.04,DR,2022-09-21,2022-09-22,BenchRec_cash_v1.0_train.csv,11428
VOLERY,118132.1500,USD,2022-12-31T00:00:00Z,CREDIT,,"BenchRec production-derived, obfuscated source side B",107896783859,VOLERY 3083640666FP,ACC#00001,118132.15,DR,2022-12-31,2023-01-01,BenchRec_cash_v1.0_train.csv,92443
VOLERY,4861619.7000,USD,2022-10-21T00:00:00Z,CREDIT,,"BenchRec production-derived, obfuscated source side B",108241188216,VOLERY 8485584666FP,ACC#00001,4861619.70,DR,2022-10-21,2022-10-22,BenchRec_cash_v1.0_train.csv,40954
VOLERY,799402.3900,USD,2022-09-22T00:00:00Z,CREDIT,,"BenchRec production-derived, obfuscated source side B",108797591324,VOLERY 8810430666FP,ACC#00001,799402.39,DR,2022-09-22,2022-09-23,BenchRec_cash_v1.0_train.csv,12212
VOLERY,23032475.9600,USD,2022-11-18T00:00:00Z,DEBIT,,"BenchRec production-derived, obfuscated source side B",108959362230,VOLERY 8582802666FP,ACC#00001,-23032475.96,CR,2022-11-18,2022-11-19,BenchRec_cash_v1.0_train.csv,60505
322746AL68118860,110624.3500,USD,2022-10-29T00:00:00Z,DEBIT,,"BenchRec production-derived, obfuscated source side B",109399019258,322746AL68118860 9633466059VI,ACC#00001,-110624.35,CR,2022-10-29,2022-10-30,BenchRec_cash_v1.0_train.csv,46922
VOLERY,18534013.1000,USD,2022-10-12T00:00:00Z,DEBIT,,"BenchRec production-derived, obfuscated source side B",113601936745,VOLERY 8323007666FP,ACC#00001,-18534013.10,CR,2022-10-12,2022-10-13,BenchRec_cash_v1.0_train.csv,31723
6X77656K62666862,1195.5000,USD,2022-09-21T00:00:00Z,DEBIT,,"BenchRec production-derived, obfuscated source side B",113661342193,6X77656K62666862 0252066037VI,ACC#00001,-1195.50,CR,2022-09-21,2022-09-22,BenchRec_cash_v1.0_train.csv,11026
32566AAYPN,49058.7000,USD,2022-10-12T00:00:00Z,CREDIT,,"BenchRec production-derived, obfuscated source side B",114922601194,32566AAYPN 0651166021VI,ACC#00001,49058.70,DR,2022-10-12,2022-10-13,BenchRec_cash_v1.0_train.csv,33314
VOLERY,321311.5100,USD,2022-11-20T00:00:00Z,CREDIT,,"BenchRec production-derived, obfuscated source side B",114924984933,VOLERY 8542395666FP,ACC#00001,321311.51,DR,2022-11-20,2022-11-21,BenchRec_cash_v1.0_train.csv,63009
322746AL68715636,922681000.0000,USD,2022-10-13T00:00:00Z,DEBIT,,"BenchRec production-derived, obfuscated source side B",116220809919,322746AL68715636 1244666021VI,ACC#00001,-922681000.00,CR,2022-10-13,2022-10-14,BenchRec_cash_v1.0_train.csv,33959
VOLERY,60021.4000,USD,2022-09-30T00:00:00Z,CREDIT,,"BenchRec production-derived, obfuscated source side B",116645236485,VOLERY 8897831666FP,ACC#00001,60021.40,DR,2022-09-30,2022-10-01,BenchRec_cash_v1.0_train.csv,22208
784506BW65892141,35720.0000,USD,2022-10-12T00:00:00Z,DEBIT,,"BenchRec production-derived, obfuscated source side B",117052299302,784506BW65892141 5204166027VI,ACC#00001,-35720.00,CR,2022-10-12,2022-10-13,BenchRec_cash_v1.0_train.csv,31810
VOLERY,2091339.8600,USD,2022-12-30T00:00:00Z,DEBIT,,"BenchRec production-derived, obfuscated source side B",117808639384,VOLERY 1945866737VI,ACC#00001,-2091339.86,CR,2022-12-30,2022-12-31,BenchRec_cash_v1.0_train.csv,91176
VOLERY,58764.4100,USD,2022-10-15T00:00:00Z,CREDIT,,"BenchRec production-derived, obfuscated source side B",118275920564,VOLERY 8468535666FP,ACC#00001,58764.41,DR,2022-10-15,2022-10-16,BenchRec_cash_v1.0_train.csv,37032
NO,570000.0000,USD,2022-11-05T00:00:00Z,DEBIT,,"BenchRec production-derived, obfuscated source side B",119715638048,NO 0038269092WT,ACC#00001,-570000.00,CR,2022-11-05,2022-11-06,BenchRec_cash_v1.0_train.csv,51344
32566TRH85,72323.3100,USD,2022-12-30T00:00:00Z,CREDIT,,"BenchRec production-derived, obfuscated source side B",120122303151,32566TRH85 3658366737VI,ACC#00001,72323.31,DR,2022-12-30,2022-12-31,BenchRec_cash_v1.0_train.csv,91470
VOLERY,11979842.8000,USD,2022-12-18T00:00:00Z,DEBIT,,"BenchRec production-derived, obfuscated source side B",121721282243,VOLERY 3643939666FP,ACC#00001,-11979842.80,CR,2022-12-18,2022-12-19,BenchRec_cash_v1.0_train.csv,83944
37266AGFRM,3857.3900,USD,2022-10-13T00:00:00Z,CREDIT,,"BenchRec production-derived, obfuscated source side B",121852117673,37266AGFRM 3587866028VI,ACC#00001,3857.39,DR,2022-10-13,2022-10-14,BenchRec_cash_v1.0_train.csv,33702
VOLERY,8890000.0000,USD,2022-12-09T00:00:00Z,CREDIT,,"BenchRec production-derived, obfuscated source side B",122092738748,VOLERY 8995889666FP,ACC#00001,8890000.00,DR,2022-12-09,2022-12-10,BenchRec_cash_v1.0_train.csv,76046
VOLERY,460.6900,USD,2022-09-22T00:00:00Z,CREDIT,,"BenchRec production-derived, obfuscated source side B",122207041901,VOLERY 8811662666FP,ACC#00001,460.69,DR,2022-09-22,2022-09-23,BenchRec_cash_v1.0_train.csv,12593
32566B4MOO,55592.9200,USD,2022-11-05T00:00:00Z,CREDIT,,"BenchRec production-derived, obfuscated source side B",122636573158,32566B4MOO 9474166092VI,ACC#00001,55592.92,DR,2022-11-05,2022-11-06,BenchRec_cash_v1.0_train.csv,51301
VOLERY,359484.1200,USD,2022-09-29T00:00:00Z,CREDIT,,"BenchRec production-derived, obfuscated source side B",122993451644,VOLERY 8857157666FP,ACC#00001,359484.12,DR,2022-09-29,2022-09-30,BenchRec_cash_v1.0_train.csv,19914
VOLERY,224127.3900,USD,2022-11-11T00:00:00Z,CREDIT,,"BenchRec production-derived, obfuscated source side B",12322533237,VOLERY 8292103666FP,ACC#00001,224127.39,DR,2022-11-11,2022-11-12,BenchRec_cash_v1.0_train.csv,54934
OVEY,875000.0000,USD,2022-09-16T00:00:00Z,DEBIT,,"BenchRec production-derived, obfuscated source side B",123792510985,OVEY 5248766082VI,ACC#00001,-875000.00,CR,2022-09-16,2022-09-17,BenchRec_cash_v1.0_train.csv,7847
37266GS8VC,6676.1500,USD,2022-10-12T00:00:00Z,CREDIT,,"BenchRec production-derived, obfuscated source side B",124703097045,37266GS8VC 6237166021VI,ACC#00001,6676.15,DR,2022-10-12,2022-10-13,BenchRec_cash_v1.0_train.csv,32306
VOLERY,50590400.0000,USD,2022-12-15T00:00:00Z,CREDIT,,"BenchRec production-derived, obfuscated source side B",124947257874,VOLERY 3615085666FP,ACC#00001,50590400.00,DR,2022-12-15,2022-12-16,BenchRec_cash_v1.0_train.csv,80975
ICHTHYIZATION,1400000.0000,USD,2022-10-28T00:00:00Z,DEBIT,,"BenchRec production-derived, obfuscated source side B",126860721606,ICHTHYIZATION 3206966059XD,ACC#00001,-1400000.00,CR,2022-10-28,2022-10-29,BenchRec_cash_v1.0_train.csv,46054
37266AGAHF,7766.3600,USD,2022-10-12T00:00:00Z,CREDIT,,"BenchRec production-derived, obfuscated source side B",127305043953,37266AGAHF 5563266027VI,ACC#00001,7766.36,DR,2022-10-12,2022-10-13,BenchRec_cash_v1.0_train.csv,32162
VOLERY,1675390.0000,USD,2022-12-01T00:00:00Z,CREDIT,,"BenchRec production-derived, obfuscated source side B",12745732222,VOLERY 8912046666FP,ACC#00001,1675390.00,DR,2022-12-01,2022-12-02,BenchRec_cash_v1.0_train.csv,69478
VOLERY,3810658.0000,USD,2022-10-28T00:00:00Z,CREDIT,,"BenchRec production-derived, obfuscated source side B",12783926436,VOLERY 8452446666FP,ACC#00001,3810658.00,DR,2022-10-28,2022-10-29,BenchRec_cash_v1.0_train.csv,45749
001339577-767-0,93000.0000,USD,2022-09-23T00:00:00Z,CREDIT,,"BenchRec production-derived, obfuscated source side B",128300355518,001339577-767-0 9466166038VI,ACC#00001,93000.00,DR,2022-09-23,2022-09-24,BenchRec_cash_v1.0_train.csv,14425
VOLERY,58783.0000,USD,2022-12-01T00:00:00Z,DEBIT,,"BenchRec production-derived, obfuscated source side B",128873350450,VOLERY 8915511666FP,ACC#00001,-58783.00,CR,2022-12-01,2022-12-02,BenchRec_cash_v1.0_train.csv,69385
VOLERY,53335.6000,USD,2022-12-18T00:00:00Z,CREDIT,,"BenchRec production-derived, obfuscated source side B",129662978651,VOLERY 3643392666FP,ACC#00001,53335.60,DR,2022-12-18,2022-12-19,BenchRec_cash_v1.0_train.csv,83701
VOLERY,921726.7700,USD,2022-09-25T00:00:00Z,DEBIT,,"BenchRec production-derived, obfuscated source side B",131495408950,VOLERY 8841957666FP,ACC#00001,-921726.77,CR,2022-09-25,2022-09-27,BenchRec_cash_v1.0_train.csv,16592
VOLERY,580370.0000,USD,2022-10-07T00:00:00Z,DEBIT,,"BenchRec production-derived, obfuscated source side B",131853752776,VOLERY 8383236666FP,ACC#00001,-580370.00,CR,2022-10-07,2022-10-08,BenchRec_cash_v1.0_train.csv,28894
VOLERY,5022422.8200,USD,2022-09-15T00:00:00Z,CREDIT,,"BenchRec production-derived, obfuscated source side B",132140069150,VOLERY 8122920666FP,ACC#00001,5022422.82,DR,2022-09-15,2022-09-16,BenchRec_cash_v1.0_train.csv,6804
VOLERY,351800.0000,USD,2022-11-17T00:00:00Z,CREDIT,,"BenchRec production-derived, obfuscated source side B",132590046226,VOLERY 8514203666FP,ACC#00001,351800.00,DR,2022-11-17,2022-11-18,BenchRec_cash_v1.0_train.csv,59381
32566B5BU8,64386.1900,USD,2022-11-10T00:00:00Z,CREDIT,,"BenchRec production-derived, obfuscated source side B",132807989009,32566B5BU8 6733366767VI,ACC#00001,64386.19,DR,2022-11-10,2022-11-11,BenchRec_cash_v1.0_train.csv,54245
SPEC782445,378.9200,USD,2022-11-20T00:00:00Z,CREDIT,,"BenchRec production-derived, obfuscated source side B",133158427051,SPEC782445 6905566707VI,ACC#00001,378.92,DR,2022-11-20,2022-11-21,BenchRec_cash_v1.0_train.csv,62477
VOLERY,3028873.3400,USD,2022-11-18T00:00:00Z,DEBIT,,"BenchRec production-derived, obfuscated source side B",133433801909,VOLERY 8584901666FP,ACC#00001,-3028873.34,CR,2022-11-18,2022-11-19,BenchRec_cash_v1.0_train.csv,60889
VOLERY,128360.0400,USD,2022-12-18T00:00:00Z,CREDIT,,"BenchRec production-derived, obfuscated source side B",134278492579,VOLERY 3643303666FP,ACC#00001,128360.04,DR,2022-12-18,2022-12-19,BenchRec_cash_v1.0_train.csv,83489
ALME114734JOQG7U,169700.0000,USD,2022-10-19T00:00:00Z,DEBIT,,"BenchRec production-derived, obfuscated source side B",135102801100,ALME114734JOQG7U 0620302326,ACC#00001,-169700.00,CR,2022-10-19,2022-10-20,BenchRec_cash_v1.0_train.csv,38685
V934687266212556,20967806.5900,USD,2022-10-27T00:00:00Z,CREDIT,,"BenchRec production-derived, obfuscated source side B",135433594850,V934687266212556 1706366055VI,ACC#00001,20967806.59,DR,2022-10-27,2022-10-28,BenchRec_cash_v1.0_train.csv,44675
VOLERY,25189810.0000,USD,2022-11-11T00:00:00Z,CREDIT,,"BenchRec production-derived, obfuscated source side B",13603162441,VOLERY 8295357666FP,ACC#00001,25189810.00,DR,2022-11-11,2022-11-12,BenchRec_cash_v1.0_train.csv,54886
VOLERY,969400.0000,USD,2022-10-28T00:00:00Z,CREDIT,,"BenchRec production-derived, obfuscated source side B",13685924332,VOLERY 8452420666FP,ACC#00001,969400.00,DR,2022-10-28,2022-10-29,BenchRec_cash_v1.0_train.csv,46131
VOLERY,1000.0000,USD,2022-12-07T00:00:00Z,DEBIT,,"BenchRec production-derived, obfuscated source side B",136981812945,VOLERY 8924951666FP,ACC#00001,-1000.00,CR,2022-12-07,2022-12-08,BenchRec_cash_v1.0_train.csv,75007
VOLERY,8733.2000,USD,2022-11-12T00:00:00Z,CREDIT,,"BenchRec production-derived, obfuscated source side B",137230861967,VOLERY 8562016666FP,ACC#00001,8733.20,DR,2022-11-12,2022-11-13,BenchRec_cash_v1.0_train.csv,56339
VOLERY,14493.8500,USD,2022-09-15T00:00:00Z,CREDIT,,"BenchRec production-derived, obfuscated source side B",138055817452,VOLERY 8125668666FP,ACC#00001,14493.85,DR,2022-09-15,2022-09-16,BenchRec_cash_v1.0_train.csv,7159
32566TRORI,1134581.2900,USD,2022-12-31T00:00:00Z,CREDIT,,"BenchRec production-derived, obfuscated source side B",139164437686,32566TRORI 4821266737VI,ACC#00001,1134581.29,DR,2022-12-31,2023-01-01,BenchRec_cash_v1.0_train.csv,92972
VOLERY,22127397.1200,USD,2022-09-28T00:00:00Z,CREDIT,,"BenchRec production-derived, obfuscated source side B",139543029694,VOLERY 8821293666FP,ACC#00001,22127397.12,DR,2022-09-28,2022-09-29,BenchRec_cash_v1.0_train.csv,18119
ICY787164,2800.0000,USD,2022-09-18T00:00:00Z,CREDIT,,"BenchRec production-derived, obfuscated source side B",13983124783,ICY787164 2688566089VI,ACC#00001,2800.00,DR,2022-09-18,2022-09-19,BenchRec_cash_v1.0_train.csv,16712
VOLERY,24452750.8600,USD,2022-12-04T00:00:00Z,DEBIT,,"BenchRec production-derived, obfuscated source side B",139909713300,VOLERY 8942626666FP,ACC#00001,-24452750.86,CR,2022-12-04,2022-12-05,BenchRec_cash_v1.0_train.csv,73352
VIP9126666722157,1452249.0500,USD,2022-11-24T00:00:00Z,CREDIT,,"BenchRec production-derived, obfuscated source side B",139969847193,VIP9126666722157 6612966704VI,ACC#00001,1452249.05,DR,2022-11-24,2022-11-25,BenchRec_cash_v1.0_train.csv,64403
V805769066711425,333530.0000,USD,2022-12-23T00:00:00Z,CREDIT,,"BenchRec production-derived, obfuscated source side B",141847564332,V805769066711425 2053366783VI,ACC#00001,333530.00,DR,2022-12-23,2022-12-24,BenchRec_cash_v1.0_train.csv,86676
VOLERY,93644.9300,USD,2022-09-15T00:00:00Z,DEBIT,,"BenchRec production-derived, obfuscated source side B",144053204963,VOLERY 8129852666FP,ACC#00001,-93644.93,CR,2022-09-15,2022-09-16,BenchRec_cash_v1.0_train.csv,6480
78466AER3U,11.0000,USD,2022-10-02T00:00:00Z,CREDIT,,"BenchRec production-derived, obfuscated source side B",144837589076,78466AER3U 4764966041VI,ACC#00001,11.00,DR,2022-10-02,2022-10-03,BenchRec_cash_v1.0_train.csv,24116
37266AGTJ2,6569.4200,USD,2022-10-12T00:00:00Z,CREDIT,,"BenchRec production-derived, obfuscated source side B",145491450901,37266AGTJ2 5575966027VI,ACC#00001,6569.42,DR,2022-10-12,2022-10-13,BenchRec_cash_v1.0_train.csv,31807
V696676567188243,3966730.6700,USD,2022-11-16T00:00:00Z,DEBIT,,"BenchRec production-derived, obfuscated source side B",145931030144,V696676567188243 3093166765VI,ACC#00001,-3966730.67,CR,2022-11-16,2022-11-17,BenchRec_cash_v1.0_train.csv,58386
VOLERY,559470.3600,USD,2022-11-02T00:00:00Z,DEBIT,,"BenchRec production-derived, obfuscated source side B",146489374415,VOLERY 1656966098XD,ACC#00001,-559470.36,CR,2022-11-02,2022-11-03,BenchRec_cash_v1.0_train.csv,48221
VOLERY,1469302.0000,USD,2022-10-07T00:00:00Z,CREDIT,,"BenchRec production-derived, obfuscated source side B",146841514300,VOLERY 8388006666FP,ACC#00001,1469302.00,DR,2022-10-07,2022-10-08,BenchRec_cash_v1.0_train.csv,28240
VOLERY,123300.0000,USD,2022-11-27T00:00:00Z,DEBIT,,"BenchRec production-derived, obfuscated source side B",148915300126,VOLERY 8905810666FP,ACC#00001,-123300.00,CR,2022-11-27,2022-11-28,BenchRec_cash_v1.0_train.csv,67540
VOLERY,2306765.1200,USD,2022-11-27T00:00:00Z,CREDIT,,"BenchRec production-derived, obfuscated source side B",149932785157,VOLERY 8902975666FP,ACC#00001,2306765.12,DR,2022-11-27,2022-11-28,BenchRec_cash_v1.0_train.csv,67516
VOLERY,29584138.9700,USD,2022-12-30T00:00:00Z,DEBIT,,"BenchRec production-derived, obfuscated source side B",149990101507,VOLERY 3013718666FP,ACC#00001,-29584138.97,CR,2022-12-30,2022-12-31,BenchRec_cash_v1.0_train.csv,91816
RM180144-767-660,4574.0000,USD,2022-09-24T00:00:00Z,CREDIT,,"BenchRec production-derived, obfuscated source side B",150832579438,RM180144-767-660 7928066033VI,ACC#00001,4574.00,DR,2022-09-24,2022-09-25,BenchRec_cash_v1.0_train.csv,16207
VOLERY,453543.0200,USD,2022-11-19T00:00:00Z,CREDIT,,"BenchRec production-derived, obfuscated source side B",153997631573,VOLERY 8532730666FP,ACC#00001,453543.02,DR,2022-11-19,2022-11-20,BenchRec_cash_v1.0_train.csv,62319
UVA9126666720110,20878064.0000,USD,2022-11-03T00:00:00Z,CREDIT,,"BenchRec production-derived, obfuscated source side B",156603313638,UVA9126666720110 7042566093VI,ACC#00001,20878064.00,DR,2022-11-03,2022-11-04,BenchRec_cash_v1.0_train.csv,49510
VOLERY,54882300.0000,USD,2022-11-23T00:00:00Z,DEBIT,,"BenchRec production-derived, obfuscated source side B",157375935916,VOLERY 8529947666FP,ACC#00001,-54882300.00,CR,2022-11-23,2022-11-24,BenchRec_cash_v1.0_train.csv,63689
VOLERY,5600384.5000,USD,2022-10-02T00:00:00Z,DEBIT,,"BenchRec production-derived, obfuscated source side B",15880450694,VOLERY 8301271666FP,ACC#00001,-5600384.50,CR,2022-10-02,2022-10-03,BenchRec_cash_v1.0_train.csv,24543
URBD-2AOQ9J,5700000.0000,USD,2022-12-29T00:00:00Z,CREDIT,,"BenchRec production-derived, obfuscated source side B",163552090846,URBD-2AOQ9J 0865866730VI,ACC#00001,5700000.00,DR,2022-12-29,2022-12-30,BenchRec_cash_v1.0_train.csv,90439
V568226767879837,5510638.8800,USD,2022-10-14T00:00:00Z,DEBIT,,"BenchRec production-derived, obfuscated source side B",163895700501,V568226767879837 5564566023VI,ACC#00001,-5510638.88,CR,2022-10-14,2022-10-15,BenchRec_cash_v1.0_train.csv,35145
VOLERY,3140971.3000,USD,2022-10-13T00:00:00Z,DEBIT,,"BenchRec production-derived, obfuscated source side B",164584782424,VOLERY 8358925666FP,ACC#00001,-3140971.30,CR,2022-10-13,2022-10-14,BenchRec_cash_v1.0_train.csv,33817
32566TP6TN,254782.5000,USD,2022-12-11T00:00:00Z,CREDIT,,"BenchRec production-derived, obfuscated source side B",164992424926,32566TP6TN 5033166711VI,ACC#00001,254782.50,DR,2022-12-11,2022-12-12,BenchRec_cash_v1.0_train.csv,78174
VOLERY,3181904.9600,USD,2022-12-04T00:00:00Z,DEBIT,,"BenchRec production-derived, obfuscated source side B",165618742544,VOLERY 8942647666FP,ACC#00001,-3181904.96,CR,2022-12-04,2022-12-05,BenchRec_cash_v1.0_train.csv,73070
VOLERY,22609.9800,USD,2022-10-26T00:00:00Z,CREDIT,,"BenchRec production-derived, obfuscated source side B",166539627992,VOLERY 8445193666FP,ACC#00001,22609.98,DR,2022-10-26,2022-10-27,BenchRec_cash_v1.0_train.csv,43970
VOLERY,1000000.0000,USD,2022-10-08T00:00:00Z,DEBIT,,"BenchRec production-derived, obfuscated source side B",166903638074,VOLERY 8334114666FP,ACC#00001,-1000000.00,CR,2022-10-08,2022-10-09,BenchRec_cash_v1.0_train.csv,30171
VOLERY,103105.0000,USD,2022-12-22T00:00:00Z,CREDIT,,"BenchRec production-derived, obfuscated source side B",167213106227,VOLERY 3654734666FP,ACC#00001,103105.00,DR,2022-12-22,2022-12-23,BenchRec_cash_v1.0_train.csv,85814
61856333,310000000.0000,USD,2022-10-27T00:00:00Z,DEBIT,,"BenchRec production-derived, obfuscated source side B",167782076661,61856333 7195566055VI,ACC#00001,-310000000.00,CR,2022-10-27,2022-10-28,BenchRec_cash_v1.0_train.csv,45003
VOLERY,3473721.6300,USD,2022-12-08T00:00:00Z,DEBIT,,"BenchRec production-derived, obfuscated source side B",167998603990,VOLERY 8955644666FP,ACC#00001,-3473721.63,CR,2022-12-08,2022-12-09,BenchRec_cash_v1.0_train.csv,74993
VOLERY,336363.2200,USD,2022-11-24T00:00:00Z,CREDIT,,"BenchRec production-derived, obfuscated source side B",168379841052,VOLERY 8555926666FP,ACC#00001,336363.22,DR,2022-11-24,2022-11-25,BenchRec_cash_v1.0_train.csv,64717
VIP9126666728550,560155370.0000,USD,2022-11-16T00:00:00Z,DEBIT,,"BenchRec production-derived, obfuscated source side B",168708163946,VIP9126666728550 7964566765FW,ACC#00001,-560155370.00,CR,2022-11-16,2022-11-17,BenchRec_cash_v1.0_train.csv,57822
VOLERY,5214824.5300,USD,2022-10-30T00:00:00Z,DEBIT,,"BenchRec production-derived, obfuscated source side B",169445687353,VOLERY 8262854666FP,ACC#00001,-5214824.53,CR,2022-10-30,2022-10-31,BenchRec_cash_v1.0_train.csv,47878
V941415666231234,612.8100,USD,2022-10-30T00:00:00Z,DEBIT,,"BenchRec production-derived, obfuscated source side B",169656471779,V941415666231234 8770366090VI,ACC#00001,-612.81,CR,2022-10-30,2022-10-31,BenchRec_cash_v1.0_train.csv,47439
VOLERY,182183.1100,USD,2022-12-18T00:00:00Z,CREDIT,,"BenchRec production-derived, obfuscated source side B",17089465274,VOLERY 3643391666FP,ACC#00001,182183.11,DR,2022-12-18,2022-12-19,BenchRec_cash_v1.0_train.csv,84126
VOLERY,544759.9800,USD,2022-12-11T00:00:00Z,CREDIT,,"BenchRec production-derived, obfuscated source side B",17355271087,VOLERY 3602730666FP,ACC#00001,544759.98,DR,2022-12-11,2022-12-12,BenchRec_cash_v1.0_train.csv,78272
32566AOQRU,35172.1000,USD,2022-10-08T00:00:00Z,CREDIT,,"BenchRec production-derived, obfuscated source side B",175391252020,32566AOQRU 9223366045VI,ACC#00001,35172.10,DR,2022-10-08,2022-10-09,BenchRec_cash_v1.0_train.csv,29047
V122987067410619,22000000.0000,USD,2022-10-16T00:00:00Z,CREDIT,,"BenchRec production-derived, obfuscated source side B",175996984156,V122987067410619 3568766022VI,ACC#00001,22000000.00,DR,2022-10-16,2022-10-17,BenchRec_cash_v1.0_train.csv,37448
VOLERY,4484021.5000,USD,2022-09-23T00:00:00Z,DEBIT,,"BenchRec production-derived, obfuscated source side B",176956402217,VOLERY 8881835666FP,ACC#00001,-4484021.50,CR,2022-09-23,2022-09-24,BenchRec_cash_v1.0_train.csv,14130
6111656U6H6E676N,3160.5700,USD,2022-10-20T00:00:00Z,DEBIT,,"BenchRec production-derived, obfuscated source side B",177220286031,6111656U6H6E676N 3885866050VI,ACC#00001,-3160.57,CR,2022-10-20,2022-10-21,BenchRec_cash_v1.0_train.csv,40322
VOLERY,10270000.0000,USD,2022-12-23T00:00:00Z,CREDIT,,"BenchRec production-derived, obfuscated source side B",178067868579,VOLERY 3694448666FP,ACC#00001,10270000.00,DR,2022-12-23,2022-12-24,BenchRec_cash_v1.0_train.csv,86717
VOLERY,5161324.1700,USD,2022-10-16T00:00:00Z,DEBIT,,"BenchRec production-derived, obfuscated source side B",179292188078,VOLERY 8402683666FP,ACC#00001,-5161324.17,CR,2022-10-16,2022-10-17,BenchRec_cash_v1.0_train.csv,37173
VOLERY,4688410.0000,USD,2022-09-30T00:00:00Z,CREDIT,,"BenchRec production-derived, obfuscated source side B",179434493023,VOLERY 8891920666FP,ACC#00001,4688410.00,DR,2022-09-30,2022-10-01,BenchRec_cash_v1.0_train.csv,21744
VOLERY,284322.0400,USD,2022-09-21T00:00:00Z,CREDIT,,"BenchRec production-derived, obfuscated source side B",180121965088,VOLERY 8876344666FP,ACC#00001,284322.04,DR,2022-09-21,2022-09-22,BenchRec_cash_v1.0_train.csv,11224
V327831916979227,64968.7300,USD,2022-09-29T00:00:00Z,CREDIT,,"BenchRec production-derived, obfuscated source side B",180173881336,V327831916979227 7985466046VI,ACC#00001,64968.73,DR,2022-09-29,2022-09-30,BenchRec_cash_v1.0_train.csv,19679
VOLERY,1615728.8400,USD,2022-09-15T00:00:00Z,DEBIT,,"BenchRec production-derived, obfuscated source side B",181618216309,VOLERY 8125823666FP,ACC#00001,-1615728.84,CR,2022-09-15,2022-09-16,BenchRec_cash_v1.0_train.csv,6347
VOLERY,47008.8400,USD,2022-11-02T00:00:00Z,DEBIT,,"BenchRec production-derived, obfuscated source side B",18187644790,VOLERY 8272308666FP,ACC#00001,-47008.84,CR,2022-11-02,2022-11-03,BenchRec_cash_v1.0_train.csv,49111
VOLERY,91484.6500,USD,2022-12-31T00:00:00Z,CREDIT,,"BenchRec production-derived, obfuscated source side B",181897205832,VOLERY 3081465666FP,ACC#00001,91484.65,DR,2022-12-31,2023-01-01,BenchRec_cash_v1.0_train.csv,92602
VOLERY,17853356.2800,USD,2022-12-09T00:00:00Z,DEBIT,,"BenchRec production-derived, obfuscated source side B",184628642255,VOLERY 8992717666FP,ACC#00001,-17853356.28,CR,2022-12-09,2022-12-10,BenchRec_cash_v1.0_train.csv,76089
VOLERY,1106539.5400,USD,2022-09-16T00:00:00Z,DEBIT,,"BenchRec production-derived, obfuscated source side B",185838030423,VOLERY 8155810666FP,ACC#00001,-1106539.54,CR,2022-09-16,2022-09-17,BenchRec_cash_v1.0_train.csv,7709
VOLERY,15263093.4500,USD,2022-11-18T00:00:00Z,DEBIT,,"BenchRec production-derived, obfuscated source side B",185996713509,VOLERY 8584939666FP,ACC#00001,-15263093.45,CR,2022-11-18,2022-11-19,BenchRec_cash_v1.0_train.csv,60211
VOLERY,39951.9900,USD,2022-09-28T00:00:00Z,CREDIT,,"BenchRec production-derived, obfuscated source side B",186305953946,VOLERY 8827774666FP,ACC#00001,39951.99,DR,2022-09-28,2022-09-29,BenchRec_cash_v1.0_train.csv,18879
2924566602808251,9745164.7300,USD,2022-10-13T00:00:00Z,DEBIT,,"BenchRec production-derived, obfuscated source side B",187893737332,2924566602808251 1230066021VI,ACC#00001,-9745164.73,CR,2022-10-13,2022-10-14,BenchRec_cash_v1.0_train.csv,34330
VOLERY,174000.0000,USD,2022-10-14T00:00:00Z,DEBIT,,"BenchRec production-derived, obfuscated source side B",188155176522,VOLERY 8394624666FP,ACC#00001,-174000.00,CR,2022-10-14,2022-10-15,BenchRec_cash_v1.0_train.csv,34799
32566AGPJ8,20978.0100,USD,2022-10-12T00:00:00Z,CREDIT,,"BenchRec production-derived, obfuscated source side B",188251121677,32566AGPJ8 5421966027VI,ACC#00001,20978.01,DR,2022-10-12,2022-10-13,BenchRec_cash_v1.0_train.csv,33352
V609735060881167,6489300.0000,USD,2022-11-05T00:00:00Z,DEBIT,,"BenchRec production-derived, obfuscated source side B",188358205366,V609735060881167 5932566092VI,ACC#00001,-6489300.00,CR,2022-11-05,2022-11-06,BenchRec_cash_v1.0_train.csv,51556
322746AL68131042,25080.0000,USD,2022-12-25T00:00:00Z,DEBIT,,"BenchRec production-derived, obfuscated source side B",188446477474,322746AL68131042 1242066784VI,ACC#00001,-25080.00,CR,2022-12-25,2022-12-26,BenchRec_cash_v1.0_train.csv,88816
VOLERY,53300.7000,USD,2022-10-28T00:00:00Z,CREDIT,,"BenchRec production-derived, obfuscated source side B",188824852997,VOLERY 8452277666FP,ACC#00001,53300.70,DR,2022-10-28,2022-10-29,BenchRec_cash_v1.0_train.csv,46112
322746AL68110290,9853.3000,USD,2022-11-04T00:00:00Z,DEBIT,,"BenchRec production-derived, obfuscated source side B",19007015550,322746AL68110290 4835966094VI,ACC#00001,-9853.30,CR,2022-11-04,2022-11-05,BenchRec_cash_v1.0_train.csv,50611
VOLERY,12850453.7800,USD,2022-12-10T00:00:00Z,CREDIT,,"BenchRec production-derived, obfuscated source side B",190304885598,VOLERY 3665503666FP,ACC#00001,12850453.78,DR,2022-12-10,2022-12-11,BenchRec_cash_v1.0_train.csv,77903
32566AILBM,776156.8000,USD,2022-09-17T00:00:00Z,CREDIT,,"BenchRec production-derived, obfuscated source side B",190734271718,32566AILBM 1091766085VI,ACC#00001,776156.80,DR,2022-09-17,2022-09-18,BenchRec_cash_v1.0_train.csv,8925
VOLERY,5653100.0000,USD,2022-11-11T00:00:00Z,CREDIT,,"BenchRec production-derived, obfuscated source side B",193767370250,VOLERY 8295313666FP,ACC#00001,5653100.00,DR,2022-11-11,2022-11-12,BenchRec_cash_v1.0_train.csv,55364
322756AL61894613,2211.7600,USD,2022-11-20T00:00:00Z,DEBIT,,"BenchRec production-derived, obfuscated source side B",193852816407,322756AL61894613 0824566707VI,ACC#00001,-2211.76,CR,2022-11-20,2022-11-21,BenchRec_cash_v1.0_train.csv,62363
VOLERY,28479.0500,USD,2022-11-17T00:00:00Z,CREDIT,,"BenchRec production-derived, obfuscated source side B",197667646633,VOLERY 8514279666FP,ACC#00001,28479.05,DR,2022-11-17,2022-11-18,BenchRec_cash_v1.0_train.csv,59793
VOLERY,17074.8800,USD,2022-12-14T00:00:00Z,DEBIT,,"BenchRec production-derived, obfuscated source side B",197885463287,VOLERY 3675862666FP,ACC#00001,-17074.88,CR,2022-12-14,2022-12-15,BenchRec_cash_v1.0_train.csv,79889
VOLERY,4321693.0500,USD,2022-12-24T00:00:00Z,DEBIT,,"BenchRec production-derived, obfuscated source side B",197933644932,VOLERY 3063158666FP,ACC#00001,-4321693.05,CR,2022-12-24,2022-12-25,BenchRec_cash_v1.0_train.csv,87739
VOLERY,4579862.8700,USD,2022-11-27T00:00:00Z,DEBIT,,"BenchRec production-derived, obfuscated source side B",199337716370,VOLERY 8905812666FP,ACC#00001,-4579862.87,CR,2022-11-27,2022-11-28,BenchRec_cash_v1.0_train.csv,67635
P678601206273137,1791742038.0000,USD,2022-11-27T00:00:00Z,CREDIT,,"BenchRec production-derived, obfuscated source side B",200990980393,P678601206273137 9208866709VI,ACC#00001,1791742038.00,DR,2022-11-27,2022-11-28,BenchRec_cash_v1.0_train.csv,67877
VOLERY,50590400.0000,USD,2022-12-10T00:00:00Z,CREDIT,,"BenchRec production-derived, obfuscated source side B",202981313700,VOLERY 3665560666FP,ACC#00001,50590400.00,DR,2022-12-10,2022-12-11,BenchRec_cash_v1.0_train.csv,77046
T313005574626660,1000000.0000,USD,2022-11-27T00:00:00Z,CREDIT,,"BenchRec production-derived, obfuscated source side B",2030588580,T313005574626660 0605574626,ACC#00001,1000000.00,DR,2022-11-27,2022-11-28,BenchRec_cash_v1.0_train.csv,68513
07166AQP4Y,1365668.0900,USD,2022-10-05T00:00:00Z,CREDIT,,"BenchRec production-derived, obfuscated source side B",204549596986,07166AQP4Y 6048566044VI,ACC#00001,1365668.09,DR,2022-10-05,2022-10-06,BenchRec_cash_v1.0_train.csv,25991
VOLERY,4069158.5800,USD,2022-10-06T00:00:00Z,CREDIT,,"BenchRec production-derived, obfuscated source side B",20521449784,VOLERY 8313468666FP,ACC#00001,4069158.58,DR,2022-10-06,2022-10-07,BenchRec_cash_v1.0_train.csv,26598
32566AVRA1,264426.0000,USD,2022-09-16T00:00:00Z,CREDIT,,"BenchRec production-derived, obfuscated source side B",205835661519,32566AVRA1 9611866082VI,ACC#00001,264426.00,DR,2022-09-16,2022-09-17,BenchRec_cash_v1.0_train.csv,7647
32566B99HV,1188757.1300,USD,2022-11-12T00:00:00Z,CREDIT,,"BenchRec production-derived, obfuscated source side B",206035517074,32566B99HV 4777066761VI,ACC#00001,1188757.13,DR,2022-11-12,2022-11-13,BenchRec_cash_v1.0_train.csv,56564
VOLERY,2602998.3900,USD,2022-11-13T00:00:00Z,DEBIT,,"BenchRec production-derived, obfuscated source side B",20772782826,VOLERY 8502318666FP,ACC#00001,-2602998.39,CR,2022-11-13,2022-11-16,BenchRec_cash_v1.0_train.csv,57002
V559860161648003,72807.9400,USD,2022-10-22T00:00:00Z,DEBIT,,"BenchRec production-derived, obfuscated source side B",207803170284,V559860161648003 1060466051VI,ACC#00001,-72807.94,CR,2022-10-22,2022-10-23,BenchRec_cash_v1.0_train.csv,42034
VOLERY,887801.6700,USD,2022-12-11T00:00:00Z,DEBIT,,"BenchRec production-derived, obfuscated source side B",208002990619,VOLERY 3602279666FP,ACC#00001,-887801.67,CR,2022-12-11,2022-12-12,BenchRec_cash_v1.0_train.csv,78438
32566TR41D,4000.0000,USD,2022-12-18T00:00:00Z,CREDIT,,"BenchRec production-derived, obfuscated source side B",208654624264,32566TR41D 3673166786VI,ACC#00001,4000.00,DR,2022-12-18,2022-12-19,BenchRec_cash_v1.0_train.csv,83788
322746AL68174015,16874.4600,USD,2022-10-08T00:00:00Z,DEBIT,,"BenchRec production-derived, obfuscated source side B",208721668743,322746AL68174015 9238066045VI,ACC#00001,-16874.46,CR,2022-10-08,2022-10-09,BenchRec_cash_v1.0_train.csv,29113
VOLERY,123733.8800,USD,2022-09-17T00:00:00Z,DEBIT,,"BenchRec production-derived, obfuscated source side B",209046039958,VOLERY 8866134666FP,ACC#00001,-123733.88,CR,2022-09-17,2022-09-18,BenchRec_cash_v1.0_train.csv,9256
VOLERY,17890.0000,USD,2022-11-20T00:00:00Z,DEBIT,,"BenchRec production-derived, obfuscated source side B",209458911186,VOLERY 8549534666FP,ACC#00001,-17890.00,CR,2022-11-20,2022-11-21,BenchRec_cash_v1.0_train.csv,62384
VOLERY,71720.1000,USD,2022-10-15T00:00:00Z,CREDIT,,"BenchRec production-derived, obfuscated source side B",21084202196,VOLERY 8468580666FP,ACC#00001,71720.10,DR,2022-10-15,2022-10-16,BenchRec_cash_v1.0_train.csv,36664
VOLERY,29469.5700,USD,2022-09-21T00:00:00Z,DEBIT,,"BenchRec production-derived, obfuscated source side B",210913155727,VOLERY 8871012666FP,ACC#00001,-29469.57,CR,2022-09-21,2022-09-22,BenchRec_cash_v1.0_train.csv,11837
322756AL61150796,7085.2600,USD,2022-11-17T00:00:00Z,DEBIT,,"BenchRec production-derived, obfuscated source side B",211613080272,322756AL61150796 9778766769VI,ACC#00001,-7085.26,CR,2022-11-17,2022-11-18,BenchRec_cash_v1.0_train.csv,59504
VOLERY,2415043.7900,USD,2022-10-15T00:00:00Z,DEBIT,,"BenchRec production-derived, obfuscated source side B",211624550781,VOLERY 8464374666FP,ACC#00001,-2415043.79,CR,2022-10-15,2022-10-16,BenchRec_cash_v1.0_train.csv,36409
32566B41FW,6396.4000,USD,2022-11-05T00:00:00Z,CREDIT,,"BenchRec production-derived, obfuscated source side B",212447785259,32566B41FW 2439966094VI,ACC#00001,6396.40,DR,2022-11-05,2022-11-06,BenchRec_cash_v1.0_train.csv,51296
69649413,71692143.0000,USD,2022-10-21T00:00:00Z,DEBIT,,"BenchRec production-derived, obfuscated source side B",212468581826,69649413 0104566057VI,ACC#00001,-71692143.00,CR,2022-10-21,2022-10-22,BenchRec_cash_v1.0_train.csv,40680
784506BW65811147,357387.0000,USD,2022-11-24T00:00:00Z,DEBIT,,"BenchRec production-derived, obfuscated source side B",212707923491,784506BW65811147 9736766704VI,ACC#00001,-357387.00,CR,2022-11-24,2022-11-25,BenchRec_cash_v1.0_train.csv,65012
VOLERY,446043.6500,USD,2022-10-12T00:00:00Z,CREDIT,,"BenchRec production-derived, obfuscated source side B",212733276480,VOLERY 8328240666FP,ACC#00001,446043.65,DR,2022-10-12,2022-10-13,BenchRec_cash_v1.0_train.csv,32687
VOLERY,1188422.2600,USD,2022-11-13T00:00:00Z,CREDIT,,"BenchRec production-derived, obfuscated source side B",212738957608,VOLERY 8504948666FP,ACC#00001,1188422.26,DR,2022-11-13,2022-11-16,BenchRec_cash_v1.0_train.csv,57421
VOLERY,2213518.4500,USD,2022-12-31T00:00:00Z,CREDIT,,"BenchRec production-derived, obfuscated source side B",213329989657,VOLERY 3083691666FP,ACC#00001,2213518.45,DR,2022-12-31,2023-01-01,BenchRec_cash_v1.0_train.csv,93359
PUSSLIKE64ALN69,128134000.0000,USD,2022-12-01T00:00:00Z,DEBIT,,"BenchRec production-derived, obfuscated source side B",214390869431,PUSSLIKE64ALN69 7031466778VI,ACC#00001,-128134000.00,CR,2022-12-01,2022-12-03,BenchRec_cash_v1.0_train.csv,72341
VOLERY,7056767.2400,USD,2022-10-02T00:00:00Z,CREDIT,,"BenchRec production-derived, obfuscated source side B",21472454507,VOLERY 8301714666FP,ACC#00001,7056767.24,DR,2022-10-02,2022-10-03,BenchRec_cash_v1.0_train.csv,24226
V069851167910169,8264400.0000,USD,2022-11-18T00:00:00Z,CREDIT,,"BenchRec production-derived, obfuscated source side B",215213658456,V069851167910169 7817466706VI,ACC#00001,8264400.00,DR,2022-11-18,2022-11-19,BenchRec_cash_v1.0_train.csv,60749
VOLERY,69821.8000,USD,2022-10-05T00:00:00Z,DEBIT,,"BenchRec production-derived, obfuscated source side B",220808029186,VOLERY 8373228666FP,ACC#00001,-69821.80,CR,2022-10-05,2022-10-06,BenchRec_cash_v1.0_train.csv,25106
V502734367316452,11886395.1600,USD,2022-10-15T00:00:00Z,CREDIT,,"BenchRec production-derived, obfuscated source side B",223376132917,V502734367316452 0978866024VI,ACC#00001,11886395.16,DR,2022-10-15,2022-10-16,BenchRec_cash_v1.0_train.csv,36878
VOLERY,190637.9400,USD,2022-11-02T00:00:00Z,DEBIT,,"BenchRec production-derived, obfuscated source side B",223503730009,VOLERY 8272307666FP,ACC#00001,-190637.94,CR,2022-11-02,2022-11-03,BenchRec_cash_v1.0_train.csv,48445
VOLERY,2624019.7000,USD,2022-09-30T00:00:00Z,CREDIT,,"BenchRec production-derived, obfuscated source side B",224362014558,VOLERY 8891915666FP,ACC#00001,2624019.70,DR,2022-09-30,2022-10-01,BenchRec_cash_v1.0_train.csv,21921
322746MI60358957,5614507.2200,USD,2022-09-24T00:00:00Z,DEBIT,,"BenchRec production-derived, obfuscated source side B",225208637708,322746MI60358957 7238866033VI,ACC#00001,-5614507.22,CR,2022-09-24,2022-09-25,BenchRec_cash_v1.0_train.csv,15061
VOLERY,2101057.6100,USD,2022-11-20T00:00:00Z,CREDIT,,"BenchRec production-derived, obfuscated source side B",225880560008,VOLERY 8542420666FP,ACC#00001,2101057.61,DR,2022-11-20,2022-11-21,BenchRec_cash_v1.0_train.csv,62891
V656883467216286,2570702.9200,USD,2022-11-16T00:00:00Z,CREDIT,,"BenchRec production-derived, obfuscated source side B",226763788640,V656883467216286 8548066765VI,ACC#00001,2570702.92,DR,2022-11-16,2022-11-17,BenchRec_cash_v1.0_train.csv,57912
VOLERY,20589461.0000,USD,2022-09-25T00:00:00Z,CREDIT,,"BenchRec production-derived, obfuscated source side B",226908648958,VOLERY 8841311666FP,ACC#00001,20589461.00,DR,2022-09-25,2022-09-27,BenchRec_cash_v1.0_train.csv,17870
32566ANIBA,14706.6000,USD,2022-10-21T00:00:00Z,CREDIT,,"BenchRec production-derived, obfuscated source side B",227835611820,32566ANIBA 2049166050VI,ACC#00001,14706.60,DR,2022-10-21,2022-10-22,BenchRec_cash_v1.0_train.csv,44160
322746AL68777988,13946858.0300,USD,2022-11-02T00:00:00Z,DEBIT,,"BenchRec production-derived, obfuscated source side B",229515684093,322746AL68777988 4704566090VI,ACC#00001,-13946858.03,CR,2022-11-02,2022-11-03,BenchRec_cash_v1.0_train.csv,48471
VOLERY,4404836.9900,USD,2022-10-01T00:00:00Z,DEBIT,,"BenchRec production-derived, obfuscated source side B",230189256856,VOLERY 8368637666FP,ACC#00001,-4404836.99,CR,2022-10-01,2022-10-02,BenchRec_cash_v1.0_train.csv,23561
VOLERY,59430000.0000,USD,2022-10-02T00:00:00Z,CREDIT,,"BenchRec production-derived, obfuscated source side B",230266924997,VOLERY 8308415666FP,ACC#00001,59430000.00,DR,2022-10-02,2022-10-03,BenchRec_cash_v1.0_train.csv,24816
VOLERY,524293.6100,USD,2022-09-30T00:00:00Z,DEBIT,,"BenchRec production-derived, obfuscated source side B",231151703323,VOLERY 8898807666FP,ACC#00001,-524293.61,CR,2022-09-30,2022-10-01,BenchRec_cash_v1.0_train.csv,20860
322746AL68166586,1400898.6900,USD,2022-11-03T00:00:00Z,DEBIT,,"BenchRec production-derived, obfuscated source side B",232634458150,322746AL68166586 0413266093VI,ACC#00001,-1400898.69,CR,2022-11-03,2022-11-04,BenchRec_cash_v1.0_train.csv,49807
V928217466531774,7528.1900,USD,2022-11-02T00:00:00Z,DEBIT,,"BenchRec production-derived, obfuscated source side B",232717823816,V928217466531774 2297366098VI,ACC#00001,-7528.19,CR,2022-11-02,2022-11-03,BenchRec_cash_v1.0_train.csv,49114
37266GS3FT,362.6700,USD,2022-10-12T00:00:00Z,CREDIT,,"BenchRec production-derived, obfuscated source side B",23438743715,37266GS3FT 6519266021VI,ACC#00001,362.67,DR,2022-10-12,2022-10-13,BenchRec_cash_v1.0_train.csv,31963
VOLERY,89180.4500,USD,2022-12-02T00:00:00Z,CREDIT,,"BenchRec production-derived, obfuscated source side B",234845991749,VOLERY 8984269666FP,ACC#00001,89180.45,DR,2022-12-02,2022-12-03,BenchRec_cash_v1.0_train.csv,70779
VOLERY,551841.3300,USD,2022-12-15T00:00:00Z,DEBIT,,"BenchRec production-derived, obfuscated source side B",23664972498,VOLERY 3612050666FP,ACC#00001,-551841.33,CR,2022-12-15,2022-12-16,BenchRec_cash_v1.0_train.csv,80335
VOLERY,20368.5800,USD,2022-11-11T00:00:00Z,CREDIT,,"BenchRec production-derived, obfuscated source side B",236669859999,VOLERY 8292140666FP,ACC#00001,20368.58,DR,2022-11-11,2022-11-12,BenchRec_cash_v1.0_train.csv,54983
VOLERY,32335318.4200,USD,2022-11-19T00:00:00Z,DEBIT,,"BenchRec production-derived, obfuscated source side B",237263146183,VOLERY 8532264666FP,ACC#00001,-32335318.42,CR,2022-11-19,2022-11-20,BenchRec_cash_v1.0_train.csv,61948
VOLERY,5565123.9100,USD,2022-10-15T00:00:00Z,CREDIT,,"BenchRec production-derived, obfuscated source side B",239527238427,VOLERY 8464625666FP,ACC#00001,5565123.91,DR,2022-10-15,2022-10-16,BenchRec_cash_v1.0_train.csv,36559
322746AL68181723,39300.0000,USD,2022-11-26T00:00:00Z,DEBIT,,"BenchRec production-derived, obfuscated source side B",240440546859,322746AL68181723 3023666702VI,ACC#00001,-39300.00,CR,2022-11-26,2022-11-27,BenchRec_cash_v1.0_train.csv,66343
32566AMPEM,4294122.6000,USD,2022-09-23T00:00:00Z,CREDIT,,"BenchRec production-derived, obfuscated source side B",240762600825,32566AMPEM 5060166038VI,ACC#00001,4294122.60,DR,2022-09-23,2022-09-24,BenchRec_cash_v1.0_train.csv,14883
78466AEH21,7154.9400,USD,2022-10-02T00:00:00Z,CREDIT,,"BenchRec production-derived, obfuscated source side B",242036168895,78466AEH21 3285866041VI,ACC#00001,7154.94,DR,2022-10-02,2022-10-03,BenchRec_cash_v1.0_train.csv,24741
322746AL68104570,69898.6000,USD,2022-09-17T00:00:00Z,DEBIT,,"BenchRec production-derived, obfuscated source side B",242560425864,322746AL68104570 6187466082VI,ACC#00001,-69898.60,CR,2022-09-17,2022-09-18,BenchRec_cash_v1.0_train.csv,8690
322746AL68101294,3600.1700,USD,2022-09-10T00:00:00Z,DEBIT,,"BenchRec production-derived, obfuscated source side B",243099009025,322746AL68101294 1205566086VI,ACC#00001,-3600.17,CR,2022-09-10,2022-09-11,BenchRec_cash_v1.0_train.csv,2748
V998360460617222,331927.0000,USD,2022-11-04T00:00:00Z,DEBIT,,"BenchRec production-derived, obfuscated source side B",243222142564,V998360460617222 8555466094VI,ACC#00001,-331927.00,CR,2022-11-04,2022-11-05,BenchRec_cash_v1.0_train.csv,50256
VOLERY,3138120.9600,USD,2022-11-25T00:00:00Z,CREDIT,,"BenchRec production-derived, obfuscated source side B",243725725213,VOLERY 8966671666FP,ACC#00001,3138120.96,DR,2022-11-25,2022-11-26,BenchRec_cash_v1.0_train.csv,65455
VOLERY,160.0000,USD,2022-10-14T00:00:00Z,CREDIT,,"BenchRec production-derived, obfuscated source side B",243830593902,VOLERY 8398867666FP,ACC#00001,160.00,DR,2022-10-14,2022-10-15,BenchRec_cash_v1.0_train.csv,35639
VOLERY,15907148.4000,USD,2022-12-16T00:00:00Z,CREDIT,,"BenchRec production-derived, obfuscated source side B",245029597887,VOLERY 3682481666FP,ACC#00001,15907148.40,DR,2022-12-16,2022-12-17,BenchRec_cash_v1.0_train.csv,81556
VOLERY,50657134.6600,USD,2022-11-18T00:00:00Z,DEBIT,,"BenchRec production-derived, obfuscated source side B",246823595249,VOLERY 8584984666FP,ACC#00001,-50657134.66,CR,2022-11-18,2022-11-19,BenchRec_cash_v1.0_train.csv,60690
AHT9126666728520,93796.0000,USD,2022-11-16T00:00:00Z,DEBIT,,"BenchRec production-derived, obfuscated source side B",248837408597,AHT9126666728520 3140966765XD,ACC#00001,-93796.00,CR,2022-11-16,2022-11-17,BenchRec_cash_v1.0_train.csv,57959
322746AL68705269,4367.6900,USD,2022-10-16T00:00:00Z,DEBIT,,"BenchRec production-derived, obfuscated source side B",249298643675,322746AL68705269 8486166024VI,ACC#00001,-4367.69,CR,2022-10-16,2022-10-17,BenchRec_cash_v1.0_train.csv,37230
VOLERY,27191.9000,USD,2022-09-25T00:00:00Z,CREDIT,,"BenchRec production-derived, obfuscated source side B",250283108055,VOLERY 8847783666FP,ACC#00001,27191.90,DR,2022-09-25,2022-09-27,BenchRec_cash_v1.0_train.csv,17609
VOLERY,50703970.0000,USD,2022-12-11T00:00:00Z,CREDIT,,"BenchRec production-derived, obfuscated source side B",25066094164,VOLERY 3605143666FP,ACC#00001,50703970.00,DR,2022-12-11,2022-12-12,BenchRec_cash_v1.0_train.csv,78217
65135429,1730000000.0000,USD,2022-10-15T00:00:00Z,DEBIT,,"BenchRec production-derived, obfuscated source side B",251458530092,65135429 1374666024VI,ACC#00001,-1730000000.00,CR,2022-10-15,2022-10-16,BenchRec_cash_v1.0_train.csv,36761
VOLERY,708925.3200,USD,2022-12-04T00:00:00Z,CREDIT,,"BenchRec production-derived, obfuscated source side B",251662204852,VOLERY 8944776666FP,ACC#00001,708925.32,DR,2022-12-04,2022-12-05,BenchRec_cash_v1.0_train.csv,73139
VOLERY,2553414.6700,USD,2022-09-16T00:00:00Z,DEBIT,,"BenchRec production-derived, obfuscated source side B",252037402806,VOLERY 8159355666FP,ACC#00001,-2553414.67,CR,2022-09-16,2022-09-17,BenchRec_cash_v1.0_train.csv,8006
VOLERY,50695000.0000,USD,2022-09-23T00:00:00Z,CREDIT,,"BenchRec production-derived, obfuscated source side B",252497386088,VOLERY 8881607666FP,ACC#00001,50695000.00,DR,2022-09-23,2022-09-24,BenchRec_cash_v1.0_train.csv,14139
322756AL61156675,890212.4300,USD,2022-12-09T00:00:00Z,DEBIT,,"BenchRec production-derived, obfuscated source side B",254190772794,322756AL61156675 6029066710VI,ACC#00001,-890212.43,CR,2022-12-09,2022-12-10,BenchRec_cash_v1.0_train.csv,76912
VOLERY,218545.2900,USD,2022-09-30T00:00:00Z,DEBIT,,"BenchRec production-derived, obfuscated source side B",25441328866,VOLERY 8898806666FP,ACC#00001,-218545.29,CR,2022-09-30,2022-10-01,BenchRec_cash_v1.0_train.csv,22674
322746AL68134947,246361.0000,USD,2022-12-31T00:00:00Z,DEBIT,,"BenchRec production-derived, obfuscated source side B",254431975208,322746AL68134947 4850966737VI,ACC#00001,-246361.00,CR,2022-12-31,2023-01-01,BenchRec_cash_v1.0_train.csv,92737
VOLERY,1101714.0000,USD,2022-10-08T00:00:00Z,DEBIT,,"BenchRec production-derived, obfuscated source side B",25448037473,VOLERY 8334172666FP,ACC#00001,-1101714.00,CR,2022-10-08,2022-10-09,BenchRec_cash_v1.0_train.csv,29883
VOLERY,88659.4100,USD,2022-10-01T00:00:00Z,DEBIT,,"BenchRec production-derived, obfuscated source side B",254944100950,VOLERY 8363642666FP,ACC#00001,-88659.41,CR,2022-10-01,2022-10-02,BenchRec_cash_v1.0_train.csv,23596
VOLERY,264713.9300,USD,2022-12-14T00:00:00Z,CREDIT,,"BenchRec production-derived, obfuscated source side B",255369443344,VOLERY 3674950666FP,ACC#00001,264713.93,DR,2022-12-14,2022-12-15,BenchRec_cash_v1.0_train.csv,79098
VOLERY,468931.5100,USD,2022-10-26T00:00:00Z,CREDIT,,"BenchRec production-derived, obfuscated source side B",255636580184,VOLERY 8445196666FP,ACC#00001,468931.51,DR,2022-10-26,2022-10-27,BenchRec_cash_v1.0_train.csv,42769
322746AL68182695,26271.1500,USD,2022-12-03T00:00:00Z,DEBIT,,"BenchRec production-derived, obfuscated source side B",25671564615,322746AL68182695 1713366778VI,ACC#00001,-26271.15,CR,2022-12-03,2022-12-04,BenchRec_cash_v1.0_train.csv,72670
6245366610785406,2100.0000,USD,2022-12-08T00:00:00Z,DEBIT,,"BenchRec production-derived, obfuscated source side B",257035802391,6245366610785406 4588066716VI,ACC#00001,-2100.00,CR,2022-12-08,2022-12-09,BenchRec_cash_v1.0_train.csv,75080
VOLERY,21155036.7000,USD,2022-12-10T00:00:00Z,CREDIT,,"BenchRec production-derived, obfuscated source side B",257150172712,VOLERY 3665574666FP,ACC#00001,21155036.70,DR,2022-12-10,2022-12-11,BenchRec_cash_v1.0_train.csv,77227
VOLERY,14741200.9500,USD,2022-10-19T00:00:00Z,DEBIT,,"BenchRec production-derived, obfuscated source side B",25860530318,VOLERY 8474128666FP,ACC#00001,-14741200.95,CR,2022-10-19,2022-10-20,BenchRec_cash_v1.0_train.csv,39149
6017466712RN,851.0000,USD,2022-12-15T00:00:00Z,CREDIT,,"BenchRec production-derived, obfuscated source side B",259358626501,6017466712RN 6017466712RN,ACC#00001,851.00,DR,2022-12-15,2022-12-16,BenchRec_cash_v1.0_train.csv,83288
VOLERY,44856.9600,USD,2022-09-15T00:00:00Z,DEBIT,,"BenchRec production-derived, obfuscated source side B",259616684783,VOLERY 8129375666FP,ACC#00001,-44856.96,CR,2022-09-15,2022-09-16,BenchRec_cash_v1.0_train.csv,6582
VOLERY,3308326.2500,USD,2022-10-14T00:00:00Z,DEBIT,,"BenchRec production-derived, obfuscated source side B",259651212138,VOLERY 8393844666FP,ACC#00001,-3308326.25,CR,2022-10-14,2022-10-15,BenchRec_cash_v1.0_train.csv,34989
VOLERY,27636.8900,USD,2022-10-28T00:00:00Z,CREDIT,,"BenchRec production-derived, obfuscated source side B",260441099965,VOLERY 8452271666FP,ACC#00001,27636.89,DR,2022-10-28,2022-10-29,BenchRec_cash_v1.0_train.csv,45821
VOLERY,1853500.0000,USD,2022-12-08T00:00:00Z,DEBIT,,"BenchRec production-derived, obfuscated source side B",260585677153,VOLERY 4029666716VI,ACC#00001,-1853500.00,CR,2022-12-08,2022-12-09,BenchRec_cash_v1.0_train.csv,75508
VOLERY,119117.0000,USD,2022-09-18T00:00:00Z,CREDIT,,"BenchRec production-derived, obfuscated source side B",261010311118,VOLERY 8865949666FP,ACC#00001,119117.00,DR,2022-09-18,2022-09-19,BenchRec_cash_v1.0_train.csv,9718
VOLERY,6007411.0300,USD,2022-11-23T00:00:00Z,CREDIT,,"BenchRec production-derived, obfuscated source side B",261944599294,VOLERY 8556284666FP,ACC#00001,6007411.03,DR,2022-11-23,2022-11-24,BenchRec_cash_v1.0_train.csv,63815
IYO9126666726919,1509222.0000,USD,2022-11-02T00:00:00Z,CREDIT,,"BenchRec production-derived, obfuscated source side B",261973672166,IYO9126666726919 5950766098VI,ACC#00001,1509222.00,DR,2022-11-02,2022-11-03,BenchRec_cash_v1.0_train.csv,48817
ALME119157JOQG7U,40000.0000,USD,2022-10-08T00:00:00Z,DEBIT,,"BenchRec production-derived, obfuscated source side B",262079297950,ALME119157JOQG7U 0696349256,ACC#00001,-40000.00,CR,2022-10-08,2022-10-09,BenchRec_cash_v1.0_train.csv,29597
VOLERY,741102.8700,USD,2022-12-03T00:00:00Z,DEBIT,,"BenchRec production-derived, obfuscated source side B",262646774824,VOLERY 8935853666FP,ACC#00001,-741102.87,CR,2022-12-03,2022-12-04,BenchRec_cash_v1.0_train.csv,72673
VOLERY,44580.9100,USD,2022-11-03T00:00:00Z,DEBIT,,"BenchRec production-derived, obfuscated source side B",264710481231,VOLERY 8214988666FP,ACC#00001,-44580.91,CR,2022-11-03,2022-11-04,BenchRec_cash_v1.0_train.csv,49188
VOLERY,63279.7600,USD,2022-12-21T00:00:00Z,DEBIT,,"BenchRec production-derived, obfuscated source side B",266311215064,VOLERY 3624958666FP,ACC#00001,-63279.76,CR,2022-12-21,2022-12-22,BenchRec_cash_v1.0_train.csv,84761
VOLERY,1179760.3100,USD,2022-11-19T00:00:00Z,DEBIT,,"BenchRec production-derived, obfuscated source side B",266611001814,VOLERY 8532201666FP,ACC#00001,-1179760.31,CR,2022-11-19,2022-11-20,BenchRec_cash_v1.0_train.csv,61241
32566B13MM,110624.3500,USD,2022-10-29T00:00:00Z,CREDIT,,"BenchRec production-derived, obfuscated source side B",267117244149,32566B13MM 9646066059VI,ACC#00001,110624.35,DR,2022-10-29,2022-10-30,BenchRec_cash_v1.0_train.csv,46609
VOLERY,30775726.5100,USD,2022-09-17T00:00:00Z,DEBIT,,"BenchRec production-derived, obfuscated source side B",268301041031,VOLERY 8195239666FP,ACC#00001,-30775726.51,CR,2022-09-17,2022-09-18,BenchRec_cash_v1.0_train.csv,8657
VOLERY,886643.9000,USD,2022-11-13T00:00:00Z,DEBIT,,"BenchRec production-derived, obfuscated source side B",269275081,VOLERY 8502373666FP,ACC#00001,-886643.90,CR,2022-11-13,2022-11-16,BenchRec_cash_v1.0_train.csv,57540
322756AL61891773,1752717.3700,USD,2022-11-17T00:00:00Z,DEBIT,,"BenchRec production-derived, obfuscated source side B",269359266861,322756AL61891773 2119966765VI,ACC#00001,-1752717.37,CR,2022-11-17,2022-11-18,BenchRec_cash_v1.0_train.csv,59251
322746AL68130631,69798.0000,USD,2022-12-17T00:00:00Z,DEBIT,,"BenchRec production-derived, obfuscated source side B",271205225727,322746AL68130631 0266066719VI,ACC#00001,-69798.00,CR,2022-12-17,2022-12-18,BenchRec_cash_v1.0_train.csv,83353
8J63649LV6864126,24231.0000,USD,2022-09-25T00:00:00Z,DEBIT,,"BenchRec production-derived, obfuscated source side B",273600416911,8J63649LV6864126 0069166034XD,ACC#00001,-24231.00,CR,2022-09-25,2022-09-27,BenchRec_cash_v1.0_train.csv,16585
AHT9126666741145,934.0000,USD,2022-10-08T00:00:00Z,DEBIT,,"BenchRec production-derived, obfuscated source side B",274888832288,AHT9126666741145 8875066049XD,ACC#00001,-934.00,CR,2022-10-08,2022-10-09,BenchRec_cash_v1.0_train.csv,30086
VOLERY,38594.8400,USD,2022-10-09T00:00:00Z,DEBIT,,"BenchRec production-derived, obfuscated source side B",275449222995,VOLERY 8343637666FP,ACC#00001,-38594.84,CR,2022-10-09,2022-10-10,BenchRec_cash_v1.0_train.csv,30969
VOLERY,949489.9400,USD,2022-10-07T00:00:00Z,DEBIT,,"BenchRec production-derived, obfuscated source side B",275760533037,VOLERY 8388273666FP,ACC#00001,-949489.94,CR,2022-10-07,2022-10-08,BenchRec_cash_v1.0_train.csv,28469
P682515647981263,1710042900.0000,USD,2022-09-18T00:00:00Z,CREDIT,,"BenchRec production-derived, obfuscated source side B",277198575080,P682515647981263 4246566089VI,ACC#00001,1710042900.00,DR,2022-09-18,2022-09-19,BenchRec_cash_v1.0_train.csv,10008
VOLERY,963221.6500,USD,2022-09-24T00:00:00Z,CREDIT,,"BenchRec production-derived, obfuscated source side B",277692716477,VOLERY 8831184666FP,ACC#00001,963221.65,DR,2022-09-24,2022-09-25,BenchRec_cash_v1.0_train.csv,15532
VOLERY,25948.6000,USD,2022-10-13T00:00:00Z,CREDIT,,"BenchRec production-derived, obfuscated source side B",283432633837,VOLERY 8358878666FP,ACC#00001,25948.60,DR,2022-10-13,2022-10-14,BenchRec_cash_v1.0_train.csv,34397
VOLERY,122755.5000,USD,2022-09-10T00:00:00Z,CREDIT,,"BenchRec production-derived, obfuscated source side B",283546198606,VOLERY 8132875666FP,ACC#00001,122755.50,DR,2022-09-10,2022-09-11,BenchRec_cash_v1.0_train.csv,2736
VOLERY,266775.7400,USD,2022-11-04T00:00:00Z,DEBIT,,"BenchRec production-derived, obfuscated source side B",283642466128,VOLERY 8282567666FP,ACC#00001,-266775.74,CR,2022-11-04,2022-11-05,BenchRec_cash_v1.0_train.csv,50678
VOLERY,30128.8300,USD,2022-09-16T00:00:00Z,CREDIT,,"BenchRec production-derived, obfuscated source side B",286026748623,VOLERY 8152935666FP,ACC#00001,30128.83,DR,2022-09-16,2022-09-17,BenchRec_cash_v1.0_train.csv,7318
322746AL68111062,32257.0000,USD,2022-10-29T00:00:00Z,DEBIT,,"BenchRec production-derived, obfuscated source side B",286313078640,322746AL68111062 9619166059VI,ACC#00001,-32257.00,CR,2022-10-29,2022-10-30,BenchRec_cash_v1.0_train.csv,46490
VOLERY,2233750.0000,USD,2022-10-06T00:00:00Z,CREDIT,,"BenchRec production-derived, obfuscated source side B",28632929212,VOLERY 8318730666FP,ACC#00001,2233750.00,DR,2022-10-06,2022-10-07,BenchRec_cash_v1.0_train.csv,27401
VOLERY,54462432.4500,USD,2022-12-30T00:00:00Z,DEBIT,,"BenchRec production-derived, obfuscated source side B",287462304267,VOLERY 3018729666FP,ACC#00001,-54462432.45,CR,2022-12-30,2022-12-31,BenchRec_cash_v1.0_train.csv,91959
32566ATTHA,286906.1200,USD,2022-10-15T00:00:00Z,CREDIT,,"BenchRec production-derived, obfuscated source side B",288089460111,32566ATTHA 6270766023VI,ACC#00001,286906.12,DR,2022-10-15,2022-10-16,BenchRec_cash_v1.0_train.csv,36109
VOLERY,20364421.6200,USD,2022-12-17T00:00:00Z,DEBIT,,"BenchRec production-derived, obfuscated source side B",288964705655,VOLERY 3634368666FP,ACC#00001,-20364421.62,CR,2022-12-17,2022-12-18,BenchRec_cash_v1.0_train.csv,82912
V609023360887227,469460.0000,USD,2022-11-05T00:00:00Z,DEBIT,,"BenchRec production-derived, obfuscated source side B",2901867264,V609023360887227 5934366092VI,ACC#00001,-469460.00,CR,2022-11-05,2022-11-06,BenchRec_cash_v1.0_train.csv,51955
VOLERY,14719503.0200,USD,2022-12-25T00:00:00Z,DEBIT,,"BenchRec production-derived, obfuscated source side B",290966832163,VOLERY 1731166782XD,ACC#00001,-14719503.02,CR,2022-12-25,2022-12-26,BenchRec_cash_v1.0_train.csv,89270
V173655367610937,3029200.0000,USD,2022-12-10T00:00:00Z,CREDIT,,"BenchRec production-derived, obfuscated source side B",291231858965,V173655367610937 1373466717VI,ACC#00001,3029200.00,DR,2022-12-10,2022-12-11,BenchRec_cash_v1.0_train.csv,78119
322746AL68166488,4430.0000,USD,2022-11-02T00:00:00Z,DEBIT,,"BenchRec production-derived, obfuscated source side B",291509105977,322746AL68166488 5892966098VI,ACC#00001,-4430.00,CR,2022-11-02,2022-11-03,BenchRec_cash_v1.0_train.csv,48873
VOLERY,19334000.0000,USD,2022-12-25T00:00:00Z,DEBIT,,"BenchRec production-derived, obfuscated source side B",291937353465,VOLERY 3003000666FP,ACC#00001,-19334000.00,CR,2022-12-25,2022-12-26,BenchRec_cash_v1.0_train.csv,88533
V734494460611471,3032483.2600,USD,2022-11-30T00:00:00Z,CREDIT,,"BenchRec production-derived, obfuscated source side B",292741424702,V734494460611471 1281466777VI,ACC#00001,3032483.26,DR,2022-11-30,2022-12-01,BenchRec_cash_v1.0_train.csv,69169
VOLERY,46863.1000,USD,2022-09-17T00:00:00Z,CREDIT,,"BenchRec production-derived, obfuscated source side B",293198125769,VOLERY 8195772666FP,ACC#00001,46863.10,DR,2022-09-17,2022-09-18,BenchRec_cash_v1.0_train.csv,9016
VOLERY,28628515.7200,USD,2022-12-23T00:00:00Z,CREDIT,,"BenchRec production-derived, obfuscated source side B",293389063683,VOLERY 3694404666FP,ACC#00001,28628515.72,DR,2022-12-23,2022-12-24,BenchRec_cash_v1.0_train.csv,87073
VOLERY,215428.4800,USD,2022-10-01T00:00:00Z,DEBIT,,"BenchRec production-derived, obfuscated source side B",294276175667,VOLERY 8368958666FP,ACC#00001,-215428.48,CR,2022-10-01,2022-10-02,BenchRec_cash_v1.0_train.csv,23528
V873486666111207,1884000.0000,USD,2022-12-24T00:00:00Z,CREDIT,,"BenchRec production-derived, obfuscated source side B",296446015373,V873486666111207 6292166784VI,ACC#00001,1884000.00,DR,2022-12-24,2022-12-25,BenchRec_cash_v1.0_train.csv,87731
VOLERY,43721453.6700,USD,2022-11-24T00:00:00Z,DEBIT,,"BenchRec production-derived, obfuscated source side B",29680291808,VOLERY 8559842666FP,ACC#00001,-43721453.67,CR,2022-11-24,2022-11-25,BenchRec_cash_v1.0_train.csv,64396
V031857861011782,4000000.0000,USD,2022-11-20T00:00:00Z,CREDIT,,"BenchRec production-derived, obfuscated source side B",29696519386,V031857861011782 6610666707VI,ACC#00001,4000000.00,DR,2022-11-20,2022-11-21,BenchRec_cash_v1.0_train.csv,62696
VOLERY,107653.0000,USD,2022-09-21T00:00:00Z,CREDIT,,"BenchRec production-derived, obfuscated source side B",297150741869,VOLERY 8876473666FP,ACC#00001,107653.00,DR,2022-09-21,2022-09-22,BenchRec_cash_v1.0_train.csv,11258
VOLERY,58675813.8700,USD,2022-10-02T00:00:00Z,DEBIT,,"BenchRec production-derived, obfuscated source side B",298952315871,VOLERY 8301201666FP,ACC#00001,-58675813.87,CR,2022-10-02,2022-10-03,BenchRec_cash_v1.0_train.csv,24566
322756AL61844927,438.4300,USD,2022-10-26T00:00:00Z,DEBIT,,"BenchRec production-derived, obfuscated source side B",299114869650,322756AL61844927 6490366052VI,ACC#00001,-438.43,CR,2022-10-26,2022-10-27,BenchRec_cash_v1.0_train.csv,44144
32566B30JY,177890.5300,USD,2022-11-03T00:00:00Z,CREDIT,,"BenchRec production-derived, obfuscated source side B",299190693874,32566B30JY 7067166093VI,ACC#00001,177890.53,DR,2022-11-03,2022-11-04,BenchRec_cash_v1.0_train.csv,49801
VOLERY,103698.3500,USD,2022-11-17T00:00:00Z,CREDIT,,"BenchRec production-derived, obfuscated source side B",299817452391,VOLERY 8512503666FP,ACC#00001,103698.35,DR,2022-11-17,2022-11-18,BenchRec_cash_v1.0_train.csv,59103
VOLERY,640769.9000,USD,2022-10-27T00:00:00Z,DEBIT,,"BenchRec production-derived, obfuscated source side B",300118662391,VOLERY 8429410666FP,ACC#00001,-640769.90,CR,2022-10-27,2022-10-28,BenchRec_cash_v1.0_train.csv,45017
VOLERY,114881.0300,USD,2022-09-28T00:00:00Z,DEBIT,,"BenchRec production-derived, obfuscated source side B",300680169560,VOLERY 8828737666FP,ACC#00001,-114881.03,CR,2022-09-28,2022-09-29,BenchRec_cash_v1.0_train.csv,18741
32566AMEMH,2506.2800,USD,2022-09-23T00:00:00Z,CREDIT,,"BenchRec production-derived, obfuscated source side B",301722871413,32566AMEMH 4215766031VI,ACC#00001,2506.28,DR,2022-09-23,2022-09-24,BenchRec_cash_v1.0_train.csv,14801
32566TKA86,28738.0000,USD,2022-11-23T00:00:00Z,CREDIT,,"BenchRec production-derived, obfuscated source side B",303139819644,32566TKA86 7952766707VI,ACC#00001,28738.00,DR,2022-11-23,2022-11-24,BenchRec_cash_v1.0_train.csv,64278
VOLERY,11890020.0000,USD,2022-10-05T00:00:00Z,CREDIT,,"BenchRec production-derived, obfuscated source side B",303978169720,VOLERY 8373749666FP,ACC#00001,11890020.00,DR,2022-10-05,2022-10-06,BenchRec_cash_v1.0_train.csv,25172
VOLERY,33493.9100,USD,2022-10-20T00:00:00Z,DEBIT,,"BenchRec production-derived, obfuscated source side B",305640869259,VOLERY 8412437666FP,ACC#00001,-33493.91,CR,2022-10-20,2022-10-21,BenchRec_cash_v1.0_train.csv,39470
VOLERY,21073008.1900,USD,2022-10-15T00:00:00Z,CREDIT,,"BenchRec production-derived, obfuscated source side B",306263616958,VOLERY 8464643666FP,ACC#00001,21073008.19,DR,2022-10-15,2022-10-16,BenchRec_cash_v1.0_train.csv,36743
V650277267817814,2813390.0000,USD,2022-11-13T00:00:00Z,CREDIT,,"BenchRec production-derived, obfuscated source side B",307893715588,V650277267817814 6907966763VI,ACC#00001,2813390.00,DR,2022-11-13,2022-11-16,BenchRec_cash_v1.0_train.csv,57683
322746AL68774498,32663.7900,USD,2022-10-12T00:00:00Z,DEBIT,,"BenchRec production-derived, obfuscated source side B",308171464976,322746AL68774498 5226666027VI,ACC#00001,-32663.79,CR,2022-10-12,2022-10-13,BenchRec_cash_v1.0_train.csv,32700
V892029766938905,400000.0000,USD,2022-12-31T00:00:00Z,DEBIT,,"BenchRec production-derived, obfuscated source side B",30838416237,V892029766938905 5115566731VI,ACC#00001,-400000.00,CR,2022-12-31,2023-01-01,BenchRec_cash_v1.0_train.csv,93563
VOLERY,46824.0800,USD,2022-10-01T00:00:00Z,DEBIT,,"BenchRec production-derived, obfuscated source side B",308454819389,VOLERY 8363646666FP,ACC#00001,-46824.08,CR,2022-10-01,2022-10-02,BenchRec_cash_v1.0_train.csv,22931
P660166550819252,118416050.0000,USD,2022-11-03T00:00:00Z,CREDIT,,"BenchRec production-derived, obfuscated source side B",309003369903,P660166550819252 0845566093VI,ACC#00001,118416050.00,DR,2022-11-03,2022-11-04,BenchRec_cash_v1.0_train.csv,50018
VOLERY,5485711.5100,USD,2022-11-30T00:00:00Z,DEBIT,,"BenchRec production-derived, obfuscated source side B",309644135750,VOLERY 1589066777VI,ACC#00001,-5485711.51,CR,2022-11-30,2022-12-01,BenchRec_cash_v1.0_train.csv,68522
37266GS3IA,2954.8300,USD,2022-10-12T00:00:00Z,CREDIT,,"BenchRec production-derived, obfuscated source side B",313377078834,37266GS3IA 6513666021VI,ACC#00001,2954.83,DR,2022-10-12,2022-10-13,BenchRec_cash_v1.0_train.csv,33179
VOLERY,11593523.1200,USD,2022-10-26T00:00:00Z,DEBIT,,"BenchRec production-derived, obfuscated source side B",314514779201,VOLERY 8445528666FP,ACC#00001,-11593523.12,CR,2022-10-26,2022-10-27,BenchRec_cash_v1.0_train.csv,44012
VOLERY,2693212.0000,USD,2022-12-23T00:00:00Z,CREDIT,,"BenchRec production-derived, obfuscated source side B",31470544915,VOLERY 3694444666FP,ACC#00001,2693212.00,DR,2022-12-23,2022-12-24,BenchRec_cash_v1.0_train.csv,86510
VOLERY,4184295.8400,USD,2022-12-02T00:00:00Z,CREDIT,,"BenchRec production-derived, obfuscated source side B",316492078473,VOLERY 8985617666FP,ACC#00001,4184295.84,DR,2022-12-02,2022-12-03,BenchRec_cash_v1.0_train.csv,71328
VOLERY,4638277.9000,USD,2022-10-20T00:00:00Z,CREDIT,,"BenchRec production-derived, obfuscated source side B",316598171537,VOLERY 8414943666FP,ACC#00001,4638277.90,DR,2022-10-20,2022-10-21,BenchRec_cash_v1.0_train.csv,39394
VOLERY,1525627.3800,USD,2022-11-11T00:00:00Z,DEBIT,,"BenchRec production-derived, obfuscated source side B",316646237018,VOLERY 8292586666FP,ACC#00001,-1525627.38,CR,2022-11-11,2022-11-12,BenchRec_cash_v1.0_train.csv,55205
32566TA2ML,2359.9000,USD,2022-12-24T00:00:00Z,CREDIT,,"BenchRec production-derived, obfuscated source side B",317244076672,32566TA2ML 9812366783VI,ACC#00001,2359.90,DR,2022-12-24,2022-12-25,BenchRec_cash_v1.0_train.csv,88396
VOLERY,359000.0000,USD,2022-11-04T00:00:00Z,DEBIT,,"BenchRec production-derived, obfuscated source side B",317804899493,VOLERY 7817266094MT,ACC#00001,-359000.00,CR,2022-11-04,2022-11-05,BenchRec_cash_v1.0_train.csv,51638
VOLERY,122869.9400,USD,2022-10-16T00:00:00Z,CREDIT,,"BenchRec production-derived, obfuscated source side B",318422970298,VOLERY 8403323666FP,ACC#00001,122869.94,DR,2022-10-16,2022-10-17,BenchRec_cash_v1.0_train.csv,37801
VOLERY,338081.6600,USD,2022-11-24T00:00:00Z,CREDIT,,"BenchRec production-derived, obfuscated source side B",318546918141,VOLERY 8555933666FP,ACC#00001,338081.66,DR,2022-11-24,2022-11-25,BenchRec_cash_v1.0_train.csv,64623
DD69647966143588,15907.0800,USD,2022-10-20T00:00:00Z,DEBIT,,"BenchRec production-derived, obfuscated source side B",318987305606,DD69647966143588 8788566050XD,ACC#00001,-15907.08,CR,2022-10-20,2022-10-21,BenchRec_cash_v1.0_train.csv,40285
V328893316117698,235695.7000,USD,2022-10-23T00:00:00Z,CREDIT,,"BenchRec production-derived, obfuscated source side B",321576109794,V328893316117698 4898666058VI,ACC#00001,235695.70,DR,2022-10-23,2022-10-24,BenchRec_cash_v1.0_train.csv,42520
VOLERY,182366.8100,USD,2022-10-20T00:00:00Z,DEBIT,,"BenchRec production-derived, obfuscated source side B",322326414267,VOLERY 8412448666FP,ACC#00001,-182366.81,CR,2022-10-20,2022-10-21,BenchRec_cash_v1.0_train.csv,39469
VOLERY,3985682.1000,USD,2022-10-09T00:00:00Z,CREDIT,,"BenchRec production-derived, obfuscated source side B",322732969617,VOLERY 8343565666FP,ACC#00001,3985682.10,DR,2022-10-09,2022-10-10,BenchRec_cash_v1.0_train.csv,30753
VOLERY,235651.1600,USD,2022-11-02T00:00:00Z,CREDIT,,"BenchRec production-derived, obfuscated source side B",323224481229,VOLERY 8273526666FP,ACC#00001,235651.16,DR,2022-11-02,2022-11-03,BenchRec_cash_v1.0_train.csv,48718
322746AL68104330,25205.9700,USD,2022-09-10T00:00:00Z,DEBIT,,"BenchRec production-derived, obfuscated source side B",323745946270,322746AL68104330 1286466086VI,ACC#00001,-25205.97,CR,2022-09-10,2022-09-11,BenchRec_cash_v1.0_train.csv,3494
VOLERY,2240910.9000,USD,2022-10-15T00:00:00Z,CREDIT,,"BenchRec production-derived, obfuscated source side B",323971430716,VOLERY 8464000666FP,ACC#00001,2240910.90,DR,2022-10-15,2022-10-16,BenchRec_cash_v1.0_train.csv,36285
VOLERY,2446063.0000,USD,2022-11-17T00:00:00Z,DEBIT,,"BenchRec production-derived, obfuscated source side B",32450517943,VOLERY 8515092666FP,ACC#00001,-2446063.00,CR,2022-11-17,2022-11-18,BenchRec_cash_v1.0_train.csv,59531
VOLERY,28638700.0000,USD,2022-09-16T00:00:00Z,DEBIT,,"BenchRec production-derived, obfuscated source side B",325375344906,VOLERY 8155874666FP,ACC#00001,-28638700.00,CR,2022-09-16,2022-09-17,BenchRec_cash_v1.0_train.csv,7958
VOLERY,918900.0000,USD,2022-09-29T00:00:00Z,DEBIT,,"BenchRec production-derived, obfuscated source side B",325735288343,VOLERY 8858710666FP,ACC#00001,-918900.00,CR,2022-09-29,2022-09-30,BenchRec_cash_v1.0_train.csv,19712
IYO9126666743531,107956139.0000,USD,2022-10-15T00:00:00Z,CREDIT,,"BenchRec production-derived, obfuscated source side B",325778969288,IYO9126666743531 1965266024VI,ACC#00001,107956139.00,DR,2022-10-15,2022-10-16,BenchRec_cash_v1.0_train.csv,35859
VOLERY,49082510.7100,USD,2022-10-12T00:00:00Z,DEBIT,,"BenchRec production-derived, obfuscated source side B",326664699724,VOLERY 8323005666FP,ACC#00001,-49082510.71,CR,2022-10-12,2022-10-13,BenchRec_cash_v1.0_train.csv,31830
OL07689,796.8000,USD,2022-11-04T00:00:00Z,CREDIT,,"BenchRec production-derived, obfuscated source side B",328949648737,OL07689 3741966094VI,ACC#00001,796.80,DR,2022-11-04,2022-11-05,BenchRec_cash_v1.0_train.csv,50618
VOLERY,2736455.4700,USD,2022-11-02T00:00:00Z,DEBIT,,"BenchRec production-derived, obfuscated source side B",32944213002,VOLERY 8274632666FP,ACC#00001,-2736455.47,CR,2022-11-02,2022-11-03,BenchRec_cash_v1.0_train.csv,48682
32566TKFBH,2339.2000,USD,2022-11-23T00:00:00Z,CREDIT,,"BenchRec production-derived, obfuscated source side B",330267095601,32566TKFBH 7950766707VI,ACC#00001,2339.20,DR,2022-11-23,2022-11-24,BenchRec_cash_v1.0_train.csv,64034
322746AL68774959,3348263.0500,USD,2022-12-17T00:00:00Z,DEBIT,,"BenchRec production-derived, obfuscated source side B",330402068477,322746AL68774959 6395966715VI,ACC#00001,-3348263.05,CR,2022-12-17,2022-12-18,BenchRec_cash_v1.0_train.csv,82815
32566AHM2X,42684.7100,USD,2022-09-30T00:00:00Z,CREDIT,,"BenchRec production-derived, obfuscated source side B",332578592800,32566AHM2X 4525466040VI,ACC#00001,42684.71,DR,2022-09-30,2022-10-01,BenchRec_cash_v1.0_train.csv,21590
VOLERY,2031837.4000,USD,2022-12-30T00:00:00Z,DEBIT,,"BenchRec production-derived, obfuscated source side B",333642640040,VOLERY 3018132666FP,ACC#00001,-2031837.40,CR,2022-12-30,2022-12-31,BenchRec_cash_v1.0_train.csv,91043
V321669266847769,458528.2400,USD,2022-09-29T00:00:00Z,DEBIT,,"BenchRec production-derived, obfuscated source side B",333781932641,V321669266847769 1101166046VI,ACC#00001,-458528.24,CR,2022-09-29,2022-09-30,BenchRec_cash_v1.0_train.csv,19797
VOLERY,4495402.1700,USD,2022-11-30T00:00:00Z,DEBIT,,"BenchRec production-derived, obfuscated source side B",335998543481,VOLERY 8975683666FP,ACC#00001,-4495402.17,CR,2022-11-30,2022-12-01,BenchRec_cash_v1.0_train.csv,68321
32566PI55V,2032430.0000,USD,2022-12-16T00:00:00Z,CREDIT,,"BenchRec production-derived, obfuscated source side B",338446731188,32566PI55V 2278866715VI,ACC#00001,2032430.00,DR,2022-12-16,2022-12-17,BenchRec_cash_v1.0_train.csv,81141
VOLERY,84289.6900,USD,2022-09-28T00:00:00Z,CREDIT,,"BenchRec production-derived, obfuscated source side B",338478486593,VOLERY 8827097666FP,ACC#00001,84289.69,DR,2022-09-28,2022-09-29,BenchRec_cash_v1.0_train.csv,19168
VOLERY,224650.0600,USD,2022-12-17T00:00:00Z,CREDIT,,"BenchRec production-derived, obfuscated source side B",338511017940,VOLERY 3633913666FP,ACC#00001,224650.06,DR,2022-12-17,2022-12-18,BenchRec_cash_v1.0_train.csv,82319
VQY666675763,727774.3300,USD,2022-10-12T00:00:00Z,DEBIT,,"BenchRec production-derived, obfuscated source side B",338806065622,VQY666675763 3834366021XD,ACC#00001,-727774.33,CR,2022-10-12,2022-10-13,BenchRec_cash_v1.0_train.csv,46283
VOLERY,10691.4800,USD,2022-09-15T00:00:00Z,CREDIT,,"BenchRec production-derived, obfuscated source side B",339543832989,VOLERY 8122235666FP,ACC#00001,10691.48,DR,2022-09-15,2022-09-16,BenchRec_cash_v1.0_train.csv,5867
VOLERY,312811.0000,USD,2022-12-25T00:00:00Z,CREDIT,,"BenchRec production-derived, obfuscated source side B",34040761909,VOLERY 3008353666FP,ACC#00001,312811.00,DR,2022-12-25,2022-12-26,BenchRec_cash_v1.0_train.csv,89044
VOLERY,94952.9000,USD,2022-10-27T00:00:00Z,DEBIT,,"BenchRec production-derived, obfuscated source side B",344806179067,VOLERY 8429466666FP,ACC#00001,-94952.90,CR,2022-10-27,2022-10-28,BenchRec_cash_v1.0_train.csv,44994
VOLERY,8429259.5600,USD,2022-09-11T00:00:00Z,CREDIT,,"BenchRec production-derived, obfuscated source side B",34525192570,VOLERY 8145401666FP,ACC#00001,8429259.56,DR,2022-09-11,2022-09-12,BenchRec_cash_v1.0_train.csv,5101
VOLERY,4409043.0400,USD,2022-10-01T00:00:00Z,CREDIT,,"BenchRec production-derived, obfuscated source side B",345687858309,VOLERY 8368469666FP,ACC#00001,4409043.04,DR,2022-10-01,2022-10-02,BenchRec_cash_v1.0_train.csv,22790
AHT9126666744982,9410.0000,USD,2022-10-20T00:00:00Z,DEBIT,,"BenchRec production-derived, obfuscated source side B",347359355317,AHT9126666744982 3546166050XD,ACC#00001,-9410.00,CR,2022-10-20,2022-10-21,BenchRec_cash_v1.0_train.csv,39301
VOLERY,118159.3000,USD,2022-09-24T00:00:00Z,DEBIT,,"BenchRec production-derived, obfuscated source side B",34829133689,VOLERY 8831253666FP,ACC#00001,-118159.30,CR,2022-09-24,2022-09-25,BenchRec_cash_v1.0_train.csv,15195
V402615266911484,218140.9000,USD,2022-10-05T00:00:00Z,DEBIT,,"BenchRec production-derived, obfuscated source side B",349412184412,V402615266911484 9679766044VI,ACC#00001,-218140.90,CR,2022-10-05,2022-10-06,BenchRec_cash_v1.0_train.csv,26076
JOE696272-666674,4106655.6400,USD,2022-11-13T00:00:00Z,CREDIT,,"BenchRec production-derived, obfuscated source side B",349821545797,JOE696272-666674 L-8695566765LL,ACC#00001,4106655.64,DR,2022-11-13,2022-11-17,BenchRec_cash_v1.0_train.csv,58352
07166TTKUJ,3608.9700,USD,2022-12-29T00:00:00Z,CREDIT,,"BenchRec production-derived, obfuscated source side B",34987348081,07166TTKUJ 4292966782VI,ACC#00001,3608.97,DR,2022-12-29,2022-12-30,BenchRec_cash_v1.0_train.csv,89841
VOLERY,1276800.0000,USD,2022-09-18T00:00:00Z,CREDIT,,"BenchRec production-derived, obfuscated source side B",350007861613,VOLERY 8806834666FP,ACC#00001,1276800.00,DR,2022-09-18,2022-09-19,BenchRec_cash_v1.0_train.csv,10390
HM0860809H661,1410000.0000,USD,2022-11-26T00:00:00Z,DEBIT,,"BenchRec production-derived, obfuscated source side B",350028942810,HM0860809H661 5628466705MT,ACC#00001,-1410000.00,CR,2022-11-26,2022-11-27,BenchRec_cash_v1.0_train.csv,66534
VOLERY,26851016.7000,USD,2022-12-10T00:00:00Z,DEBIT,,"BenchRec production-derived, obfuscated source side B",350440328630,VOLERY 3662202666FP,ACC#00001,-26851016.70,CR,2022-12-10,2022-12-11,BenchRec_cash_v1.0_train.csv,77888
VOLERY,32859710.0000,USD,2022-09-15T00:00:00Z,DEBIT,,"BenchRec production-derived, obfuscated source side B",351065263507,VOLERY 8125336666FP,ACC#00001,-32859710.00,CR,2022-09-15,2022-09-16,BenchRec_cash_v1.0_train.csv,6784
VOLERY,23629425.9000,USD,2022-10-20T00:00:00Z,CREDIT,,"BenchRec production-derived, obfuscated source side B",351602136480,VOLERY 8414953666FP,ACC#00001,23629425.90,DR,2022-10-20,2022-10-21,BenchRec_cash_v1.0_train.csv,39893
V864788167410364,13323495.6800,USD,2022-09-15T00:00:00Z,CREDIT,,"BenchRec production-derived, obfuscated source side B",352210728215,V864788167410364 1415266084VI,ACC#00001,13323495.68,DR,2022-09-15,2022-09-16,BenchRec_cash_v1.0_train.csv,6437
V831080366079901,11714029.6000,USD,2022-09-21T00:00:00Z,CREDIT,,"BenchRec production-derived, obfuscated source side B",353231997402,V831080366079901 6141766037VI,ACC#00001,11714029.60,DR,2022-09-21,2022-09-22,BenchRec_cash_v1.0_train.csv,11991
VIP9126666724467,737441.8800,USD,2022-11-20T00:00:00Z,CREDIT,,"BenchRec production-derived, obfuscated source side B",353501926529,VIP9126666724467 0845866707VI,ACC#00001,737441.88,DR,2022-11-20,2022-11-21,BenchRec_cash_v1.0_train.csv,62586
VOLERY,3037096.7300,USD,2022-10-27T00:00:00Z,CREDIT,,"BenchRec production-derived, obfuscated source side B",354780647479,VOLERY 8429785666FP,ACC#00001,3037096.73,DR,2022-10-27,2022-10-28,BenchRec_cash_v1.0_train.csv,44805
ICHTHYIZATION,17667000.0000,USD,2022-12-25T00:00:00Z,DEBIT,,"BenchRec production-derived, obfuscated source side B",355477018613,ICHTHYIZATION 3260466782XD,ACC#00001,-17667000.00,CR,2022-12-25,2022-12-26,BenchRec_cash_v1.0_train.csv,88958
VOLERY,46715.0000,USD,2022-11-10T00:00:00Z,CREDIT,,"BenchRec production-derived, obfuscated source side B",356788777481,VOLERY 8252866666FP,ACC#00001,46715.00,DR,2022-11-10,2022-11-11,BenchRec_cash_v1.0_train.csv,54746
VOLERY,1617419.6100,USD,2022-10-05T00:00:00Z,DEBIT,,"BenchRec production-derived, obfuscated source side B",357995387875,VOLERY 8373258666FP,ACC#00001,-1617419.61,CR,2022-10-05,2022-10-06,BenchRec_cash_v1.0_train.csv,25651
VOLERY,5559.4900,USD,2022-11-30T00:00:00Z,CREDIT,,"BenchRec production-derived, obfuscated source side B",35862464992,VOLERY 8972457666FP,ACC#00001,5559.49,DR,2022-11-30,2022-12-01,BenchRec_cash_v1.0_train.csv,68976
VOLERY,17035022.5300,USD,2022-11-13T00:00:00Z,DEBIT,,"BenchRec production-derived, obfuscated source side B",359381298170,VOLERY 8502316666FP,ACC#00001,-17035022.53,CR,2022-11-13,2022-11-16,BenchRec_cash_v1.0_train.csv,56989
322756AL61150790,119.9200,USD,2022-12-30T00:00:00Z,DEBIT,,"BenchRec production-derived, obfuscated source side B",359840293926,322756AL61150790 8333266737VI,ACC#00001,-119.92,CR,2022-12-30,2022-12-31,BenchRec_cash_v1.0_train.csv,91885
T313085767896660,1400000.0000,USD,2022-09-18T00:00:00Z,CREDIT,,"BenchRec production-derived, obfuscated source side B",360863610230,T313085767896660 0685767896,ACC#00001,1400000.00,DR,2022-09-18,2022-09-19,BenchRec_cash_v1.0_train.csv,9754
VOLERY,104.0000,USD,2022-11-16T00:00:00Z,CREDIT,,"BenchRec production-derived, obfuscated source side B",363087069892,VOLERY 8572060666FP,ACC#00001,104.00,DR,2022-11-16,2022-11-17,BenchRec_cash_v1.0_train.csv,57772
URBD-2I1HX5,1694000.0000,USD,2022-10-06T00:00:00Z,CREDIT,,"BenchRec production-derived, obfuscated source side B",365238622701,URBD-2I1HX5 8801566042VI,ACC#00001,1694000.00,DR,2022-10-06,2022-10-07,BenchRec_cash_v1.0_train.csv,27484
RM138156,16817.5400,USD,2022-11-06T00:00:00Z,DEBIT,,"BenchRec production-derived, obfuscated source side B",365979385593,RM138156 1228666095VI,ACC#00001,-16817.54,CR,2022-11-06,2022-11-07,BenchRec_cash_v1.0_train.csv,52140
V192133261016282,1000000.0000,USD,2022-12-21T00:00:00Z,CREDIT,,"BenchRec production-derived, obfuscated source side B",366930336851,V192133261016282 9146066781VI,ACC#00001,1000000.00,DR,2022-12-21,2022-12-22,BenchRec_cash_v1.0_train.csv,84562
779746BW68770540,3406.2800,USD,2022-09-16T00:00:00Z,DEBIT,,"BenchRec production-derived, obfuscated source side B",367375764520,779746BW68770540 L-4366266084VI,ACC#00001,-3406.28,CR,2022-09-16,2022-09-17,BenchRec_cash_v1.0_train.csv,7475
AHT9126666741471,7502175.8200,USD,2022-10-09T00:00:00Z,CREDIT,,"BenchRec production-derived, obfuscated source side B",367712886353,AHT9126666741471 7335566049VI,ACC#00001,7502175.82,DR,2022-10-09,2022-10-10,BenchRec_cash_v1.0_train.csv,30917
CORN-2PROB9,1000000.0000,USD,2022-11-23T00:00:00Z,CREDIT,,"BenchRec production-derived, obfuscated source side B",369188973020,CORN-2PROB9 4745766703VI,ACC#00001,1000000.00,DR,2022-11-23,2022-11-24,BenchRec_cash_v1.0_train.csv,63763
VOLERY,76460.6600,USD,2022-10-09T00:00:00Z,CREDIT,,"BenchRec production-derived, obfuscated source side B",371235943269,VOLERY 8348436666FP,ACC#00001,76460.66,DR,2022-10-09,2022-10-10,BenchRec_cash_v1.0_train.csv,30515
VOLERY,296339.2100,USD,2022-10-30T00:00:00Z,CREDIT,,"BenchRec production-derived, obfuscated source side B",371529976477,VOLERY 8265705666FP,ACC#00001,296339.21,DR,2022-10-30,2022-10-31,BenchRec_cash_v1.0_train.csv,48174
INTERNIDAL,32959835.8800,USD,2022-11-19T00:00:00Z,DEBIT,,"BenchRec production-derived, obfuscated source side B",372115867422,INTERNIDAL 3979866700VI,ACC#00001,-32959835.88,CR,2022-11-19,2022-11-20,BenchRec_cash_v1.0_train.csv,62279
183746AL68107816,32.7400,USD,2022-10-07T00:00:00Z,DEBIT,,"BenchRec production-derived, obfuscated source side B",373331803141,183746AL68107816 5711566045VI,ACC#00001,-32.74,CR,2022-10-07,2022-10-08,BenchRec_cash_v1.0_train.csv,28033
VOLERY,452806.0000,USD,2022-11-23T00:00:00Z,DEBIT,,"BenchRec production-derived, obfuscated source side B",374275154492,VOLERY 8550006666FP,ACC#00001,-452806.00,CR,2022-11-23,2022-11-24,BenchRec_cash_v1.0_train.csv,63705
ALME111987JOQG7U,2200000.0000,USD,2022-09-21T00:00:00Z,DEBIT,,"BenchRec production-derived, obfuscated source side B",374788977488,ALME111987JOQG7U 0626338036,ACC#00001,-2200000.00,CR,2022-09-21,2022-09-22,BenchRec_cash_v1.0_train.csv,11335
VOLERY,20692.3000,USD,2022-09-28T00:00:00Z,DEBIT,,"BenchRec production-derived, obfuscated source side B",37518621343,VOLERY 8828728666FP,ACC#00001,-20692.30,CR,2022-09-28,2022-09-29,BenchRec_cash_v1.0_train.csv,18477
VOLERY,485938.0000,USD,2022-10-06T00:00:00Z,DEBIT,,"BenchRec production-derived, obfuscated source side B",375240990986,VOLERY 8313555666FP,ACC#00001,-485938.00,CR,2022-10-06,2022-10-07,BenchRec_cash_v1.0_train.csv,26920
V332672566816744,33317506.9600,USD,2022-09-24T00:00:00Z,CREDIT,,"BenchRec production-derived, obfuscated source side B",376048711139,V332672566816744 7695466033VI,ACC#00001,33317506.96,DR,2022-09-24,2022-09-25,BenchRec_cash_v1.0_train.csv,15471
RM116952-767-660,2966.0000,USD,2022-12-17T00:00:00Z,CREDIT,,"BenchRec production-derived, obfuscated source side B",376628228428,RM116952-767-660 7381166719VI,ACC#00001,2966.00,DR,2022-12-17,2022-12-18,BenchRec_cash_v1.0_train.csv,82508
VOLERY,20976000.0000,USD,2022-11-05T00:00:00Z,CREDIT,,"BenchRec production-derived, obfuscated source side B",376953915762,VOLERY 8235100666FP,ACC#00001,20976000.00,DR,2022-11-05,2022-11-06,BenchRec_cash_v1.0_train.csv,51724
VOLERY,79402.4400,USD,2022-11-02T00:00:00Z,CREDIT,,"BenchRec production-derived, obfuscated source side B",377144203086,VOLERY 8273910666FP,ACC#00001,79402.44,DR,2022-11-02,2022-11-03,BenchRec_cash_v1.0_train.csv,48261
VOLERY,31191400.0000,USD,2022-09-21T00:00:00Z,CREDIT,,"BenchRec production-derived, obfuscated source side B",37717821440,VOLERY 8877468666FP,ACC#00001,31191400.00,DR,2022-09-21,2022-09-22,BenchRec_cash_v1.0_train.csv,10969
V930669166446070,847794.7600,USD,2022-10-28T00:00:00Z,DEBIT,,"BenchRec production-derived, obfuscated source side B",378067791866,V930669166446070 4935366059VI,ACC#00001,-847794.76,CR,2022-10-28,2022-10-29,BenchRec_cash_v1.0_train.csv,45602
VOLERY,439600.0000,USD,2022-11-23T00:00:00Z,DEBIT,,"BenchRec production-derived, obfuscated source side B",378115116598,VOLERY L-6590266704HQ,ACC#00001,-439600.00,CR,2022-11-23,2022-11-25,BenchRec_cash_v1.0_train.csv,64833
VOLERY,20240200.0000,USD,2022-10-16T00:00:00Z,CREDIT,,"BenchRec production-derived, obfuscated source side B",378767412867,VOLERY 8404286666FP,ACC#00001,20240200.00,DR,2022-10-16,2022-10-17,BenchRec_cash_v1.0_train.csv,37361
322746AL68791303,67.7500,USD,2022-09-15T00:00:00Z,DEBIT,,"BenchRec production-derived, obfuscated source side B",379140113182,322746AL68791303 6218366087VI,ACC#00001,-67.75,CR,2022-09-15,2022-09-16,BenchRec_cash_v1.0_train.csv,6145
32566TLLDV,587481.1000,USD,2022-11-25T00:00:00Z,CREDIT,,"BenchRec production-derived, obfuscated source side B",381742847987,32566TLLDV 8604266702VI,ACC#00001,587481.10,DR,2022-11-25,2022-11-26,BenchRec_cash_v1.0_train.csv,65743
VOLERY,259900.0000,USD,2022-11-04T00:00:00Z,CREDIT,,"BenchRec production-derived, obfuscated source side B",381772386905,VOLERY 8283512666FP,ACC#00001,259900.00,DR,2022-11-04,2022-11-05,BenchRec_cash_v1.0_train.csv,50921
VOLERY,238757.4900,USD,2022-11-16T00:00:00Z,CREDIT,,"BenchRec production-derived, obfuscated source side B",385007936037,VOLERY 8572659666FP,ACC#00001,238757.49,DR,2022-11-16,2022-11-17,BenchRec_cash_v1.0_train.csv,58239
VOLERY,11597636.8600,USD,2022-10-16T00:00:00Z,CREDIT,,"BenchRec production-derived, obfuscated source side B",385588826650,VOLERY 8404237666FP,ACC#00001,11597636.86,DR,2022-10-16,2022-10-17,BenchRec_cash_v1.0_train.csv,37842
VOLERY,280938.2000,USD,2022-11-19T00:00:00Z,CREDIT,,"BenchRec production-derived, obfuscated source side B",386593513923,VOLERY 8532753666FP,ACC#00001,280938.20,DR,2022-11-19,2022-11-20,BenchRec_cash_v1.0_train.csv,61018
VOLERY,46431600.2300,USD,2022-12-24T00:00:00Z,CREDIT,,"BenchRec production-derived, obfuscated source side B",386657578375,VOLERY 3064850666FP,ACC#00001,46431600.23,DR,2022-12-24,2022-12-25,BenchRec_cash_v1.0_train.csv,87924
VOLERY,15841.2000,USD,2022-12-08T00:00:00Z,DEBIT,,"BenchRec production-derived, obfuscated source side B",386747600158,VOLERY 8959619666FP,ACC#00001,-15841.20,CR,2022-12-08,2022-12-09,BenchRec_cash_v1.0_train.csv,75226
VOLERY,18184500.0000,USD,2022-11-25T00:00:00Z,CREDIT,,"BenchRec production-derived, obfuscated source side B",387369551353,VOLERY 8599959666FP,ACC#00001,18184500.00,DR,2022-11-25,2022-11-26,BenchRec_cash_v1.0_train.csv,65640
IYO9126666745850,31939694.3300,USD,2022-10-23T00:00:00Z,CREDIT,,"BenchRec production-derived, obfuscated source side B",387503971001,IYO9126666745850 2390466058VI,ACC#00001,31939694.33,DR,2022-10-23,2022-10-24,BenchRec_cash_v1.0_train.csv,42535
VOLERY,50598353.1600,USD,2022-11-27T00:00:00Z,CREDIT,,"BenchRec production-derived, obfuscated source side B",389309553362,VOLERY 8909778666FP,ACC#00001,50598353.16,DR,2022-11-27,2022-11-28,BenchRec_cash_v1.0_train.csv,67903
AHT9126666723049,36190617.0000,USD,2022-11-17T00:00:00Z,CREDIT,,"BenchRec production-derived, obfuscated source side B",38934033393,AHT9126666723049 9264566769VI,ACC#00001,36190617.00,DR,2022-11-17,2022-11-18,BenchRec_cash_v1.0_train.csv,58873
VOLERY,93528.0000,USD,2022-11-02T00:00:00Z,CREDIT,,"BenchRec production-derived, obfuscated source side B",391197407224,VOLERY 8273527666FP,ACC#00001,93528.00,DR,2022-11-02,2022-11-03,BenchRec_cash_v1.0_train.csv,48961
VOLERY,221236.0800,USD,2022-12-10T00:00:00Z,DEBIT,,"BenchRec production-derived, obfuscated source side B",391207867673,VOLERY 3669746666FP,ACC#00001,-221236.08,CR,2022-12-10,2022-12-11,BenchRec_cash_v1.0_train.csv,77066
VOLERY,486974.1200,USD,2022-12-03T00:00:00Z,CREDIT,,"BenchRec production-derived, obfuscated source side B",391693539214,VOLERY 8934783666FP,ACC#00001,486974.12,DR,2022-12-03,2022-12-04,BenchRec_cash_v1.0_train.csv,71709
VOLERY,4500000.0000,USD,2022-10-06T00:00:00Z,CREDIT,,"BenchRec production-derived, obfuscated source side B",391855532089,VOLERY 8313345666FP,ACC#00001,4500000.00,DR,2022-10-06,2022-10-07,BenchRec_cash_v1.0_train.csv,26525
V195725761016282,2683840.0000,USD,2022-12-21T00:00:00Z,CREDIT,,"BenchRec production-derived, obfuscated source side B",394421542266,V195725761016282 9147066781VI,ACC#00001,2683840.00,DR,2022-12-21,2022-12-22,BenchRec_cash_v1.0_train.csv,84697
AHT9126666750198,344000.0000,USD,2022-12-08T00:00:00Z,DEBIT,,"BenchRec production-derived, obfuscated source side B",394782860396,AHT9126666750198 8057866716XD,ACC#00001,-344000.00,CR,2022-12-08,2022-12-09,BenchRec_cash_v1.0_train.csv,75164
V322163887810389,1100903.6000,USD,2022-12-14T00:00:00Z,CREDIT,,"BenchRec production-derived, obfuscated source side B",395280923256,V322163887810389 6497066714VI,ACC#00001,1100903.60,DR,2022-12-14,2022-12-15,BenchRec_cash_v1.0_train.csv,80170
VOLERY,611503.5000,USD,2022-09-30T00:00:00Z,DEBIT,,"BenchRec production-derived, obfuscated source side B",395817524780,VOLERY 8898231666FP,ACC#00001,-611503.50,CR,2022-09-30,2022-10-01,BenchRec_cash_v1.0_train.csv,22041
VOLERY,50644734.4900,USD,2022-10-16T00:00:00Z,CREDIT,,"BenchRec production-derived, obfuscated source side B",399614676958,VOLERY 8404210666FP,ACC#00001,50644734.49,DR,2022-10-16,2022-10-17,BenchRec_cash_v1.0_train.csv,37363
183746AL68749387,8405.9000,USD,2022-09-22T00:00:00Z,DEBIT,,"BenchRec production-derived, obfuscated source side B",401684353444,183746AL68749387 8191666031VI,ACC#00001,-8405.90,CR,2022-09-22,2022-09-23,BenchRec_cash_v1.0_train.csv,12905
VOLERY,30073386.3700,USD,2022-10-27T00:00:00Z,CREDIT,,"BenchRec production-derived, obfuscated source side B",402580259637,VOLERY 8429757666FP,ACC#00001,30073386.37,DR,2022-10-27,2022-10-28,BenchRec_cash_v1.0_train.csv,44297
32566AKUG3,139242.2500,USD,2022-09-21T00:00:00Z,CREDIT,,"BenchRec production-derived, obfuscated source side B",404406372784,32566AKUG3 0053566037VI,ACC#00001,139242.25,DR,2022-09-21,2022-09-22,BenchRec_cash_v1.0_train.csv,11620
VOLERY,90486.0300,USD,2022-10-15T00:00:00Z,DEBIT,,"BenchRec production-derived, obfuscated source side B",404972406833,VOLERY 8464338666FP,ACC#00001,-90486.03,CR,2022-10-15,2022-10-16,BenchRec_cash_v1.0_train.csv,35778
VOLERY,464659.5000,USD,2022-09-30T00:00:00Z,DEBIT,,"BenchRec production-derived, obfuscated source side B",409069223466,VOLERY 8898227666FP,ACC#00001,-464659.50,CR,2022-09-30,2022-10-01,BenchRec_cash_v1.0_train.csv,21474
VOLERY,49032243.5700,USD,2022-11-25T00:00:00Z,DEBIT,,"BenchRec production-derived, obfuscated source side B",41126126831,VOLERY 8599672666FP,ACC#00001,-49032243.57,CR,2022-11-25,2022-11-26,BenchRec_cash_v1.0_train.csv,65805
32566TEEBH,1217.6300,USD,2022-12-04T00:00:00Z,CREDIT,,"BenchRec production-derived, obfuscated source side B",412006931697,32566TEEBH 9641866774VI,ACC#00001,1217.63,DR,2022-12-04,2022-12-05,BenchRec_cash_v1.0_train.csv,73152
VOLERY,1276800.0000,USD,2022-09-16T00:00:00Z,CREDIT,,"BenchRec production-derived, obfuscated source side B",415160204494,VOLERY 8159733666FP,ACC#00001,1276800.00,DR,2022-09-16,2022-09-17,BenchRec_cash_v1.0_train.csv,8518
VOLERY,174164.0000,USD,2022-11-19T00:00:00Z,DEBIT,,"BenchRec production-derived, obfuscated source side B",417056647586,VOLERY 8539713666FP,ACC#00001,-174164.00,CR,2022-11-19,2022-11-20,BenchRec_cash_v1.0_train.csv,61398
32566TRPUF,52120.6500,USD,2022-12-31T00:00:00Z,CREDIT,,"BenchRec production-derived, obfuscated source side B",417405442675,32566TRPUF 4361266737VI,ACC#00001,52120.65,DR,2022-12-31,2023-01-01,BenchRec_cash_v1.0_train.csv,93176
INTERNIDAL,559938105.0000,USD,2022-11-04T00:00:00Z,DEBIT,,"BenchRec production-derived, obfuscated source side B",417541954316,INTERNIDAL 8855366094VI,ACC#00001,-559938105.00,CR,2022-11-04,2022-11-05,BenchRec_cash_v1.0_train.csv,50895
VOLERY,3805149.7500,USD,2022-12-01T00:00:00Z,DEBIT,,"BenchRec production-derived, obfuscated source side B",418637236376,VOLERY 2019566771VI,ACC#00001,-3805149.75,CR,2022-12-01,2022-12-02,BenchRec_cash_v1.0_train.csv,70087
322746AL68101256,103000.0000,USD,2022-09-10T00:00:00Z,DEBIT,,"BenchRec production-derived, obfuscated source side B",418833295780,322746AL68101256 1203566086VI,ACC#00001,-103000.00,CR,2022-09-10,2022-09-11,BenchRec_cash_v1.0_train.csv,2800
VOLERY,1160300.0000,USD,2022-12-29T00:00:00Z,DEBIT,,"BenchRec production-derived, obfuscated source side B",419148924862,VOLERY 0611366730MT,ACC#00001,-1160300.00,CR,2022-12-29,2022-12-30,BenchRec_cash_v1.0_train.csv,90095
VOLERY,819296.4300,USD,2022-10-01T00:00:00Z,CREDIT,,"BenchRec production-derived, obfuscated source side B",419373761797,VOLERY 8368893666FP,ACC#00001,819296.43,DR,2022-10-01,2022-10-02,BenchRec_cash_v1.0_train.csv,23661
AHT9126666728400,657.0000,USD,2022-11-16T00:00:00Z,DEBIT,,"BenchRec production-derived, obfuscated source side B",422166356838,AHT9126666728400 3019666765XD,ACC#00001,-657.00,CR,2022-11-16,2022-11-17,BenchRec_cash_v1.0_train.csv,58456
VOLERY,319804.5300,USD,2022-12-18T00:00:00Z,CREDIT,,"BenchRec production-derived, obfuscated source side B",422697714102,VOLERY 3643347666FP,ACC#00001,319804.53,DR,2022-12-18,2022-12-19,BenchRec_cash_v1.0_train.csv,84108
VOLERY,17507819.8000,USD,2022-10-08T00:00:00Z,CREDIT,,"BenchRec production-derived, obfuscated source side B",424259337790,VOLERY 8333271666FP,ACC#00001,17507819.80,DR,2022-10-08,2022-10-09,BenchRec_cash_v1.0_train.csv,29763
RM140265-767-660,2300.5000,USD,2022-12-18T00:00:00Z,CREDIT,,"BenchRec production-derived, obfuscated source side B",424330416636,RM140265-767-660 4453466786VI,ACC#00001,2300.50,DR,2022-12-18,2022-12-19,BenchRec_cash_v1.0_train.csv,83463
VOLERY,667786.3600,USD,2022-09-15T00:00:00Z,CREDIT,,"BenchRec production-derived, obfuscated source side B",425636192840,VOLERY 8122571666FP,ACC#00001,667786.36,DR,2022-09-15,2022-09-16,BenchRec_cash_v1.0_train.csv,6092
32566B5MNA,1876.0800,USD,2022-11-10T00:00:00Z,CREDIT,,"BenchRec production-derived, obfuscated source side B",426981785847,32566B5MNA 6345366767VI,ACC#00001,1876.08,DR,2022-11-10,2022-11-11,BenchRec_cash_v1.0_train.csv,54246
VOLERY,12000000.0000,USD,2022-10-29T00:00:00Z,DEBIT,,"BenchRec production-derived, obfuscated source side B",427178866447,VOLERY 6457966096VI,ACC#00001,-12000000.00,CR,2022-10-29,2022-10-30,BenchRec_cash_v1.0_train.csv,47033
VOLERY,530976.0000,USD,2022-11-27T00:00:00Z,CREDIT,,"BenchRec production-derived, obfuscated source side B",427960256185,VOLERY 8902591666FP,ACC#00001,530976.00,DR,2022-11-27,2022-11-28,BenchRec_cash_v1.0_train.csv,67389
VOLERY,123486.0000,USD,2022-12-15T00:00:00Z,CREDIT,,"BenchRec production-derived, obfuscated source side B",428658172000,VOLERY 3614546666FP,ACC#00001,123486.00,DR,2022-12-15,2022-12-16,BenchRec_cash_v1.0_train.csv,80857
VOLERY,3029594.9900,USD,2022-10-27T00:00:00Z,DEBIT,,"BenchRec production-derived, obfuscated source side B",430176366544,VOLERY 8425464666FP,ACC#00001,-3029594.99,CR,2022-10-27,2022-10-28,BenchRec_cash_v1.0_train.csv,44471
V704069366410319,6874110.0000,USD,2022-11-26T00:00:00Z,CREDIT,,"BenchRec production-derived, obfuscated source side B",431058218877,V704069366410319 4774566705VI,ACC#00001,6874110.00,DR,2022-11-26,2022-11-27,BenchRec_cash_v1.0_train.csv,66821
VOLERY,22880.8500,USD,2022-09-10T00:00:00Z,CREDIT,,"BenchRec production-derived, obfuscated source side B",431418131481,VOLERY 8132107666FP,ACC#00001,22880.85,DR,2022-09-10,2022-09-11,BenchRec_cash_v1.0_train.csv,4168
32566ATAYM,320066.7900,USD,2022-10-15T00:00:00Z,CREDIT,,"BenchRec production-derived, obfuscated source side B",431654006591,32566ATAYM 6424266023VI,ACC#00001,320066.79,DR,2022-10-15,2022-10-16,BenchRec_cash_v1.0_train.csv,36359
322746AL68134956,6014.4700,USD,2022-12-31T00:00:00Z,DEBIT,,"BenchRec production-derived, obfuscated source side B",439488408094,322746AL68134956 4364566737VI,ACC#00001,-6014.47,CR,2022-12-31,2023-01-01,BenchRec_cash_v1.0_train.csv,93278
VOLERY,19698.0000,USD,2022-11-16T00:00:00Z,DEBIT,,"BenchRec production-derived, obfuscated source side B",442316756957,VOLERY 8575480666FP,ACC#00001,-19698.00,CR,2022-11-16,2022-11-17,BenchRec_cash_v1.0_train.csv,58046
325726AL63779202,44752.8500,USD,2022-12-18T00:00:00Z,DEBIT,,"BenchRec production-derived, obfuscated source side B",442340327337,325726AL63779202 6415966781VI,ACC#00001,-44752.85,CR,2022-12-18,2022-12-22,BenchRec_cash_v1.0_train.csv,85037
VOLERY,700000.0000,USD,2022-12-31T00:00:00Z,DEBIT,,"BenchRec production-derived, obfuscated source side B",444739596736,VOLERY 3083424666FP,ACC#00001,-700000.00,CR,2022-12-31,2023-01-01,BenchRec_cash_v1.0_train.csv,93217
VOLERY,91165.4700,USD,2022-09-28T00:00:00Z,DEBIT,,"BenchRec production-derived, obfuscated source side B",446778063024,VOLERY 8828732666FP,ACC#00001,-91165.47,CR,2022-09-28,2022-09-29,BenchRec_cash_v1.0_train.csv,18552
VOLERY,1690000000.0000,USD,2022-12-29T00:00:00Z,DEBIT,,"BenchRec production-derived, obfuscated source side B",446906871886,VOLERY 6660666730XY,ACC#00001,-1690000000.00,CR,2022-12-29,2022-12-30,BenchRec_cash_v1.0_train.csv,90824
VOLERY,1221.2000,USD,2022-11-06T00:00:00Z,CREDIT,,"BenchRec production-derived, obfuscated source side B",446926425072,VOLERY 8242797666FP,ACC#00001,1221.20,DR,2022-11-06,2022-11-07,BenchRec_cash_v1.0_train.csv,52363
AHT9126666757651,398802.0000,USD,2022-12-11T00:00:00Z,CREDIT,,"BenchRec production-derived, obfuscated source side B",448628129510,AHT9126666757651 8151466717VI,ACC#00001,398802.00,DR,2022-12-11,2022-12-12,BenchRec_cash_v1.0_train.csv,78464
UVA9126666746135,446256279.0000,USD,2022-09-28T00:00:00Z,DEBIT,,"BenchRec production-derived, obfuscated source side B",44880120861,UVA9126666746135 5379966039MT,ACC#00001,-446256279.00,CR,2022-09-28,2022-09-29,BenchRec_cash_v1.0_train.csv,18571
VOLERY,2728929.8500,USD,2022-09-10T00:00:00Z,CREDIT,,"BenchRec production-derived, obfuscated source side B",448964462629,VOLERY 8132861666FP,ACC#00001,2728929.85,DR,2022-09-10,2022-09-11,BenchRec_cash_v1.0_train.csv,4406
VOLERY,28596.2800,USD,2022-11-05T00:00:00Z,CREDIT,,"BenchRec production-derived, obfuscated source side B",451174668583,VOLERY 8234459666FP,ACC#00001,28596.28,DR,2022-11-05,2022-11-06,BenchRec_cash_v1.0_train.csv,51804
784506BW65261003,147047.0000,USD,2022-09-30T00:00:00Z,DEBIT,,"BenchRec production-derived, obfuscated source side B",452465385067,784506BW65261003 5198266040VI,ACC#00001,-147047.00,CR,2022-09-30,2022-10-01,BenchRec_cash_v1.0_train.csv,21299
VOLERY,118296.2700,USD,2022-10-16T00:00:00Z,CREDIT,,"BenchRec production-derived, obfuscated source side B",453108259314,VOLERY 8403347666FP,ACC#00001,118296.27,DR,2022-10-16,2022-10-17,BenchRec_cash_v1.0_train.csv,37644
VOLERY,118521.0000,USD,2022-10-27T00:00:00Z,CREDIT,,"BenchRec production-derived, obfuscated source side B",45497893305,VOLERY 8425705666FP,ACC#00001,118521.00,DR,2022-10-27,2022-10-28,BenchRec_cash_v1.0_train.csv,45033
32566ATRKY,132898.0000,USD,2022-10-15T00:00:00Z,CREDIT,,"BenchRec production-derived, obfuscated source side B",455090464166,32566ATRKY 6212666023VI,ACC#00001,132898.00,DR,2022-10-15,2022-10-16,BenchRec_cash_v1.0_train.csv,36784
VOLERY,5417975.7600,USD,2022-12-15T00:00:00Z,DEBIT,,"BenchRec production-derived, obfuscated source side B",455939836632,VOLERY 3612057666FP,ACC#00001,-5417975.76,CR,2022-12-15,2022-12-16,BenchRec_cash_v1.0_train.csv,80401
VOLERY,1331000.0000,USD,2022-11-10T00:00:00Z,DEBIT,,"BenchRec production-derived, obfuscated source side B",457051290464,VOLERY 8255996666FP,ACC#00001,-1331000.00,CR,2022-11-10,2022-11-11,BenchRec_cash_v1.0_train.csv,54788
DEPA-2BLO9K,2305550.7000,USD,2022-12-03T00:00:00Z,CREDIT,,"BenchRec production-derived, obfuscated source side B",459303810603,DEPA-2BLO9K 3435466773VI,ACC#00001,2305550.70,DR,2022-12-03,2022-12-04,BenchRec_cash_v1.0_train.csv,71696
VOLERY,7051182.8200,USD,2022-11-12T00:00:00Z,DEBIT,,"BenchRec production-derived, obfuscated source side B",45951794231,VOLERY 8562395666FP,ACC#00001,-7051182.82,CR,2022-11-12,2022-11-13,BenchRec_cash_v1.0_train.csv,55947
VOLERY,19324300.0000,USD,2022-12-14T00:00:00Z,CREDIT,,"BenchRec production-derived, obfuscated source side B",46058098821,VOLERY 3675682666FP,ACC#00001,19324300.00,DR,2022-12-14,2022-12-15,BenchRec_cash_v1.0_train.csv,79370
VOLERY,4702400.0000,USD,2022-09-23T00:00:00Z,CREDIT,,"BenchRec production-derived, obfuscated source side B",461409462152,VOLERY 8881669666FP,ACC#00001,4702400.00,DR,2022-09-23,2022-09-24,BenchRec_cash_v1.0_train.csv,14191
VOLERY,11578970.0700,USD,2022-10-08T00:00:00Z,CREDIT,,"BenchRec production-derived, obfuscated source side B",465625866071,VOLERY 8338718666FP,ACC#00001,11578970.07,DR,2022-10-08,2022-10-09,BenchRec_cash_v1.0_train.csv,29719
VOLERY,45778875.1200,USD,2022-11-17T00:00:00Z,CREDIT,,"BenchRec production-derived, obfuscated source side B",466887745633,VOLERY 8512507666FP,ACC#00001,45778875.12,DR,2022-11-17,2022-11-18,BenchRec_cash_v1.0_train.csv,59384
VOLERY,5261160.0000,USD,2022-12-31T00:00:00Z,CREDIT,,"BenchRec production-derived, obfuscated source side B",467686456986,VOLERY 3083681666FP,ACC#00001,5261160.00,DR,2022-12-31,2023-01-01,BenchRec_cash_v1.0_train.csv,92188
VOLERY,88962.2100,USD,2022-12-03T00:00:00Z,CREDIT,,"BenchRec production-derived, obfuscated source side B",469600923957,VOLERY 8934788666FP,ACC#00001,88962.21,DR,2022-12-03,2022-12-04,BenchRec_cash_v1.0_train.csv,71863
322756AL61897355,16929463.5000,USD,2022-10-12T00:00:00Z,DEBIT,,"BenchRec production-derived, obfuscated source side B",469991320076,322756AL61897355 5975466027VI,ACC#00001,-16929463.50,CR,2022-10-12,2022-10-13,BenchRec_cash_v1.0_train.csv,31901
VOLERY,1598782.8800,USD,2022-11-24T00:00:00Z,DEBIT,,"BenchRec production-derived, obfuscated source side B",470364262375,VOLERY 8596588666FP,ACC#00001,-1598782.88,CR,2022-11-24,2022-11-25,BenchRec_cash_v1.0_train.csv,64721
VOLERY,32949.9100,USD,2022-11-04T00:00:00Z,CREDIT,,"BenchRec production-derived, obfuscated source side B",470481823222,VOLERY 8283584666FP,ACC#00001,32949.91,DR,2022-11-04,2022-11-05,BenchRec_cash_v1.0_train.csv,51043
VOLERY,9970.0900,USD,2022-09-29T00:00:00Z,CREDIT,,"BenchRec production-derived, obfuscated source side B",470554637487,VOLERY 8857888666FP,ACC#00001,9970.09,DR,2022-09-29,2022-09-30,BenchRec_cash_v1.0_train.csv,19730
VOLERY,36310.7700,USD,2022-11-26T00:00:00Z,DEBIT,,"BenchRec production-derived, obfuscated source side B",470901392871,VOLERY 8906622666FP,ACC#00001,-36310.77,CR,2022-11-26,2022-11-27,BenchRec_cash_v1.0_train.csv,67105
VOLERY,47641591.2000,USD,2022-09-11T00:00:00Z,DEBIT,,"BenchRec production-derived, obfuscated source side B",472957529508,VOLERY 8142978666FP,ACC#00001,-47641591.20,CR,2022-09-11,2022-09-12,BenchRec_cash_v1.0_train.csv,5113
VOLERY,1282000.0000,USD,2022-12-02T00:00:00Z,CREDIT,,"BenchRec production-derived, obfuscated source side B",472987786930,VOLERY 8985065666FP,ACC#00001,1282000.00,DR,2022-12-02,2022-12-03,BenchRec_cash_v1.0_train.csv,71575
V297532667183216,810000.0000,USD,2022-10-14T00:00:00Z,DEBIT,,"BenchRec production-derived, obfuscated source side B",473660765409,V297532667183216 5422966023VI,ACC#00001,-810000.00,CR,2022-10-14,2022-10-15,BenchRec_cash_v1.0_train.csv,35372
VOLERY,2959937.0000,USD,2022-11-25T00:00:00Z,CREDIT,,"BenchRec production-derived, obfuscated source side B",476397140553,VOLERY 8599948666FP,ACC#00001,2959937.00,DR,2022-11-25,2022-11-26,BenchRec_cash_v1.0_train.csv,65725
VOLERY,285910.8600,USD,2022-10-29T00:00:00Z,DEBIT,,"BenchRec production-derived, obfuscated source side B",476656342246,VOLERY 8499667666FP,ACC#00001,-285910.86,CR,2022-10-29,2022-10-30,BenchRec_cash_v1.0_train.csv,46428
VOLERY,1234459.2700,USD,2022-12-04T00:00:00Z,CREDIT,,"BenchRec production-derived, obfuscated source side B",477267522268,VOLERY 8944721666FP,ACC#00001,1234459.27,DR,2022-12-04,2022-12-05,BenchRec_cash_v1.0_train.csv,73898
VOLERY,1226987.3700,USD,2022-11-11T00:00:00Z,CREDIT,,"BenchRec production-derived, obfuscated source side B",477537738575,VOLERY 8292110666FP,ACC#00001,1226987.37,DR,2022-11-11,2022-11-12,BenchRec_cash_v1.0_train.csv,55068
322746AL68130504,84345.0900,USD,2022-12-17T00:00:00Z,DEBIT,,"BenchRec production-derived, obfuscated source side B",477930655769,322746AL68130504 0273266719VI,ACC#00001,-84345.09,CR,2022-12-17,2022-12-18,BenchRec_cash_v1.0_train.csv,83409
VOLERY,175031.0000,USD,2022-09-29T00:00:00Z,CREDIT,,"BenchRec production-derived, obfuscated source side B",47852912534,VOLERY 8857120666FP,ACC#00001,175031.00,DR,2022-09-29,2022-09-30,BenchRec_cash_v1.0_train.csv,20582
VOLERY,1818394.4000,USD,2022-12-30T00:00:00Z,CREDIT,,"BenchRec production-derived, obfuscated source side B",479856973221,VOLERY 3018620666FP,ACC#00001,1818394.40,DR,2022-12-30,2022-12-31,BenchRec_cash_v1.0_train.csv,91319
V846856567240675,128369.9100,USD,2022-09-22T00:00:00Z,DEBIT,,"BenchRec production-derived, obfuscated source side B",480476417024,V846856567240675 8007766031VI,ACC#00001,-128369.91,CR,2022-09-22,2022-09-23,BenchRec_cash_v1.0_train.csv,12630
VOLERY,284686.2600,USD,2022-11-05T00:00:00Z,CREDIT,,"BenchRec production-derived, obfuscated source side B",482251250809,VOLERY 8234478666FP,ACC#00001,284686.26,DR,2022-11-05,2022-11-06,BenchRec_cash_v1.0_train.csv,51163
VOLERY,347824.5000,USD,2022-10-12T00:00:00Z,CREDIT,,"BenchRec production-derived, obfuscated source side B",483308584507,VOLERY 8328441666FP,ACC#00001,347824.50,DR,2022-10-12,2022-10-13,BenchRec_cash_v1.0_train.csv,33223
VOLERY,103305.2800,USD,2022-09-15T00:00:00Z,DEBIT,,"BenchRec production-derived, obfuscated source side B",484368827784,VOLERY 8129858666FP,ACC#00001,-103305.28,CR,2022-09-15,2022-09-16,BenchRec_cash_v1.0_train.csv,7198
VOLERY,2191193.5000,USD,2022-10-15T00:00:00Z,CREDIT,,"BenchRec production-derived, obfuscated source side B",484686880983,VOLERY 8464062666FP,ACC#00001,2191193.50,DR,2022-10-15,2022-10-16,BenchRec_cash_v1.0_train.csv,35884
VOLERY,3859484.3000,USD,2022-10-08T00:00:00Z,CREDIT,,"BenchRec production-derived, obfuscated source side B",48518367598,VOLERY 8333442666FP,ACC#00001,3859484.30,DR,2022-10-08,2022-10-09,BenchRec_cash_v1.0_train.csv,30120
VOLERY,89069.1600,USD,2022-10-02T00:00:00Z,DEBIT,,"BenchRec production-derived, obfuscated source side B",485223861435,VOLERY 8303616666FP,ACC#00001,-89069.16,CR,2022-10-02,2022-10-03,BenchRec_cash_v1.0_train.csv,24288
VOLERY,44286534.1600,USD,2022-10-14T00:00:00Z,DEBIT,,"BenchRec production-derived, obfuscated source side B",485713993819,VOLERY 8393845666FP,ACC#00001,-44286534.16,CR,2022-10-14,2022-10-15,BenchRec_cash_v1.0_train.csv,35485
VOLERY,39935.9300,USD,2022-11-18T00:00:00Z,DEBIT,,"BenchRec production-derived, obfuscated source side B",486808633942,VOLERY 8582963666FP,ACC#00001,-39935.93,CR,2022-11-18,2022-11-19,BenchRec_cash_v1.0_train.csv,60236
VOLERY,5011293.0000,USD,2022-11-27T00:00:00Z,DEBIT,,"BenchRec production-derived, obfuscated source side B",487106951096,VOLERY 7850666709FW,ACC#00001,-5011293.00,CR,2022-11-27,2022-11-28,BenchRec_cash_v1.0_train.csv,67625
VOLERY,28412228.8800,USD,2022-10-09T00:00:00Z,CREDIT,,"BenchRec production-derived, obfuscated source side B",488935426579,VOLERY 8343218666FP,ACC#00001,28412228.88,DR,2022-10-09,2022-10-10,BenchRec_cash_v1.0_train.csv,30577
VOLERY,32544000.0000,USD,2022-12-21T00:00:00Z,DEBIT,,"BenchRec production-derived, obfuscated source side B",489023181130,VOLERY 3623503666FP,ACC#00001,-32544000.00,CR,2022-12-21,2022-12-22,BenchRec_cash_v1.0_train.csv,84760
32566TLUD0,102149.4000,USD,2022-11-26T00:00:00Z,CREDIT,,"BenchRec production-derived, obfuscated source side B",489365792665,32566TLUD0 3057766702VI,ACC#00001,102149.40,DR,2022-11-26,2022-11-27,BenchRec_cash_v1.0_train.csv,66579
VOLERY,3174730.6000,USD,2022-10-29T00:00:00Z,CREDIT,,"BenchRec production-derived, obfuscated source side B",489937962478,VOLERY 8495397666FP,ACC#00001,3174730.60,DR,2022-10-29,2022-10-30,BenchRec_cash_v1.0_train.csv,46956
VOLERY,2177816.4900,USD,2022-12-30T00:00:00Z,CREDIT,,"BenchRec production-derived, obfuscated source side B",490156742392,VOLERY 3013752666FP,ACC#00001,2177816.49,DR,2022-12-30,2022-12-31,BenchRec_cash_v1.0_train.csv,91231
VOLERY,3070135.2400,USD,2022-11-17T00:00:00Z,DEBIT,,"BenchRec production-derived, obfuscated source side B",490534855668,VOLERY 8512703666FP,ACC#00001,-3070135.24,CR,2022-11-17,2022-11-18,BenchRec_cash_v1.0_train.csv,59482
322746AL68110984,147806.7100,USD,2022-10-22T00:00:00Z,DEBIT,,"BenchRec production-derived, obfuscated source side B",490687386377,322746AL68110984 0362266057VI,ACC#00001,-147806.71,CR,2022-10-22,2022-10-23,BenchRec_cash_v1.0_train.csv,43492
32566TVBY3,123519.9000,USD,2022-11-17T00:00:00Z,CREDIT,,"BenchRec production-derived, obfuscated source side B",490753589701,32566TVBY3 9890966769VI,ACC#00001,123519.90,DR,2022-11-17,2022-11-18,BenchRec_cash_v1.0_train.csv,58814
VOLERY,169411.2300,USD,2022-09-24T00:00:00Z,CREDIT,,"BenchRec production-derived, obfuscated source side B",492045808853,VOLERY 8830586666FP,ACC#00001,169411.23,DR,2022-09-24,2022-09-25,BenchRec_cash_v1.0_train.csv,15157
001241888-767-0,32690.7700,USD,2022-11-03T00:00:00Z,CREDIT,,"BenchRec production-derived, obfuscated source side B",49273807094,001241888-767-0 0925266093VI,ACC#00001,32690.77,DR,2022-11-03,2022-11-04,BenchRec_cash_v1.0_train.csv,49202
VOLERY,91923.4100,USD,2022-09-17T00:00:00Z,CREDIT,,"BenchRec production-derived, obfuscated source side B",494305227358,VOLERY 8195746666FP,ACC#00001,91923.41,DR,2022-09-17,2022-09-18,BenchRec_cash_v1.0_train.csv,9284
VOLERY,36000000.0000,USD,2022-12-07T00:00:00Z,CREDIT,,"BenchRec production-derived, obfuscated source side B",499395501074,VOLERY 8925229666FP,ACC#00001,36000000.00,DR,2022-12-07,2022-12-08,BenchRec_cash_v1.0_train.csv,73945
VOLERY,5519086.0000,USD,2022-09-28T00:00:00Z,DEBIT,,"BenchRec production-derived, obfuscated source side B",500097187567,VOLERY 8828729666FP,ACC#00001,-5519086.00,CR,2022-09-28,2022-09-29,BenchRec_cash_v1.0_train.csv,20294
T313086138506660,2553300.0000,USD,2022-09-10T00:00:00Z,CREDIT,,"BenchRec production-derived, obfuscated source side B",500150978444,T313086138506660 0686138506,ACC#00001,2553300.00,DR,2022-09-10,2022-09-11,BenchRec_cash_v1.0_train.csv,2942
VOLERY,438404.0000,USD,2022-10-19T00:00:00Z,CREDIT,,"BenchRec production-derived, obfuscated source side B",502580320758,VOLERY 8473059666FP,ACC#00001,438404.00,DR,2022-10-19,2022-10-20,BenchRec_cash_v1.0_train.csv,39022
37266TML17,241052.5200,USD,2022-11-23T00:00:00Z,CREDIT,,"BenchRec production-derived, obfuscated source side B",503766446459,37266TML17 3308866703VI,ACC#00001,241052.52,DR,2022-11-23,2022-11-24,BenchRec_cash_v1.0_train.csv,63383
V192207161016282,1000000.0000,USD,2022-12-21T00:00:00Z,CREDIT,,"BenchRec production-derived, obfuscated source side B",503808522864,V192207161016282 9139966781VI,ACC#00001,1000000.00,DR,2022-12-21,2022-12-22,BenchRec_cash_v1.0_train.csv,85022
VOLERY,99715.2200,USD,2022-10-19T00:00:00Z,CREDIT,,"BenchRec production-derived, obfuscated source side B",505322395083,VOLERY 8473705666FP,ACC#00001,99715.22,DR,2022-10-19,2022-10-20,BenchRec_cash_v1.0_train.csv,38370
VOLERY,56590.8600,USD,2022-12-10T00:00:00Z,CREDIT,,"BenchRec production-derived, obfuscated source side B",505697166715,VOLERY 3662765666FP,ACC#00001,56590.86,DR,2022-12-10,2022-12-11,BenchRec_cash_v1.0_train.csv,77284
322746AL68790424,12832.0000,USD,2022-12-03T00:00:00Z,DEBIT,,"BenchRec production-derived, obfuscated source side B",505938138305,322746AL68790424 1707166778VI,ACC#00001,-12832.00,CR,2022-12-03,2022-12-04,BenchRec_cash_v1.0_train.csv,71899
VOLERY,1170282.8900,USD,2022-10-01T00:00:00Z,DEBIT,,"BenchRec production-derived, obfuscated source side B",506031258110,VOLERY 8361838666FP,ACC#00001,-1170282.89,CR,2022-10-01,2022-10-02,BenchRec_cash_v1.0_train.csv,22949
V774491866216021,4000000.0000,USD,2022-11-27T00:00:00Z,CREDIT,,"BenchRec production-derived, obfuscated source side B",506676780816,V774491866216021 9965266709VI,ACC#00001,4000000.00,DR,2022-11-27,2022-11-28,BenchRec_cash_v1.0_train.csv,67582
32566AOM88,2868.8000,USD,2022-10-08T00:00:00Z,CREDIT,,"BenchRec production-derived, obfuscated source side B",50800664043,32566AOM88 9323666045VI,ACC#00001,2868.80,DR,2022-10-08,2022-10-09,BenchRec_cash_v1.0_train.csv,29989
V037361461640328,1046824.3300,USD,2022-11-23T00:00:00Z,DEBIT,,"BenchRec production-derived, obfuscated source side B",508241955324,V037361461640328 3085566703VI,ACC#00001,-1046824.33,CR,2022-11-23,2022-11-24,BenchRec_cash_v1.0_train.csv,63829
VOLERY,23588.0200,USD,2022-11-05T00:00:00Z,DEBIT,,"BenchRec production-derived, obfuscated source side B",509908384829,VOLERY 8235219666FP,ACC#00001,-23588.02,CR,2022-11-05,2022-11-06,BenchRec_cash_v1.0_train.csv,51477
V650202067817814,6042120.0000,USD,2022-11-13T00:00:00Z,CREDIT,,"BenchRec production-derived, obfuscated source side B",51016506671,V650202067817814 6907566763VI,ACC#00001,6042120.00,DR,2022-11-13,2022-11-16,BenchRec_cash_v1.0_train.csv,57199
322756AL61301599,118489.2500,USD,2022-11-27T00:00:00Z,DEBIT,,"BenchRec production-derived, obfuscated source side B",510641628060,322756AL61301599 6839866709VI,ACC#00001,-118489.25,CR,2022-11-27,2022-11-28,BenchRec_cash_v1.0_train.csv,67711
VOLERY,4612469.3700,USD,2022-12-16T00:00:00Z,CREDIT,,"BenchRec production-derived, obfuscated source side B",512499147593,VOLERY 3684360666FP,ACC#00001,4612469.37,DR,2022-12-16,2022-12-17,BenchRec_cash_v1.0_train.csv,81952
VOLERY,637967.5000,USD,2022-11-26T00:00:00Z,CREDIT,,"BenchRec production-derived, obfuscated source side B",517205838252,VOLERY 8965180666FP,ACC#00001,637967.50,DR,2022-11-26,2022-11-27,BenchRec_cash_v1.0_train.csv,66882
VOLERY,987144.0700,USD,2022-10-26T00:00:00Z,CREDIT,,"BenchRec production-derived, obfuscated source side B",517500535431,VOLERY 8445101666FP,ACC#00001,987144.07,DR,2022-10-26,2022-10-27,BenchRec_cash_v1.0_train.csv,42819
VOLERY,5142670.9000,USD,2022-09-30T00:00:00Z,DEBIT,,"BenchRec production-derived, obfuscated source side B",518988803365,VOLERY 8898438666FP,ACC#00001,-5142670.90,CR,2022-09-30,2022-10-01,BenchRec_cash_v1.0_train.csv,20906
32566AYAKY,1000.0000,USD,2022-09-15T00:00:00Z,CREDIT,,"BenchRec production-derived, obfuscated source side B",519151356367,32566AYAKY 1127266084VI,ACC#00001,1000.00,DR,2022-09-15,2022-09-16,BenchRec_cash_v1.0_train.csv,6794
VOLERY,3789852.5300,USD,2022-10-09T00:00:00Z,DEBIT,,"BenchRec production-derived, obfuscated source side B",519501726291,VOLERY 8343882666FP,ACC#00001,-3789852.53,CR,2022-10-09,2022-10-10,BenchRec_cash_v1.0_train.csv,30982
VOLERY,5055001.9700,USD,2022-12-21T00:00:00Z,CREDIT,,"BenchRec production-derived, obfuscated source side B",520419720143,VOLERY 3624417666FP,ACC#00001,5055001.97,DR,2022-12-21,2022-12-22,BenchRec_cash_v1.0_train.csv,85156
322746AL68118125,174828.3500,USD,2022-10-29T00:00:00Z,DEBIT,,"BenchRec production-derived, obfuscated source side B",521952872207,322746AL68118125 9638666059VI,ACC#00001,-174828.35,CR,2022-10-29,2022-10-30,BenchRec_cash_v1.0_train.csv,46357
VOLERY,246727.5000,USD,2022-12-17T00:00:00Z,DEBIT,,"BenchRec production-derived, obfuscated source side B",523928385546,VOLERY 3632394666FP,ACC#00001,-246727.50,CR,2022-12-17,2022-12-18,BenchRec_cash_v1.0_train.csv,82896
VOLERY,21882.7500,USD,2022-11-25T00:00:00Z,DEBIT,,"BenchRec production-derived, obfuscated source side B",524062353050,VOLERY 8966802666FP,ACC#00001,-21882.75,CR,2022-11-25,2022-11-26,BenchRec_cash_v1.0_train.csv,65470
VOLERY,22158.0000,USD,2022-12-11T00:00:00Z,CREDIT,,"BenchRec production-derived, obfuscated source side B",524087837626,VOLERY 3602166666FP,ACC#00001,22158.00,DR,2022-12-11,2022-12-12,BenchRec_cash_v1.0_train.csv,78486
VOLERY,875620.1500,USD,2022-09-10T00:00:00Z,CREDIT,,"BenchRec production-derived, obfuscated source side B",526765802192,VOLERY 8132806666FP,ACC#00001,875620.15,DR,2022-09-10,2022-09-11,BenchRec_cash_v1.0_train.csv,3608
VOLERY,17012.8600,USD,2022-10-15T00:00:00Z,CREDIT,,"BenchRec production-derived, obfuscated source side B",527300439473,VOLERY 8468581666FP,ACC#00001,17012.86,DR,2022-10-15,2022-10-16,BenchRec_cash_v1.0_train.csv,37014
VOLERY,113489.8000,USD,2022-10-28T00:00:00Z,CREDIT,,"BenchRec production-derived, obfuscated source side B",527491894007,VOLERY 8452424666FP,ACC#00001,113489.80,DR,2022-10-28,2022-10-29,BenchRec_cash_v1.0_train.csv,45204
VOLERY,636219.6900,USD,2022-10-14T00:00:00Z,CREDIT,,"BenchRec production-derived, obfuscated source side B",529143875406,VOLERY 8398813666FP,ACC#00001,636219.69,DR,2022-10-14,2022-10-15,BenchRec_cash_v1.0_train.csv,35615
322756AL61880098,1194239.3600,USD,2022-10-05T00:00:00Z,DEBIT,,"BenchRec production-derived, obfuscated source side B",529317532631,322756AL61880098 9908966044VI,ACC#00001,-1194239.36,CR,2022-10-05,2022-10-06,BenchRec_cash_v1.0_train.csv,25647
VOLERY,820400.0000,USD,2022-12-02T00:00:00Z,CREDIT,,"BenchRec production-derived, obfuscated source side B",530051098718,VOLERY 8985077666FP,ACC#00001,820400.00,DR,2022-12-02,2022-12-03,BenchRec_cash_v1.0_train.csv,71003
VOLERY,27281.5000,USD,2022-10-28T00:00:00Z,CREDIT,,"BenchRec production-derived, obfuscated source side B",531922618953,VOLERY 8452278666FP,ACC#00001,27281.50,DR,2022-10-28,2022-10-29,BenchRec_cash_v1.0_train.csv,45940
VOLERY,16922.2000,USD,2022-10-30T00:00:00Z,CREDIT,,"BenchRec production-derived, obfuscated source side B",532192350153,VOLERY 8262065666FP,ACC#00001,16922.20,DR,2022-10-30,2022-10-31,BenchRec_cash_v1.0_train.csv,47581
VOLERY,176737.6500,USD,2022-11-03T00:00:00Z,CREDIT,,"BenchRec production-derived, obfuscated source side B",533674789946,VOLERY 8213358666FP,ACC#00001,176737.65,DR,2022-11-03,2022-11-04,BenchRec_cash_v1.0_train.csv,49539
VOLERY,128273.5400,USD,2022-12-08T00:00:00Z,CREDIT,,"BenchRec production-derived, obfuscated source side B",53412911358,VOLERY 8952374666FP,ACC#00001,128273.54,DR,2022-12-08,2022-12-09,BenchRec_cash_v1.0_train.csv,75751
VOLERY,3520072.7000,USD,2022-10-05T00:00:00Z,DEBIT,,"BenchRec production-derived, obfuscated source side B",534339378381,VOLERY 8371978666FP,ACC#00001,-3520072.70,CR,2022-10-05,2022-10-06,BenchRec_cash_v1.0_train.csv,25744
VOLERY,1951836.9500,USD,2022-10-22T00:00:00Z,DEBIT,,"BenchRec production-derived, obfuscated source side B",536003355844,VOLERY 8439216666FP,ACC#00001,-1951836.95,CR,2022-10-22,2022-10-23,BenchRec_cash_v1.0_train.csv,42366
VOLERY,20339700.0000,USD,2022-12-22T00:00:00Z,CREDIT,,"BenchRec production-derived, obfuscated source side B",536698951884,VOLERY 3652750666FP,ACC#00001,20339700.00,DR,2022-12-22,2022-12-23,BenchRec_cash_v1.0_train.csv,85565
6D6-656F666X6M6X,994132.4000,USD,2022-11-30T00:00:00Z,DEBIT,,"BenchRec production-derived, obfuscated source side B",537848295367,6D6-656F666X6M6X 8431666777VI,ACC#00001,-994132.40,CR,2022-11-30,2022-12-01,BenchRec_cash_v1.0_train.csv,70328
322746AL68186954,174700.0000,USD,2022-11-19T00:00:00Z,DEBIT,,"BenchRec production-derived, obfuscated source side B",538220834713,322746AL68186954 8539366706VI,ACC#00001,-174700.00,CR,2022-11-19,2022-11-20,BenchRec_cash_v1.0_train.csv,61927
37266APHNO,28482.7700,USD,2022-10-09T00:00:00Z,CREDIT,,"BenchRec production-derived, obfuscated source side B",538953950170,37266APHNO 8082566049VI,ACC#00001,28482.77,DR,2022-10-09,2022-10-10,BenchRec_cash_v1.0_train.csv,31061
V390004766332688,400000.0000,USD,2022-09-30T00:00:00Z,DEBIT,,"BenchRec production-derived, obfuscated source side B",539448349020,V390004766332688 2306966040VI,ACC#00001,-400000.00,CR,2022-09-30,2022-10-01,BenchRec_cash_v1.0_train.csv,20987
322746AL68182183,139800.5700,USD,2022-12-03T00:00:00Z,DEBIT,,"BenchRec production-derived, obfuscated source side B",541366086741,322746AL68182183 1716566778VI,ACC#00001,-139800.57,CR,2022-12-03,2022-12-04,BenchRec_cash_v1.0_train.csv,71817
VOLERY,38939.0000,USD,2022-10-07T00:00:00Z,DEBIT,,"BenchRec production-derived, obfuscated source side B",543557732425,VOLERY 8383502666FP,ACC#00001,-38939.00,CR,2022-10-07,2022-10-08,BenchRec_cash_v1.0_train.csv,28314
VOLERY,13920700.0000,USD,2022-12-18T00:00:00Z,CREDIT,,"BenchRec production-derived, obfuscated source side B",543881921260,VOLERY 3644407666FP,ACC#00001,13920700.00,DR,2022-12-18,2022-12-19,BenchRec_cash_v1.0_train.csv,83712
VOLERY,46700000.0000,USD,2022-12-25T00:00:00Z,DEBIT,,"BenchRec production-derived, obfuscated source side B",545996629530,VOLERY 3003708666FP,ACC#00001,-46700000.00,CR,2022-12-25,2022-12-26,BenchRec_cash_v1.0_train.csv,88616
VOLERY,178586.7000,USD,2022-12-17T00:00:00Z,CREDIT,,"BenchRec production-derived, obfuscated source side B",546208075778,VOLERY 3634605666FP,ACC#00001,178586.70,DR,2022-12-17,2022-12-18,BenchRec_cash_v1.0_train.csv,82296
VOLERY,30719000.0000,USD,2022-11-23T00:00:00Z,CREDIT,,"BenchRec production-derived, obfuscated source side B",548194188686,VOLERY 8556264666FP,ACC#00001,30719000.00,DR,2022-11-23,2022-11-24,BenchRec_cash_v1.0_train.csv,63567
VOLERY,3926061.1500,USD,2022-12-02T00:00:00Z,CREDIT,,"BenchRec production-derived, obfuscated source side B",549167585638,VOLERY 8985637666FP,ACC#00001,3926061.15,DR,2022-12-02,2022-12-03,BenchRec_cash_v1.0_train.csv,70692
VOLERY,449416.2300,USD,2022-09-17T00:00:00Z,CREDIT,,"BenchRec production-derived, obfuscated source side B",550149529787,VOLERY 8199985666FP,ACC#00001,449416.23,DR,2022-09-17,2022-09-18,BenchRec_cash_v1.0_train.csv,8859
VOLERY,533502.1900,USD,2022-11-16T00:00:00Z,CREDIT,,"BenchRec production-derived, obfuscated source side B",552813207855,VOLERY 8575168666FP,ACC#00001,533502.19,DR,2022-11-16,2022-11-17,BenchRec_cash_v1.0_train.csv,57777
VOLERY,103137.7200,USD,2022-12-07T00:00:00Z,DEBIT,,"BenchRec production-derived, obfuscated source side B",553149470319,VOLERY 8929839666FP,ACC#00001,-103137.72,CR,2022-12-07,2022-12-08,BenchRec_cash_v1.0_train.csv,74243
VOLERY,669497.4000,USD,2022-12-09T00:00:00Z,CREDIT,,"BenchRec production-derived, obfuscated source side B",553351930161,VOLERY 8992094666FP,ACC#00001,669497.40,DR,2022-12-09,2022-12-10,BenchRec_cash_v1.0_train.csv,76227
322756AL61825193,285291.2600,USD,2022-09-16T00:00:00Z,DEBIT,,"BenchRec production-derived, obfuscated source side B",553360987713,322756AL61825193 9657966082VI,ACC#00001,-285291.26,CR,2022-09-16,2022-09-17,BenchRec_cash_v1.0_train.csv,8260
VOLERY,3822527.7400,USD,2022-11-30T00:00:00Z,DEBIT,,"BenchRec production-derived, obfuscated source side B",55394312671,VOLERY 1589966777VI,ACC#00001,-3822527.74,CR,2022-11-30,2022-12-01,BenchRec_cash_v1.0_train.csv,68443
32566TO6IE,6590.8000,USD,2022-12-10T00:00:00Z,CREDIT,,"BenchRec production-derived, obfuscated source side B",554365308556,32566TO6IE 7898766710VI,ACC#00001,6590.80,DR,2022-12-10,2022-12-11,BenchRec_cash_v1.0_train.csv,77052
V665563460188826,139.9000,USD,2022-11-04T00:00:00Z,DEBIT,,"BenchRec production-derived, obfuscated source side B",554557804258,V665563460188826 8975266094VI,ACC#00001,-139.90,CR,2022-11-04,2022-11-05,BenchRec_cash_v1.0_train.csv,51024
32566CP10M,3133876.1400,USD,2022-09-15T00:00:00Z,CREDIT,,"BenchRec production-derived, obfuscated source side B",555045256114,32566CP10M 6447866087VI,ACC#00001,3133876.14,DR,2022-09-15,2022-09-16,BenchRec_cash_v1.0_train.csv,5837
V930394166516817,30309427.3200,USD,2022-10-28T00:00:00Z,CREDIT,,"BenchRec production-derived, obfuscated source side B",555306641246,V930394166516817 4359466059VI,ACC#00001,30309427.32,DR,2022-10-28,2022-10-29,BenchRec_cash_v1.0_train.csv,45750
56966ALO3W,181880.0000,USD,2022-09-25T00:00:00Z,CREDIT,,"BenchRec production-derived, obfuscated source side B",558517686617,56966ALO3W 8481266033VI,ACC#00001,181880.00,DR,2022-09-25,2022-09-27,BenchRec_cash_v1.0_train.csv,17964
ALME112512JOQG7U,400000.0000,USD,2022-09-21T00:00:00Z,DEBIT,,"BenchRec production-derived, obfuscated source side B",558550810182,ALME112512JOQG7U 0626354256,ACC#00001,-400000.00,CR,2022-09-21,2022-09-22,BenchRec_cash_v1.0_train.csv,11152
VOLERY,26000867.5000,USD,2022-12-31T00:00:00Z,CREDIT,,"BenchRec production-derived, obfuscated source side B",558715677987,VOLERY 3083033666FP,ACC#00001,26000867.50,DR,2022-12-31,2023-01-01,BenchRec_cash_v1.0_train.csv,93484
32566AAV49,460664.1800,USD,2022-10-12T00:00:00Z,CREDIT,,"BenchRec production-derived, obfuscated source side B",5590663039,32566AAV49 0625866021VI,ACC#00001,460664.18,DR,2022-10-12,2022-10-13,BenchRec_cash_v1.0_train.csv,33103
VOLERY,21836813.6700,USD,2022-11-30T00:00:00Z,DEBIT,,"BenchRec production-derived, obfuscated source side B",561477218027,VOLERY 8975652666FP,ACC#00001,-21836813.67,CR,2022-11-30,2022-12-01,BenchRec_cash_v1.0_train.csv,69010
322746AL68106938,544243.9100,USD,2022-09-30T00:00:00Z,DEBIT,,"BenchRec production-derived, obfuscated source side B",561509434639,322746AL68106938 4210966040VI,ACC#00001,-544243.91,CR,2022-09-30,2022-10-01,BenchRec_cash_v1.0_train.csv,22446
VOLERY,151502.7700,USD,2022-10-21T00:00:00Z,CREDIT,,"BenchRec production-derived, obfuscated source side B",56400847586,VOLERY 8482849666FP,ACC#00001,151502.77,DR,2022-10-21,2022-10-22,BenchRec_cash_v1.0_train.csv,40476
322746AL60420348,1393796.2500,USD,2022-09-28T00:00:00Z,DEBIT,,"BenchRec production-derived, obfuscated source side B",564343172499,322746AL60420348 5368666034VI,ACC#00001,-1393796.25,CR,2022-09-28,2022-09-29,BenchRec_cash_v1.0_train.csv,18192
VOLERY,465761.8900,USD,2022-12-18T00:00:00Z,CREDIT,,"BenchRec production-derived, obfuscated source side B",564742583399,VOLERY 3643400666FP,ACC#00001,465761.89,DR,2022-12-18,2022-12-19,BenchRec_cash_v1.0_train.csv,83635
6685066760RN,16382.7200,USD,2022-11-09T00:00:00Z,CREDIT,,"BenchRec production-derived, obfuscated source side B",565617917007,6685066760RN 6685066760RN,ACC#00001,16382.72,DR,2022-11-09,2022-11-10,BenchRec_cash_v1.0_train.csv,62456
7084266589,396443251.0000,USD,2022-09-24T00:00:00Z,DEBIT,,"BenchRec production-derived, obfuscated source side B",567746412636,7084266589 1268066033VI,ACC#00001,-396443251.00,CR,2022-09-24,2022-09-25,BenchRec_cash_v1.0_train.csv,15022
VOLERY,7624342.0800,USD,2022-12-24T00:00:00Z,CREDIT,,"BenchRec production-derived, obfuscated source side B",570495964864,VOLERY 3064130666FP,ACC#00001,7624342.08,DR,2022-12-24,2022-12-25,BenchRec_cash_v1.0_train.csv,87497
VOLERY,53954.3400,USD,2022-10-22T00:00:00Z,DEBIT,,"BenchRec production-derived, obfuscated source side B",571401371278,VOLERY 3480366051XD,ACC#00001,-53954.34,CR,2022-10-22,2022-10-23,BenchRec_cash_v1.0_train.csv,42103
VOLERY,54229486.0000,USD,2022-10-21T00:00:00Z,DEBIT,,"BenchRec production-derived, obfuscated source side B",572794659908,VOLERY 8485347666FP,ACC#00001,-54229486.00,CR,2022-10-21,2022-10-22,BenchRec_cash_v1.0_train.csv,41260
VOLERY,17386217.3300,USD,2022-11-04T00:00:00Z,CREDIT,,"BenchRec production-derived, obfuscated source side B",573587863913,VOLERY 8282132666FP,ACC#00001,17386217.33,DR,2022-11-04,2022-11-05,BenchRec_cash_v1.0_train.csv,50943
VOLERY,935473.1000,USD,2022-12-24T00:00:00Z,DEBIT,,"BenchRec production-derived, obfuscated source side B",574260131794,VOLERY 3063103666FP,ACC#00001,-935473.10,CR,2022-12-24,2022-12-25,BenchRec_cash_v1.0_train.csv,88324
VOLERY,175634.6300,USD,2022-11-04T00:00:00Z,DEBIT,,"BenchRec production-derived, obfuscated source side B",574371322344,VOLERY 8282294666FP,ACC#00001,-175634.63,CR,2022-11-04,2022-11-05,BenchRec_cash_v1.0_train.csv,50531
VOLERY,3014417.5200,USD,2022-10-28T00:00:00Z,DEBIT,,"BenchRec production-derived, obfuscated source side B",574727084908,VOLERY 8455663666FP,ACC#00001,-3014417.52,CR,2022-10-28,2022-10-29,BenchRec_cash_v1.0_train.csv,45979
322746AL68101253,19031.5600,USD,2022-09-10T00:00:00Z,DEBIT,,"BenchRec production-derived, obfuscated source side B",575126616894,322746AL68101253 1271766086VI,ACC#00001,-19031.56,CR,2022-09-10,2022-09-11,BenchRec_cash_v1.0_train.csv,3035
322746AL68185579,124250.6500,USD,2022-12-10T00:00:00Z,DEBIT,,"BenchRec production-derived, obfuscated source side B",576095009405,322746AL68185579 7368166710VI,ACC#00001,-124250.65,CR,2022-12-10,2022-12-11,BenchRec_cash_v1.0_train.csv,77401
INTERNIDAL,2157174.0500,USD,2022-12-07T00:00:00Z,DEBIT,,"BenchRec production-derived, obfuscated source side B",576163145808,INTERNIDAL 0972466779VI,ACC#00001,-2157174.05,CR,2022-12-07,2022-12-08,BenchRec_cash_v1.0_train.csv,74232
VOLERY,2254745.3000,USD,2022-10-02T00:00:00Z,CREDIT,,"BenchRec production-derived, obfuscated source side B",577214477229,VOLERY 8301734666FP,ACC#00001,2254745.30,DR,2022-10-02,2022-10-03,BenchRec_cash_v1.0_train.csv,24715
37266B587M,36544.0000,USD,2022-11-09T00:00:00Z,CREDIT,,"BenchRec production-derived, obfuscated source side B",578273110607,37266B587M 9459166768VI,ACC#00001,36544.00,DR,2022-11-09,2022-11-13,BenchRec_cash_v1.0_train.csv,56543
322746AL68107499,12448.7800,USD,2022-12-23T00:00:00Z,DEBIT,,"BenchRec production-derived, obfuscated source side B",578832759765,322746AL68107499 5410766783VI,ACC#00001,-12448.78,CR,2022-12-23,2022-12-24,BenchRec_cash_v1.0_train.csv,86583
VOLERY,52004.1300,USD,2022-12-10T00:00:00Z,CREDIT,,"BenchRec production-derived, obfuscated source side B",581675014662,VOLERY 3662772666FP,ACC#00001,52004.13,DR,2022-12-10,2022-12-11,BenchRec_cash_v1.0_train.csv,78082
7084248149,151529260.4000,USD,2022-12-23T00:00:00Z,CREDIT,,"BenchRec production-derived, obfuscated source side B",58192961338,7084248149 5853966783VI,ACC#00001,151529260.40,DR,2022-12-23,2022-12-24,BenchRec_cash_v1.0_train.csv,87001
VOLERY,230374.0500,USD,2022-12-30T00:00:00Z,CREDIT,,"BenchRec production-derived, obfuscated source side B",582181262832,VOLERY 3018652666FP,ACC#00001,230374.05,DR,2022-12-30,2022-12-31,BenchRec_cash_v1.0_train.csv,91223
VOLERY,53648.8200,USD,2022-09-17T00:00:00Z,DEBIT,,"BenchRec production-derived, obfuscated source side B",583100042701,VOLERY 8866150666FP,ACC#00001,-53648.82,CR,2022-09-17,2022-09-18,BenchRec_cash_v1.0_train.csv,8908
VOLERY,190407.9100,USD,2022-09-29T00:00:00Z,CREDIT,,"BenchRec production-derived, obfuscated source side B",584268642160,VOLERY 8851236666FP,ACC#00001,190407.91,DR,2022-09-29,2022-09-30,BenchRec_cash_v1.0_train.csv,19345
VOLERY,3919738.3800,USD,2022-09-30T00:00:00Z,CREDIT,,"BenchRec production-derived, obfuscated source side B",5876295227,VOLERY 8897804666FP,ACC#00001,3919738.38,DR,2022-09-30,2022-10-01,BenchRec_cash_v1.0_train.csv,21527
VOLERY,7310609.0000,USD,2022-09-29T00:00:00Z,DEBIT,,"BenchRec production-derived, obfuscated source side B",588101657607,VOLERY 8857596666FP,ACC#00001,-7310609.00,CR,2022-09-29,2022-09-30,BenchRec_cash_v1.0_train.csv,19497
VOLERY,99418.2300,USD,2022-10-30T00:00:00Z,DEBIT,,"BenchRec production-derived, obfuscated source side B",593343264960,VOLERY 8265391666FP,ACC#00001,-99418.23,CR,2022-10-30,2022-10-31,BenchRec_cash_v1.0_train.csv,47693
VOLERY,14007985.8800,USD,2022-11-25T00:00:00Z,CREDIT,,"BenchRec production-derived, obfuscated source side B",594451968947,VOLERY 8599903666FP,ACC#00001,14007985.88,DR,2022-11-25,2022-11-26,BenchRec_cash_v1.0_train.csv,66036
VOLERY,321071.7700,USD,2022-09-25T00:00:00Z,CREDIT,,"BenchRec production-derived, obfuscated source side B",595118001126,VOLERY 8847736666FP,ACC#00001,321071.77,DR,2022-09-25,2022-09-27,BenchRec_cash_v1.0_train.csv,16635
VOLERY,101333.2900,USD,2022-10-06T00:00:00Z,DEBIT,,"BenchRec production-derived, obfuscated source side B",596013635070,VOLERY 8313542666FP,ACC#00001,-101333.29,CR,2022-10-06,2022-10-07,BenchRec_cash_v1.0_train.csv,27106
32566TRVHV,4725.8600,USD,2022-12-30T00:00:00Z,CREDIT,,"BenchRec production-derived, obfuscated source side B",596643199071,32566TRVHV 8728466737VI,ACC#00001,4725.86,DR,2022-12-30,2022-12-31,BenchRec_cash_v1.0_train.csv,91731
912DIP227,4770.0000,USD,2022-09-16T00:00:00Z,CREDIT,,"BenchRec production-derived, obfuscated source side B",598185642178,912DIP227 5325666082VI,ACC#00001,4770.00,DR,2022-09-16,2022-09-17,BenchRec_cash_v1.0_train.csv,8073
VOLERY,1077233.3300,USD,2022-12-01T00:00:00Z,CREDIT,,"BenchRec production-derived, obfuscated source side B",598394719039,VOLERY 8912037666FP,ACC#00001,1077233.33,DR,2022-12-01,2022-12-02,BenchRec_cash_v1.0_train.csv,69946
VOLERY,1750700.0000,USD,2022-11-17T00:00:00Z,CREDIT,,"BenchRec production-derived, obfuscated source side B",598726438795,VOLERY 8514283666FP,ACC#00001,1750700.00,DR,2022-11-17,2022-11-18,BenchRec_cash_v1.0_train.csv,59862
VOLERY,3080836.1200,USD,2022-10-20T00:00:00Z,CREDIT,,"BenchRec production-derived, obfuscated source side B",599458379684,VOLERY 8413791666FP,ACC#00001,3080836.12,DR,2022-10-20,2022-10-21,BenchRec_cash_v1.0_train.csv,39833
VOLERY,36517.2000,USD,2022-10-13T00:00:00Z,DEBIT,,"BenchRec production-derived, obfuscated source side B",599547542381,VOLERY 8354026666FP,ACC#00001,-36517.20,CR,2022-10-13,2022-10-14,BenchRec_cash_v1.0_train.csv,34009
V125996900817135,1583670.9300,USD,2022-11-03T00:00:00Z,CREDIT,,"BenchRec production-derived, obfuscated source side B",599988036374,V125996900817135 0632066093VI,ACC#00001,1583670.93,DR,2022-11-03,2022-11-04,BenchRec_cash_v1.0_train.csv,49645
322746AL68777916,52764374.5000,USD,2022-10-26T00:00:00Z,DEBIT,,"BenchRec production-derived, obfuscated source side B",601927068959,322746AL68777916 5629366058VI,ACC#00001,-52764374.50,CR,2022-10-26,2022-10-27,BenchRec_cash_v1.0_train.csv,44102
322756AL61308334,163.3000,USD,2022-12-15T00:00:00Z,DEBIT,,"BenchRec production-derived, obfuscated source side B",602911171250,322756AL61308334 3772766712VI,ACC#00001,-163.30,CR,2022-12-15,2022-12-16,BenchRec_cash_v1.0_train.csv,80632
VOLERY,93502.0000,USD,2022-09-30T00:00:00Z,CREDIT,,"BenchRec production-derived, obfuscated source side B",603076861267,VOLERY 8897841666FP,ACC#00001,93502.00,DR,2022-09-30,2022-10-01,BenchRec_cash_v1.0_train.csv,21554
VOLERY,35872.2000,USD,2022-11-26T00:00:00Z,DEBIT,,"BenchRec production-derived, obfuscated source side B",603591850401,VOLERY 8906654666FP,ACC#00001,-35872.20,CR,2022-11-26,2022-11-27,BenchRec_cash_v1.0_train.csv,66624
VOLERY,128310.9000,USD,2022-10-26T00:00:00Z,CREDIT,,"BenchRec production-derived, obfuscated source side B",604883145956,VOLERY 8445863666FP,ACC#00001,128310.90,DR,2022-10-26,2022-10-27,BenchRec_cash_v1.0_train.csv,42703
322756AL61362203,890.1700,USD,2022-11-11T00:00:00Z,DEBIT,,"BenchRec production-derived, obfuscated source side B",606118257321,322756AL61362203 1979566761VI,ACC#00001,-890.17,CR,2022-11-11,2022-11-12,BenchRec_cash_v1.0_train.csv,54999
VOLERY,93578.9400,USD,2022-10-08T00:00:00Z,CREDIT,,"BenchRec production-derived, obfuscated source side B",60618314822,VOLERY 8338722666FP,ACC#00001,93578.94,DR,2022-10-08,2022-10-09,BenchRec_cash_v1.0_train.csv,29664
VOLERY,91484.6500,USD,2022-12-31T00:00:00Z,CREDIT,,"BenchRec production-derived, obfuscated source side B",607003562742,VOLERY 3081409666FP,ACC#00001,91484.65,DR,2022-12-31,2023-01-01,BenchRec_cash_v1.0_train.csv,92920
VOLERY,1491680.0000,USD,2022-12-30T00:00:00Z,CREDIT,,"BenchRec production-derived, obfuscated source side B",610290066277,VOLERY 3018690666FP,ACC#00001,1491680.00,DR,2022-12-30,2022-12-31,BenchRec_cash_v1.0_train.csv,91005
VOLERY,32742.0800,USD,2022-11-30T00:00:00Z,DEBIT,,"BenchRec production-derived, obfuscated source side B",6126816205,VOLERY 8979128666FP,ACC#00001,-32742.08,CR,2022-11-30,2022-12-01,BenchRec_cash_v1.0_train.csv,68351
VOLERY,37448344.4300,USD,2022-11-23T00:00:00Z,DEBIT,,"BenchRec production-derived, obfuscated source side B",613814335725,VOLERY 8529974666FP,ACC#00001,-37448344.43,CR,2022-11-23,2022-11-24,BenchRec_cash_v1.0_train.csv,63685
322746AL68102778,11.9900,USD,2022-10-07T00:00:00Z,DEBIT,,"BenchRec production-derived, obfuscated source side B",61460657522,322746AL68102778 5470066045VI,ACC#00001,-11.99,CR,2022-10-07,2022-10-08,BenchRec_cash_v1.0_train.csv,28455
VOLERY,1703288.1500,USD,2022-10-22T00:00:00Z,DEBIT,,"BenchRec production-derived, obfuscated source side B",617012929619,VOLERY 8439258666FP,ACC#00001,-1703288.15,CR,2022-10-22,2022-10-23,BenchRec_cash_v1.0_train.csv,42051
V124581480779433,5000000.0000,USD,2022-10-02T00:00:00Z,CREDIT,,"BenchRec production-derived, obfuscated source side B",619324433176,V124581480779433 8303766041VI,ACC#00001,5000000.00,DR,2022-10-02,2022-10-03,BenchRec_cash_v1.0_train.csv,24610
VOLERY,161595.8400,USD,2022-10-02T00:00:00Z,CREDIT,,"BenchRec production-derived, obfuscated source side B",61985062300,VOLERY 8301794666FP,ACC#00001,161595.84,DR,2022-10-02,2022-10-03,BenchRec_cash_v1.0_train.csv,24656
322756AL61367748,560001.1700,USD,2022-12-14T00:00:00Z,DEBIT,,"BenchRec production-derived, obfuscated source side B",620110275127,322756AL61367748 9207166711VI,ACC#00001,-560001.17,CR,2022-12-14,2022-12-15,BenchRec_cash_v1.0_train.csv,79684
VOLERY,5054404.6400,USD,2022-12-07T00:00:00Z,CREDIT,,"BenchRec production-derived, obfuscated source side B",621300432429,VOLERY 8925237666FP,ACC#00001,5054404.64,DR,2022-12-07,2022-12-08,BenchRec_cash_v1.0_train.csv,74630
VOLERY,1187552.5100,USD,2022-12-30T00:00:00Z,DEBIT,,"BenchRec production-derived, obfuscated source side B",621697657885,VOLERY 3018749666FP,ACC#00001,-1187552.51,CR,2022-12-30,2022-12-31,BenchRec_cash_v1.0_train.csv,91776
32566TBBU4,818615.2000,USD,2022-12-17T00:00:00Z,CREDIT,,"BenchRec production-derived, obfuscated source side B",621795551366,32566TBBU4 0493166719VI,ACC#00001,818615.20,DR,2022-12-17,2022-12-18,BenchRec_cash_v1.0_train.csv,82540
322756AL61894227,242996.6900,USD,2022-10-01T00:00:00Z,DEBIT,,"BenchRec production-derived, obfuscated source side B",622156384824,322756AL61894227 0424766047VI,ACC#00001,-242996.69,CR,2022-10-01,2022-10-02,BenchRec_cash_v1.0_train.csv,23455
GYNOMONOECISM,6741650.6000,USD,2022-11-27T00:00:00Z,DEBIT,,"BenchRec production-derived, obfuscated source side B",622270530822,GYNOMONOECISM 6972366709VI,ACC#00001,-6741650.60,CR,2022-11-27,2022-11-28,BenchRec_cash_v1.0_train.csv,67477
ALME118035JOQG7U,750571.8900,USD,2022-09-25T00:00:00Z,DEBIT,,"BenchRec production-derived, obfuscated source side B",623455291858,ALME118035JOQG7U 0669079586,ACC#00001,-750571.89,CR,2022-09-25,2022-09-27,BenchRec_cash_v1.0_train.csv,16724
322746AL68173369,211.0100,USD,2022-10-07T00:00:00Z,DEBIT,,"BenchRec production-derived, obfuscated source side B",623986118572,322746AL68173369 5476566045VI,ACC#00001,-211.01,CR,2022-10-07,2022-10-08,BenchRec_cash_v1.0_train.csv,28700
6.6Z656F6G646O6E,169470.1400,USD,2022-12-14T00:00:00Z,DEBIT,,"BenchRec production-derived, obfuscated source side B",627310006192,6.6Z656F6G646O6E 0404366714VI,ACC#00001,-169470.14,CR,2022-12-14,2022-12-15,BenchRec_cash_v1.0_train.csv,79472
VOLERY,29584.0000,USD,2022-10-13T00:00:00Z,CREDIT,,"BenchRec production-derived, obfuscated source side B",628089474372,VOLERY 8358873666FP,ACC#00001,29584.00,DR,2022-10-13,2022-10-14,BenchRec_cash_v1.0_train.csv,34470
322746AL68179680,1286326.0000,USD,2022-10-15T00:00:00Z,DEBIT,,"BenchRec production-derived, obfuscated source side B",628336173458,322746AL68179680 6216566023VI,ACC#00001,-1286326.00,CR,2022-10-15,2022-10-16,BenchRec_cash_v1.0_train.csv,36098
V407487107410619,27308755.1400,USD,2022-10-16T00:00:00Z,CREDIT,,"BenchRec production-derived, obfuscated source side B",630393354668,V407487107410619 3561666022VI,ACC#00001,27308755.14,DR,2022-10-16,2022-10-17,BenchRec_cash_v1.0_train.csv,37162
V866690467289411,4648140.0000,USD,2022-12-22T00:00:00Z,DEBIT,,"BenchRec production-derived, obfuscated source side B",631867396283,V866690467289411 1698266788VI,ACC#00001,-4648140.00,CR,2022-12-22,2022-12-23,BenchRec_cash_v1.0_train.csv,85543
VOLERY,34877500.0000,USD,2022-09-16T00:00:00Z,DEBIT,,"BenchRec production-derived, obfuscated source side B",632181769596,VOLERY 8155837666FP,ACC#00001,-34877500.00,CR,2022-09-16,2022-09-17,BenchRec_cash_v1.0_train.csv,8179
VOLERY,128000.0000,USD,2022-09-16T00:00:00Z,DEBIT,,"BenchRec production-derived, obfuscated source side B",632620248526,VOLERY 8159323666FP,ACC#00001,-128000.00,CR,2022-09-16,2022-09-17,BenchRec_cash_v1.0_train.csv,8175
VOLERY,6746.5300,USD,2022-11-03T00:00:00Z,CREDIT,,"BenchRec production-derived, obfuscated source side B",634413271536,VOLERY 8213383666FP,ACC#00001,6746.53,DR,2022-11-03,2022-11-04,BenchRec_cash_v1.0_train.csv,49546
V192536467287797,3991200.0000,USD,2022-12-21T00:00:00Z,DEBIT,,"BenchRec production-derived, obfuscated source side B",635843773833,V192536467287797 9888966781VI,ACC#00001,-3991200.00,CR,2022-12-21,2022-12-22,BenchRec_cash_v1.0_train.csv,84662
VOLERY,59139.5100,USD,2022-12-18T00:00:00Z,CREDIT,,"BenchRec production-derived, obfuscated source side B",635863212876,VOLERY 3643375666FP,ACC#00001,59139.51,DR,2022-12-18,2022-12-19,BenchRec_cash_v1.0_train.csv,84090
VOLERY,11842932.2000,USD,2022-10-30T00:00:00Z,DEBIT,,"BenchRec production-derived, obfuscated source side B",636320460006,VOLERY 3004569090WT,ACC#00001,-11842932.20,CR,2022-10-30,2022-10-31,BenchRec_cash_v1.0_train.csv,54808
VOLERY,581771.3000,USD,2022-10-05T00:00:00Z,CREDIT,,"BenchRec production-derived, obfuscated source side B",637489983183,VOLERY 8371540666FP,ACC#00001,581771.30,DR,2022-10-05,2022-10-06,BenchRec_cash_v1.0_train.csv,25359
VOLERY,21147.7300,USD,2022-10-06T00:00:00Z,CREDIT,,"BenchRec production-derived, obfuscated source side B",637794891135,VOLERY 8318754666FP,ACC#00001,21147.73,DR,2022-10-06,2022-10-07,BenchRec_cash_v1.0_train.csv,27111
VOLERY,2764251.9800,USD,2022-09-30T00:00:00Z,DEBIT,,"BenchRec production-derived, obfuscated source side B",638773061461,VOLERY 8897548666FP,ACC#00001,-2764251.98,CR,2022-09-30,2022-10-01,BenchRec_cash_v1.0_train.csv,20821
VOLERY,162111.0000,USD,2022-10-20T00:00:00Z,DEBIT,,"BenchRec production-derived, obfuscated source side B",639727205648,VOLERY 8412478666FP,ACC#00001,-162111.00,CR,2022-10-20,2022-10-21,BenchRec_cash_v1.0_train.csv,39834
VOLERY,91871.8000,USD,2022-12-18T00:00:00Z,CREDIT,,"BenchRec production-derived, obfuscated source side B",643312826726,VOLERY 3643306666FP,ACC#00001,91871.80,DR,2022-12-18,2022-12-19,BenchRec_cash_v1.0_train.csv,83465
VOLERY,382879.3600,USD,2022-12-16T00:00:00Z,CREDIT,,"BenchRec production-derived, obfuscated source side B",644409365639,VOLERY 3684836666FP,ACC#00001,382879.36,DR,2022-12-16,2022-12-17,BenchRec_cash_v1.0_train.csv,81916
VOLERY,24123.8000,USD,2022-11-24T00:00:00Z,CREDIT,,"BenchRec production-derived, obfuscated source side B",644699179381,VOLERY 8555987666FP,ACC#00001,24123.80,DR,2022-11-24,2022-11-25,BenchRec_cash_v1.0_train.csv,64689
VOLERY,6706786.4900,USD,2022-10-29T00:00:00Z,DEBIT,,"BenchRec production-derived, obfuscated source side B",644704553986,VOLERY 8492233666FP,ACC#00001,-6706786.49,CR,2022-10-29,2022-10-30,BenchRec_cash_v1.0_train.csv,46598
VOLERY,15827.8000,USD,2022-11-13T00:00:00Z,CREDIT,,"BenchRec production-derived, obfuscated source side B",645044282519,VOLERY 8504912666FP,ACC#00001,15827.80,DR,2022-11-13,2022-11-16,BenchRec_cash_v1.0_train.csv,57551
VOLERY,173718.6200,USD,2022-11-23T00:00:00Z,DEBIT,,"BenchRec production-derived, obfuscated source side B",645725327932,VOLERY 8550010666FP,ACC#00001,-173718.62,CR,2022-11-23,2022-11-24,BenchRec_cash_v1.0_train.csv,63536
VOLERY,46372.5600,USD,2022-10-02T00:00:00Z,CREDIT,,"BenchRec production-derived, obfuscated source side B",646006752599,VOLERY 8301163666FP,ACC#00001,46372.56,DR,2022-10-02,2022-10-03,BenchRec_cash_v1.0_train.csv,24247
VOLERY,2430996.1500,USD,2022-11-05T00:00:00Z,CREDIT,,"BenchRec production-derived, obfuscated source side B",646517424577,VOLERY 8234477666FP,ACC#00001,2430996.15,DR,2022-11-05,2022-11-06,BenchRec_cash_v1.0_train.csv,51875
V149706867832879,175328.0000,USD,2022-12-16T00:00:00Z,DEBIT,,"BenchRec production-derived, obfuscated source side B",646581558437,V149706867832879 5884666715VI,ACC#00001,-175328.00,CR,2022-12-16,2022-12-17,BenchRec_cash_v1.0_train.csv,81118
32566TO4NP,128700.9400,USD,2022-12-10T00:00:00Z,CREDIT,,"BenchRec production-derived, obfuscated source side B",648968414846,32566TO4NP 8115866717VI,ACC#00001,128700.94,DR,2022-12-10,2022-12-11,BenchRec_cash_v1.0_train.csv,77360
325746AL68790810,10361.0600,USD,2022-11-18T00:00:00Z,DEBIT,,"BenchRec production-derived, obfuscated source side B",64952322271,325746AL68790810 1232766706VI,ACC#00001,-10361.06,CR,2022-11-18,2022-11-19,BenchRec_cash_v1.0_train.csv,60375
63106454,4653000000.0000,USD,2022-09-22T00:00:00Z,DEBIT,,"BenchRec production-derived, obfuscated source side B",649884730958,63106454 3173266031VI,ACC#00001,-4653000000.00,CR,2022-09-22,2022-09-23,BenchRec_cash_v1.0_train.csv,13306
VOLERY,549490.8800,USD,2022-12-17T00:00:00Z,CREDIT,,"BenchRec production-derived, obfuscated source side B",650548695451,VOLERY 3633988666FP,ACC#00001,549490.88,DR,2022-12-17,2022-12-18,BenchRec_cash_v1.0_train.csv,82707
VOLERY,54222.7000,USD,2022-10-12T00:00:00Z,CREDIT,,"BenchRec production-derived, obfuscated source side B",651598531740,VOLERY 8328208666FP,ACC#00001,54222.70,DR,2022-10-12,2022-10-13,BenchRec_cash_v1.0_train.csv,32366
VIP9126666750365,67398254.6200,USD,2022-12-08T00:00:00Z,DEBIT,,"BenchRec production-derived, obfuscated source side B",653552431069,VIP9126666750365 8102266716FW,ACC#00001,-67398254.62,CR,2022-12-08,2022-12-09,BenchRec_cash_v1.0_train.csv,75814
VOLERY,477153.7700,USD,2022-09-24T00:00:00Z,CREDIT,,"BenchRec production-derived, obfuscated source side B",653628396105,VOLERY 8830549666FP,ACC#00001,477153.77,DR,2022-09-24,2022-09-25,BenchRec_cash_v1.0_train.csv,16357
32566AOU3X,33155.7500,USD,2022-10-08T00:00:00Z,CREDIT,,"BenchRec production-derived, obfuscated source side B",654566669563,32566AOU3X 9227166045VI,ACC#00001,33155.75,DR,2022-10-08,2022-10-09,BenchRec_cash_v1.0_train.csv,29745
32566TIEAF,23191.0100,USD,2022-11-19T00:00:00Z,CREDIT,,"BenchRec production-derived, obfuscated source side B",654689223851,32566TIEAF 8532966706VI,ACC#00001,23191.01,DR,2022-11-19,2022-11-20,BenchRec_cash_v1.0_train.csv,62231
32566ATT6M,188.2200,USD,2022-10-15T00:00:00Z,CREDIT,,"BenchRec production-derived, obfuscated source side B",655143977098,32566ATT6M 6490966023VI,ACC#00001,188.22,DR,2022-10-15,2022-10-16,BenchRec_cash_v1.0_train.csv,35746
IYO9126666758877,48536781.0000,USD,2022-12-17T00:00:00Z,CREDIT,,"BenchRec production-derived, obfuscated source side B",656663730904,IYO9126666758877 1243066719VI,ACC#00001,48536781.00,DR,2022-12-17,2022-12-18,BenchRec_cash_v1.0_train.csv,83099
VOLERY,10788500.0000,USD,2022-09-22T00:00:00Z,DEBIT,,"BenchRec production-derived, obfuscated source side B",657060547862,VOLERY 8817040666FP,ACC#00001,-10788500.00,CR,2022-09-22,2022-09-23,BenchRec_cash_v1.0_train.csv,12284
32566TR5MS,1320000.0000,USD,2022-12-18T00:00:00Z,CREDIT,,"BenchRec production-derived, obfuscated source side B",657240874391,32566TR5MS 3637266786VI,ACC#00001,1320000.00,DR,2022-12-18,2022-12-19,BenchRec_cash_v1.0_train.csv,83708
322746AL68134951,343030.1300,USD,2022-12-31T00:00:00Z,DEBIT,,"BenchRec production-derived, obfuscated source side B",657332585523,322746AL68134951 4302266737VI,ACC#00001,-343030.13,CR,2022-12-31,2023-01-01,BenchRec_cash_v1.0_train.csv,92699
322746AL68180360,107713.0200,USD,2022-11-19T00:00:00Z,DEBIT,,"BenchRec production-derived, obfuscated source side B",657810507539,322746AL68180360 8549966706VI,ACC#00001,-107713.02,CR,2022-11-19,2022-11-20,BenchRec_cash_v1.0_train.csv,61140
VOLERY,23229366.8800,USD,2022-09-25T00:00:00Z,DEBIT,,"BenchRec production-derived, obfuscated source side B",657922612434,VOLERY 8847410666FP,ACC#00001,-23229366.88,CR,2022-09-25,2022-09-27,BenchRec_cash_v1.0_train.csv,16645
VOLERY,1182948.0000,USD,2022-12-18T00:00:00Z,DEBIT,,"BenchRec production-derived, obfuscated source side B",658783550355,VOLERY 3644553666FP,ACC#00001,-1182948.00,CR,2022-12-18,2022-12-19,BenchRec_cash_v1.0_train.csv,83486
32566AL1LB,273441.0000,USD,2022-09-24T00:00:00Z,CREDIT,,"BenchRec production-derived, obfuscated source side B",661327332908,32566AL1LB 0665566038VI,ACC#00001,273441.00,DR,2022-09-24,2022-09-25,BenchRec_cash_v1.0_train.csv,15576
6111656U6H6E6L6J,22.4800,USD,2022-10-20T00:00:00Z,DEBIT,,"BenchRec production-derived, obfuscated source side B",661569489823,6111656U6H6E6L6J 3882766050VI,ACC#00001,-22.48,CR,2022-10-20,2022-10-21,BenchRec_cash_v1.0_train.csv,39839
VOLERY,828924.6600,USD,2022-10-22T00:00:00Z,DEBIT,,"BenchRec production-derived, obfuscated source side B",66203083387,VOLERY 8439271666FP,ACC#00001,-828924.66,CR,2022-10-22,2022-10-23,BenchRec_cash_v1.0_train.csv,41572
VOLERY,14971389.1300,USD,2022-09-29T00:00:00Z,CREDIT,,"BenchRec production-derived, obfuscated source side B",662540222085,VOLERY 8851569666FP,ACC#00001,14971389.13,DR,2022-09-29,2022-09-30,BenchRec_cash_v1.0_train.csv,19653
VOLERY,39828.9000,USD,2022-10-16T00:00:00Z,CREDIT,,"BenchRec production-derived, obfuscated source side B",66269034810,VOLERY 8403352666FP,ACC#00001,39828.90,DR,2022-10-16,2022-10-17,BenchRec_cash_v1.0_train.csv,37279
VOLERY,152244.7000,USD,2022-12-31T00:00:00Z,CREDIT,,"BenchRec production-derived, obfuscated source side B",662691769759,VOLERY 3081473666FP,ACC#00001,152244.70,DR,2022-12-31,2023-01-01,BenchRec_cash_v1.0_train.csv,92730
VOLERY,44828355.2200,USD,2022-09-29T00:00:00Z,DEBIT,,"BenchRec production-derived, obfuscated source side B",663313622793,VOLERY 8857961666FP,ACC#00001,-44828355.22,CR,2022-09-29,2022-09-30,BenchRec_cash_v1.0_train.csv,19464
VOLERY,26848.8200,USD,2022-10-27T00:00:00Z,DEBIT,,"BenchRec production-derived, obfuscated source side B",66393251054,VOLERY 8429469666FP,ACC#00001,-26848.82,CR,2022-10-27,2022-10-28,BenchRec_cash_v1.0_train.csv,45042
779756BW61899051,161596.7200,USD,2022-12-25T00:00:00Z,DEBIT,,"BenchRec production-derived, obfuscated source side B",664009622897,779756BW61899051 L-1201766784VI,ACC#00001,-161596.72,CR,2022-12-25,2022-12-26,BenchRec_cash_v1.0_train.csv,88983
VOLERY,115737.3300,USD,2022-12-10T00:00:00Z,CREDIT,,"BenchRec production-derived, obfuscated source side B",664653139771,VOLERY 3665288666FP,ACC#00001,115737.33,DR,2022-12-10,2022-12-11,BenchRec_cash_v1.0_train.csv,77445
VOLERY,256382.0600,USD,2022-11-23T00:00:00Z,CREDIT,,"BenchRec production-derived, obfuscated source side B",665301683715,VOLERY 8529189666FP,ACC#00001,256382.06,DR,2022-11-23,2022-11-24,BenchRec_cash_v1.0_train.csv,64090
VOLERY,9823859.8500,USD,2022-10-15T00:00:00Z,DEBIT,,"BenchRec production-derived, obfuscated source side B",665559921325,VOLERY 8463045666FP,ACC#00001,-9823859.85,CR,2022-10-15,2022-10-16,BenchRec_cash_v1.0_train.csv,36211
VOLERY,1617715.1400,USD,2022-12-25T00:00:00Z,CREDIT,,"BenchRec production-derived, obfuscated source side B",666012208893,VOLERY 3008313666FP,ACC#00001,1617715.14,DR,2022-12-25,2022-12-26,BenchRec_cash_v1.0_train.csv,88726
UVA9126666747886,1368694.0000,USD,2022-10-05T00:00:00Z,DEBIT,,"BenchRec production-derived, obfuscated source side B",667032022611,UVA9126666747886 3019166044MT,ACC#00001,-1368694.00,CR,2022-10-05,2022-10-06,BenchRec_cash_v1.0_train.csv,26206
322756AL61306914,193.3900,USD,2022-11-12T00:00:00Z,DEBIT,,"BenchRec production-derived, obfuscated source side B",667173544974,322756AL61306914 2911166768VI,ACC#00001,-193.39,CR,2022-11-12,2022-11-13,BenchRec_cash_v1.0_train.csv,56681
VOLERY,6829106.0600,USD,2022-12-10T00:00:00Z,DEBIT,,"BenchRec production-derived, obfuscated source side B",667304094992,VOLERY 3662220666FP,ACC#00001,-6829106.06,CR,2022-12-10,2022-12-11,BenchRec_cash_v1.0_train.csv,77707
60082756,60000000.0000,USD,2022-11-16T00:00:00Z,DEBIT,,"BenchRec production-derived, obfuscated source side B",667721271560,60082756 4754466765VI,ACC#00001,-60000000.00,CR,2022-11-16,2022-11-17,BenchRec_cash_v1.0_train.csv,57951
VOLERY,378719.3800,USD,2022-12-31T00:00:00Z,DEBIT,,"BenchRec production-derived, obfuscated source side B",668694908169,VOLERY 3083269666FP,ACC#00001,-378719.38,CR,2022-12-31,2023-01-01,BenchRec_cash_v1.0_train.csv,93517
VOLERY,22083.7000,USD,2022-12-07T00:00:00Z,DEBIT,,"BenchRec production-derived, obfuscated source side B",669570935952,VOLERY 8929838666FP,ACC#00001,-22083.70,CR,2022-12-07,2022-12-08,BenchRec_cash_v1.0_train.csv,74832
32566B413R,209008.1300,USD,2022-11-05T00:00:00Z,CREDIT,,"BenchRec production-derived, obfuscated source side B",670021156130,32566B413R 2423266094VI,ACC#00001,209008.13,DR,2022-11-05,2022-11-06,BenchRec_cash_v1.0_train.csv,51223
779756VU61897950,262565.8100,USD,2022-10-01T00:00:00Z,DEBIT,,"BenchRec production-derived, obfuscated source side B",670781634438,779756VU61897950 L-9591966040VI,ACC#00001,-262565.81,CR,2022-10-01,2022-10-02,BenchRec_cash_v1.0_train.csv,23474
URBD-2S9VU1,471000.0000,USD,2022-09-10T00:00:00Z,CREDIT,,"BenchRec production-derived, obfuscated source side B",671340294550,URBD-2S9VU1 3920266080VI,ACC#00001,471000.00,DR,2022-09-10,2022-09-11,BenchRec_cash_v1.0_train.csv,3573
32566TO2JG,8922.3400,USD,2022-12-10T00:00:00Z,CREDIT,,"BenchRec production-derived, obfuscated source side B",672130674539,32566TO2JG 8174866717VI,ACC#00001,8922.34,DR,2022-12-10,2022-12-11,BenchRec_cash_v1.0_train.csv,77353
VOLERY,44867.4000,USD,2022-12-17T00:00:00Z,DEBIT,,"BenchRec production-derived, obfuscated source side B",672426897684,VOLERY 3632347666FP,ACC#00001,-44867.40,CR,2022-12-17,2022-12-18,BenchRec_cash_v1.0_train.csv,82529
VOLERY,44806.6000,USD,2022-11-04T00:00:00Z,CREDIT,,"BenchRec production-derived, obfuscated source side B",672544197545,VOLERY 8283538666FP,ACC#00001,44806.60,DR,2022-11-04,2022-11-05,BenchRec_cash_v1.0_train.csv,50534
VOLERY,4396545.3900,USD,2022-09-18T00:00:00Z,DEBIT,,"BenchRec production-derived, obfuscated source side B",672996702558,VOLERY 8806509666FP,ACC#00001,-4396545.39,CR,2022-09-18,2022-09-19,BenchRec_cash_v1.0_train.csv,10200
322746AL68109580,173.6800,USD,2022-11-26T00:00:00Z,DEBIT,,"BenchRec production-derived, obfuscated source side B",673903249660,322746AL68109580 3042566702VI,ACC#00001,-173.68,CR,2022-11-26,2022-11-27,BenchRec_cash_v1.0_train.csv,66856
32566AMBFU,400.7000,USD,2022-09-23T00:00:00Z,CREDIT,,"BenchRec production-derived, obfuscated source side B",674413110212,32566AMBFU 9760466038VI,ACC#00001,400.70,DR,2022-09-23,2022-09-24,BenchRec_cash_v1.0_train.csv,13942
6N68656H6C6F656L,1325.4700,USD,2022-11-20T00:00:00Z,DEBIT,,"BenchRec production-derived, obfuscated source side B",674984251098,6N68656H6C6F656L 0693766707VI,ACC#00001,-1325.47,CR,2022-11-20,2022-11-21,BenchRec_cash_v1.0_train.csv,62756
VOLERY,68496.8200,USD,2022-11-11T00:00:00Z,CREDIT,,"BenchRec production-derived, obfuscated source side B",675279893068,VOLERY 8292131666FP,ACC#00001,68496.82,DR,2022-11-11,2022-11-12,BenchRec_cash_v1.0_train.csv,55390
VOLERY,1825195.8900,USD,2022-12-07T00:00:00Z,DEBIT,,"BenchRec production-derived, obfuscated source side B",675470259545,VOLERY 8922464666FP,ACC#00001,-1825195.89,CR,2022-12-07,2022-12-08,BenchRec_cash_v1.0_train.csv,74844
6D65656H6V696W6J,1728.3800,USD,2022-11-20T00:00:00Z,DEBIT,,"BenchRec production-derived, obfuscated source side B",676294415193,6D65656H6V696W6J 0155266707VI,ACC#00001,-1728.38,CR,2022-11-20,2022-11-21,BenchRec_cash_v1.0_train.csv,63001
VOLERY,44815.0100,USD,2022-10-27T00:00:00Z,DEBIT,,"BenchRec production-derived, obfuscated source side B",676493533138,VOLERY 8429475666FP,ACC#00001,-44815.01,CR,2022-10-27,2022-10-28,BenchRec_cash_v1.0_train.csv,44690
VOLERY,3193630.0000,USD,2022-11-16T00:00:00Z,CREDIT,,"BenchRec production-derived, obfuscated source side B",677203870217,VOLERY 8575731666FP,ACC#00001,3193630.00,DR,2022-11-16,2022-11-17,BenchRec_cash_v1.0_train.csv,58406
IRGG-2VAVS4,50.0000,USD,2022-12-16T00:00:00Z,CREDIT,,"BenchRec production-derived, obfuscated source side B",677306422061,IRGG-2VAVS4 9353566715VI,ACC#00001,50.00,DR,2022-12-16,2022-12-17,BenchRec_cash_v1.0_train.csv,82221
BRGU-2FPE1Y,16900000.0000,USD,2022-10-27T00:00:00Z,CREDIT,,"BenchRec production-derived, obfuscated source side B",678116358061,BRGU-2FPE1Y 8174866055VI,ACC#00001,16900000.00,DR,2022-10-27,2022-10-28,BenchRec_cash_v1.0_train.csv,44300
VOLERY,242686.9100,USD,2022-12-08T00:00:00Z,CREDIT,,"BenchRec production-derived, obfuscated source side B",678444177324,VOLERY 8952378666FP,ACC#00001,242686.91,DR,2022-12-08,2022-12-09,BenchRec_cash_v1.0_train.csv,75613
URBD-2COY99,390000.0000,USD,2022-09-15T00:00:00Z,CREDIT,,"BenchRec production-derived, obfuscated source side B",679278916876,URBD-2COY99 3053766084VI,ACC#00001,390000.00,DR,2022-09-15,2022-09-16,BenchRec_cash_v1.0_train.csv,6127
VOLERY,38557.0000,USD,2022-10-15T00:00:00Z,CREDIT,,"BenchRec production-derived, obfuscated source side B",679380156590,VOLERY 8468553666FP,ACC#00001,38557.00,DR,2022-10-15,2022-10-16,BenchRec_cash_v1.0_train.csv,36556
VOLERY,341.6500,USD,2022-11-04T00:00:00Z,DEBIT,,"BenchRec production-derived, obfuscated source side B",679931081886,VOLERY 7889766094MT,ACC#00001,-341.65,CR,2022-11-04,2022-11-05,BenchRec_cash_v1.0_train.csv,52718
VOLERY,93812.2600,USD,2022-10-15T00:00:00Z,CREDIT,,"BenchRec production-derived, obfuscated source side B",680138053163,VOLERY 8468539666FP,ACC#00001,93812.26,DR,2022-10-15,2022-10-16,BenchRec_cash_v1.0_train.csv,36680
VOLERY,344817.8800,USD,2022-11-02T00:00:00Z,CREDIT,,"BenchRec production-derived, obfuscated source side B",682086309419,VOLERY 8273551666FP,ACC#00001,344817.88,DR,2022-11-02,2022-11-03,BenchRec_cash_v1.0_train.csv,48234
V802087561013835,1230995.7300,USD,2022-12-24T00:00:00Z,DEBIT,,"BenchRec production-derived, obfuscated source side B",684139326271,V802087561013835 6429966784VI,ACC#00001,-1230995.73,CR,2022-12-24,2022-12-25,BenchRec_cash_v1.0_train.csv,87985
V337765566141002,918057.1000,USD,2022-09-23T00:00:00Z,DEBIT,,"BenchRec production-derived, obfuscated source side B",68447518270,V337765566141002 9405966038VI,ACC#00001,-918057.10,CR,2022-09-23,2022-09-24,BenchRec_cash_v1.0_train.csv,13363
V123836967216525,3623597.9000,USD,2022-09-16T00:00:00Z,CREDIT,,"BenchRec production-derived, obfuscated source side B",685614749459,V123836967216525 2403066082VI,ACC#00001,3623597.90,DR,2022-09-16,2022-09-17,BenchRec_cash_v1.0_train.csv,7546
VOLERY,1853800.0000,USD,2022-12-08T00:00:00Z,DEBIT,,"BenchRec production-derived, obfuscated source side B",68571105698,VOLERY 4025566716VI,ACC#00001,-1853800.00,CR,2022-12-08,2022-12-09,BenchRec_cash_v1.0_train.csv,75609
VOLERY,810000.0000,USD,2022-11-03T00:00:00Z,CREDIT,,"BenchRec production-derived, obfuscated source side B",685811745478,VOLERY 8213322666FP,ACC#00001,810000.00,DR,2022-11-03,2022-11-04,BenchRec_cash_v1.0_train.csv,50034
322756AL61894378,47758.7800,USD,2022-09-23T00:00:00Z,DEBIT,,"BenchRec production-derived, obfuscated source side B",686264458934,322756AL61894378 4234666031VI,ACC#00001,-47758.78,CR,2022-09-23,2022-09-24,BenchRec_cash_v1.0_train.csv,13485
322756AL61192470,67096.5500,USD,2022-12-10T00:00:00Z,DEBIT,,"BenchRec production-derived, obfuscated source side B",686809085407,322756AL61192470 8174266717VI,ACC#00001,-67096.55,CR,2022-12-10,2022-12-11,BenchRec_cash_v1.0_train.csv,77062
VOLERY,1611889.1900,USD,2022-12-22T00:00:00Z,CREDIT,,"BenchRec production-derived, obfuscated source side B",686817150282,VOLERY 3654741666FP,ACC#00001,1611889.19,DR,2022-12-22,2022-12-23,BenchRec_cash_v1.0_train.csv,85911
VOLERY,1850533.0000,USD,2022-11-10T00:00:00Z,CREDIT,,"BenchRec production-derived, obfuscated source side B",687346799076,VOLERY 8252126666FP,ACC#00001,1850533.00,DR,2022-11-10,2022-11-11,BenchRec_cash_v1.0_train.csv,54501
6)55656K6P66636R,5811.0700,USD,2022-09-25T00:00:00Z,DEBIT,,"BenchRec production-derived, obfuscated source side B",689063962083,6)55656K6P66636R 4986466034VI,ACC#00001,-5811.07,CR,2022-09-25,2022-09-27,BenchRec_cash_v1.0_train.csv,16466
VOLERY,3092324.2100,USD,2022-10-01T00:00:00Z,CREDIT,,"BenchRec production-derived, obfuscated source side B",690601193503,VOLERY 8368404666FP,ACC#00001,3092324.21,DR,2022-10-01,2022-10-02,BenchRec_cash_v1.0_train.csv,22954
ICHTHYIZATION,442929.6300,USD,2022-09-28T00:00:00Z,DEBIT,,"BenchRec production-derived, obfuscated source side B",690988006342,ICHTHYIZATION 0336269039WT,ACC#00001,-442929.63,CR,2022-09-28,2022-09-29,BenchRec_cash_v1.0_train.csv,18447
37266TUNDD,5940.3200,USD,2022-12-10T00:00:00Z,CREDIT,,"BenchRec production-derived, obfuscated source side B",692229616820,37266TUNDD 8265566717VI,ACC#00001,5940.32,DR,2022-12-10,2022-12-11,BenchRec_cash_v1.0_train.csv,78096
VOLERY,31127.3000,USD,2022-12-18T00:00:00Z,DEBIT,,"BenchRec production-derived, obfuscated source side B",692610356875,VOLERY 3644535666FP,ACC#00001,-31127.30,CR,2022-12-18,2022-12-19,BenchRec_cash_v1.0_train.csv,84087
V139516767034418,8179607.7000,USD,2022-12-15T00:00:00Z,DEBIT,,"BenchRec production-derived, obfuscated source side B",693293342193,V139516767034418 8497666712VI,ACC#00001,-8179607.70,CR,2022-12-15,2022-12-16,BenchRec_cash_v1.0_train.csv,81071
URBD-2I1GT9,572000.0000,USD,2022-10-06T00:00:00Z,CREDIT,,"BenchRec production-derived, obfuscated source side B",694878880570,URBD-2I1GT9 8804966042VI,ACC#00001,572000.00,DR,2022-10-06,2022-10-07,BenchRec_cash_v1.0_train.csv,27343
VOLERY,1586000000.0000,USD,2022-10-29T00:00:00Z,DEBIT,,"BenchRec production-derived, obfuscated source side B",696431990410,VOLERY 6665266096XY,ACC#00001,-1586000000.00,CR,2022-10-29,2022-10-30,BenchRec_cash_v1.0_train.csv,46413
P632735736313529,4654188379.0000,USD,2022-09-25T00:00:00Z,CREDIT,,"BenchRec production-derived, obfuscated source side B",697214853230,P632735736313529 4103166034VI,ACC#00001,4654188379.00,DR,2022-09-25,2022-09-27,BenchRec_cash_v1.0_train.csv,17583
322746MI68605253,242530.0000,USD,2022-09-23T00:00:00Z,DEBIT,,"BenchRec production-derived, obfuscated source side B",699172587268,322746MI68605253 9022266038VI,ACC#00001,-242530.00,CR,2022-09-23,2022-09-24,BenchRec_cash_v1.0_train.csv,14749
322746AL68181753,40011.5200,USD,2022-11-26T00:00:00Z,DEBIT,,"BenchRec production-derived, obfuscated source side B",699681602303,322746AL68181753 3024366702VI,ACC#00001,-40011.52,CR,2022-11-26,2022-11-27,BenchRec_cash_v1.0_train.csv,66630
V328942070217645,935022.3700,USD,2022-11-06T00:00:00Z,CREDIT,,"BenchRec production-derived, obfuscated source side B",699732786051,V328942070217645 7387366095VI,ACC#00001,935022.37,DR,2022-11-06,2022-11-07,BenchRec_cash_v1.0_train.csv,52751
VOLERY,1073400.0000,USD,2022-10-09T00:00:00Z,DEBIT,,"BenchRec production-derived, obfuscated source side B",700276761073,VOLERY 8344068666FP,ACC#00001,-1073400.00,CR,2022-10-09,2022-10-10,BenchRec_cash_v1.0_train.csv,30951
VOLERY,1024919.7100,USD,2022-10-13T00:00:00Z,CREDIT,,"BenchRec production-derived, obfuscated source side B",701550395594,VOLERY 8358861666FP,ACC#00001,1024919.71,DR,2022-10-13,2022-10-14,BenchRec_cash_v1.0_train.csv,34457
V764270066134496,1240000.0000,USD,2022-11-24T00:00:00Z,DEBIT,,"BenchRec production-derived, obfuscated source side B",703421485669,V764270066134496 9652166704VI,ACC#00001,-1240000.00,CR,2022-11-24,2022-11-25,BenchRec_cash_v1.0_train.csv,64793
VOLERY,56823.2600,USD,2022-12-09T00:00:00Z,DEBIT,,"BenchRec production-derived, obfuscated source side B",703644660965,VOLERY 8995570666FP,ACC#00001,-56823.26,CR,2022-12-09,2022-12-10,BenchRec_cash_v1.0_train.csv,76992
VOLERY,11908511.0000,USD,2022-10-19T00:00:00Z,DEBIT,,"BenchRec production-derived, obfuscated source side B",703899568918,VOLERY 8474277666FP,ACC#00001,-11908511.00,CR,2022-10-19,2022-10-20,BenchRec_cash_v1.0_train.csv,38314
URBD-2GREYB,3600000.0000,USD,2022-10-02T00:00:00Z,CREDIT,,"BenchRec production-derived, obfuscated source side B",706563278079,URBD-2GREYB 4678266041VI,ACC#00001,3600000.00,DR,2022-10-02,2022-10-03,BenchRec_cash_v1.0_train.csv,24675
VOLERY,34463.2900,USD,2022-12-10T00:00:00Z,CREDIT,,"BenchRec production-derived, obfuscated source side B",707463328888,VOLERY 3662706666FP,ACC#00001,34463.29,DR,2022-12-10,2022-12-11,BenchRec_cash_v1.0_train.csv,78052
VOLERY,6308977.5700,USD,2022-12-04T00:00:00Z,CREDIT,,"BenchRec production-derived, obfuscated source side B",707554595029,VOLERY 8945630666FP,ACC#00001,6308977.57,DR,2022-12-04,2022-12-05,BenchRec_cash_v1.0_train.csv,72865
VOLERY,4408111.7000,USD,2022-12-01T00:00:00Z,CREDIT,,"BenchRec production-derived, obfuscated source side B",707760432521,VOLERY 8915192666FP,ACC#00001,4408111.70,DR,2022-12-01,2022-12-02,BenchRec_cash_v1.0_train.csv,69702
VOLERY,118376.4000,USD,2022-10-15T00:00:00Z,DEBIT,,"BenchRec production-derived, obfuscated source side B",711452431009,VOLERY 8464319666FP,ACC#00001,-118376.40,CR,2022-10-15,2022-10-16,BenchRec_cash_v1.0_train.csv,36533
VOLERY,37960.4900,USD,2022-09-18T00:00:00Z,CREDIT,,"BenchRec production-derived, obfuscated source side B",712103931401,VOLERY 8865930666FP,ACC#00001,37960.49,DR,2022-09-18,2022-09-19,BenchRec_cash_v1.0_train.csv,9970
VOLERY,28559490.5000,USD,2022-10-06T00:00:00Z,CREDIT,,"BenchRec production-derived, obfuscated source side B",713155359443,VOLERY 8313895666FP,ACC#00001,28559490.50,DR,2022-10-06,2022-10-07,BenchRec_cash_v1.0_train.csv,26480
VOLERY,4010700.0000,USD,2022-12-04T00:00:00Z,CREDIT,,"BenchRec production-derived, obfuscated source side B",714090575053,VOLERY 8944055666FP,ACC#00001,4010700.00,DR,2022-12-04,2022-12-05,BenchRec_cash_v1.0_train.csv,73259
VOLERY,210000.0000,USD,2022-09-10T00:00:00Z,DEBIT,,"BenchRec production-derived, obfuscated source side B",715003472037,VOLERY 1629266080XD,ACC#00001,-210000.00,CR,2022-09-10,2022-09-11,BenchRec_cash_v1.0_train.csv,4479
32566AHTQH,169732.3800,USD,2022-10-01T00:00:00Z,CREDIT,,"BenchRec production-derived, obfuscated source side B",717100663162,32566AHTQH 9591466040VI,ACC#00001,169732.38,DR,2022-10-01,2022-10-02,BenchRec_cash_v1.0_train.csv,23986
VOLERY,14375243.4300,USD,2022-09-29T00:00:00Z,DEBIT,,"BenchRec production-derived, obfuscated source side B",717354670317,VOLERY 1922066046CQ,ACC#00001,-14375243.43,CR,2022-09-29,2022-09-30,BenchRec_cash_v1.0_train.csv,23867
VOLERY,1704000000.0000,USD,2022-12-15T00:00:00Z,DEBIT,,"BenchRec production-derived, obfuscated source side B",717708694747,VOLERY 6667366712XY,ACC#00001,-1704000000.00,CR,2022-12-15,2022-12-16,BenchRec_cash_v1.0_train.csv,81030
32566D5RY1,368368.8400,USD,2022-09-10T00:00:00Z,CREDIT,,"BenchRec production-derived, obfuscated source side B",717909123630,32566D5RY1 1209766086VI,ACC#00001,368368.84,DR,2022-09-10,2022-09-11,BenchRec_cash_v1.0_train.csv,3008
VOLERY,2064925.4300,USD,2022-10-21T00:00:00Z,CREDIT,,"BenchRec production-derived, obfuscated source side B",719380556767,VOLERY 8485515666FP,ACC#00001,2064925.43,DR,2022-10-21,2022-10-22,BenchRec_cash_v1.0_train.csv,40499
7084200729,240535258.5000,USD,2022-10-08T00:00:00Z,DEBIT,,"BenchRec production-derived, obfuscated source side B",720125591005,7084200729 1740366049VI,ACC#00001,-240535258.50,CR,2022-10-08,2022-10-09,BenchRec_cash_v1.0_train.csv,29808
T313073530516660,2577836.0000,USD,2022-09-25T00:00:00Z,CREDIT,,"BenchRec production-derived, obfuscated source side B",722646380878,T313073530516660 0673530516,ACC#00001,2577836.00,DR,2022-09-25,2022-09-27,BenchRec_cash_v1.0_train.csv,16415
VOLERY,123661.6200,USD,2022-12-08T00:00:00Z,CREDIT,,"BenchRec production-derived, obfuscated source side B",723721609285,VOLERY 8952308666FP,ACC#00001,123661.62,DR,2022-12-08,2022-12-09,BenchRec_cash_v1.0_train.csv,75497
T313055622586660,800000.0000,USD,2022-09-23T00:00:00Z,CREDIT,,"BenchRec production-derived, obfuscated source side B",726225163618,T313055622586660 0655622586,ACC#00001,800000.00,DR,2022-09-23,2022-09-24,BenchRec_cash_v1.0_train.csv,13902
V124349990616062,6589886.0500,USD,2022-09-30T00:00:00Z,CREDIT,,"BenchRec production-derived, obfuscated source side B",726335443029,V124349990616062 2676566040VI,ACC#00001,6589886.05,DR,2022-09-30,2022-10-01,BenchRec_cash_v1.0_train.csv,21314
VOLERY,676481.0000,USD,2022-11-23T00:00:00Z,CREDIT,,"BenchRec production-derived, obfuscated source side B",72687232561,VOLERY 8529181666FP,ACC#00001,676481.00,DR,2022-11-23,2022-11-24,BenchRec_cash_v1.0_train.csv,64153
V861809767033926,373906.0000,USD,2022-09-11T00:00:00Z,DEBIT,,"BenchRec production-derived, obfuscated source side B",729974045731,V861809767033926 5903666087VI,ACC#00001,-373906.00,CR,2022-09-11,2022-09-12,BenchRec_cash_v1.0_train.csv,4692
V889229966517437,1972000.0000,USD,2022-12-29T00:00:00Z,CREDIT,,"BenchRec production-derived, obfuscated source side B",729995904821,V889229966517437 9499066730VI,ACC#00001,1972000.00,DR,2022-12-29,2022-12-30,BenchRec_cash_v1.0_train.csv,90895
007786810-767-0,20970.0000,USD,2022-10-08T00:00:00Z,CREDIT,,"BenchRec production-derived, obfuscated source side B",730546381,007786810-767-0 7034666049VI,ACC#00001,20970.00,DR,2022-10-08,2022-10-09,BenchRec_cash_v1.0_train.csv,29250
VOLERY,219484.0600,USD,2022-12-18T00:00:00Z,CREDIT,,"BenchRec production-derived, obfuscated source side B",732841742773,VOLERY 3644310666FP,ACC#00001,219484.06,DR,2022-12-18,2022-12-19,BenchRec_cash_v1.0_train.csv,83490
V125354316218113,592586.9900,USD,2022-10-27T00:00:00Z,CREDIT,,"BenchRec production-derived, obfuscated source side B",732932892771,V125354316218113 7501166055VI,ACC#00001,592586.99,DR,2022-10-27,2022-10-28,BenchRec_cash_v1.0_train.csv,44841
322746AL68115445,61496.5200,USD,2022-11-06T00:00:00Z,DEBIT,,"BenchRec production-derived, obfuscated source side B",73306748076,322746AL68115445 0193866092VI,ACC#00001,-61496.52,CR,2022-11-06,2022-11-07,BenchRec_cash_v1.0_train.csv,52451
32566ALPHH,12306.0200,USD,2022-09-25T00:00:00Z,CREDIT,,"BenchRec production-derived, obfuscated source side B",733325140686,32566ALPHH 8264766033VI,ACC#00001,12306.02,DR,2022-09-25,2022-09-27,BenchRec_cash_v1.0_train.csv,17783
322746AL68185596,525816.3100,USD,2022-12-10T00:00:00Z,DEBIT,,"BenchRec production-derived, obfuscated source side B",734795847725,322746AL68185596 7892366710VI,ACC#00001,-525816.31,CR,2022-12-10,2022-12-11,BenchRec_cash_v1.0_train.csv,77220
VOLERY,8534706.6000,USD,2022-12-01T00:00:00Z,DEBIT,,"BenchRec production-derived, obfuscated source side B",735683216688,VOLERY 8912459666FP,ACC#00001,-8534706.60,CR,2022-12-01,2022-12-02,BenchRec_cash_v1.0_train.csv,70126
322756AL61367026,4570.6600,USD,2022-10-12T00:00:00Z,DEBIT,,"BenchRec production-derived, obfuscated source side B",736765159425,322756AL61367026 6961566021VI,ACC#00001,-4570.66,CR,2022-10-12,2022-10-13,BenchRec_cash_v1.0_train.csv,32196
2924566632957741,242168.9900,USD,2022-10-23T00:00:00Z,DEBIT,,"BenchRec production-derived, obfuscated source side B",737100521069,2924566632957741 3130366051VI,ACC#00001,-242168.99,CR,2022-10-23,2022-10-24,BenchRec_cash_v1.0_train.csv,43136
VOLERY,1278000.0000,USD,2022-09-23T00:00:00Z,CREDIT,,"BenchRec production-derived, obfuscated source side B",737605641804,VOLERY 8881065666FP,ACC#00001,1278000.00,DR,2022-09-23,2022-09-24,BenchRec_cash_v1.0_train.csv,14568
VOLERY,1617692.7700,USD,2022-09-21T00:00:00Z,CREDIT,,"BenchRec production-derived, obfuscated source side B",739315244651,VOLERY 8876496666FP,ACC#00001,1617692.77,DR,2022-09-21,2022-09-22,BenchRec_cash_v1.0_train.csv,11404
VOLERY,602080.9000,USD,2022-10-20T00:00:00Z,CREDIT,,"BenchRec production-derived, obfuscated source side B",739424640574,VOLERY 8413702666FP,ACC#00001,602080.90,DR,2022-10-20,2022-10-21,BenchRec_cash_v1.0_train.csv,39205
VOLERY,6600000.0000,USD,2022-10-14T00:00:00Z,CREDIT,,"BenchRec production-derived, obfuscated source side B",740768874790,VOLERY 8393207666FP,ACC#00001,6600000.00,DR,2022-10-14,2022-10-15,BenchRec_cash_v1.0_train.csv,35306
322746AL68189639,240452.3400,USD,2022-12-10T00:00:00Z,DEBIT,,"BenchRec production-derived, obfuscated source side B",743204679459,322746AL68189639 7368666710VI,ACC#00001,-240452.34,CR,2022-12-10,2022-12-11,BenchRec_cash_v1.0_train.csv,78027
V321435566841978,170341.7000,USD,2022-09-28T00:00:00Z,DEBIT,,"BenchRec production-derived, obfuscated source side B",743487394917,V321435566841978 9551866039VI,ACC#00001,-170341.70,CR,2022-09-28,2022-09-29,BenchRec_cash_v1.0_train.csv,18247
32566AGMV2,10252.5200,USD,2022-10-12T00:00:00Z,CREDIT,,"BenchRec production-derived, obfuscated source side B",745492883333,32566AGMV2 5192166027VI,ACC#00001,10252.52,DR,2022-10-12,2022-10-13,BenchRec_cash_v1.0_train.csv,32720
29266B59BD,4000000.0000,USD,2022-11-10T00:00:00Z,CREDIT,,"BenchRec production-derived, obfuscated source side B",746549241450,29266B59BD L-9282766767VI,ACC#00001,4000000.00,DR,2022-11-10,2022-11-11,BenchRec_cash_v1.0_train.csv,54506
VOLERY,50812602.2100,USD,2022-11-09T00:00:00Z,DEBIT,,"BenchRec production-derived, obfuscated source side B",746721037872,VOLERY 8222964666FP,ACC#00001,-50812602.21,CR,2022-11-09,2022-11-10,BenchRec_cash_v1.0_train.csv,53521
VOLERY,102550.1600,USD,2022-11-18T00:00:00Z,DEBIT,,"BenchRec production-derived, obfuscated source side B",746814162596,VOLERY 8582599666FP,ACC#00001,-102550.16,CR,2022-11-18,2022-11-19,BenchRec_cash_v1.0_train.csv,60103
VOLERY,176701.9300,USD,2022-12-11T00:00:00Z,CREDIT,,"BenchRec production-derived, obfuscated source side B",74764217688,VOLERY 3602748666FP,ACC#00001,176701.93,DR,2022-12-11,2022-12-12,BenchRec_cash_v1.0_train.csv,78303
322746AL68774578,16373841.6900,USD,2022-09-23T00:00:00Z,DEBIT,,"BenchRec production-derived, obfuscated source side B",750272725188,322746AL68774578 4275966031VI,ACC#00001,-16373841.69,CR,2022-09-23,2022-09-24,BenchRec_cash_v1.0_train.csv,14080
322756AL61859852,1212.0300,USD,2022-12-31T00:00:00Z,DEBIT,,"BenchRec production-derived, obfuscated source side B",750514628248,322756AL61859852 9130266731VI,ACC#00001,-1212.03,CR,2022-12-31,2023-01-01,BenchRec_cash_v1.0_train.csv,93015
VOLERY,3343499.4000,USD,2022-10-16T00:00:00Z,CREDIT,,"BenchRec production-derived, obfuscated source side B",750629139777,VOLERY 8404217666FP,ACC#00001,3343499.40,DR,2022-10-16,2022-10-17,BenchRec_cash_v1.0_train.csv,37506
VOLERY,40000000.0000,USD,2022-10-28T00:00:00Z,CREDIT,,"BenchRec production-derived, obfuscated source side B",750959907725,VOLERY 8455200666FP,ACC#00001,40000000.00,DR,2022-10-28,2022-10-29,BenchRec_cash_v1.0_train.csv,46059
V327511680216681,169552.9400,USD,2022-10-07T00:00:00Z,CREDIT,,"BenchRec production-derived, obfuscated source side B",750967587661,V327511680216681 4991966045VI,ACC#00001,169552.94,DR,2022-10-07,2022-10-08,BenchRec_cash_v1.0_train.csv,28206
VOLERY,5516820.0000,USD,2022-10-07T00:00:00Z,CREDIT,,"BenchRec production-derived, obfuscated source side B",751060880196,VOLERY 8383333666FP,ACC#00001,5516820.00,DR,2022-10-07,2022-10-08,BenchRec_cash_v1.0_train.csv,28317
VOLERY,26236.3100,USD,2022-10-14T00:00:00Z,CREDIT,,"BenchRec production-derived, obfuscated source side B",752455469165,VOLERY 8398897666FP,ACC#00001,26236.31,DR,2022-10-14,2022-10-15,BenchRec_cash_v1.0_train.csv,35404
VOLERY,303697.1200,USD,2022-10-09T00:00:00Z,CREDIT,,"BenchRec production-derived, obfuscated source side B",756676901517,VOLERY 8348498666FP,ACC#00001,303697.12,DR,2022-10-09,2022-10-10,BenchRec_cash_v1.0_train.csv,31115
VOLERY,110582.8300,USD,2022-10-01T00:00:00Z,CREDIT,,"BenchRec production-derived, obfuscated source side B",760097966463,VOLERY 8361652666FP,ACC#00001,110582.83,DR,2022-10-01,2022-10-02,BenchRec_cash_v1.0_train.csv,22773
VOLERY,41077614.7000,USD,2022-10-09T00:00:00Z,DEBIT,,"BenchRec production-derived, obfuscated source side B",760863234221,VOLERY 8343687666FP,ACC#00001,-41077614.70,CR,2022-10-09,2022-10-10,BenchRec_cash_v1.0_train.csv,30968
V407054507710157,516510.8000,USD,2022-10-12T00:00:00Z,CREDIT,,"BenchRec production-derived, obfuscated source side B",761560709519,V407054507710157 6955866021VI,ACC#00001,516510.80,DR,2022-10-12,2022-10-13,BenchRec_cash_v1.0_train.csv,33107
32566TR2QP,1320000.0000,USD,2022-12-18T00:00:00Z,CREDIT,,"BenchRec production-derived, obfuscated source side B",761992663723,32566TR2QP 3632266786VI,ACC#00001,1320000.00,DR,2022-12-18,2022-12-19,BenchRec_cash_v1.0_train.csv,83972
VOLERY,48822.4200,USD,2022-10-26T00:00:00Z,CREDIT,,"BenchRec production-derived, obfuscated source side B",762647650933,VOLERY 8445868666FP,ACC#00001,48822.42,DR,2022-10-26,2022-10-27,BenchRec_cash_v1.0_train.csv,42947
P678761066273149,2797210422.0000,USD,2022-11-27T00:00:00Z,CREDIT,,"BenchRec production-derived, obfuscated source side B",765153892882,P678761066273149 9208466709VI,ACC#00001,2797210422.00,DR,2022-11-27,2022-11-28,BenchRec_cash_v1.0_train.csv,67856
VOLERY,2689.5600,USD,2022-10-23T00:00:00Z,DEBIT,,"BenchRec production-derived, obfuscated source side B",765175234901,VOLERY 0032866058CQ,ACC#00001,-2689.56,CR,2022-10-23,2022-10-24,BenchRec_cash_v1.0_train.csv,131538
VOLERY,5400000.0000,USD,2022-10-07T00:00:00Z,CREDIT,,"BenchRec production-derived, obfuscated source side B",7659487793,VOLERY 8383896666FP,ACC#00001,5400000.00,DR,2022-10-07,2022-10-08,BenchRec_cash_v1.0_train.csv,27992
32566AD1WK,8100.0000,USD,2022-10-19T00:00:00Z,CREDIT,,"BenchRec production-derived, obfuscated source side B",766495385335,32566AD1WK 5510666022VI,ACC#00001,8100.00,DR,2022-10-19,2022-10-20,BenchRec_cash_v1.0_train.csv,39121
VOLERY,4644697.4300,USD,2022-11-27T00:00:00Z,DEBIT,,"BenchRec production-derived, obfuscated source side B",766642843771,VOLERY 6011266709VI,ACC#00001,-4644697.43,CR,2022-11-27,2022-11-28,BenchRec_cash_v1.0_train.csv,67781
VOLERY,158644.1300,USD,2022-11-27T00:00:00Z,CREDIT,,"BenchRec production-derived, obfuscated source side B",766829654539,VOLERY 8902596666FP,ACC#00001,158644.13,DR,2022-11-27,2022-11-28,BenchRec_cash_v1.0_train.csv,67472
P6587022714066,191139257.0000,USD,2022-10-16T00:00:00Z,CREDIT,,"BenchRec production-derived, obfuscated source side B",767413450093,P6587022714066 4749366022VI,ACC#00001,191139257.00,DR,2022-10-16,2022-10-17,BenchRec_cash_v1.0_train.csv,37532
32566TAF3C,2466.1300,USD,2022-12-25T00:00:00Z,CREDIT,,"BenchRec production-derived, obfuscated source side B",767612771607,32566TAF3C 1220866784VI,ACC#00001,2466.13,DR,2022-12-25,2022-12-26,BenchRec_cash_v1.0_train.csv,88953
VOLERY,54179923.2000,USD,2022-10-02T00:00:00Z,CREDIT,,"BenchRec production-derived, obfuscated source side B",76807180700,VOLERY 8308477666FP,ACC#00001,54179923.20,DR,2022-10-02,2022-10-03,BenchRec_cash_v1.0_train.csv,25025
VOLERY,1712.0400,USD,2022-12-15T00:00:00Z,DEBIT,,"BenchRec production-derived, obfuscated source side B",769811027711,VOLERY 3615345666FP,ACC#00001,-1712.04,CR,2022-12-15,2022-12-16,BenchRec_cash_v1.0_train.csv,80582
VOLERY,2226684.3500,USD,2022-11-27T00:00:00Z,CREDIT,,"BenchRec production-derived, obfuscated source side B",770033504300,VOLERY 8909717666FP,ACC#00001,2226684.35,DR,2022-11-27,2022-11-28,BenchRec_cash_v1.0_train.csv,67593
VOLERY,777871.3300,USD,2022-10-09T00:00:00Z,DEBIT,,"BenchRec production-derived, obfuscated source side B",771487546932,VOLERY 8348950666FP,ACC#00001,-777871.33,CR,2022-10-09,2022-10-10,BenchRec_cash_v1.0_train.csv,30758
VOLERY,2228688.8300,USD,2022-11-20T00:00:00Z,CREDIT,,"BenchRec production-derived, obfuscated source side B",772341241181,VOLERY 8549193666FP,ACC#00001,2228688.83,DR,2022-11-20,2022-11-21,BenchRec_cash_v1.0_train.csv,62915
VOLERY,437261.8600,USD,2022-11-25T00:00:00Z,DEBIT,,"BenchRec production-derived, obfuscated source side B",77288902285,VOLERY 8595915666FP,ACC#00001,-437261.86,CR,2022-11-25,2022-11-26,BenchRec_cash_v1.0_train.csv,65103
VOLERY,50280.2000,USD,2022-09-11T00:00:00Z,CREDIT,,"BenchRec production-derived, obfuscated source side B",773741551727,VOLERY 8142855666FP,ACC#00001,50280.20,DR,2022-09-11,2022-09-12,BenchRec_cash_v1.0_train.csv,4525
VOLERY,5200000.0000,USD,2022-12-30T00:00:00Z,DEBIT,,"BenchRec production-derived, obfuscated source side B",77568804592,VOLERY 3018126666FP,ACC#00001,-5200000.00,CR,2022-12-30,2022-12-31,BenchRec_cash_v1.0_train.csv,91805
32566B41BO,52322.5500,USD,2022-11-05T00:00:00Z,CREDIT,,"BenchRec production-derived, obfuscated source side B",776975547942,32566B41BO 2443566094VI,ACC#00001,52322.55,DR,2022-11-05,2022-11-06,BenchRec_cash_v1.0_train.csv,51202
ZYRENIAN,2845774.6000,USD,2022-12-08T00:00:00Z,DEBIT,,"BenchRec production-derived, obfuscated source side B",780483532209,ZYRENIAN 7892266716XD,ACC#00001,-2845774.60,CR,2022-12-08,2022-12-09,BenchRec_cash_v1.0_train.csv,75771
P642571710312612,3248140984.0000,USD,2022-10-05T00:00:00Z,CREDIT,,"BenchRec production-derived, obfuscated source side B",781133526797,P642571710312612 9119266044VI,ACC#00001,3248140984.00,DR,2022-10-05,2022-10-06,BenchRec_cash_v1.0_train.csv,25397
VOLERY,1242000000.0000,USD,2022-10-23T00:00:00Z,DEBIT,,"BenchRec production-derived, obfuscated source side B",782253280405,VOLERY 6607466058XY,ACC#00001,-1242000000.00,CR,2022-10-23,2022-10-24,BenchRec_cash_v1.0_train.csv,42481
32566AHTKH,77971.9000,USD,2022-10-01T00:00:00Z,CREDIT,,"BenchRec production-derived, obfuscated source side B",782655465043,32566AHTKH 9555766040VI,ACC#00001,77971.90,DR,2022-10-01,2022-10-02,BenchRec_cash_v1.0_train.csv,23894
VOLERY,1624284.4300,USD,2022-12-10T00:00:00Z,CREDIT,,"BenchRec production-derived, obfuscated source side B",782908052604,VOLERY 3662781666FP,ACC#00001,1624284.43,DR,2022-12-10,2022-12-11,BenchRec_cash_v1.0_train.csv,77769
V124731616379234,4000000.0000,USD,2022-09-25T00:00:00Z,CREDIT,,"BenchRec production-derived, obfuscated source side B",784002770596,V124731616379234 3247266034VI,ACC#00001,4000000.00,DR,2022-09-25,2022-09-27,BenchRec_cash_v1.0_train.csv,17481
VOLERY,3470000.0000,USD,2022-12-29T00:00:00Z,CREDIT,,"BenchRec production-derived, obfuscated source side B",7862246048,VOLERY 3073467666FP,ACC#00001,3470000.00,DR,2022-12-29,2022-12-30,BenchRec_cash_v1.0_train.csv,89757
912DIP793746,95400.2000,USD,2022-09-16T00:00:00Z,CREDIT,,"BenchRec production-derived, obfuscated source side B",786293048525,912DIP793746 L-5566066082VI,ACC#00001,95400.20,DR,2022-09-16,2022-09-17,BenchRec_cash_v1.0_train.csv,8382
VOLERY,3216560.0000,USD,2022-09-22T00:00:00Z,CREDIT,,"BenchRec production-derived, obfuscated source side B",786466257311,VOLERY 8810307666FP,ACC#00001,3216560.00,DR,2022-09-22,2022-09-23,BenchRec_cash_v1.0_train.csv,12346
UVA9126666748676,683802220.0000,USD,2022-10-09T00:00:00Z,DEBIT,,"BenchRec production-derived, obfuscated source side B",786670484566,UVA9126666748676 6208966026FW,ACC#00001,-683802220.00,CR,2022-10-09,2022-10-10,BenchRec_cash_v1.0_train.csv,31110
LUNY3E6666JOQG7U,63580.0000,USD,2022-10-29T00:00:00Z,DEBIT,,"BenchRec production-derived, obfuscated source side B",787390846396,LUNY3E6666JOQG7U 7596666096XD,ACC#00001,-63580.00,CR,2022-10-29,2022-10-30,BenchRec_cash_v1.0_train.csv,46881
VOLERY,163205.7100,USD,2022-09-29T00:00:00Z,DEBIT,,"BenchRec production-derived, obfuscated source side B",788427784974,VOLERY 8857590666FP,ACC#00001,-163205.71,CR,2022-09-29,2022-09-30,BenchRec_cash_v1.0_train.csv,20589
VOLERY,43894.4900,USD,2022-10-30T00:00:00Z,DEBIT,,"BenchRec production-derived, obfuscated source side B",789991269314,VOLERY 8265405666FP,ACC#00001,-43894.49,CR,2022-10-30,2022-10-31,BenchRec_cash_v1.0_train.csv,47390
TRANSILLUMINATOR,8478699.8700,USD,2022-10-28T00:00:00Z,DEBIT,,"BenchRec production-derived, obfuscated source side B",790860861734,TRANSILLUMINATOR 2974866059VI,ACC#00001,-8478699.87,CR,2022-10-28,2022-10-29,BenchRec_cash_v1.0_train.csv,45733
VOLERY,2856462.5700,USD,2022-09-21T00:00:00Z,DEBIT,,"BenchRec production-derived, obfuscated source side B",7916763951,VOLERY 8876581666FP,ACC#00001,-2856462.57,CR,2022-09-21,2022-09-22,BenchRec_cash_v1.0_train.csv,11193
V919489066411034,55070000.0000,USD,2022-10-26T00:00:00Z,CREDIT,,"BenchRec production-derived, obfuscated source side B",792540004222,V919489066411034 9740466052VI,ACC#00001,55070000.00,DR,2022-10-26,2022-10-27,BenchRec_cash_v1.0_train.csv,43517
322746AL68105764,1819.0800,USD,2022-10-08T00:00:00Z,DEBIT,,"BenchRec production-derived, obfuscated source side B",794366224869,322746AL68105764 7383666049VI,ACC#00001,-1819.08,CR,2022-10-08,2022-10-09,BenchRec_cash_v1.0_train.csv,29776
VOLERY,31819211.8500,USD,2022-12-14T00:00:00Z,DEBIT,,"BenchRec production-derived, obfuscated source side B",794893639026,VOLERY 3672299666FP,ACC#00001,-31819211.85,CR,2022-12-14,2022-12-15,BenchRec_cash_v1.0_train.csv,79604
VOLERY,3213299.8200,USD,2022-11-02T00:00:00Z,DEBIT,,"BenchRec production-derived, obfuscated source side B",795183757414,VOLERY 8274620666FP,ACC#00001,-3213299.82,CR,2022-11-02,2022-11-03,BenchRec_cash_v1.0_train.csv,49140
32566AL82D,505730.8000,USD,2022-09-24T00:00:00Z,CREDIT,,"BenchRec production-derived, obfuscated source side B",796338101474,32566AL82D 0676866038VI,ACC#00001,505730.80,DR,2022-09-24,2022-09-25,BenchRec_cash_v1.0_train.csv,16027
VOLERY,203120.9700,USD,2022-10-30T00:00:00Z,CREDIT,,"BenchRec production-derived, obfuscated source side B",796555810276,VOLERY 8265704666FP,ACC#00001,203120.97,DR,2022-10-30,2022-10-31,BenchRec_cash_v1.0_train.csv,47379
VOLERY,85009.0000,USD,2022-09-17T00:00:00Z,CREDIT,,"BenchRec production-derived, obfuscated source side B",798685920199,VOLERY 8195022666FP,ACC#00001,85009.00,DR,2022-09-17,2022-09-18,BenchRec_cash_v1.0_train.csv,9580
322756AL61893890,127.1700,USD,2022-09-28T00:00:00Z,DEBIT,,"BenchRec production-derived, obfuscated source side B",799383476379,322756AL61893890 6127666039VI,ACC#00001,-127.17,CR,2022-09-28,2022-09-29,BenchRec_cash_v1.0_train.csv,18309
VOLERY,179689.4000,USD,2022-10-09T00:00:00Z,CREDIT,,"BenchRec production-derived, obfuscated source side B",799497025854,VOLERY 8348261666FP,ACC#00001,179689.40,DR,2022-10-09,2022-10-10,BenchRec_cash_v1.0_train.csv,30617
VOLERY,10895900.0000,USD,2022-11-18T00:00:00Z,CREDIT,,"BenchRec production-derived, obfuscated source side B",799879344776,VOLERY 8584017666FP,ACC#00001,10895900.00,DR,2022-11-18,2022-11-19,BenchRec_cash_v1.0_train.csv,60037
MOWE696965-66089,739645.5400,USD,2022-12-30T00:00:00Z,CREDIT,,"BenchRec production-derived, obfuscated source side B",799902902630,MOWE696965-66089 4166066737VI,ACC#00001,739645.54,DR,2022-12-30,2022-12-31,BenchRec_cash_v1.0_train.csv,91882
912DIP237246,63707.7300,USD,2022-09-16T00:00:00Z,CREDIT,,"BenchRec production-derived, obfuscated source side B",803358374960,912DIP237246 5560466082VI,ACC#00001,63707.73,DR,2022-09-16,2022-09-17,BenchRec_cash_v1.0_train.csv,7799
V586128967479238,45808000.0000,USD,2022-10-16T00:00:00Z,CREDIT,,"BenchRec production-derived, obfuscated source side B",803503696503,V586128967479238 3249166022VI,ACC#00001,45808000.00,DR,2022-10-16,2022-10-17,BenchRec_cash_v1.0_train.csv,37240
URBD-2AOQHT,2700000.0000,USD,2022-12-29T00:00:00Z,CREDIT,,"BenchRec production-derived, obfuscated source side B",803890158278,URBD-2AOQHT 0863966730VI,ACC#00001,2700000.00,DR,2022-12-29,2022-12-30,BenchRec_cash_v1.0_train.csv,90580
VOLERY,437261.0000,USD,2022-12-02T00:00:00Z,CREDIT,,"BenchRec production-derived, obfuscated source side B",804838445904,VOLERY 8985074666FP,ACC#00001,437261.00,DR,2022-12-02,2022-12-03,BenchRec_cash_v1.0_train.csv,70819
VOLERY,3077583.0700,USD,2022-09-16T00:00:00Z,CREDIT,,"BenchRec production-derived, obfuscated source side B",805911906540,VOLERY 8152909666FP,ACC#00001,3077583.07,DR,2022-09-16,2022-09-17,BenchRec_cash_v1.0_train.csv,7721
VOLERY,4689930.3000,USD,2022-10-27T00:00:00Z,DEBIT,,"BenchRec production-derived, obfuscated source side B",806603777693,VOLERY 8425488666FP,ACC#00001,-4689930.30,CR,2022-10-27,2022-10-28,BenchRec_cash_v1.0_train.csv,44868
VOLERY,15170355.7900,USD,2022-12-04T00:00:00Z,CREDIT,,"BenchRec production-derived, obfuscated source side B",807077051375,VOLERY 8945619666FP,ACC#00001,15170355.79,DR,2022-12-04,2022-12-05,BenchRec_cash_v1.0_train.csv,73374
VOLERY,2083805.7000,USD,2022-10-29T00:00:00Z,DEBIT,,"BenchRec production-derived, obfuscated source side B",807491888736,VOLERY 8495934666FP,ACC#00001,-2083805.70,CR,2022-10-29,2022-10-30,BenchRec_cash_v1.0_train.csv,46492
VOLERY,512977.9800,USD,2022-09-29T00:00:00Z,DEBIT,,"BenchRec production-derived, obfuscated source side B",810929234719,VOLERY 8858786666FP,ACC#00001,-512977.98,CR,2022-09-29,2022-09-30,BenchRec_cash_v1.0_train.csv,20374
VOLERY,337039.7100,USD,2022-10-07T00:00:00Z,CREDIT,,"BenchRec production-derived, obfuscated source side B",813017002366,VOLERY 8388023666FP,ACC#00001,337039.71,DR,2022-10-07,2022-10-08,BenchRec_cash_v1.0_train.csv,28702
VOLERY,2188345.5000,USD,2022-12-22T00:00:00Z,DEBIT,,"BenchRec production-derived, obfuscated source side B",814098360650,VOLERY 1293866788CQ,ACC#00001,-2188345.50,CR,2022-12-22,2022-12-23,BenchRec_cash_v1.0_train.csv,86011
VOLERY,2189464.8900,USD,2022-12-21T00:00:00Z,DEBIT,,"BenchRec production-derived, obfuscated source side B",814352265899,VOLERY 3623505666FP,ACC#00001,-2189464.89,CR,2022-12-21,2022-12-22,BenchRec_cash_v1.0_train.csv,84630
32566ALP08,8829.0000,USD,2022-09-25T00:00:00Z,CREDIT,,"BenchRec production-derived, obfuscated source side B",8146257156,32566ALP08 8493066033VI,ACC#00001,8829.00,DR,2022-09-25,2022-09-27,BenchRec_cash_v1.0_train.csv,16877
ZYRENIAN,20617414.0800,USD,2022-10-01T00:00:00Z,DEBIT,,"BenchRec production-derived, obfuscated source side B",815307897565,ZYRENIAN 7502866047XD,ACC#00001,-20617414.08,CR,2022-10-01,2022-10-02,BenchRec_cash_v1.0_train.csv,22826
VOLERY,38985570.0000,USD,2022-12-01T00:00:00Z,CREDIT,,"BenchRec production-derived, obfuscated source side B",816251248123,VOLERY 8915143666FP,ACC#00001,38985570.00,DR,2022-12-01,2022-12-02,BenchRec_cash_v1.0_train.csv,69993
VOLERY,4484986.1000,USD,2022-09-10T00:00:00Z,DEBIT,,"BenchRec production-derived, obfuscated source side B",816953418549,VOLERY 8132581666FP,ACC#00001,-4484986.10,CR,2022-09-10,2022-09-11,BenchRec_cash_v1.0_train.csv,3416
69146121,3414000000.0000,USD,2022-10-23T00:00:00Z,DEBIT,,"BenchRec production-derived, obfuscated source side B",819373598361,69146121 2336466058VI,ACC#00001,-3414000000.00,CR,2022-10-23,2022-10-24,BenchRec_cash_v1.0_train.csv,42510
VOLERY,53930.1700,USD,2022-11-03T00:00:00Z,CREDIT,,"BenchRec production-derived, obfuscated source side B",821272170309,VOLERY 8213418666FP,ACC#00001,53930.17,DR,2022-11-03,2022-11-04,BenchRec_cash_v1.0_train.csv,49579
VOLERY,34132298.5100,USD,2022-10-08T00:00:00Z,CREDIT,,"BenchRec production-derived, obfuscated source side B",822317838268,VOLERY 8333266666FP,ACC#00001,34132298.51,DR,2022-10-08,2022-10-09,BenchRec_cash_v1.0_train.csv,29799
VOLERY,465000.0000,USD,2022-09-25T00:00:00Z,DEBIT,,"BenchRec production-derived, obfuscated source side B",822629432547,VOLERY 5685466033MT,ACC#00001,-465000.00,CR,2022-09-25,2022-09-27,BenchRec_cash_v1.0_train.csv,17707
VOLERY,5334300.0000,USD,2022-11-09T00:00:00Z,DEBIT,,"BenchRec production-derived, obfuscated source side B",823133553347,VOLERY 8222970666FP,ACC#00001,-5334300.00,CR,2022-11-09,2022-11-10,BenchRec_cash_v1.0_train.csv,53415
VOLERY,25189703.7700,USD,2022-11-12T00:00:00Z,DEBIT,,"BenchRec production-derived, obfuscated source side B",823857341618,VOLERY 8562320666FP,ACC#00001,-25189703.77,CR,2022-11-12,2022-11-13,BenchRec_cash_v1.0_train.csv,56075
32566TVB0I,937.9600,USD,2022-11-17T00:00:00Z,CREDIT,,"BenchRec production-derived, obfuscated source side B",824065864035,32566TVB0I 9466766769VI,ACC#00001,937.96,DR,2022-11-17,2022-11-18,BenchRec_cash_v1.0_train.csv,59241
VOLERY,4965106.2100,USD,2022-09-16T00:00:00Z,CREDIT,,"BenchRec production-derived, obfuscated source side B",824238177093,VOLERY 8159022666FP,ACC#00001,4965106.21,DR,2022-09-16,2022-09-17,BenchRec_cash_v1.0_train.csv,8276
VOLERY,34825.7000,USD,2022-11-27T00:00:00Z,CREDIT,,"BenchRec production-derived, obfuscated source side B",824456088206,VOLERY 8902911666FP,ACC#00001,34825.70,DR,2022-11-27,2022-11-28,BenchRec_cash_v1.0_train.csv,67694
VOLERY,7458772.6500,USD,2022-09-22T00:00:00Z,DEBIT,,"BenchRec production-derived, obfuscated source side B",825326330158,VOLERY 8817627666FP,ACC#00001,-7458772.65,CR,2022-09-22,2022-09-23,BenchRec_cash_v1.0_train.csv,13234
322746AL68118214,526708.8200,USD,2022-10-22T00:00:00Z,DEBIT,,"BenchRec production-derived, obfuscated source side B",825748603495,322746AL68118214 0300266057VI,ACC#00001,-526708.82,CR,2022-10-22,2022-10-23,BenchRec_cash_v1.0_train.csv,42649
32566D9OIK,4495.3000,USD,2022-09-11T00:00:00Z,CREDIT,,"BenchRec production-derived, obfuscated source side B",826153179997,32566D9OIK 9655466087VI,ACC#00001,4495.30,DR,2022-09-11,2022-09-12,BenchRec_cash_v1.0_train.csv,4929
37266APE76,51676.3300,USD,2022-10-09T00:00:00Z,CREDIT,,"BenchRec production-derived, obfuscated source side B",82707789034,37266APE76 8089766049VI,ACC#00001,51676.33,DR,2022-10-09,2022-10-10,BenchRec_cash_v1.0_train.csv,30509
32566AHKBQ,399.6800,USD,2022-09-30T00:00:00Z,CREDIT,,"BenchRec production-derived, obfuscated source side B",82717890546,32566AHKBQ 2973866040VI,ACC#00001,399.68,DR,2022-09-30,2022-10-01,BenchRec_cash_v1.0_train.csv,20970
VOLERY,469212.0900,USD,2022-10-12T00:00:00Z,DEBIT,,"BenchRec production-derived, obfuscated source side B",829168652333,VOLERY 8324088666FP,ACC#00001,-469212.09,CR,2022-10-12,2022-10-13,BenchRec_cash_v1.0_train.csv,33292
VOLERY,2351171.6900,USD,2022-11-12T00:00:00Z,DEBIT,,"BenchRec production-derived, obfuscated source side B",831354800372,VOLERY 8565221666FP,ACC#00001,-2351171.69,CR,2022-11-12,2022-11-13,BenchRec_cash_v1.0_train.csv,55702
VOLERY,6248038.9300,USD,2022-12-22T00:00:00Z,CREDIT,,"BenchRec production-derived, obfuscated source side B",832097553132,VOLERY 3652740666FP,ACC#00001,6248038.93,DR,2022-12-22,2022-12-23,BenchRec_cash_v1.0_train.csv,85746
VOLERY,4337507.4000,USD,2022-12-22T00:00:00Z,CREDIT,,"BenchRec production-derived, obfuscated source side B",832915936259,VOLERY 3654748666FP,ACC#00001,4337507.40,DR,2022-12-22,2022-12-23,BenchRec_cash_v1.0_train.csv,85776
VOLERY,2229540.7500,USD,2022-09-11T00:00:00Z,DEBIT,,"BenchRec production-derived, obfuscated source side B",833337306097,VOLERY 8145932666FP,ACC#00001,-2229540.75,CR,2022-09-11,2022-09-12,BenchRec_cash_v1.0_train.csv,4587
VOLERY,5054756.5100,USD,2022-11-05T00:00:00Z,CREDIT,,"BenchRec production-derived, obfuscated source side B",833452334840,VOLERY 8235794666FP,ACC#00001,5054756.51,DR,2022-11-05,2022-11-06,BenchRec_cash_v1.0_train.csv,51416
V275300360235364,13311507.9000,USD,2022-10-12T00:00:00Z,DEBIT,,"BenchRec production-derived, obfuscated source side B",833565266699,V275300360235364 0100866021VI,ACC#00001,-13311507.90,CR,2022-10-12,2022-10-13,BenchRec_cash_v1.0_train.csv,31897
VOLERY,2031305.6000,USD,2022-09-16T00:00:00Z,CREDIT,,"BenchRec production-derived, obfuscated source side B",83633797641,VOLERY 8152914666FP,ACC#00001,2031305.60,DR,2022-09-16,2022-09-17,BenchRec_cash_v1.0_train.csv,7782
VOLERY,19684.1700,USD,2022-10-14T00:00:00Z,DEBIT,,"BenchRec production-derived, obfuscated source side B",836552691169,VOLERY 8394692666FP,ACC#00001,-19684.17,CR,2022-10-14,2022-10-15,BenchRec_cash_v1.0_train.csv,34946
VOLERY,736730.0000,USD,2022-10-28T00:00:00Z,DEBIT,,"BenchRec production-derived, obfuscated source side B",837719103320,VOLERY 8459690666FP,ACC#00001,-736730.00,CR,2022-10-28,2022-10-29,BenchRec_cash_v1.0_train.csv,46146
VOLERY,34217004.0000,USD,2022-11-10T00:00:00Z,CREDIT,,"BenchRec production-derived, obfuscated source side B",839043466687,VOLERY 8255446666FP,ACC#00001,34217004.00,DR,2022-11-10,2022-11-11,BenchRec_cash_v1.0_train.csv,54820
VOLERY,70447.2900,USD,2022-11-25T00:00:00Z,DEBIT,,"BenchRec production-derived, obfuscated source side B",839852411129,VOLERY 8599968666FP,ACC#00001,-70447.29,CR,2022-11-25,2022-11-26,BenchRec_cash_v1.0_train.csv,70831
VOLERY,1045817.7900,USD,2022-11-30T00:00:00Z,CREDIT,,"BenchRec production-derived, obfuscated source side B",841435295554,VOLERY 8975906666FP,ACC#00001,1045817.79,DR,2022-11-30,2022-12-01,BenchRec_cash_v1.0_train.csv,68709
VOLERY,32859895.6400,USD,2022-09-16T00:00:00Z,CREDIT,,"BenchRec production-derived, obfuscated source side B",843688059047,VOLERY 8159055666FP,ACC#00001,32859895.64,DR,2022-09-16,2022-09-17,BenchRec_cash_v1.0_train.csv,7714
322746AL68789202,35251.9200,USD,2022-11-04T00:00:00Z,DEBIT,,"BenchRec production-derived, obfuscated source side B",844783677515,322746AL68789202 4829466094VI,ACC#00001,-35251.92,CR,2022-11-04,2022-11-05,BenchRec_cash_v1.0_train.csv,50723
322746AL68184340,49025.0200,USD,2022-12-24T00:00:00Z,DEBIT,,"BenchRec production-derived, obfuscated source side B",845602178045,322746AL68184340 6085866784VI,ACC#00001,-49025.02,CR,2022-12-24,2022-12-25,BenchRec_cash_v1.0_train.csv,87903
VOLERY,93450.0000,USD,2022-10-29T00:00:00Z,DEBIT,,"BenchRec production-derived, obfuscated source side B",846531154864,VOLERY 3325466096XD,ACC#00001,-93450.00,CR,2022-10-29,2022-10-30,BenchRec_cash_v1.0_train.csv,59294
7084491933,44602458.5000,USD,2022-09-21T00:00:00Z,DEBIT,,"BenchRec production-derived, obfuscated source side B",847096840569,7084491933 0969466037VI,ACC#00001,-44602458.50,CR,2022-09-21,2022-09-22,BenchRec_cash_v1.0_train.csv,11971
VOLERY,1029198.4800,USD,2022-11-23T00:00:00Z,DEBIT,,"BenchRec production-derived, obfuscated source side B",847876146044,VOLERY 8550060666FP,ACC#00001,-1029198.48,CR,2022-11-23,2022-11-24,BenchRec_cash_v1.0_train.csv,63730
VOLERY,118663.0300,USD,2022-12-18T00:00:00Z,CREDIT,,"BenchRec production-derived, obfuscated source side B",850230613567,VOLERY 3644353666FP,ACC#00001,118663.03,DR,2022-12-18,2022-12-19,BenchRec_cash_v1.0_train.csv,83460
32566TLUEI,31275.8800,USD,2022-11-26T00:00:00Z,CREDIT,,"BenchRec production-derived, obfuscated source side B",850335702686,32566TLUEI 3023166702VI,ACC#00001,31275.88,DR,2022-11-26,2022-11-27,BenchRec_cash_v1.0_train.csv,66965
V971660366739457,705125.0000,USD,2022-10-27T00:00:00Z,DEBIT,,"BenchRec production-derived, obfuscated source side B",85093669334,V971660366739457 7943866055VI,ACC#00001,-705125.00,CR,2022-10-27,2022-10-28,BenchRec_cash_v1.0_train.csv,45169
VOLERY,911454.8500,USD,2022-12-14T00:00:00Z,CREDIT,,"BenchRec production-derived, obfuscated source side B",8528451980,VOLERY 3674556666FP,ACC#00001,911454.85,DR,2022-12-14,2022-12-15,BenchRec_cash_v1.0_train.csv,79797
322746AL68182308,295771.8300,USD,2022-12-03T00:00:00Z,DEBIT,,"BenchRec production-derived, obfuscated source side B",852944122310,322746AL68182308 1718266778VI,ACC#00001,-295771.83,CR,2022-12-03,2022-12-04,BenchRec_cash_v1.0_train.csv,72501
32266B3ES3,49079.9000,USD,2022-11-04T00:00:00Z,CREDIT,,"BenchRec production-derived, obfuscated source side B",854158904840,32266B3ES3 4336766094VI,ACC#00001,49079.90,DR,2022-11-04,2022-11-05,BenchRec_cash_v1.0_train.csv,50572
V591206266010663,21081114.1300,USD,2022-10-21T00:00:00Z,DEBIT,,"BenchRec production-derived, obfuscated source side B",855417939740,V591206266010663 5228366057VI,ACC#00001,-21081114.13,CR,2022-10-21,2022-10-22,BenchRec_cash_v1.0_train.csv,40521
VOLERY,335682.6800,USD,2022-12-25T00:00:00Z,CREDIT,,"BenchRec production-derived, obfuscated source side B",855713873840,VOLERY 3008379666FP,ACC#00001,335682.68,DR,2022-12-25,2022-12-26,BenchRec_cash_v1.0_train.csv,89040
VOLERY,32490000.0000,USD,2022-10-29T00:00:00Z,CREDIT,,"BenchRec production-derived, obfuscated source side B",856406989195,VOLERY 8495477666FP,ACC#00001,32490000.00,DR,2022-10-29,2022-10-30,BenchRec_cash_v1.0_train.csv,46289
P686738197513096,572366900.0000,USD,2022-12-18T00:00:00Z,CREDIT,,"BenchRec production-derived, obfuscated source side B",857701214650,P686738197513096 4677866786VI,ACC#00001,572366900.00,DR,2022-12-18,2022-12-19,BenchRec_cash_v1.0_train.csv,83867
V609700860410677,1742870.0000,USD,2022-11-05T00:00:00Z,CREDIT,,"BenchRec production-derived, obfuscated source side B",859215365385,V609700860410677 5544966092VI,ACC#00001,1742870.00,DR,2022-11-05,2022-11-06,BenchRec_cash_v1.0_train.csv,51497
VOLERY,399608.0000,USD,2022-10-13T00:00:00Z,DEBIT,,"BenchRec production-derived, obfuscated source side B",862306590609,VOLERY 3259866028FW,ACC#00001,-399608.00,CR,2022-10-13,2022-10-14,BenchRec_cash_v1.0_train.csv,34262
LUNY3E1514JOQG7U,1000000.0000,USD,2022-10-07T00:00:00Z,DEBIT,,"BenchRec production-derived, obfuscated source side B",863440362913,LUNY3E1514JOQG7U 1761066045XD,ACC#00001,-1000000.00,CR,2022-10-07,2022-10-08,BenchRec_cash_v1.0_train.csv,28776
VOLERY,151596.8100,USD,2022-11-16T00:00:00Z,DEBIT,,"BenchRec production-derived, obfuscated source side B",863952193634,VOLERY 8575351666FP,ACC#00001,-151596.81,CR,2022-11-16,2022-11-17,BenchRec_cash_v1.0_train.csv,58252
VOLERY,91780.9600,USD,2022-11-02T00:00:00Z,DEBIT,,"BenchRec production-derived, obfuscated source side B",864396716956,VOLERY 8272382666FP,ACC#00001,-91780.96,CR,2022-11-02,2022-11-03,BenchRec_cash_v1.0_train.csv,48649
MG12836140M600MK,259647.7800,USD,2022-10-05T00:00:00Z,CREDIT,,"BenchRec production-derived, obfuscated source side B",865353307196,MG12836140M600MK 9753866044VI,ACC#00001,259647.78,DR,2022-10-05,2022-10-06,BenchRec_cash_v1.0_train.csv,25133
VOLERY,103600.7800,USD,2022-10-27T00:00:00Z,CREDIT,,"BenchRec production-derived, obfuscated source side B",866107257457,VOLERY 8425727666FP,ACC#00001,103600.78,DR,2022-10-27,2022-10-28,BenchRec_cash_v1.0_train.csv,44449
001159291-767-0,35720.0000,USD,2022-09-15T00:00:00Z,CREDIT,,"BenchRec production-derived, obfuscated source side B",866294147600,001159291-767-0 8917066084VI,ACC#00001,35720.00,DR,2022-09-15,2022-09-16,BenchRec_cash_v1.0_train.csv,7073
VOLERY,151650.6200,USD,2022-10-08T00:00:00Z,CREDIT,,"BenchRec production-derived, obfuscated source side B",866710836958,VOLERY 8338711666FP,ACC#00001,151650.62,DR,2022-10-08,2022-10-09,BenchRec_cash_v1.0_train.csv,29575
VOLERY,54220861.5300,USD,2022-10-16T00:00:00Z,DEBIT,,"BenchRec production-derived, obfuscated source side B",86746387002,VOLERY 8404450666FP,ACC#00001,-54220861.53,CR,2022-10-16,2022-10-17,BenchRec_cash_v1.0_train.csv,37684
V321281466848879,66064.6900,USD,2022-09-28T00:00:00Z,DEBIT,,"BenchRec production-derived, obfuscated source side B",867905978050,V321281466848879 9551566039VI,ACC#00001,-66064.69,CR,2022-09-28,2022-09-29,BenchRec_cash_v1.0_train.csv,18715
VOLERY,139101.0700,USD,2022-09-11T00:00:00Z,CREDIT,,"BenchRec production-derived, obfuscated source side B",868352049399,VOLERY 8142826666FP,ACC#00001,139101.07,DR,2022-09-11,2022-09-12,BenchRec_cash_v1.0_train.csv,4942
67876165,2797000000.0000,USD,2022-11-26T00:00:00Z,DEBIT,,"BenchRec production-derived, obfuscated source side B",870076641647,67876165 2391166705VI,ACC#00001,-2797000000.00,CR,2022-11-26,2022-11-27,BenchRec_cash_v1.0_train.csv,67061
V803872867787535,456200.0000,USD,2022-09-15T00:00:00Z,DEBIT,,"BenchRec production-derived, obfuscated source side B",870341129122,V803872867787535 8082466084VI,ACC#00001,-456200.00,CR,2022-09-15,2022-09-16,BenchRec_cash_v1.0_train.csv,6854
322756AL61373702,892.1200,USD,2022-12-09T00:00:00Z,DEBIT,,"BenchRec production-derived, obfuscated source side B",871981372892,322756AL61373702 6270966710VI,ACC#00001,-892.12,CR,2022-12-09,2022-12-10,BenchRec_cash_v1.0_train.csv,76527
VOLERY,84962.3900,USD,2022-09-23T00:00:00Z,CREDIT,,"BenchRec production-derived, obfuscated source side B",872500626341,VOLERY 8880495666FP,ACC#00001,84962.39,DR,2022-09-23,2022-09-24,BenchRec_cash_v1.0_train.csv,13606
VOLERY,46395.5400,USD,2022-12-14T00:00:00Z,CREDIT,,"BenchRec production-derived, obfuscated source side B",87483015196,VOLERY 3674550666FP,ACC#00001,46395.54,DR,2022-12-14,2022-12-15,BenchRec_cash_v1.0_train.csv,79534
322756AL61893890,471.2500,USD,2022-12-07T00:00:00Z,DEBIT,,"BenchRec production-derived, obfuscated source side B",877395425021,322756AL61893890 6440966774VI,ACC#00001,-471.25,CR,2022-12-07,2022-12-08,BenchRec_cash_v1.0_train.csv,74402
VOLERY,58131.0000,USD,2022-09-10T00:00:00Z,CREDIT,,"BenchRec production-derived, obfuscated source side B",877574121629,VOLERY 8132180666FP,ACC#00001,58131.00,DR,2022-09-10,2022-09-11,BenchRec_cash_v1.0_train.csv,4940
VOLERY,820406.7200,USD,2022-11-09T00:00:00Z,DEBIT,,"BenchRec production-derived, obfuscated source side B",879650322578,VOLERY 8222522666FP,ACC#00001,-820406.72,CR,2022-11-09,2022-11-10,BenchRec_cash_v1.0_train.csv,53550
VOLERY,42930.0000,USD,2022-12-09T00:00:00Z,CREDIT,,"BenchRec production-derived, obfuscated source side B",881547361253,VOLERY 8992045666FP,ACC#00001,42930.00,DR,2022-12-09,2022-12-10,BenchRec_cash_v1.0_train.csv,76933
32566D5J3U,32154.9500,USD,2022-09-10T00:00:00Z,CREDIT,,"BenchRec production-derived, obfuscated source side B",882056355779,32566D5J3U 1219266086VI,ACC#00001,32154.95,DR,2022-09-10,2022-09-11,BenchRec_cash_v1.0_train.csv,4251
VOLERY,231588.8000,USD,2022-11-20T00:00:00Z,CREDIT,,"BenchRec production-derived, obfuscated source side B",883277448347,VOLERY 8549136666FP,ACC#00001,231588.80,DR,2022-11-20,2022-11-21,BenchRec_cash_v1.0_train.csv,62822
T313074544586660,53000000.0000,USD,2022-10-01T00:00:00Z,CREDIT,,"BenchRec production-derived, obfuscated source side B",884531511965,T313074544586660 0674544586,ACC#00001,53000000.00,DR,2022-10-01,2022-10-02,BenchRec_cash_v1.0_train.csv,22824
32566TKRI0,128151.8400,USD,2022-11-23T00:00:00Z,CREDIT,,"BenchRec production-derived, obfuscated source side B",88576909731,32566TKRI0 1638366707VI,ACC#00001,128151.84,DR,2022-11-23,2022-11-24,BenchRec_cash_v1.0_train.csv,63937
VOLERY,27220338.6000,USD,2022-12-23T00:00:00Z,DEBIT,,"BenchRec production-derived, obfuscated source side B",886363232044,VOLERY 3693580666FP,ACC#00001,-27220338.60,CR,2022-12-23,2022-12-24,BenchRec_cash_v1.0_train.csv,86916
VOLERY,1022301.4700,USD,2022-12-30T00:00:00Z,DEBIT,,"BenchRec production-derived, obfuscated source side B",88797074174,VOLERY 1949766737VI,ACC#00001,-1022301.47,CR,2022-12-30,2022-12-31,BenchRec_cash_v1.0_train.csv,91820
VOLERY,3787275.1900,USD,2022-12-24T00:00:00Z,DEBIT,,"BenchRec production-derived, obfuscated source side B",889707214575,VOLERY 3063888666FP,ACC#00001,-3787275.19,CR,2022-12-24,2022-12-25,BenchRec_cash_v1.0_train.csv,87940
VOLERY,53227.7800,USD,2022-12-14T00:00:00Z,DEBIT,,"BenchRec production-derived, obfuscated source side B",890107435666,VOLERY 3675198666FP,ACC#00001,-53227.78,CR,2022-12-14,2022-12-15,BenchRec_cash_v1.0_train.csv,79563
V192561161016282,4000000.0000,USD,2022-12-21T00:00:00Z,CREDIT,,"BenchRec production-derived, obfuscated source side B",890982629946,V192561161016282 9146766781VI,ACC#00001,4000000.00,DR,2022-12-21,2022-12-22,BenchRec_cash_v1.0_train.csv,85074
322746AL68796417,460718.9200,USD,2022-09-16T00:00:00Z,DEBIT,,"BenchRec production-derived, obfuscated source side B",895014933306,322746AL68796417 5893866082VI,ACC#00001,-460718.92,CR,2022-09-16,2022-09-17,BenchRec_cash_v1.0_train.csv,8222
VOLERY,174000.0000,USD,2022-12-03T00:00:00Z,DEBIT,,"BenchRec production-derived, obfuscated source side B",895029926029,VOLERY 8935305666FP,ACC#00001,-174000.00,CR,2022-12-03,2022-12-04,BenchRec_cash_v1.0_train.csv,72008
322746AL68111572,72891.2000,USD,2022-11-02T00:00:00Z,DEBIT,,"BenchRec production-derived, obfuscated source side B",896001692549,322746AL68111572 4787166090VI,ACC#00001,-72891.20,CR,2022-11-02,2022-11-03,BenchRec_cash_v1.0_train.csv,48363
VOLERY,536734.0000,USD,2022-12-10T00:00:00Z,DEBIT,,"BenchRec production-derived, obfuscated source side B",896906418952,VOLERY 3669768666FP,ACC#00001,-536734.00,CR,2022-12-10,2022-12-11,BenchRec_cash_v1.0_train.csv,77554
VOLERY,550822.0400,USD,2022-10-01T00:00:00Z,DEBIT,,"BenchRec production-derived, obfuscated source side B",897489237426,VOLERY 6475166047RN,ACC#00001,-550822.04,CR,2022-10-01,2022-10-02,BenchRec_cash_v1.0_train.csv,23461
VOLERY,44613725.4000,USD,2022-10-29T00:00:00Z,DEBIT,,"BenchRec production-derived, obfuscated source side B",897596734320,VOLERY 8492235666FP,ACC#00001,-44613725.40,CR,2022-10-29,2022-10-30,BenchRec_cash_v1.0_train.csv,47047
V685642460434527,175016.1300,USD,2022-11-09T00:00:00Z,DEBIT,,"BenchRec production-derived, obfuscated source side B",897967411897,V685642460434527 4150266760VI,ACC#00001,-175016.13,CR,2022-11-09,2022-11-10,BenchRec_cash_v1.0_train.csv,53253
VOLERY,550693.0000,USD,2022-09-29T00:00:00Z,DEBIT,,"BenchRec production-derived, obfuscated source side B",89851283005,VOLERY 8858046666FP,ACC#00001,-550693.00,CR,2022-09-29,2022-09-30,BenchRec_cash_v1.0_train.csv,19675
32566TRONR,853.5500,USD,2022-12-31T00:00:00Z,CREDIT,,"BenchRec production-derived, obfuscated source side B",898525548378,32566TRONR 4307166737VI,ACC#00001,853.55,DR,2022-12-31,2023-01-01,BenchRec_cash_v1.0_train.csv,92135
VOLERY,1742565.8000,USD,2022-09-23T00:00:00Z,DEBIT,,"BenchRec production-derived, obfuscated source side B",899149829363,VOLERY 8881888666FP,ACC#00001,-1742565.80,CR,2022-09-23,2022-09-24,BenchRec_cash_v1.0_train.csv,14377
VOLERY,1275620.8300,USD,2022-11-26T00:00:00Z,DEBIT,,"BenchRec production-derived, obfuscated source side B",899463998556,VOLERY 8965549666FP,ACC#00001,-1275620.83,CR,2022-11-26,2022-11-27,BenchRec_cash_v1.0_train.csv,66853
322746AL68694182,2000000.0000,USD,2022-12-02T00:00:00Z,DEBIT,,"BenchRec production-derived, obfuscated source side B",899507674453,322746AL68694182 7036266778VI,ACC#00001,-2000000.00,CR,2022-12-02,2022-12-03,BenchRec_cash_v1.0_train.csv,71535
UVA9126666750009,365665029.0000,USD,2022-12-07T00:00:00Z,CREDIT,,"BenchRec production-derived, obfuscated source side B",901974587249,UVA9126666750009 1214766779VI,ACC#00001,365665029.00,DR,2022-12-07,2022-12-08,BenchRec_cash_v1.0_train.csv,74573
32566AHAH0,179677.8500,USD,2022-10-01T00:00:00Z,CREDIT,,"BenchRec production-derived, obfuscated source side B",904827504187,32566AHAH0 9520966040VI,ACC#00001,179677.85,DR,2022-10-01,2022-10-02,BenchRec_cash_v1.0_train.csv,23396
VOLERY,1750570.5500,USD,2022-10-08T00:00:00Z,DEBIT,,"BenchRec production-derived, obfuscated source side B",904946792255,VOLERY 8334101666FP,ACC#00001,-1750570.55,CR,2022-10-08,2022-10-09,BenchRec_cash_v1.0_train.csv,29546
VOLERY,104734.4600,USD,2022-10-28T00:00:00Z,CREDIT,,"BenchRec production-derived, obfuscated source side B",904947937236,VOLERY 8455493666FP,ACC#00001,104734.46,DR,2022-10-28,2022-10-29,BenchRec_cash_v1.0_train.csv,45673
VOLERY,43250.8300,USD,2022-12-22T00:00:00Z,DEBIT,,"BenchRec production-derived, obfuscated source side B",90523067275,VOLERY 3652373666FP,ACC#00001,-43250.83,CR,2022-12-22,2022-12-23,BenchRec_cash_v1.0_train.csv,85654
VOLERY,115028.0000,USD,2022-12-02T00:00:00Z,CREDIT,,"BenchRec production-derived, obfuscated source side B",90556096810,VOLERY 8984238666FP,ACC#00001,115028.00,DR,2022-12-02,2022-12-03,BenchRec_cash_v1.0_train.csv,71224
VOLERY,2030600.0000,USD,2022-10-14T00:00:00Z,DEBIT,,"BenchRec production-derived, obfuscated source side B",906527856583,VOLERY 8398928666FP,ACC#00001,-2030600.00,CR,2022-10-14,2022-10-15,BenchRec_cash_v1.0_train.csv,34807
VOLERY,76297.0000,USD,2022-09-21T00:00:00Z,DEBIT,,"BenchRec production-derived, obfuscated source side B",907351976230,VOLERY 8871030666FP,ACC#00001,-76297.00,CR,2022-09-21,2022-09-22,BenchRec_cash_v1.0_train.csv,11717
VOLERY,28525144.4300,USD,2022-10-05T00:00:00Z,DEBIT,,"BenchRec production-derived, obfuscated source side B",909926400338,VOLERY 8378325666FP,ACC#00001,-28525144.43,CR,2022-10-05,2022-10-06,BenchRec_cash_v1.0_train.csv,25542
32566B2UFS,11455.0600,USD,2022-11-09T00:00:00Z,CREDIT,,"BenchRec production-derived, obfuscated source side B",910801207077,32566B2UFS 3021466095VI,ACC#00001,11455.06,DR,2022-11-09,2022-11-10,BenchRec_cash_v1.0_train.csv,53334
V164194660846049,2109781.4800,USD,2022-12-09T00:00:00Z,DEBIT,,"BenchRec production-derived, obfuscated source side B",911852023319,V164194660846049 9570866710VI,ACC#00001,-2109781.48,CR,2022-12-09,2022-12-10,BenchRec_cash_v1.0_train.csv,76694
37266B7QBM,18298.7400,USD,2022-10-28T00:00:00Z,CREDIT,,"BenchRec production-derived, obfuscated source side B",912042854916,37266B7QBM 3879166055VI,ACC#00001,18298.74,DR,2022-10-28,2022-10-29,BenchRec_cash_v1.0_train.csv,45704
32566B724K,20977430.0200,USD,2022-10-27T00:00:00Z,CREDIT,,"BenchRec production-derived, obfuscated source side B",914634266670,32566B724K 0261266052VI,ACC#00001,20977430.02,DR,2022-10-27,2022-10-28,BenchRec_cash_v1.0_train.csv,44569
32566TKFN2,2592.6800,USD,2022-11-23T00:00:00Z,CREDIT,,"BenchRec production-derived, obfuscated source side B",914873557921,32566TKFN2 7920766707VI,ACC#00001,2592.68,DR,2022-11-23,2022-11-24,BenchRec_cash_v1.0_train.csv,63732
VOLERY,5615.3300,USD,2022-10-19T00:00:00Z,DEBIT,,"BenchRec production-derived, obfuscated source side B",9151260054,VOLERY 8474239666FP,ACC#00001,-5615.33,CR,2022-10-19,2022-10-20,BenchRec_cash_v1.0_train.csv,38368
56966TTNGN,40000.0000,USD,2022-12-29T00:00:00Z,CREDIT,,"BenchRec production-derived, obfuscated source side B",916904782983,56966TTNGN 6174766730VI,ACC#00001,40000.00,DR,2022-12-29,2022-12-30,BenchRec_cash_v1.0_train.csv,90699
CORN-2NAWLE,950000.0000,USD,2022-11-25T00:00:00Z,CREDIT,,"BenchRec production-derived, obfuscated source side B",918741667271,CORN-2NAWLE 8041066702VI,ACC#00001,950000.00,DR,2022-11-25,2022-11-26,BenchRec_cash_v1.0_train.csv,66071
VOLERY,40601.2400,USD,2022-10-09T00:00:00Z,CREDIT,,"BenchRec production-derived, obfuscated source side B",918744408332,VOLERY 8348429666FP,ACC#00001,40601.24,DR,2022-10-09,2022-10-10,BenchRec_cash_v1.0_train.csv,30520
LUNY3E4381JOQG7U,2000000.0000,USD,2022-11-13T00:00:00Z,DEBIT,,"BenchRec production-derived, obfuscated source side B",919378545271,LUNY3E4381JOQG7U 1638766763XD,ACC#00001,-2000000.00,CR,2022-11-13,2022-11-16,BenchRec_cash_v1.0_train.csv,57514
VIP9126666751390,62473474.0000,USD,2022-12-15T00:00:00Z,CREDIT,,"BenchRec production-derived, obfuscated source side B",920216129285,VIP9126666751390 3230966712VI,ACC#00001,62473474.00,DR,2022-12-15,2022-12-16,BenchRec_cash_v1.0_train.csv,80817
VOLERY,21520.0200,USD,2022-10-13T00:00:00Z,CREDIT,,"BenchRec production-derived, obfuscated source side B",920336279056,VOLERY 8358865666FP,ACC#00001,21520.02,DR,2022-10-13,2022-10-14,BenchRec_cash_v1.0_train.csv,33652
VOLERY,104627.0000,USD,2022-12-01T00:00:00Z,DEBIT,,"BenchRec production-derived, obfuscated source side B",920438279266,VOLERY 8912409666FP,ACC#00001,-104627.00,CR,2022-12-01,2022-12-02,BenchRec_cash_v1.0_train.csv,69476
322756AL61886546,2859.5000,USD,2022-10-26T00:00:00Z,DEBIT,,"BenchRec production-derived, obfuscated source side B",920684388504,322756AL61886546 6425466052VI,ACC#00001,-2859.50,CR,2022-10-26,2022-10-27,BenchRec_cash_v1.0_train.csv,43698
VOLERY,337039.7100,USD,2022-10-07T00:00:00Z,DEBIT,,"BenchRec production-derived, obfuscated source side B",921305899128,VOLERY 8383220666FP,ACC#00001,-337039.71,CR,2022-10-07,2022-10-08,BenchRec_cash_v1.0_train.csv,27927
LUNY3E2361JOQG7U,10000000.0000,USD,2022-11-18T00:00:00Z,DEBIT,,"BenchRec production-derived, obfuscated source side B",921721853339,LUNY3E2361JOQG7U 1156966706XD,ACC#00001,-10000000.00,CR,2022-11-18,2022-11-19,BenchRec_cash_v1.0_train.csv,60145
V327852776979227,1516000.0000,USD,2022-09-29T00:00:00Z,CREDIT,,"BenchRec production-derived, obfuscated source side B",92330751219,V327852776979227 7989166046VI,ACC#00001,1516000.00,DR,2022-09-29,2022-09-30,BenchRec_cash_v1.0_train.csv,20063
69371850,542000000.0000,USD,2022-10-26T00:00:00Z,DEBIT,,"BenchRec production-derived, obfuscated source side B",92404731817,69371850 6439166052VI,ACC#00001,-542000000.00,CR,2022-10-26,2022-10-27,BenchRec_cash_v1.0_train.csv,43045
616X5PT131,5329.7700,USD,2022-10-29T00:00:00Z,DEBIT,,"BenchRec production-derived, obfuscated source side B",924882314847,616X5PT131 1206866096XD,ACC#00001,-5329.77,CR,2022-10-29,2022-10-30,BenchRec_cash_v1.0_train.csv,46322
6974566687614829,35907.9400,USD,2022-11-19T00:00:00Z,DEBIT,,"BenchRec production-derived, obfuscated source side B",925049124179,6974566687614829 8500666706VI,ACC#00001,-35907.94,CR,2022-11-19,2022-11-20,BenchRec_cash_v1.0_train.csv,61434
VOLERY,2868952.8000,USD,2022-09-22T00:00:00Z,DEBIT,,"BenchRec production-derived, obfuscated source side B",926066409286,VOLERY 8817039666FP,ACC#00001,-2868952.80,CR,2022-09-22,2022-09-23,BenchRec_cash_v1.0_train.csv,12286
VOLERY,136800.0000,USD,2022-09-30T00:00:00Z,DEBIT,,"BenchRec production-derived, obfuscated source side B",928209896659,VOLERY 8898416666FP,ACC#00001,-136800.00,CR,2022-09-30,2022-10-01,BenchRec_cash_v1.0_train.csv,21900
VOLERY,46575.7000,USD,2022-09-28T00:00:00Z,CREDIT,,"BenchRec production-derived, obfuscated source side B",929590211806,VOLERY 8827766666FP,ACC#00001,46575.70,DR,2022-09-28,2022-09-29,BenchRec_cash_v1.0_train.csv,18049
VOLERY,1598638.7700,USD,2022-12-29T00:00:00Z,CREDIT,,"BenchRec production-derived, obfuscated source side B",93055866466,VOLERY 3073856666FP,ACC#00001,1598638.77,DR,2022-12-29,2022-12-30,BenchRec_cash_v1.0_train.csv,89916
32566TR5JY,1000000.0000,USD,2022-12-30T00:00:00Z,CREDIT,,"BenchRec production-derived, obfuscated source side B",931288419436,32566TR5JY 7317066730VI,ACC#00001,1000000.00,DR,2022-12-30,2022-12-31,BenchRec_cash_v1.0_train.csv,91715
VOLERY,9820942.1000,USD,2022-10-09T00:00:00Z,DEBIT,,"BenchRec production-derived, obfuscated source side B",931323557788,VOLERY 8343605666FP,ACC#00001,-9820942.10,CR,2022-10-09,2022-10-10,BenchRec_cash_v1.0_train.csv,30953
VOLERY,496217.6600,USD,2022-12-17T00:00:00Z,CREDIT,,"BenchRec production-derived, obfuscated source side B",933087955941,VOLERY 3633936666FP,ACC#00001,496217.66,DR,2022-12-17,2022-12-18,BenchRec_cash_v1.0_train.csv,83019
VOLERY,924883.1700,USD,2022-11-20T00:00:00Z,CREDIT,,"BenchRec production-derived, obfuscated source side B",933615856166,VOLERY 8549131666FP,ACC#00001,924883.17,DR,2022-11-20,2022-11-21,BenchRec_cash_v1.0_train.csv,62403
VOLERY,6577.1000,USD,2022-11-27T00:00:00Z,CREDIT,,"BenchRec production-derived, obfuscated source side B",936739513667,VOLERY 8902977666FP,ACC#00001,6577.10,DR,2022-11-27,2022-11-28,BenchRec_cash_v1.0_train.csv,67751
VOLERY,3276642.0000,USD,2022-10-07T00:00:00Z,CREDIT,,"BenchRec production-derived, obfuscated source side B",93860001800,VOLERY 8383386666FP,ACC#00001,3276642.00,DR,2022-10-07,2022-10-08,BenchRec_cash_v1.0_train.csv,28096
VOLERY,4547.5000,USD,2022-10-29T00:00:00Z,CREDIT,,"BenchRec production-derived, obfuscated source side B",939170183623,VOLERY 8492137666FP,ACC#00001,4547.50,DR,2022-10-29,2022-10-30,BenchRec_cash_v1.0_train.csv,46633
MG12232648M600MK,2035139.8600,USD,2022-12-14T00:00:00Z,CREDIT,,"BenchRec production-derived, obfuscated source side B",940650437858,MG12232648M600MK 0217866714VI,ACC#00001,2035139.86,DR,2022-12-14,2022-12-15,BenchRec_cash_v1.0_train.csv,79066
VOLERY,102585.0000,USD,2022-10-02T00:00:00Z,DEBIT,,"BenchRec production-derived, obfuscated source side B",940962333111,VOLERY 8303676666FP,ACC#00001,-102585.00,CR,2022-10-02,2022-10-03,BenchRec_cash_v1.0_train.csv,24282
32566AHTE2,203660.8000,USD,2022-10-01T00:00:00Z,CREDIT,,"BenchRec production-derived, obfuscated source side B",941204707239,32566AHTE2 9906066040VI,ACC#00001,203660.80,DR,2022-10-01,2022-10-02,BenchRec_cash_v1.0_train.csv,23367
VOLERY,2226684.3500,USD,2022-11-27T00:00:00Z,DEBIT,,"BenchRec production-derived, obfuscated source side B",941490198934,VOLERY 8905861666FP,ACC#00001,-2226684.35,CR,2022-11-27,2022-11-28,BenchRec_cash_v1.0_train.csv,67476
V739348460017106,3809022.1400,USD,2022-12-01T00:00:00Z,CREDIT,,"BenchRec production-derived, obfuscated source side B",941519955116,V739348460017106 4950866771VI,ACC#00001,3809022.14,DR,2022-12-01,2022-12-02,BenchRec_cash_v1.0_train.csv,70068
322746AL68131085,4087.7700,USD,2022-12-25T00:00:00Z,DEBIT,,"BenchRec production-derived, obfuscated source side B",943102916916,322746AL68131085 1244866784VI,ACC#00001,-4087.77,CR,2022-12-25,2022-12-26,BenchRec_cash_v1.0_train.csv,88637
VOLERY,315082.4900,USD,2022-09-23T00:00:00Z,DEBIT,,"BenchRec production-derived, obfuscated source side B",943605088777,VOLERY 8887640666FP,ACC#00001,-315082.49,CR,2022-09-23,2022-09-24,BenchRec_cash_v1.0_train.csv,14691
VOLERY,1678709.4000,USD,2022-11-10T00:00:00Z,DEBIT,,"BenchRec production-derived, obfuscated source side B",944488351399,VOLERY 8252552666FP,ACC#00001,-1678709.40,CR,2022-11-10,2022-11-11,BenchRec_cash_v1.0_train.csv,54815
VOLERY,1454645.0200,USD,2022-10-08T00:00:00Z,DEBIT,,"BenchRec production-derived, obfuscated source side B",945905722556,VOLERY 8338369666FP,ACC#00001,-1454645.02,CR,2022-10-08,2022-10-09,BenchRec_cash_v1.0_train.csv,28985
VOLERY,43696680.7900,USD,2022-12-17T00:00:00Z,CREDIT,,"BenchRec production-derived, obfuscated source side B",947681123650,VOLERY 3632695666FP,ACC#00001,43696680.79,DR,2022-12-17,2022-12-18,BenchRec_cash_v1.0_train.csv,83291
784506BW65853445,18257.8300,USD,2022-10-09T00:00:00Z,DEBIT,,"BenchRec production-derived, obfuscated source side B",948100242278,784506BW65853445 4753466026VI,ACC#00001,-18257.83,CR,2022-10-09,2022-10-10,BenchRec_cash_v1.0_train.csv,30552
VOLERY,221643.0000,USD,2022-11-20T00:00:00Z,DEBIT,,"BenchRec production-derived, obfuscated source side B",950163145703,VOLERY 8549529666FP,ACC#00001,-221643.00,CR,2022-11-20,2022-11-21,BenchRec_cash_v1.0_train.csv,62637
VOLERY,34785853.6100,USD,2022-09-10T00:00:00Z,DEBIT,,"BenchRec production-derived, obfuscated source side B",952978287318,VOLERY 8132906666FP,ACC#00001,-34785853.61,CR,2022-09-10,2022-09-11,BenchRec_cash_v1.0_train.csv,3502
VOLERY,91704.0000,USD,2022-09-22T00:00:00Z,CREDIT,,"BenchRec production-derived, obfuscated source side B",953045609916,VOLERY 8810331666FP,ACC#00001,91704.00,DR,2022-09-22,2022-09-23,BenchRec_cash_v1.0_train.csv,12707
322746AL68117911,1691.8100,USD,2022-12-17T00:00:00Z,DEBIT,,"BenchRec production-derived, obfuscated source side B",956599439800,322746AL68117911 1738466719VI,ACC#00001,-1691.81,CR,2022-12-17,2022-12-18,BenchRec_cash_v1.0_train.csv,83096
VOLERY,91914.4600,USD,2022-10-02T00:00:00Z,CREDIT,,"BenchRec production-derived, obfuscated source side B",957393431760,VOLERY 8301796666FP,ACC#00001,91914.46,DR,2022-10-02,2022-10-03,BenchRec_cash_v1.0_train.csv,24315
VOLERY,8192000.0000,USD,2022-11-18T00:00:00Z,CREDIT,,"BenchRec production-derived, obfuscated source side B",957515197958,VOLERY 8582311666FP,ACC#00001,8192000.00,DR,2022-11-18,2022-11-19,BenchRec_cash_v1.0_train.csv,60192
QVF7791479WM,3624.0000,USD,2022-11-02T00:00:00Z,DEBIT,,"BenchRec production-derived, obfuscated source side B",957834392197,QVF7791479WM 7792066093VI,ACC#00001,-3624.00,CR,2022-11-02,2022-11-04,BenchRec_cash_v1.0_train.csv,49218
VOLERY,1300000.0000,USD,2022-10-14T00:00:00Z,CREDIT,,"BenchRec production-derived, obfuscated source side B",957994079853,VOLERY 8393239666FP,ACC#00001,1300000.00,DR,2022-10-14,2022-10-15,BenchRec_cash_v1.0_train.csv,35315
322756AL61845988,1618813.2000,USD,2022-10-05T00:00:00Z,DEBIT,,"BenchRec production-derived, obfuscated source side B",958751161572,322756AL61845988 9172566044VI,ACC#00001,-1618813.20,CR,2022-10-05,2022-10-06,BenchRec_cash_v1.0_train.csv,25334
VOLERY,17558470.0000,USD,2022-11-06T00:00:00Z,CREDIT,,"BenchRec production-derived, obfuscated source side B",959350241716,VOLERY 8245824666FP,ACC#00001,17558470.00,DR,2022-11-06,2022-11-07,BenchRec_cash_v1.0_train.csv,52713
VOLERY,779217.2200,USD,2022-09-29T00:00:00Z,DEBIT,,"BenchRec production-derived, obfuscated source side B",962414604974,VOLERY 8857989666FP,ACC#00001,-779217.22,CR,2022-09-29,2022-09-30,BenchRec_cash_v1.0_train.csv,19374
VOLERY,78055.8100,USD,2022-10-05T00:00:00Z,CREDIT,,"BenchRec production-derived, obfuscated source side B",964804056021,VOLERY 8371562666FP,ACC#00001,78055.81,DR,2022-10-05,2022-10-06,BenchRec_cash_v1.0_train.csv,25633
322756AL61362421,176717.3300,USD,2022-12-01T00:00:00Z,DEBIT,,"BenchRec production-derived, obfuscated source side B",965147986573,322756AL61362421 5198666771VI,ACC#00001,-176717.33,CR,2022-12-01,2022-12-02,BenchRec_cash_v1.0_train.csv,69757
VOLERY,91484.6500,USD,2022-12-31T00:00:00Z,CREDIT,,"BenchRec production-derived, obfuscated source side B",96565983564,VOLERY 3081322666FP,ACC#00001,91484.65,DR,2022-12-31,2023-01-01,BenchRec_cash_v1.0_train.csv,92464
VOLERY,25869108.6100,USD,2022-10-09T00:00:00Z,DEBIT,,"BenchRec production-derived, obfuscated source side B",967795414845,VOLERY 8343665666FP,ACC#00001,-25869108.61,CR,2022-10-09,2022-10-10,BenchRec_cash_v1.0_train.csv,30553
VOLERY,458992.8100,USD,2022-12-01T00:00:00Z,DEBIT,,"BenchRec production-derived, obfuscated source side B",96783933146,VOLERY 8912455666FP,ACC#00001,-458992.81,CR,2022-12-01,2022-12-02,BenchRec_cash_v1.0_train.csv,70056
VOLERY,44223.4400,USD,2022-11-12T00:00:00Z,DEBIT,,"BenchRec production-derived, obfuscated source side B",968165828672,VOLERY 8565239666FP,ACC#00001,-44223.44,CR,2022-11-12,2022-11-13,BenchRec_cash_v1.0_train.csv,55952
6Z6Z656K616I6568,20.6300,USD,2022-09-18T00:00:00Z,DEBIT,,"BenchRec production-derived, obfuscated source side B",968687938024,6Z6Z656K616I6568 2511566089VI,ACC#00001,-20.63,CR,2022-09-18,2022-09-19,BenchRec_cash_v1.0_train.csv,10424
VOLERY,29541.9700,USD,2022-09-28T00:00:00Z,CREDIT,,"BenchRec production-derived, obfuscated source side B",96889190745,VOLERY 8827760666FP,ACC#00001,29541.97,DR,2022-09-28,2022-09-29,BenchRec_cash_v1.0_train.csv,18397
VOLERY,4285620.0000,USD,2022-12-11T00:00:00Z,CREDIT,,"BenchRec production-derived, obfuscated source side B",971825853094,VOLERY 3605127666FP,ACC#00001,4285620.00,DR,2022-12-11,2022-12-12,BenchRec_cash_v1.0_train.csv,78420
VOLERY,12428.3500,USD,2022-12-11T00:00:00Z,DEBIT,,"BenchRec production-derived, obfuscated source side B",972390938890,VOLERY 3605458666FP,ACC#00001,-12428.35,CR,2022-12-11,2022-12-12,BenchRec_cash_v1.0_train.csv,78239
VOLERY,21081339.8700,USD,2022-11-11T00:00:00Z,DEBIT,,"BenchRec production-derived, obfuscated source side B",974945203813,VOLERY 8295141666FP,ACC#00001,-21081339.87,CR,2022-11-11,2022-11-12,BenchRec_cash_v1.0_train.csv,54933
VOLERY,487019.0000,USD,2022-10-01T00:00:00Z,CREDIT,,"BenchRec production-derived, obfuscated source side B",976478626444,VOLERY 8361634666FP,ACC#00001,487019.00,DR,2022-10-01,2022-10-02,BenchRec_cash_v1.0_train.csv,22890
VOLERY,53159.7200,USD,2022-12-07T00:00:00Z,CREDIT,,"BenchRec production-derived, obfuscated source side B",978037135670,VOLERY 8924944666FP,ACC#00001,53159.72,DR,2022-12-07,2022-12-08,BenchRec_cash_v1.0_train.csv,74652
VOLERY,44666400.0000,USD,2022-12-10T00:00:00Z,CREDIT,,"BenchRec production-derived, obfuscated source side B",97832175103,VOLERY 3665225666FP,ACC#00001,44666400.00,DR,2022-12-10,2022-12-11,BenchRec_cash_v1.0_train.csv,77334
VOLERY,8120000.0000,USD,2022-10-07T00:00:00Z,CREDIT,,"BenchRec production-derived, obfuscated source side B",979937758765,VOLERY 8383855666FP,ACC#00001,8120000.00,DR,2022-10-07,2022-10-08,BenchRec_cash_v1.0_train.csv,27991
VOLERY,3817945.2200,USD,2022-12-01T00:00:00Z,DEBIT,,"BenchRec production-derived, obfuscated source side B",980163151967,VOLERY 2081566771VI,ACC#00001,-3817945.22,CR,2022-12-01,2022-12-02,BenchRec_cash_v1.0_train.csv,70479
VOLERY,4457580.0000,USD,2022-10-29T00:00:00Z,CREDIT,,"BenchRec production-derived, obfuscated source side B",980807169519,VOLERY 8495482666FP,ACC#00001,4457580.00,DR,2022-10-29,2022-10-30,BenchRec_cash_v1.0_train.csv,46870
P688878456117157,35655780.2400,USD,2022-12-24T00:00:00Z,CREDIT,,"BenchRec production-derived, obfuscated source side B",982633187837,P688878456117157 6487266784VI,ACC#00001,35655780.24,DR,2022-12-24,2022-12-25,BenchRec_cash_v1.0_train.csv,87945
VOLERY,0.4400,USD,2022-09-24T00:00:00Z,DEBIT,,"BenchRec production-derived, obfuscated source side B",983408744710,VOLERY 8831571666FP,ACC#00001,-0.44,CR,2022-09-24,2022-09-25,BenchRec_cash_v1.0_train.csv,17929
VOLERY,3194523.8300,USD,2022-11-02T00:00:00Z,DEBIT,,"BenchRec production-derived, obfuscated source side B",983468966847,VOLERY 8272385666FP,ACC#00001,-3194523.83,CR,2022-11-02,2022-11-03,BenchRec_cash_v1.0_train.csv,48888
32566TJDU9,187.2300,USD,2022-11-30T00:00:00Z,CREDIT,,"BenchRec production-derived, obfuscated source side B",983764322936,32566TJDU9 3485666777VI,ACC#00001,187.23,DR,2022-11-30,2022-12-01,BenchRec_cash_v1.0_train.csv,70198
322756AL61847835,279281.6900,USD,2022-09-16T00:00:00Z,DEBIT,,"BenchRec production-derived, obfuscated source side B",9837712218,322756AL61847835 5455166082VI,ACC#00001,-279281.69,CR,2022-09-16,2022-09-17,BenchRec_cash_v1.0_train.csv,7746
VOLERY,84260.0900,USD,2022-12-11T00:00:00Z,DEBIT,,"BenchRec production-derived, obfuscated source side B",984355534772,VOLERY 3605261666FP,ACC#00001,-84260.09,CR,2022-12-11,2022-12-12,BenchRec_cash_v1.0_train.csv,78421
VOLERY,23157292.6700,USD,2022-09-16T00:00:00Z,CREDIT,,"BenchRec production-derived, obfuscated source side B",984418546939,VOLERY 8159788666FP,ACC#00001,23157292.67,DR,2022-09-16,2022-09-17,BenchRec_cash_v1.0_train.csv,8186
VOLERY,52576.3000,USD,2022-11-04T00:00:00Z,CREDIT,,"BenchRec production-derived, obfuscated source side B",984709673519,VOLERY 8283545666FP,ACC#00001,52576.30,DR,2022-11-04,2022-11-05,BenchRec_cash_v1.0_train.csv,51040
VOLERY,246649.6000,USD,2022-12-14T00:00:00Z,DEBIT,,"BenchRec production-derived, obfuscated source side B",985204494218,VOLERY 3675191666FP,ACC#00001,-246649.60,CR,2022-12-14,2022-12-15,BenchRec_cash_v1.0_train.csv,79067
V322042507610930,48611.8800,USD,2022-12-10T00:00:00Z,CREDIT,,"BenchRec production-derived, obfuscated source side B",986114842931,V322042507610930 1371066717VI,ACC#00001,48611.88,DR,2022-12-10,2022-12-11,BenchRec_cash_v1.0_train.csv,77264
322746AL68710419,3824.1800,USD,2022-12-24T00:00:00Z,DEBIT,,"BenchRec production-derived, obfuscated source side B",986423743897,322746AL68710419 0240566784VI,ACC#00001,-3824.18,CR,2022-12-24,2022-12-25,BenchRec_cash_v1.0_train.csv,88031
595756VU61898282,43682600.0000,USD,2022-09-25T00:00:00Z,DEBIT,,"BenchRec production-derived, obfuscated source side B",986838916142,595756VU61898282 4062266034VI,ACC#00001,-43682600.00,CR,2022-09-25,2022-09-27,BenchRec_cash_v1.0_train.csv,16474
VOLERY,74362.1400,USD,2022-10-28T00:00:00Z,DEBIT,,"BenchRec production-derived, obfuscated source side B",988526318132,VOLERY 8459068666FP,ACC#00001,-74362.14,CR,2022-10-28,2022-10-29,BenchRec_cash_v1.0_train.csv,46229
IYO9126666733206,97883864.0000,USD,2022-09-10T00:00:00Z,DEBIT,,"BenchRec production-derived, obfuscated source side B",989183538449,IYO9126666733206 4114866080VI,ACC#00001,-97883864.00,CR,2022-09-10,2022-09-11,BenchRec_cash_v1.0_train.csv,2836
VOLERY,9825119.5400,USD,2022-10-13T00:00:00Z,DEBIT,,"BenchRec production-derived, obfuscated source side B",989432146452,VOLERY 8354704666FP,ACC#00001,-9825119.54,CR,2022-10-13,2022-10-14,BenchRec_cash_v1.0_train.csv,34465
V192550861016282,2621550.0000,USD,2022-12-21T00:00:00Z,CREDIT,,"BenchRec production-derived, obfuscated source side B",991443825450,V192550861016282 9146466781VI,ACC#00001,2621550.00,DR,2022-12-21,2022-12-22,BenchRec_cash_v1.0_train.csv,85138
VOLERY,272579.5800,USD,2022-11-30T00:00:00Z,DEBIT,,"BenchRec production-derived, obfuscated source side B",992637610580,VOLERY 8979155666FP,ACC#00001,-272579.58,CR,2022-11-30,2022-12-01,BenchRec_cash_v1.0_train.csv,68664
VOLERY,10329.5400,USD,2022-09-28T00:00:00Z,CREDIT,,"BenchRec production-derived, obfuscated source side B",992768243876,VOLERY 8827790666FP,ACC#00001,10329.54,DR,2022-09-28,2022-09-29,BenchRec_cash_v1.0_train.csv,18404
V559586366717424,1513.5400,USD,2022-10-22T00:00:00Z,CREDIT,,"BenchRec production-derived, obfuscated source side B",9940166138,V559586366717424 7566066051VI,ACC#00001,1513.54,DR,2022-10-22,2022-10-23,BenchRec_cash_v1.0_train.csv,42288
V124912060316980,1754337.3200,USD,2022-10-05T00:00:00Z,CREDIT,,"BenchRec production-derived, obfuscated source side B",994266830382,V124912060316980 5563066044VI,ACC#00001,1754337.32,DR,2022-10-05,2022-10-06,BenchRec_cash_v1.0_train.csv,26113
VOLERY,3101842.3100,USD,2022-12-24T00:00:00Z,DEBIT,,"BenchRec production-derived, obfuscated source side B",994869913166,VOLERY 3063171666FP,ACC#00001,-3101842.31,CR,2022-12-24,2022-12-25,BenchRec_cash_v1.0_train.csv,88004
VOLERY,853033.6100,USD,2022-11-04T00:00:00Z,CREDIT,,"BenchRec production-derived, obfuscated source side B",995354285363,VOLERY 8282732666FP,ACC#00001,853033.61,DR,2022-11-04,2022-11-05,BenchRec_cash_v1.0_train.csv,50573
VOLERY,2109914.4600,USD,2022-09-30T00:00:00Z,CREDIT,,"BenchRec production-derived, obfuscated source side B",996940798771,VOLERY 8891980666FP,ACC#00001,2109914.46,DR,2022-09-30,2022-10-01,BenchRec_cash_v1.0_train.csv,20869
VOLERY,235147.0700,USD,2022-12-17T00:00:00Z,DEBIT,,"BenchRec production-derived, obfuscated source side B",999201036508,VOLERY 3632392666FP,ACC#00001,-235147.07,CR,2022-12-17,2022-12-18,BenchRec_cash_v1.0_train.csv,82947
VOLERY,221247.3700,USD,2022-10-07T00:00:00Z,CREDIT,,"BenchRec production-derived, obfuscated source side B",999621635384,VOLERY 8388043666FP,ACC#00001,221247.37,DR,2022-10-07,2022-10-08,BenchRec_cash_v1.0_train.csv,28030
