reference,amount,currency,timestamp,direction,counterparty,description,source_id,source_reference,source_account,source_signed_amount,source_debit_or_credit,source_value_date,source_import_date,source_member,source_line
IYO9126666743531,107956139.0000,USD,2022-10-15T00:00:00Z,CREDIT,,"BenchRec production-derived, obfuscated source side A",102535996896,IYO9126666743531 IYO9126666743531,ACC#00001,107956139.00,CR,2022-10-15,2022-10-16,BenchRec_cash_v1.0_train.csv,36108
008068892,8890000.0000,USD,2022-12-09T00:00:00Z,CREDIT,,"BenchRec production-derived, obfuscated source side A",103141104977,008068892 41477 PRODD82 L9FV0AF                                                                 UPCLOSER MONOCOQUE GAB -,ACC#00001,8890000.00,CR,2022-12-09,2022-12-10,BenchRec_cash_v1.0_train.csv,76218
32280070,8179607.7000,USD,2022-12-15T00:00:00Z,DEBIT,,"BenchRec production-derived, obfuscated source side A",104701183953,32280070 ALME7U4242JOQG7U                                                                JO TONITE SAUNT 664952723,ACC#00001,-8179607.70,DR,2022-12-15,2022-12-16,BenchRec_cash_v1.0_train.csv,80419
32566TO2IV,67096.5500,USD,2022-12-10T00:00:00Z,DEBIT,,"BenchRec production-derived, obfuscated source side A",107809772027,32566TO2IV 32566TO2IV                                                                      JOQVY - BAS - DG,ACC#00001,-67096.55,DR,2022-12-10,2022-12-11,BenchRec_cash_v1.0_train.csv,78076
008661572,437261.8600,USD,2022-11-25T00:00:00Z,DEBIT,,"BenchRec production-derived, obfuscated source side A",108770823118,008661572 41477 KAVI372 L9HI5C5                                                                 UPCLOSER MONOCOQUE GAB -,ACC#00001,-437261.86,DR,2022-11-25,2022-11-26,BenchRec_cash_v1.0_train.csv,65437
40748710,27308755.1400,USD,2022-10-16T00:00:00Z,CREDIT,,"BenchRec production-derived, obfuscated source side A",108838644937,40748710 V40748710                                                                       GVKYHE          666610809,ACC#00001,27308755.14,CR,2022-10-16,2022-10-17,BenchRec_cash_v1.0_train.csv,37601
001424047,1000000.0000,USD,2022-10-08T00:00:00Z,DEBIT,,"BenchRec production-derived, obfuscated source side A",108920273619,001424047 12607 HAUSA08                                                                         POPPADOM TYPY AI,ACC#00001,-1000000.00,DR,2022-10-08,2022-10-09,BenchRec_cash_v1.0_train.csv,29242
37266AGFRM,3857.3900,USD,2022-10-13T00:00:00Z,CREDIT,,"BenchRec production-derived, obfuscated source side A",108935547976,37266AGFRM 37266AGFRM                                                                      INFL MEZZO SAME,ACC#00001,3857.39,CR,2022-10-13,2022-10-14,BenchRec_cash_v1.0_train.csv,34415
001377396,1106539.5400,USD,2022-09-16T00:00:00Z,DEBIT,,"BenchRec production-derived, obfuscated source side A",109232977631,001377396 80789 EPEE553                                                                         YMV NONREGULATIVE,ACC#00001,-1106539.54,DR,2022-09-16,2022-09-17,BenchRec_cash_v1.0_train.csv,8436
008678702,113700.0000,USD,2022-12-01T00:00:00Z,CREDIT,,"BenchRec production-derived, obfuscated source side A",109445750719,008678702 67399 NAPE007                                                                         PREOCCUR FUTHERMORE YARAY,ACC#00001,113700.00,CR,2022-12-01,2022-12-02,BenchRec_cash_v1.0_train.csv,69909
001908324,25189703.7700,USD,2022-11-12T00:00:00Z,DEBIT,,"BenchRec production-derived, obfuscated source side A",109526416130,001908324 41477 EPEE553 L9MU5EN                                                                 UPCLOSER MONOCOQUE GAB -,ACC#00001,-25189703.77,DR,2022-11-12,2022-11-13,BenchRec_cash_v1.0_train.csv,55734
37266APE76,51676.3300,USD,2022-10-09T00:00:00Z,CREDIT,,"BenchRec production-derived, obfuscated source side A",10978262249,37266APE76 37266APE76                                                                      JOQ TREPIDATORY,ACC#00001,51676.33,CR,2022-10-09,2022-10-10,BenchRec_cash_v1.0_train.csv,31042
008034316,1611889.1900,USD,2022-12-22T00:00:00Z,CREDIT,,"BenchRec production-derived, obfuscated source side A",110176338871,008034316 12660 SCOTE38                                                                         UPCLOSER MONOCOQUE GAB -,ACC#00001,1611889.19,CR,2022-12-22,2022-12-23,BenchRec_cash_v1.0_train.csv,85904
001944187,338081.6600,USD,2022-11-24T00:00:00Z,CREDIT,,"BenchRec production-derived, obfuscated source side A",110795577506,001944187 14407 CUMYL00                                                                         SEBUM VOWED FUTHERMORE BE,ACC#00001,338081.66,CR,2022-11-24,2022-11-25,BenchRec_cash_v1.0_train.csv,65019
6666666669146128,3414000000.0000,USD,2022-10-23T00:00:00Z,DEBIT,,"BenchRec production-derived, obfuscated source side A",111345477525,6666666669146128 BHOOSA- DESINENT,ACC#00001,-3414000000.00,DR,2022-10-23,2022-10-24,BenchRec_cash_v1.0_train.csv,42539
001578081,40000000.0000,USD,2022-10-28T00:00:00Z,CREDIT,,"BenchRec production-derived, obfuscated source side A",113271237025,001578081 41477 AUG0672 L9Y92CR                                                                 UPCLOSER MONOCOQUE GAB -,ACC#00001,40000000.00,CR,2022-10-28,2022-10-29,BenchRec_cash_v1.0_train.csv,45766
008089657,53335.6000,USD,2022-12-18T00:00:00Z,CREDIT,,"BenchRec production-derived, obfuscated source side A",11563385624,008089657 14476 CHARE83                                                                         UPCLOSER MONOCOQUE GAB -,ACC#00001,53335.60,CR,2022-12-18,2022-12-19,BenchRec_cash_v1.0_train.csv,83431
001251899,468931.5100,USD,2022-10-26T00:00:00Z,CREDIT,,"BenchRec production-derived, obfuscated source side A",116069125718,001251899 14407 HAUSA08                                                                         UPCLOSER MONOCOQUE GAB -,ACC#00001,468931.51,CR,2022-10-26,2022-10-27,BenchRec_cash_v1.0_train.csv,43661
001259735,11593523.1200,USD,2022-10-26T00:00:00Z,DEBIT,,"BenchRec production-derived, obfuscated source side A",118105119801,001259735 41477 AUG0672 L9Y59LN                                                                 UPCLOSER MONOCOQUE GAB -,ACC#00001,-11593523.12,DR,2022-10-26,2022-10-27,BenchRec_cash_v1.0_train.csv,43098
58612896,45808000.0000,USD,2022-10-16T00:00:00Z,CREDIT,,"BenchRec production-derived, obfuscated source side A",119159954834,58612896 V58612896                                                                       JO TONITE SAUNT 664952723,ACC#00001,45808000.00,CR,2022-10-16,2022-10-17,BenchRec_cash_v1.0_train.csv,37694
7084248145,151529260.4000,USD,2022-12-23T00:00:00Z,CREDIT,,"BenchRec production-derived, obfuscated source side A",119868461230,7084248145 7084248145                                                                      OARS PISTRIX -V&F SHY,ACC#00001,151529260.40,CR,2022-12-23,2022-12-24,BenchRec_cash_v1.0_train.csv,86647
6666666669118876,1242000000.0000,USD,2022-10-23T00:00:00Z,DEBIT,,"BenchRec production-derived, obfuscated source side A",120232860213,6666666669118876 JOQOEV HUMP FGDK,ACC#00001,-1242000000.00,DR,2022-10-23,2022-10-24,BenchRec_cash_v1.0_train.csv,42499
32566AAPMF,9745164.7300,USD,2022-10-13T00:00:00Z,DEBIT,,"BenchRec production-derived, obfuscated source side A",121152445814,32566AAPMF 32566AAPMF                                                                      JOQVY - BAS - AK,ACC#00001,-9745164.73,DR,2022-10-13,2022-10-14,BenchRec_cash_v1.0_train.csv,33741
008062179,246649.6000,USD,2022-12-14T00:00:00Z,DEBIT,,"BenchRec production-derived, obfuscated source side A",124354251886,008062179 14407 AUG0076                                                                         UPCLOSER MONOCOQUE GAB -,ACC#00001,-246649.60,DR,2022-12-14,2022-12-15,BenchRec_cash_v1.0_train.csv,79328
001498943,21520.0200,USD,2022-10-13T00:00:00Z,CREDIT,,"BenchRec production-derived, obfuscated source side A",124893552581,001498943 14407 JADE660                                                                         LIXIVIA NYCTERIDAE NA HIN,ACC#00001,21520.02,CR,2022-10-13,2022-10-14,BenchRec_cash_v1.0_train.csv,34413
008001656,44666400.0000,USD,2022-12-10T00:00:00Z,CREDIT,,"BenchRec production-derived, obfuscated source side A",12930005517,008001656 41477 MEGGY88 L9FV1JU                                                                 UPCLOSER MONOCOQUE GAB -,ACC#00001,44666400.00,CR,2022-12-10,2022-12-11,BenchRec_cash_v1.0_train.csv,77421
32566TLLDV,587481.1000,USD,2022-11-25T00:00:00Z,CREDIT,,"BenchRec production-derived, obfuscated source side A",129615490467,32566TLLDV 32566TLLDV                                                                      JOQVY DE-BAS - T,ACC#00001,587481.10,CR,2022-11-25,2022-11-26,BenchRec_cash_v1.0_train.csv,65472
001236013,810000.0000,USD,2022-11-03T00:00:00Z,CREDIT,,"BenchRec production-derived, obfuscated source side A",13049940215,001236013 16038 FALX314                                                                         UPCLOSER MONOCOQUE GAB -,ACC#00001,810000.00,CR,2022-11-03,2022-11-04,BenchRec_cash_v1.0_train.csv,49368
32146926,66064.6900,USD,2022-09-28T00:00:00Z,DEBIT,,"BenchRec production-derived, obfuscated source side A",131503970712,32146926 ALME7U8835JOQG7U                                                                JO TONITE SAUNT 664952723,ACC#00001,-66064.69,DR,2022-09-28,2022-09-29,BenchRec_cash_v1.0_train.csv,19075
001328646,315082.4900,USD,2022-09-23T00:00:00Z,DEBIT,,"BenchRec production-derived, obfuscated source side A",131729740337,001328646 41477 HUBBA50 L9Y87S7                                                                 UPCLOSER MONOCOQUE GAB -,ACC#00001,-315082.49,DR,2022-09-23,2022-09-24,BenchRec_cash_v1.0_train.csv,13761
32566TR2QP,1320000.0000,USD,2022-12-18T00:00:00Z,CREDIT,,"BenchRec production-derived, obfuscated source side A",1327681156,32566TR2QP 32566TR2QP                                                                      JOQVY - BAS - DG,ACC#00001,1320000.00,CR,2022-12-18,2022-12-19,BenchRec_cash_v1.0_train.csv,83563
007786810,20970.0000,USD,2022-10-08T00:00:00Z,CREDIT,,"BenchRec production-derived, obfuscated source side A",133025242893,007786810 67666 SAUM783 L9N283O                                                                 KAMIAN GOLACH ENHAT INION,ACC#00001,20970.00,CR,2022-10-08,2022-10-09,BenchRec_cash_v1.0_train.csv,30298
001584578,266775.7400,USD,2022-11-04T00:00:00Z,DEBIT,,"BenchRec production-derived, obfuscated source side A",135680522859,001584578 14476 BRAVI59                                                                         UPCLOSER MONOCOQUE GAB -,ACC#00001,-266775.74,DR,2022-11-04,2022-11-05,BenchRec_cash_v1.0_train.csv,50639
73449446,3032483.2600,USD,2022-11-30T00:00:00Z,CREDIT,,"BenchRec production-derived, obfuscated source side A",137533469229,73449446 V73449446                                                                       JO TONITE SAUNT 664952723,ACC#00001,3032483.26,CR,2022-11-30,2022-12-01,BenchRec_cash_v1.0_train.csv,68313
32566AUE95,399846.2000,USD,2022-10-07T00:00:00Z,DEBIT,,"BenchRec production-derived, obfuscated source side A",140580905914,32566AUE95 32566AUE95                                                                      JOQVY DE -ELUVIA,ACC#00001,-399846.20,DR,2022-10-07,2022-10-08,BenchRec_cash_v1.0_train.csv,28105
32566B5BU8,64386.1900,USD,2022-11-10T00:00:00Z,CREDIT,,"BenchRec production-derived, obfuscated source side A",14084203488,32566B5BU8 32566B5BU8                                                                      JOQVY - BAS - DG,ACC#00001,64386.19,CR,2022-11-10,2022-11-11,BenchRec_cash_v1.0_train.csv,54376
001344748,921726.7700,USD,2022-09-25T00:00:00Z,DEBIT,,"BenchRec production-derived, obfuscated source side A",141084061689,001344748 19475 SYNE531                                                                         AVIARY BIKRAM KIG EFI,ACC#00001,-921726.77,DR,2022-09-25,2022-09-27,BenchRec_cash_v1.0_train.csv,17194
32566THNUM,12832.0000,USD,2022-12-03T00:00:00Z,DEBIT,,"BenchRec production-derived, obfuscated source side A",141232157423,32566THNUM 32566THNUM                                                                      JOQVY - ELUVIA -,ACC#00001,-12832.00,DR,2022-12-03,2022-12-04,BenchRec_cash_v1.0_train.csv,72674
001369817,30128.8300,USD,2022-09-16T00:00:00Z,CREDIT,,"BenchRec production-derived, obfuscated source side A",141430970960,001369817 14407 YAMUN64                                                                         UPCLOSER MONOCOQUE GAB -,ACC#00001,30128.83,CR,2022-09-16,2022-09-17,BenchRec_cash_v1.0_train.csv,8243
001896255,103305.2800,USD,2022-09-15T00:00:00Z,DEBIT,,"BenchRec production-derived, obfuscated source side A",142336305528,001896255 14476 NAUT308                                                                         UPCLOSER MONOCOQUE GAB -,ACC#00001,-103305.28,DR,2022-09-15,2022-09-16,BenchRec_cash_v1.0_train.csv,5827
6666666669649417,71692143.0000,USD,2022-10-21T00:00:00Z,DEBIT,,"BenchRec production-derived, obfuscated source side A",143493475969,6666666669649417 JO TONITE AGGEST,ACC#00001,-71692143.00,DR,2022-10-21,2022-10-22,BenchRec_cash_v1.0_train.csv,40764
32566TO6MY,124250.6500,USD,2022-12-10T00:00:00Z,DEBIT,,"BenchRec production-derived, obfuscated source side A",143580970905,32566TO6MY 32566TO6MY                                                                      JOQVY - ELUVIA -,ACC#00001,-124250.65,DR,2022-12-10,2022-12-11,BenchRec_cash_v1.0_train.csv,77221
12458148,5000000.0000,USD,2022-10-02T00:00:00Z,CREDIT,,"BenchRec production-derived, obfuscated source side A",14453808282,12458148 V12458148                                                                       JOQVY STRID     664952723,ACC#00001,5000000.00,CR,2022-10-02,2022-10-03,BenchRec_cash_v1.0_train.csv,23998
32566AMYYY,8405.9000,USD,2022-09-22T00:00:00Z,DEBIT,,"BenchRec production-derived, obfuscated source side A",145439564524,32566AMYYY 32566AMYYY                                                                      ESNE - OL OGPU L,ACC#00001,-8405.90,DR,2022-09-22,2022-09-23,BenchRec_cash_v1.0_train.csv,12848
001465094,359484.1200,USD,2022-09-29T00:00:00Z,CREDIT,,"BenchRec production-derived, obfuscated source side A",147585615272,001465094 14407 CHARE43                                                                         UPCLOSER MONOCOQUE GAB -,ACC#00001,359484.12,CR,2022-09-29,2022-09-30,BenchRec_cash_v1.0_train.csv,19564
001929795,1598782.8800,USD,2022-11-24T00:00:00Z,DEBIT,,"BenchRec production-derived, obfuscated source side A",147726856416,001929795 67387 FALX817                                                                         RHODIZITE UNSOLACED AGHAN,ACC#00001,-1598782.88,DR,2022-11-24,2022-11-25,BenchRec_cash_v1.0_train.csv,65054
001829511,139101.0700,USD,2022-09-11T00:00:00Z,CREDIT,,"BenchRec production-derived, obfuscated source side A",148309498017,001829511 14476 SHOJI46                                                                         UPCLOSER MONOCOQUE GAB -,ACC#00001,139101.07,CR,2022-09-11,2022-09-12,BenchRec_cash_v1.0_train.csv,4463
IYO9126666758877,48536781.0000,USD,2022-12-17T00:00:00Z,CREDIT,,"BenchRec production-derived, obfuscated source side A",148938979156,IYO9126666758877 IYO9126666758877,ACC#00001,48536781.00,CR,2022-12-17,2022-12-18,BenchRec_cash_v1.0_train.csv,83030
32566AHTE2,203660.8000,USD,2022-10-01T00:00:00Z,CREDIT,,"BenchRec production-derived, obfuscated source side A",149787613302,32566AHTE2 32566AHTE2                                                                      JOQVY - ELUVIA -,ACC#00001,203660.80,CR,2022-10-01,2022-10-02,BenchRec_cash_v1.0_train.csv,22955
32728807,53000000.0000,USD,2022-10-01T00:00:00Z,CREDIT,,"BenchRec production-derived, obfuscated source side A",151689616663,32728807 V32728807                                                                       JO TONITE SAUNT 664952723,ACC#00001,53000000.00,CR,2022-10-01,2022-10-02,BenchRec_cash_v1.0_train.csv,23891
32566ALP72,43682600.0000,USD,2022-09-25T00:00:00Z,DEBIT,,"BenchRec production-derived, obfuscated source side A",152346166960,32566ALP72 32566ALP72                                                                      JOQGO IW-OQGO FL,ACC#00001,-43682600.00,DR,2022-09-25,2022-09-27,BenchRec_cash_v1.0_train.csv,16740
32566TGU5W,44753.0000,USD,2022-12-18T00:00:00Z,DEBIT,,"BenchRec production-derived, obfuscated source side A",152780976931,32566TGU5W 32566TGU5W                                                                      SARTORIUS NA OFT,ACC#00001,-44753.00,DR,2022-12-18,2022-12-19,BenchRec_cash_v1.0_train.csv,85225
726369,875000.0000,USD,2022-09-16T00:00:00Z,DEBIT,,"BenchRec production-derived, obfuscated source side A",153848683246,726369 666666667662214,ACC#00001,-875000.00,DR,2022-09-16,2022-09-17,BenchRec_cash_v1.0_train.csv,8476
008063889,15907148.4000,USD,2022-12-16T00:00:00Z,CREDIT,,"BenchRec production-derived, obfuscated source side A",157907017397,008063889 41477 AUG0697 L9FV0DE                                                                 UPCLOSER MONOCOQUE GAB -,ACC#00001,15907148.40,CR,2022-12-16,2022-12-17,BenchRec_cash_v1.0_train.csv,81188
001480673,1469302.0000,USD,2022-10-07T00:00:00Z,CREDIT,,"BenchRec production-derived, obfuscated source side A",158335558065,001480673 17661 OKET682                                                                         SPASMOUS YARAY RESSAUT,ACC#00001,1469302.00,CR,2022-10-07,2022-10-08,BenchRec_cash_v1.0_train.csv,27790
VU6305201,550822.0400,USD,2022-10-01T00:00:00Z,DEBIT,,"BenchRec production-derived, obfuscated source side A",158867042288,VU6305201 41477 JOQVY H.C. ZUCCHINIS TENT,ACC#00001,-550822.04,DR,2022-10-01,2022-10-02,BenchRec_cash_v1.0_train.csv,23771
37266APHNO,28482.7700,USD,2022-10-09T00:00:00Z,CREDIT,,"BenchRec production-derived, obfuscated source side A",159012434501,37266APHNO 37266APHNO                                                                      JOQ TREPIDATORY,ACC#00001,28482.77,CR,2022-10-09,2022-10-10,BenchRec_cash_v1.0_train.csv,30783
001909867,7051182.8200,USD,2022-11-12T00:00:00Z,DEBIT,,"BenchRec production-derived, obfuscated source side A",159140717295,001909867 67674 EPEE553                                                                         JO TONITE ETHERIFIES GAB,ACC#00001,-7051182.82,DR,2022-11-12,2022-11-13,BenchRec_cash_v1.0_train.csv,56385
AHT9126666720192,796.8000,USD,2022-11-04T00:00:00Z,CREDIT,,"BenchRec production-derived, obfuscated source side A",159707088454,AHT9126666720192 AHT9126666720192,ACC#00001,796.80,CR,2022-11-04,2022-11-05,BenchRec_cash_v1.0_train.csv,50847
001251225,48822.4200,USD,2022-10-26T00:00:00Z,CREDIT,,"BenchRec production-derived, obfuscated source side A",160356675725,001251225 14476 AUG6258                                                                         UPCLOSER MONOCOQUE GAB -,ACC#00001,48822.42,CR,2022-10-26,2022-10-27,BenchRec_cash_v1.0_train.csv,43984
32566TRPH0,246361.0000,USD,2022-12-31T00:00:00Z,DEBIT,,"BenchRec production-derived, obfuscated source side A",160364338378,32566TRPH0 32566TRPH0                                                                      JOQVY - ELUVIA -,ACC#00001,-246361.00,DR,2022-12-31,2023-01-01,BenchRec_cash_v1.0_train.csv,93177
001216027,1300000.0000,USD,2022-10-14T00:00:00Z,CREDIT,,"BenchRec production-derived, obfuscated source side A",16112991072,001216027 41477 BRAVI49 L9Y24AP                                                                 UPCLOSER MONOCOQUE GAB -,ACC#00001,1300000.00,CR,2022-10-14,2022-10-15,BenchRec_cash_v1.0_train.csv,35106
32566B6KJ0,526708.8200,USD,2022-10-22T00:00:00Z,DEBIT,,"BenchRec production-derived, obfuscated source side A",161796532977,32566B6KJ0 32566B6KJ0                                                                      JOQVY - ELUVIA -,ACC#00001,-526708.82,DR,2022-10-22,2022-10-27,BenchRec_cash_v1.0_train.csv,43534
008615556,115028.0000,USD,2022-12-02T00:00:00Z,CREDIT,,"BenchRec production-derived, obfuscated source side A",161984619694,008615556 12660 KELD772                                                                         SKEEZIX ASSUMER KATALYSIS,ACC#00001,115028.00,CR,2022-12-02,2022-12-03,BenchRec_cash_v1.0_train.csv,71417
001270491,93812.2600,USD,2022-10-15T00:00:00Z,CREDIT,,"BenchRec production-derived, obfuscated source side A",163168524850,001270491 14407 JAUP422                                                                         UPCLOSER MONOCOQUE GAB -,ACC#00001,93812.26,CR,2022-10-15,2022-10-16,BenchRec_cash_v1.0_train.csv,35988
40285236,218140.9000,USD,2022-10-05T00:00:00Z,DEBIT,,"BenchRec production-derived, obfuscated source side A",163243237378,40285236 ALME7U9589JOQG7U                                                                JO TONITE SAUNT 664952723,ACC#00001,-218140.90,DR,2022-10-05,2022-10-06,BenchRec_cash_v1.0_train.csv,25215
001318498,76297.0000,USD,2022-09-21T00:00:00Z,DEBIT,,"BenchRec production-derived, obfuscated source side A",164676791439,001318498 14476 SHOJI46                                                                         UPCLOSER MONOCOQUE GAB -,ACC#00001,-76297.00,DR,2022-09-21,2022-09-22,BenchRec_cash_v1.0_train.csv,11885
12535431,592586.9900,USD,2022-10-27T00:00:00Z,CREDIT,,"BenchRec production-derived, obfuscated source side A",165198985705,12535431 V12535431                                                                       GVKYHE          666610809,ACC#00001,592586.99,CR,2022-10-27,2022-10-28,BenchRec_cash_v1.0_train.csv,44918
001231780,151502.7700,USD,2022-10-21T00:00:00Z,CREDIT,,"BenchRec production-derived, obfuscated source side A",165621647869,001231780 67609 EPOXY80                                                                         DISACCORDANCE UNSOLACED S,ACC#00001,151502.77,CR,2022-10-21,2022-10-22,BenchRec_cash_v1.0_train.csv,41210
001460681,5142670.9000,USD,2022-09-30T00:00:00Z,DEBIT,,"BenchRec production-derived, obfuscated source side A",166027574259,001460681 67614 SKITE77                                                                         MUTUALITY AVIARY DEFENSER,ACC#00001,-5142670.90,DR,2022-09-30,2022-10-01,BenchRec_cash_v1.0_train.csv,21979
0973516,6489300.0000,USD,2022-11-05T00:00:00Z,DEBIT,,"BenchRec production-derived, obfuscated source side A",168273408083,0973516 ALME7U0195JOQG7U                                                                JO TONITE SAUNT 664952723,ACC#00001,-6489300.00,DR,2022-11-05,2022-11-06,BenchRec_cash_v1.0_train.csv,51350
008068897,26851016.7000,USD,2022-12-10T00:00:00Z,DEBIT,,"BenchRec production-derived, obfuscated source side A",170416438679,008068897 41477 AUG0698 L9FV0OP                                                                 UPCLOSER MONOCOQUE GAB -,ACC#00001,-26851016.70,DR,2022-12-10,2022-12-11,BenchRec_cash_v1.0_train.csv,77781
40392705,2845774.6000,USD,2022-12-08T00:00:00Z,DEBIT,,"BenchRec production-derived, obfuscated source side A",17069671577,40392705 JOQG7U7115ESKIMO                                                                GVKYHE          666610809,ACC#00001,-2845774.60,DR,2022-12-08,2022-12-09,BenchRec_cash_v1.0_train.csv,75526
001377860,32859895.6400,USD,2022-09-16T00:00:00Z,CREDIT,,"BenchRec production-derived, obfuscated source side A",173423676106,001377860 41477 HUBBA50 L9Y10WY                                                                 UPCLOSER MONOCOQUE GAB -,ACC#00001,32859895.64,CR,2022-09-16,2022-09-17,BenchRec_cash_v1.0_train.csv,7814
001564828,27636.8900,USD,2022-10-28T00:00:00Z,CREDIT,,"BenchRec production-derived, obfuscated source side A",174752589977,001564828 14476 SOUTH86                                                                         UPCLOSER MONOCOQUE GAB -,ACC#00001,27636.89,CR,2022-10-28,2022-10-29,BenchRec_cash_v1.0_train.csv,46067
UVA9126666748676,683802220.0000,USD,2022-10-09T00:00:00Z,DEBIT,,"BenchRec production-derived, obfuscated source side A",174774837717,UVA9126666748676 UVA9126666748676,ACC#00001,-683802220.00,DR,2022-10-09,2022-10-10,BenchRec_cash_v1.0_train.csv,30711
32566TA385,12448.7800,USD,2022-12-23T00:00:00Z,DEBIT,,"BenchRec production-derived, obfuscated source side A",175611850370,32566TA385 32566TA385                                                                      JOQVY - ELUVIA -,ACC#00001,-12448.78,DR,2022-12-23,2022-12-24,BenchRec_cash_v1.0_train.csv,86312
001973406,21882.7500,USD,2022-11-25T00:00:00Z,DEBIT,,"BenchRec production-derived, obfuscated source side A",177255585697,001973406 14476 CHARE58                                                                         UPCLOSER MONOCOQUE GAB -,ACC#00001,-21882.75,DR,2022-11-25,2022-11-26,BenchRec_cash_v1.0_train.csv,65292
008764137,1187552.5100,USD,2022-12-30T00:00:00Z,DEBIT,,"BenchRec production-derived, obfuscated source side A",178954158761,008764137 67005 NAPE703                                                                         WADLIKE ETHERIFIES CHUHRA,ACC#00001,-1187552.51,DR,2022-12-30,2022-12-31,BenchRec_cash_v1.0_train.csv,91044
001425974,949489.9400,USD,2022-10-07T00:00:00Z,DEBIT,,"BenchRec production-derived, obfuscated source side A",179000761610,001425974 15574 KAVI032                                                                         SLATTERN TYPY OEV,ACC#00001,-949489.94,DR,2022-10-07,2022-10-08,BenchRec_cash_v1.0_train.csv,28580
001291509,74362.1400,USD,2022-10-28T00:00:00Z,DEBIT,,"BenchRec production-derived, obfuscated source side A",17942703764,001291509 67387 BRAVI25                                                                         RHODIZITE GEOMETRINE BETA,ACC#00001,-74362.14,DR,2022-10-28,2022-10-29,BenchRec_cash_v1.0_train.csv,45354
6X77656K62666863,1195.5000,USD,2022-09-18T00:00:00Z,DEBIT,,"BenchRec production-derived, obfuscated source side A",18000796890,6X77656K62666863 6361656K6T6I6N66                                                                UPCLOSER QUETCH EFI (WYE-,ACC#00001,-1195.50,DR,2022-09-18,2022-09-22,BenchRec_cash_v1.0_train.csv,10931
32566AJUL5,127.1700,USD,2022-09-28T00:00:00Z,DEBIT,,"BenchRec production-derived, obfuscated source side A",181156439570,32566AJUL5 32566AJUL5                                                                      JOQVY - BAS - DG,ACC#00001,-127.17,DR,2022-09-28,2022-09-29,BenchRec_cash_v1.0_train.csv,18943
001397110,23229366.8800,USD,2022-09-25T00:00:00Z,DEBIT,,"BenchRec production-derived, obfuscated source side A",181763064062,001397110 17667 AUG0672                                                                         TAPU ETHERIFIES AUANTIC,ACC#00001,-23229366.88,DR,2022-09-25,2022-09-27,BenchRec_cash_v1.0_train.csv,17991
008092625,118132.1500,USD,2022-12-31T00:00:00Z,CREDIT,,"BenchRec production-derived, obfuscated source side A",181905958766,008092625 17661 NAPE159                                                                         FAIN GEOMETRINE CUBICLES,ACC#00001,118132.15,CR,2022-12-31,2023-01-01,BenchRec_cash_v1.0_train.csv,93293
001915119,102550.1600,USD,2022-11-18T00:00:00Z,DEBIT,,"BenchRec production-derived, obfuscated source side A",183357256618,001915119 14476 KAVI976                                                                         UPCLOSER MONOCOQUE GAB -,ACC#00001,-102550.16,DR,2022-11-18,2022-11-19,BenchRec_cash_v1.0_train.csv,60374
001278501,38557.0000,USD,2022-10-15T00:00:00Z,CREDIT,,"BenchRec production-derived, obfuscated source side A",18525664731,001278501 14407 ANNET28                                                                         UPCLOSER MONOCOQUE GAB -,ACC#00001,38557.00,CR,2022-10-15,2022-10-16,BenchRec_cash_v1.0_train.csv,36825
32566XR75V,69898.6000,USD,2022-09-17T00:00:00Z,DEBIT,,"BenchRec production-derived, obfuscated source side A",185895623287,32566XR75V 32566XR75V                                                                      JOQVY - ELUVIA -,ACC#00001,-69898.60,DR,2022-09-17,2022-09-18,BenchRec_cash_v1.0_train.csv,8765
32566TRVHV,4725.8600,USD,2022-12-30T00:00:00Z,CREDIT,,"BenchRec production-derived, obfuscated source side A",186432930042,32566TRVHV 32566TRVHV                                                                      JOQVY DE -ELUVIA,ACC#00001,4725.86,CR,2022-12-30,2022-12-31,BenchRec_cash_v1.0_train.csv,92032
001358253,2764251.9800,USD,2022-09-30T00:00:00Z,DEBIT,,"BenchRec production-derived, obfuscated source side A",186460663803,001358253 41477 VINYL32 L9Y886J                                                                 UPCLOSER MONOCOQUE GAB -,ACC#00001,-2764251.98,DR,2022-09-30,2022-10-01,BenchRec_cash_v1.0_train.csv,22676
001444479,221247.3700,USD,2022-10-07T00:00:00Z,CREDIT,,"BenchRec production-derived, obfuscated source side A",18825789735,001444479 14476 HUBBA30                                                                         UPCLOSER MONOCOQUE GAB -,ACC#00001,221247.37,CR,2022-10-07,2022-10-08,BenchRec_cash_v1.0_train.csv,28570
008052399,3101842.3100,USD,2022-12-24T00:00:00Z,DEBIT,,"BenchRec production-derived, obfuscated source side A",188634912092,008052399 41477 OKET078 L9NR0R9                                                                 UPCLOSER MONOCOQUE GAB -,ACC#00001,-3101842.31,DR,2022-12-24,2022-12-25,BenchRec_cash_v1.0_train.csv,88296
008042941,43250.8300,USD,2022-12-22T00:00:00Z,DEBIT,,"BenchRec production-derived, obfuscated source side A",189349437240,008042941 14476 SHOWD73                                                                         UPCLOSER MONOCOQUE GAB -,ACC#00001,-43250.83,DR,2022-12-22,2022-12-23,BenchRec_cash_v1.0_train.csv,86051
32566GS8HP,4570.6600,USD,2022-10-12T00:00:00Z,DEBIT,,"BenchRec production-derived, obfuscated source side A",190688422291,32566GS8HP 32566GS8HP                                                                      JOQVY - BAS - DG,ACC#00001,-4570.66,DR,2022-10-12,2022-10-13,BenchRec_cash_v1.0_train.csv,32943
001903426,2446063.0000,USD,2022-11-17T00:00:00Z,DEBIT,,"BenchRec production-derived, obfuscated source side A",193445188802,001903426 12667 OKET062                                                                         PAROCHIALISM VOWED MOGGIO,ACC#00001,-2446063.00,DR,2022-11-17,2022-11-18,BenchRec_cash_v1.0_train.csv,59691
32566FO62Z,139800.5700,USD,2022-12-03T00:00:00Z,DEBIT,,"BenchRec production-derived, obfuscated source side A",194100078658,32566FO62Z 32566FO62Z                                                                      JOQVY - ELUVIA -,ACC#00001,-139800.57,DR,2022-12-03,2022-12-04,BenchRec_cash_v1.0_train.csv,71777
001451520,8120000.0000,USD,2022-10-07T00:00:00Z,CREDIT,,"BenchRec production-derived, obfuscated source side A",194908338487,001451520 41477 JAUP182 L9Y44Q3                                                                 UPCLOSER MONOCOQUE GAB -,ACC#00001,8120000.00,CR,2022-10-07,2022-10-08,BenchRec_cash_v1.0_train.csv,27508
600806,210000.0000,USD,2022-09-10T00:00:00Z,DEBIT,,"BenchRec production-derived, obfuscated source side A",195874529732,600806 666666660925833,ACC#00001,-210000.00,DR,2022-09-10,2022-09-12,BenchRec_cash_v1.0_train.csv,5030
32566TKFN2,2592.6800,USD,2022-11-23T00:00:00Z,CREDIT,,"BenchRec production-derived, obfuscated source side A",196947831199,32566TKFN2 32566TKFN2                                                                      JO TONITE AGGEST,ACC#00001,2592.68,CR,2022-11-23,2022-11-24,BenchRec_cash_v1.0_train.csv,63509
001341082,10788500.0000,USD,2022-09-22T00:00:00Z,DEBIT,,"BenchRec production-derived, obfuscated source side A",197291006342,001341082 88856 AUG0619                                                                         YFY SUBHEADINGS,ACC#00001,-10788500.00,DR,2022-09-22,2022-09-23,BenchRec_cash_v1.0_train.csv,12878
RM138125,16817.5400,USD,2022-11-06T00:00:00Z,DEBIT,,"BenchRec production-derived, obfuscated source side A",197826063754,RM138125  67666 JOQVY H.C. ZUCCHINIS TENT,ACC#00001,-16817.54,DR,2022-11-06,2022-11-07,BenchRec_cash_v1.0_train.csv,52489
001402638,60021.4000,USD,2022-09-30T00:00:00Z,CREDIT,,"BenchRec production-derived, obfuscated source side A",197945941950,001402638 14476 CHARE83                                                                         UPCLOSER MONOCOQUE GAB -,ACC#00001,60021.40,CR,2022-09-30,2022-10-01,BenchRec_cash_v1.0_train.csv,21207
001402069,93502.0000,USD,2022-09-30T00:00:00Z,CREDIT,,"BenchRec production-derived, obfuscated source side A",199233366498,001402069 14476 CHARE83                                                                         UPCLOSER MONOCOQUE GAB -,ACC#00001,93502.00,CR,2022-09-30,2022-10-01,BenchRec_cash_v1.0_train.csv,22369
32566AQE7Y,1194239.3600,USD,2022-10-05T00:00:00Z,DEBIT,,"BenchRec production-derived, obfuscated source side A",199604238899,32566AQE7Y 32566AQE7Y                                                                      JOQVY - BAS - DG,ACC#00001,-1194239.36,DR,2022-10-05,2022-10-06,BenchRec_cash_v1.0_train.csv,25448
001207760,2415043.7900,USD,2022-10-15T00:00:00Z,DEBIT,,"BenchRec production-derived, obfuscated source side A",201272936807,001207760 14407 RUMBO56                                                                         UPCLOSER MONOCOQUE GAB -,ACC#00001,-2415043.79,DR,2022-10-15,2022-10-16,BenchRec_cash_v1.0_train.csv,36159
40705450,516510.8000,USD,2022-10-12T00:00:00Z,CREDIT,,"BenchRec production-derived, obfuscated source side A",201331542881,40705450 V40705450                                                                       GVKYHE          666610809,ACC#00001,516510.80,CR,2022-10-12,2022-10-13,BenchRec_cash_v1.0_train.csv,32280
IYO9126666726919,1509222.0000,USD,2022-11-02T00:00:00Z,CREDIT,,"BenchRec production-derived, obfuscated source side A",201524542508,IYO9126666726919 IYO9126666726919,ACC#00001,1509222.00,CR,2022-11-02,2022-11-03,BenchRec_cash_v1.0_train.csv,48727
001414704,4688410.0000,USD,2022-09-30T00:00:00Z,CREDIT,,"BenchRec production-derived, obfuscated source side A",201774237953,001414704 41477 CANGY22 L9Y33D9                                                                 UPCLOSER MONOCOQUE GAB -,ACC#00001,4688410.00,CR,2022-09-30,2022-10-01,BenchRec_cash_v1.0_train.csv,21471
001351837,611503.5000,USD,2022-09-30T00:00:00Z,DEBIT,,"BenchRec production-derived, obfuscated source side A",202331211410,001351837 67614 SKITE77                                                                         MUTUALITY AVIARY DEFENSER,ACC#00001,-611503.50,DR,2022-09-30,2022-10-01,BenchRec_cash_v1.0_train.csv,21851
50273436,11886395.1600,USD,2022-10-15T00:00:00Z,CREDIT,,"BenchRec production-derived, obfuscated source side A",203323188307,50273436 V50273436                                                                       JO TONITE SAUNT 664952723,ACC#00001,11886395.16,CR,2022-10-15,2022-10-16,BenchRec_cash_v1.0_train.csv,36431
001923650,2228688.8300,USD,2022-11-20T00:00:00Z,CREDIT,,"BenchRec production-derived, obfuscated source side A",204194343481,001923650 88856 NAPE610                                                                         UPCLOSER MONOCOQUE GAB -,ACC#00001,2228688.83,CR,2022-11-20,2022-11-21,BenchRec_cash_v1.0_train.csv,62667
008638279,708925.3200,USD,2022-12-04T00:00:00Z,CREDIT,,"BenchRec production-derived, obfuscated source side A",204504259258,008638279 12660 NAPE049                                                                         UPCLOSER MONOCOQUE GAB -,ACC#00001,708925.32,CR,2022-12-04,2022-12-05,BenchRec_cash_v1.0_train.csv,72841
32566TLUD0,102149.4000,USD,2022-11-26T00:00:00Z,CREDIT,,"BenchRec production-derived, obfuscated source side A",205617904727,32566TLUD0 32566TLUD0                                                                      JOQVY - ELUVIA -,ACC#00001,102149.40,CR,2022-11-26,2022-11-27,BenchRec_cash_v1.0_train.csv,67179
001358944,464659.5000,USD,2022-09-30T00:00:00Z,DEBIT,,"BenchRec production-derived, obfuscated source side A",205651298249,001358944 67614 SKITE70                                                                         CLINOGRAPH MESSER DIE GAB,ACC#00001,-464659.50,DR,2022-09-30,2022-10-01,BenchRec_cash_v1.0_train.csv,21577
001291558,736730.0000,USD,2022-10-28T00:00:00Z,DEBIT,,"BenchRec production-derived, obfuscated source side A",205829569607,001291558 67323 GULA058                                                                         ASCIDIA GEOMETRINE MOGGIO,ACC#00001,-736730.00,DR,2022-10-28,2022-10-29,BenchRec_cash_v1.0_train.csv,45831
001938734,15263093.4500,USD,2022-11-18T00:00:00Z,DEBIT,,"BenchRec production-derived, obfuscated source side A",206822596331,001938734 41477 EPEE553 L9GT43I                                                                 UPCLOSER MONOCOQUE GAB -,ACC#00001,-15263093.45,DR,2022-11-18,2022-11-19,BenchRec_cash_v1.0_train.csv,60310
6666666669371857,542000000.0000,USD,2022-10-26T00:00:00Z,DEBIT,,"BenchRec production-derived, obfuscated source side A",207321081529,6666666669371857 JEE - DESINENT,ACC#00001,-542000000.00,DR,2022-10-26,2022-10-27,BenchRec_cash_v1.0_train.csv,42751
001975539,238757.4900,USD,2022-11-16T00:00:00Z,CREDIT,,"BenchRec production-derived, obfuscated source side A",207741904292,001975539 14476 AMAGA42                                                                         UPCLOSER MONOCOQUE GAB -,ACC#00001,238757.49,CR,2022-11-16,2022-11-17,BenchRec_cash_v1.0_train.csv,57863
001555334,50812602.2100,USD,2022-11-09T00:00:00Z,DEBIT,,"BenchRec production-derived, obfuscated source side A",208497985072,001555334 41477 EPEE553 L9MU7VL                                                                 UPCLOSER MONOCOQUE GAB -,ACC#00001,-50812602.21,DR,2022-11-09,2022-11-10,BenchRec_cash_v1.0_train.csv,54057
001229209,54229486.0000,USD,2022-10-21T00:00:00Z,DEBIT,,"BenchRec production-derived, obfuscated source side A",208861980559,001229209 41477 AUG0672 L9Y52LF                                                                 JOQVY H.C. ZUCCHINIS TENT,ACC#00001,-54229486.00,DR,2022-10-21,2022-10-22,BenchRec_cash_v1.0_train.csv,41110
001480605,88659.4100,USD,2022-10-01T00:00:00Z,DEBIT,,"BenchRec production-derived, obfuscated source side A",209370320430,001480605 67387 JAUP872                                                                         NIGROUS VOWED AVIARY BETA,ACC#00001,-88659.41,DR,2022-10-01,2022-10-02,BenchRec_cash_v1.0_train.csv,23602
001343391,460.6900,USD,2022-09-22T00:00:00Z,CREDIT,,"BenchRec production-derived, obfuscated source side A",209536573437,001343391 67674 HUBBA50                                                                         JO TONITE ETHERIFIES GAB,ACC#00001,460.69,CR,2022-09-22,2022-09-23,BenchRec_cash_v1.0_train.csv,13257
001270475,17012.8600,USD,2022-10-15T00:00:00Z,CREDIT,,"BenchRec production-derived, obfuscated source side A",21030867156,001270475 14407 CHOIL18                                                                         UPCLOSER MONOCOQUE GAB -,ACC#00001,17012.86,CR,2022-10-15,2022-10-16,BenchRec_cash_v1.0_train.csv,36004
32566TRPUF,52120.6500,USD,2022-12-31T00:00:00Z,CREDIT,,"BenchRec production-derived, obfuscated source side A",21100040485,32566TRPUF 32566TRPUF                                                                      JOQVY - ELUVIA -,ACC#00001,52120.65,CR,2022-12-31,2023-01-01,BenchRec_cash_v1.0_train.csv,92558
001966457,8733.2000,USD,2022-11-12T00:00:00Z,CREDIT,,"BenchRec production-derived, obfuscated source side A",211329228339,001966457 14476 JAUP579                                                                         ENHAT CROM TYPY AS CARENE,ACC#00001,8733.20,CR,2022-11-12,2022-11-13,BenchRec_cash_v1.0_train.csv,56733
IYO9126666733206,97883864.0000,USD,2022-09-10T00:00:00Z,DEBIT,,"BenchRec production-derived, obfuscated source side A",21251065507,IYO9126666733206 IYO9126666733206,ACC#00001,-97883864.00,DR,2022-09-10,2022-09-11,BenchRec_cash_v1.0_train.csv,3367
32537156,400000.0000,USD,2022-12-31T00:00:00Z,DEBIT,,"BenchRec production-derived, obfuscated source side A",214236534763,32537156 ALME7U1009JOQG7U                                                                JO TONITE SAUNT 664952723,ACC#00001,-400000.00,DR,2022-12-31,2023-01-01,BenchRec_cash_v1.0_train.csv,92207
008611803,123300.0000,USD,2022-11-27T00:00:00Z,DEBIT,,"BenchRec production-derived, obfuscated source side A",214261918889,008611803 67888 CHOIL61 L9HX8DS                                                                 JO TONITE ETHERIFIES GAB,ACC#00001,-123300.00,DR,2022-11-27,2022-11-28,BenchRec_cash_v1.0_train.csv,67271
32288954,175328.0000,USD,2022-12-16T00:00:00Z,DEBIT,,"BenchRec production-derived, obfuscated source side A",214651991036,32288954 ALME7U6349JOQG7U                                                                JO TONITE SAUNT 664952723,ACC#00001,-175328.00,DR,2022-12-16,2022-12-17,BenchRec_cash_v1.0_train.csv,81959
001484784,7056767.2400,USD,2022-10-02T00:00:00Z,CREDIT,,"BenchRec production-derived, obfuscated source side A",21511959507,001484784 12660 SYNE807                                                                         YUO WATERER NM,ACC#00001,7056767.24,CR,2022-10-02,2022-10-03,BenchRec_cash_v1.0_train.csv,24024
6666666667876106,2797210422.0000,USD,2022-11-27T00:00:00Z,CREDIT,,"BenchRec production-derived, obfuscated source side A",219824168684,6666666667876106 P678761066273149                                                                BHOOSA- DESINENT,ACC#00001,2797210422.00,CR,2022-11-27,2022-11-28,BenchRec_cash_v1.0_train.csv,67469
001453538,34132298.5000,USD,2022-10-08T00:00:00Z,CREDIT,,"BenchRec production-derived, obfuscated source side A",221175352414,001453538 15601 COCT580                                                                         DALAPON BUT CLEMENTS CLEW,ACC#00001,34132298.50,CR,2022-10-08,2022-10-09,BenchRec_cash_v1.0_train.csv,29074
001330711,799402.3900,USD,2022-09-22T00:00:00Z,CREDIT,,"BenchRec production-derived, obfuscated source side A",223329095758,001330711 14473 ANNET21                                                                         PREOCCUR CROM KEF LEK (ZH,ACC#00001,799402.39,CR,2022-09-22,2022-09-23,BenchRec_cash_v1.0_train.csv,13270
32566TRB1E,343030.1300,USD,2022-12-31T00:00:00Z,DEBIT,,"BenchRec production-derived, obfuscated source side A",22461112979,32566TRB1E 32566TRB1E                                                                      JOQVY - ELUVIA -,ACC#00001,-343030.13,DR,2022-12-31,2023-01-01,BenchRec_cash_v1.0_train.csv,93120
001403583,14971389.1300,USD,2022-09-29T00:00:00Z,CREDIT,,"BenchRec production-derived, obfuscated source side A",225882253061,001403583 67888 KAVI032 L9Y30YD                                                                 JO TONITE ETHERIFIES GAB,ACC#00001,14971389.13,CR,2022-09-29,2022-09-30,BenchRec_cash_v1.0_train.csv,19778
001216360,5161324.1700,USD,2022-10-16T00:00:00Z,DEBIT,,"BenchRec production-derived, obfuscated source side A",226171001881,001216360 10095 GULA035                                                                         VOLUPT NAPKIN & RESSAUT,ACC#00001,-5161324.17,DR,2022-10-16,2022-10-17,BenchRec_cash_v1.0_train.csv,37759
001498379,41077614.7000,USD,2022-10-09T00:00:00Z,DEBIT,,"BenchRec production-derived, obfuscated source side A",226343856178,001498379 17661 KAVI117                                                                         UPCLOSER MONOCOQUE GAB -,ACC#00001,-41077614.70,DR,2022-10-09,2022-10-10,BenchRec_cash_v1.0_train.csv,30932
32566ATR5B,1286326.0000,USD,2022-10-15T00:00:00Z,DEBIT,,"BenchRec production-derived, obfuscated source side A",226648264489,32566ATR5B 32566ATR5B                                                                      JOQVY - ELUVIA -,ACC#00001,-1286326.00,DR,2022-10-15,2022-10-16,BenchRec_cash_v1.0_train.csv,36748
32566D5RIA,25205.9700,USD,2022-09-10T00:00:00Z,DEBIT,,"BenchRec production-derived, obfuscated source side A",226706602180,32566D5RIA 32566D5RIA                                                                      JOQVY DE-BAS - T,ACC#00001,-25205.97,DR,2022-09-10,2022-09-11,BenchRec_cash_v1.0_train.csv,4074
32566TRONR,853.5500,USD,2022-12-31T00:00:00Z,CREDIT,,"BenchRec production-derived, obfuscated source side A",22760563082,32566TRONR 32566TRONR                                                                      JOQVY - ELUVIA -,ACC#00001,853.55,CR,2022-12-31,2023-01-01,BenchRec_cash_v1.0_train.csv,93616
008706691,91484.6500,USD,2022-12-31T00:00:00Z,CREDIT,,"BenchRec production-derived, obfuscated source side A",227614668785,008706691 67608 CLICH58                                                                         NIGROUS VOWED FUTHERMORE,ACC#00001,91484.65,CR,2022-12-31,2023-01-01,BenchRec_cash_v1.0_train.csv,92456
001564084,4689930.3000,USD,2022-10-27T00:00:00Z,DEBIT,,"BenchRec production-derived, obfuscated source side A",229461634087,001564084 67888 ROMAN42 L9Y91BT                                                                 JO TONITE ETHERIFIES GAB,ACC#00001,-4689930.30,DR,2022-10-27,2022-10-28,BenchRec_cash_v1.0_train.csv,45021
32566TR6MN,1691.8100,USD,2022-12-17T00:00:00Z,DEBIT,,"BenchRec production-derived, obfuscated source side A",230088026563,32566TR6MN 32566TR6MN                                                                      JOQVY DE -ELUVIA,ACC#00001,-1691.81,DR,2022-12-17,2022-12-18,BenchRec_cash_v1.0_train.csv,82766
06985116,8264400.0000,USD,2022-11-18T00:00:00Z,CREDIT,,"BenchRec production-derived, obfuscated source side A",23108625974,06985116 V06985116                                                                       SHALE           667933724,ACC#00001,8264400.00,CR,2022-11-18,2022-11-19,BenchRec_cash_v1.0_train.csv,60212
626550,3624.0000,USD,2022-11-02T00:00:00Z,DEBIT,,"BenchRec production-derived, obfuscated source side A",231792694135,626550 666666667791479,ACC#00001,-3624.00,DR,2022-11-02,2022-11-03,BenchRec_cash_v1.0_train.csv,50073
001424828,1750570.5500,USD,2022-10-08T00:00:00Z,DEBIT,,"BenchRec production-derived, obfuscated source side A",232138566623,001424828 12660 AUG0686                                                                         UPCLOSER MONOCOQUE GAB -,ACC#00001,-1750570.55,DR,2022-10-08,2022-10-09,BenchRec_cash_v1.0_train.csv,29767
001578038,44613725.4000,USD,2022-10-29T00:00:00Z,DEBIT,,"BenchRec production-derived, obfuscated source side A",232209506368,001578038 41477 MEGGY88 L9Y92GR                                                                 UPCLOSER MONOCOQUE GAB -,ACC#00001,-44613725.40,DR,2022-10-29,2022-10-30,BenchRec_cash_v1.0_train.csv,46701
6666666667860120,1791742038.0000,USD,2022-11-27T00:00:00Z,CREDIT,,"BenchRec production-derived, obfuscated source side A",233087258183,6666666667860120 P678601206273137                                                                JOQOEV HUMP FGDK,ACC#00001,1791742038.00,CR,2022-11-27,2022-11-28,BenchRec_cash_v1.0_train.csv,67431
001267203,174000.0000,USD,2022-10-14T00:00:00Z,DEBIT,,"BenchRec production-derived, obfuscated source side A",233424083193,001267203 19262 CUMYL52                                                                         JO TONITE (GOLACH) NM-SUF,ACC#00001,-174000.00,DR,2022-10-14,2022-10-15,BenchRec_cash_v1.0_train.csv,34897
03185786,4000000.0000,USD,2022-11-20T00:00:00Z,CREDIT,,"BenchRec production-derived, obfuscated source side A",233669596513,03185786 V03185786                                                                       SHALE           667933724,ACC#00001,4000000.00,CR,2022-11-20,2022-11-21,BenchRec_cash_v1.0_train.csv,62974
12528601,12000000.0000,USD,2022-10-29T00:00:00Z,DEBIT,,"BenchRec production-derived, obfuscated source side A",234293394660,12528601 LEAFER9937JOQG7U                                                                JOQVY STRID     664952723,ACC#00001,-12000000.00,DR,2022-10-29,2022-10-30,BenchRec_cash_v1.0_train.csv,46516
19256116,4000000.0000,USD,2022-12-21T00:00:00Z,CREDIT,,"BenchRec production-derived, obfuscated source side A",237140244417,19256116 V19256116                                                                       SHALE           667933724,ACC#00001,4000000.00,CR,2022-12-21,2022-12-22,BenchRec_cash_v1.0_train.csv,84580
19220716,1000000.0000,USD,2022-12-21T00:00:00Z,CREDIT,,"BenchRec production-derived, obfuscated source side A",237266387461,19220716 V19220716                                                                       SHALE           667933724,ACC#00001,1000000.00,CR,2022-12-21,2022-12-22,BenchRec_cash_v1.0_train.csv,84591
008706014,152244.7000,USD,2022-12-31T00:00:00Z,CREDIT,,"BenchRec production-derived, obfuscated source side A",237939356639,008706014 67608 CLICH58                                                                         NIGROUS VOWED AVIARY BETA,ACC#00001,152244.70,CR,2022-12-31,2023-01-01,BenchRec_cash_v1.0_train.csv,93485
001240431,44815.0100,USD,2022-10-27T00:00:00Z,DEBIT,,"BenchRec production-derived, obfuscated source side A",238763128592,001240431 14407 FALX374                                                                         UPCLOSER MONOCOQUE GAB -,ACC#00001,-44815.01,DR,2022-10-27,2022-10-28,BenchRec_cash_v1.0_train.csv,45168
001493382,3789852.5300,USD,2022-10-09T00:00:00Z,DEBIT,,"BenchRec production-derived, obfuscated source side A",240094421284,001493382 41477 MOZO702 L9Y45SA                                                                 JOQVY H.C. ZUCCHINIS TENT,ACC#00001,-3789852.53,DR,2022-10-09,2022-10-10,BenchRec_cash_v1.0_train.csv,30544
37266GS3FT,362.6700,USD,2022-10-12T00:00:00Z,CREDIT,,"BenchRec production-derived, obfuscated source side A",240625614254,37266GS3FT 37266GS3FT                                                                      INKROOT LIKED BY,ACC#00001,362.67,CR,2022-10-12,2022-10-13,BenchRec_cash_v1.0_train.csv,32115
6Z6Z656K616I6561,20.6300,USD,2022-09-18T00:00:00Z,DEBIT,,"BenchRec production-derived, obfuscated source side A",241356353966,6Z6Z656K616I6561 6H6C656K696P6S6C                                                                UPCLOSER QUETCH EFI (WYE-,ACC#00001,-20.63,DR,2022-09-18,2022-09-19,BenchRec_cash_v1.0_train.csv,9681
001358507,4702400.0000,USD,2022-09-23T00:00:00Z,CREDIT,,"BenchRec production-derived, obfuscated source side A",243693201727,001358507 41477 SHOWD61 L9Y880C                                                                 UPCLOSER MONOCOQUE GAB -,ACC#00001,4702400.00,CR,2022-09-23,2022-09-24,BenchRec_cash_v1.0_train.csv,14143
008779748,230374.0500,USD,2022-12-30T00:00:00Z,CREDIT,,"BenchRec production-derived, obfuscated source side A",244053015163,008779748 12660 CANGY47                                                                         PREOCCUR CROM MESSER VAMP,ACC#00001,230374.05,CR,2022-12-30,2022-12-31,BenchRec_cash_v1.0_train.csv,91689
32566B3D09,9853.3000,USD,2022-11-04T00:00:00Z,DEBIT,,"BenchRec production-derived, obfuscated source side A",245680712651,32566B3D09 32566B3D09                                                                      JOQVY - ELUVIA -,ACC#00001,-9853.30,DR,2022-11-04,2022-11-05,BenchRec_cash_v1.0_train.csv,50553
03750116,1046824.3300,USD,2022-11-23T00:00:00Z,DEBIT,,"BenchRec production-derived, obfuscated source side A",246781338569,03750116 ALME7U1421JOQG7U                                                                JO TONITE SAUNT 664952723,ACC#00001,-1046824.33,DR,2022-11-23,2022-11-24,BenchRec_cash_v1.0_train.csv,63862
008612659,1227137.0000,USD,2022-12-02T00:00:00Z,DEBIT,,"BenchRec production-derived, obfuscated source side A",248243266006,008612659 14476 UNDOG79                                                                         UPCLOSER MONOCOQUE GAB -,ACC#00001,-1227137.00,DR,2022-12-02,2022-12-03,BenchRec_cash_v1.0_train.csv,71026
001509190,3174730.6000,USD,2022-10-29T00:00:00Z,CREDIT,,"BenchRec production-derived, obfuscated source side A",250695956364,001509190 15574 OKET656                                                                         YMV NONREGULATIVE,ACC#00001,3174730.60,CR,2022-10-29,2022-10-30,BenchRec_cash_v1.0_train.csv,46312
001453114,179689.4000,USD,2022-10-09T00:00:00Z,CREDIT,,"BenchRec production-derived, obfuscated source side A",251401868843,001453114 14407 OKET617                                                                         UPCLOSER MONOCOQUE GAB -,ACC#00001,179689.40,CR,2022-10-09,2022-10-10,BenchRec_cash_v1.0_train.csv,30514
001281717,33493.9100,USD,2022-10-20T00:00:00Z,DEBIT,,"BenchRec production-derived, obfuscated source side A",251973579263,001281717 14476 AUG6258                                                                         ENHAT CROM TYPY AS CARENE,ACC#00001,-33493.91,DR,2022-10-20,2022-10-21,BenchRec_cash_v1.0_train.csv,39747
001453556,17507819.8500,USD,2022-10-08T00:00:00Z,CREDIT,,"BenchRec production-derived, obfuscated source side A",253327231162,001453556 15601 GULA396                                                                         UPCLOSER MONOCOQUE GAB -,ACC#00001,17507819.85,CR,2022-10-08,2022-10-09,BenchRec_cash_v1.0_train.csv,30016
008675502,1675390.0000,USD,2022-12-01T00:00:00Z,CREDIT,,"BenchRec production-derived, obfuscated source side A",254384638894,008675502 67399 CHOIL73                                                                         PREOCCUR FUTHERMORE BUT L,ACC#00001,1675390.00,CR,2022-12-01,2022-12-02,BenchRec_cash_v1.0_train.csv,69975
008055147,1598638.7700,USD,2022-12-29T00:00:00Z,CREDIT,,"BenchRec production-derived, obfuscated source side A",256172368897,008055147 88856 COCT580                                                                         DIANITE ANIMI VOWED QMQF,ACC#00001,1598638.77,CR,2022-12-29,2022-12-30,BenchRec_cash_v1.0_train.csv,90024
UVA9126666750009,365665029.0000,USD,2022-12-07T00:00:00Z,CREDIT,,"BenchRec production-derived, obfuscated source side A",256216030509,UVA9126666750009 UVA9126666750009,ACC#00001,365665029.00,CR,2022-12-07,2022-12-08,BenchRec_cash_v1.0_train.csv,74769
001515482,296339.2200,USD,2022-10-30T00:00:00Z,CREDIT,,"BenchRec production-derived, obfuscated source side A",25709189066,001515482 55570 OKET656                                                                         SLATTERN TYPY OEV,ACC#00001,296339.22,CR,2022-10-30,2022-10-31,BenchRec_cash_v1.0_train.csv,47965
001948701,49032243.5700,USD,2022-11-25T00:00:00Z,DEBIT,,"BenchRec production-derived, obfuscated source side A",258942285497,001948701 41477 MEGGY88 L9GT9XA                                                                 UPCLOSER MONOCOQUE GAB -,ACC#00001,-49032243.57,DR,2022-11-25,2022-11-26,BenchRec_cash_v1.0_train.csv,65230
001555608,1226987.3700,USD,2022-11-11T00:00:00Z,CREDIT,,"BenchRec production-derived, obfuscated source side A",259373304117,001555608 55570 NINA858                                                                         PETTAH SUBHEADINGS LUPINE,ACC#00001,1226987.37,CR,2022-11-11,2022-11-12,BenchRec_cash_v1.0_train.csv,55214
001318381,37960.4900,USD,2022-09-18T00:00:00Z,CREDIT,,"BenchRec production-derived, obfuscated source side A",260715116697,001318381 14476 JAUP228                                                                         UPCLOSER MONOCOQUE GAB -,ACC#00001,37960.49,CR,2022-09-18,2022-09-19,BenchRec_cash_v1.0_train.csv,10328
001245586,987144.0700,USD,2022-10-26T00:00:00Z,CREDIT,,"BenchRec production-derived, obfuscated source side A",262451192045,001245586 14407 AMAGA15                                                                         UPCLOSER MONOCOQUE GAB -,ACC#00001,987144.07,CR,2022-10-26,2022-10-27,BenchRec_cash_v1.0_train.csv,43928
008764123,17667000.0000,USD,2022-12-25T00:00:00Z,DEBIT,,"BenchRec production-derived, obfuscated source side A",262878781190,008764123 41476 L9NR4T3                                                                 KAZATSKI VITI MIB DIASENE,ACC#00001,-17667000.00,DR,2022-12-25,2022-12-26,BenchRec_cash_v1.0_train.csv,88681
001354348,91165.4700,USD,2022-09-28T00:00:00Z,DEBIT,,"BenchRec production-derived, obfuscated source side A",263069295518,001354348 14407 CHOIL03                                                                         PAROCHIALISM VOWED QMQF U,ACC#00001,-91165.47,DR,2022-09-28,2022-09-29,BenchRec_cash_v1.0_train.csv,18253
32566TKVOY,2211.7600,USD,2022-11-20T00:00:00Z,DEBIT,,"BenchRec production-derived, obfuscated source side A",263730425422,32566TKVOY 32566TKVOY                                                                      JOQVY - BAS - DG,ACC#00001,-2211.76,DR,2022-11-20,2022-11-21,BenchRec_cash_v1.0_train.csv,62875
001207673,636219.6900,USD,2022-10-14T00:00:00Z,CREDIT,,"BenchRec production-derived, obfuscated source side A",26414807328,001207673 14476 CROWL16                                                                         UPCLOSER MONOCOQUE GAB -,ACC#00001,636219.69,CR,2022-10-14,2022-10-15,BenchRec_cash_v1.0_train.csv,35056
646595,2800.0000,USD,2022-09-18T00:00:00Z,CREDIT,,"BenchRec production-derived, obfuscated source side A",265184743669,646595 666666667616859,ACC#00001,2800.00,CR,2022-09-18,2022-09-19,BenchRec_cash_v1.0_train.csv,17599
32566TLUEI,31275.8800,USD,2022-11-26T00:00:00Z,CREDIT,,"BenchRec production-derived, obfuscated source side A",265551851661,32566TLUEI 32566TLUEI                                                                      JOQVY - ELUVIA -,ACC#00001,31275.88,CR,2022-11-26,2022-11-27,BenchRec_cash_v1.0_train.csv,66188
32005798,456200.0000,USD,2022-09-15T00:00:00Z,DEBIT,,"BenchRec production-derived, obfuscated source side A",265943268283,32005798 ALME7U0940JOQG7U                                                                JO TONITE SAUNT 664952723,ACC#00001,-456200.00,DR,2022-09-15,2022-09-16,BenchRec_cash_v1.0_train.csv,6056
32566CH61X,32.7400,USD,2022-10-07T00:00:00Z,DEBIT,,"BenchRec production-derived, obfuscated source side A",269619547733,32566CH61X 32566CH61X                                                                      ESNE - OL OGPU L,ACC#00001,-32.74,DR,2022-10-07,2022-10-08,BenchRec_cash_v1.0_train.csv,28703
AHT9126666757651,398802.0000,USD,2022-12-11T00:00:00Z,CREDIT,,"BenchRec production-derived, obfuscated source side A",271087615895,AHT9126666757651 AHT9126666757651,ACC#00001,398802.00,CR,2022-12-11,2022-12-12,BenchRec_cash_v1.0_train.csv,78387
008655103,1624284.4300,USD,2022-12-10T00:00:00Z,CREDIT,,"BenchRec production-derived, obfuscated source side A",271191334869,008655103 14473 RAKEE00                                                                         UPCLOSER MONOCOQUE GAB -,ACC#00001,1624284.43,CR,2022-12-10,2022-12-11,BenchRec_cash_v1.0_train.csv,77607
001378676,46863.1000,USD,2022-09-17T00:00:00Z,CREDIT,,"BenchRec production-derived, obfuscated source side A",272415327610,001378676 14407 HUBBA32                                                                         UPCLOSER MONOCOQUE GAB -,ACC#00001,46863.10,CR,2022-09-17,2022-09-18,BenchRec_cash_v1.0_train.csv,8552
008685623,8534706.6000,USD,2022-12-01T00:00:00Z,DEBIT,,"BenchRec production-derived, obfuscated source side A",273135986286,008685623 12667 AUG0698                                                                         UPCLOSER MONOCOQUE GAB -,ACC#00001,-8534706.60,DR,2022-12-01,2022-12-02,BenchRec_cash_v1.0_train.csv,69930
008011827,44867.4000,USD,2022-12-17T00:00:00Z,DEBIT,,"BenchRec production-derived, obfuscated source side A",274112230835,008011827 15918 DODOS28                                                                         FEW DORMICE CUBICLES EEV,ACC#00001,-44867.40,DR,2022-12-17,2022-12-18,BenchRec_cash_v1.0_train.csv,82192
32566CH3UI,211.0100,USD,2022-10-07T00:00:00Z,DEBIT,,"BenchRec production-derived, obfuscated source side A",274154948843,32566CH3UI 32566CH3UI                                                                      JOQVY DE -ELUVIA,ACC#00001,-211.01,DR,2022-10-07,2022-10-08,BenchRec_cash_v1.0_train.csv,27668
001207844,118376.4000,USD,2022-10-15T00:00:00Z,DEBIT,,"BenchRec production-derived, obfuscated source side A",274648223766,001207844 14407 ANTUM46                                                                         UPCLOSER MONOCOQUE GAB -,ACC#00001,-118376.40,DR,2022-10-15,2022-10-16,BenchRec_cash_v1.0_train.csv,35938
37266AHQRH,147047.0000,USD,2022-09-30T00:00:00Z,DEBIT,,"BenchRec production-derived, obfuscated source side A",2748459659,37266AHQRH 37266AHQRH                                                                      JOQ TREPIDATORY,ACC#00001,-147047.00,DR,2022-09-30,2022-10-01,BenchRec_cash_v1.0_train.csv,22194
006F656F6761696O,994132.4000,USD,2022-12-01T00:00:00Z,DEBIT,,"BenchRec production-derived, obfuscated source side A",275606523040,006F656F6761696O 6T6F656F676C6W62                                                                JOQ ETHERIFIES EFI (WYE-Z,ACC#00001,-994132.40,DR,2022-12-01,2022-12-02,BenchRec_cash_v1.0_train.csv,69418
001594976,68496.8200,USD,2022-11-11T00:00:00Z,CREDIT,,"BenchRec production-derived, obfuscated source side A",276501483560,001594976 14407 KELD601                                                                         UPCLOSER MONOCOQUE GAB -,ACC#00001,68496.82,CR,2022-11-11,2022-11-12,BenchRec_cash_v1.0_train.csv,55459
32566TO018,240452.3400,USD,2022-12-10T00:00:00Z,DEBIT,,"BenchRec production-derived, obfuscated source side A",277049167485,32566TO018 32566TO018                                                                      JOQVY - ELUVIA -,ACC#00001,-240452.34,DR,2022-12-10,2022-12-11,BenchRec_cash_v1.0_train.csv,77391
32566AHM2X,42684.7100,USD,2022-09-30T00:00:00Z,CREDIT,,"BenchRec production-derived, obfuscated source side A",278142221087,32566AHM2X 32566AHM2X                                                                      JO TONITE AGGEST,ACC#00001,42684.71,CR,2022-09-30,2022-10-01,BenchRec_cash_v1.0_train.csv,21149
HEY,24260.0000,USD,2022-09-25T00:00:00Z,DEBIT,,"BenchRec production-derived, obfuscated source side A",278323227378,HEY RAMON DISNEY MON - TA,ACC#00001,-24260.00,DR,2022-09-25,2022-09-27,BenchRec_cash_v1.0_train.csv,17740
33267256,33317506.9600,USD,2022-09-24T00:00:00Z,CREDIT,,"BenchRec production-derived, obfuscated source side A",278968977418,33267256 V33267256                                                                       JO TONITE SAUNT 664952723,ACC#00001,33317506.96,CR,2022-09-24,2022-09-25,BenchRec_cash_v1.0_train.csv,16266
32566QR7RJ,471.2500,USD,2022-12-07T00:00:00Z,DEBIT,,"BenchRec production-derived, obfuscated source side A",279013677464,32566QR7RJ 32566QR7RJ                                                                      JOQVY - BAS - DG,ACC#00001,-471.25,DR,2022-12-07,2022-12-08,BenchRec_cash_v1.0_train.csv,73949
32566TO2JG,8922.3400,USD,2022-12-10T00:00:00Z,CREDIT,,"BenchRec production-derived, obfuscated source side A",279229558186,32566TO2JG 32566TO2JG                                                                      JOQVY - BAS - DG,ACC#00001,8922.34,CR,2022-12-10,2022-12-11,BenchRec_cash_v1.0_train.csv,77767
008089608,182183.1100,USD,2022-12-18T00:00:00Z,CREDIT,,"BenchRec production-derived, obfuscated source side A",279593925213,008089608 14476 SWEAT86                                                                         UPCLOSER MONOCOQUE GAB -,ACC#00001,182183.11,CR,2022-12-18,2022-12-19,BenchRec_cash_v1.0_train.csv,83890
001920968,924883.1700,USD,2022-11-20T00:00:00Z,CREDIT,,"BenchRec production-derived, obfuscated source side A",280126942489,001920968 15574 NAPE610                                                                         JACKPLANE AVIARY PANTOPOD,ACC#00001,924883.17,CR,2022-11-20,2022-11-21,BenchRec_cash_v1.0_train.csv,62794
001251857,94952.9000,USD,2022-10-27T00:00:00Z,DEBIT,,"BenchRec production-derived, obfuscated source side A",281108136915,001251857 14407 CRIB668                                                                         UPCLOSER MONOCOQUE GAB -,ACC#00001,-94952.90,DR,2022-10-27,2022-10-28,BenchRec_cash_v1.0_train.csv,44377
001216427,3308326.2500,USD,2022-10-14T00:00:00Z,DEBIT,,"BenchRec production-derived, obfuscated source side A",281495161220,001216427 41477 AUG0672 L9Y24OD                                                                 JOQVY H.C. ZUCCHINIS TENT,ACC#00001,-3308326.25,DR,2022-10-14,2022-10-15,BenchRec_cash_v1.0_train.csv,34803
008636900,104627.0000,USD,2022-12-01T00:00:00Z,DEBIT,,"BenchRec production-derived, obfuscated source side A",282319051096,008636900 67888 CHOIL61 L9HX5WU                                                                 JO TONITE ETHERIFIES GAB,ACC#00001,-104627.00,DR,2022-12-01,2022-12-02,BenchRec_cash_v1.0_train.csv,69343
001496982,3985682.1000,USD,2022-10-09T00:00:00Z,CREDIT,,"BenchRec production-derived, obfuscated source side A",282517029919,001496982 12101 CHARE18                                                                         JOQVY ELUVIA DESINENT,ACC#00001,3985682.10,CR,2022-10-09,2022-10-10,BenchRec_cash_v1.0_train.csv,30646
86669136,4648140.0000,USD,2022-12-22T00:00:00Z,DEBIT,,"BenchRec production-derived, obfuscated source side A",283093103585,86669136 ALME7U4761JOQG7U                                                                JO TONITE SAUNT 664952723,ACC#00001,-4648140.00,DR,2022-12-22,2022-12-23,BenchRec_cash_v1.0_train.csv,85765
001323227,27191.9000,USD,2022-09-25T00:00:00Z,CREDIT,,"BenchRec production-derived, obfuscated source side A",283394624569,001323227 12660 ROHOB56                                                                         V&C VOWED QMQF OEV(WIM),ACC#00001,27191.90,CR,2022-09-25,2022-09-27,BenchRec_cash_v1.0_train.csv,16967
008777879,3470000.0000,USD,2022-12-29T00:00:00Z,CREDIT,,"BenchRec production-derived, obfuscated source side A",284435891036,008777879 41477 NAPE090 L9HJ6FP                                                                 UPCLOSER MONOCOQUE GAB -,ACC#00001,3470000.00,CR,2022-12-29,2022-12-30,BenchRec_cash_v1.0_train.csv,90142
001321817,1742565.8000,USD,2022-09-23T00:00:00Z,DEBIT,,"BenchRec production-derived, obfuscated source side A",285863199120,001321817 12607 AUG0686                                                                         BAA FOUR QMQF TERREMOTIVE,ACC#00001,-1742565.80,DR,2022-09-23,2022-09-24,BenchRec_cash_v1.0_train.csv,14679
001251267,22609.9800,USD,2022-10-26T00:00:00Z,CREDIT,,"BenchRec production-derived, obfuscated source side A",287023903818,001251267 14476 HUBBA77                                                                         UPCLOSER MONOCOQUE GAB -,ACC#00001,22609.98,CR,2022-10-26,2022-10-27,BenchRec_cash_v1.0_train.csv,43735
001311602,30775726.5100,USD,2022-09-17T00:00:00Z,DEBIT,,"BenchRec production-derived, obfuscated source side A",289645516318,001311602 41477 SWEAT71 L9Y11J1                                                                 UPCLOSER MONOCOQUE GAB -,ACC#00001,-30775726.51,DR,2022-09-17,2022-09-18,BenchRec_cash_v1.0_train.csv,8691
32566TRORI,1134581.2900,USD,2022-12-31T00:00:00Z,CREDIT,,"BenchRec production-derived, obfuscated source side A",290254968924,32566TRORI 32566TRORI                                                                      JOQVY - BAS - DG,ACC#00001,1134581.29,CR,2022-12-31,2023-01-01,BenchRec_cash_v1.0_train.csv,92246
32797014,8000000.0000,USD,2022-10-05T00:00:00Z,DEBIT,,"BenchRec production-derived, obfuscated source side A",290352469432,32797014 ALME112193JOQG7U                                                                JO TONITE SAUNT 664952723,ACC#00001,-8000000.00,DR,2022-10-05,2022-10-06,BenchRec_cash_v1.0_train.csv,26060
008008668,264713.9300,USD,2022-12-14T00:00:00Z,CREDIT,,"BenchRec production-derived, obfuscated source side A",291123397002,008008668 14407 COCT382                                                                         UPCLOSER MONOCOQUE GAB -,ACC#00001,264713.93,CR,2022-12-14,2022-12-15,BenchRec_cash_v1.0_train.csv,79629
001947856,1179760.3100,USD,2022-11-19T00:00:00Z,DEBIT,,"BenchRec production-derived, obfuscated source side A",292093352963,001947856 55570 OKET656                                                                         UPCLOSER MONOCOQUE GAB -,ACC#00001,-1179760.31,DR,2022-11-19,2022-11-20,BenchRec_cash_v1.0_train.csv,62286
AHT9126666741145,934.0000,USD,2022-10-08T00:00:00Z,DEBIT,,"BenchRec production-derived, obfuscated source side A",29233666556,AHT9126666741145 AHT9126666741145,ACC#00001,-934.00,DR,2022-10-08,2022-10-09,BenchRec_cash_v1.0_train.csv,28968
73531066,3805149.7500,USD,2022-12-01T00:00:00Z,DEBIT,,"BenchRec production-derived, obfuscated source side A",2927735545,73531066 JOQG7U0657GLEE7U                                                                SHALE           667933724,ACC#00001,-3805149.75,DR,2022-12-01,2022-12-02,BenchRec_cash_v1.0_train.csv,69668
001580060,79402.4400,USD,2022-11-02T00:00:00Z,CREDIT,,"BenchRec production-derived, obfuscated source side A",29348780160,001580060 14409 BAIS571                                                                         TYPY HODFUL NAIL BUT GAUR,ACC#00001,79402.44,CR,2022-11-02,2022-11-03,BenchRec_cash_v1.0_train.csv,48872
32751168,169552.9400,USD,2022-10-07T00:00:00Z,CREDIT,,"BenchRec production-derived, obfuscated source side A",294603948799,32751168 V32751168                                                                       JO TONITE GOX   664952723,ACC#00001,169552.94,CR,2022-10-07,2022-10-08,BenchRec_cash_v1.0_train.csv,27974
UVA9126666747886,1368694.0000,USD,2022-10-05T00:00:00Z,DEBIT,,"BenchRec production-derived, obfuscated source side A",295992519295,UVA9126666747886 UVA9126666747886,ACC#00001,-1368694.00,DR,2022-10-05,2022-10-06,BenchRec_cash_v1.0_train.csv,25567
19255086,2621550.0000,USD,2022-12-21T00:00:00Z,CREDIT,,"BenchRec production-derived, obfuscated source side A",296220555318,19255086 V19255086                                                                       SHALE           667933724,ACC#00001,2621550.00,CR,2022-12-21,2022-12-22,BenchRec_cash_v1.0_train.csv,84805
001526823,224127.3900,USD,2022-11-11T00:00:00Z,CREDIT,,"BenchRec production-derived, obfuscated source side A",299322244037,001526823 14476 SHOJI46                                                                         UPCLOSER MONOCOQUE GAB -,ACC#00001,224127.39,CR,2022-11-11,2022-11-12,BenchRec_cash_v1.0_train.csv,55645
008639922,1282000.0000,USD,2022-12-02T00:00:00Z,CREDIT,,"BenchRec production-derived, obfuscated source side A",300028296864,008639922 41477 KELD293 L9HK6ZZ                                                                 UPCLOSER MONOCOQUE GAB -,ACC#00001,1282000.00,CR,2022-12-02,2022-12-03,BenchRec_cash_v1.0_train.csv,70729
001455370,9825119.5400,USD,2022-10-13T00:00:00Z,DEBIT,,"BenchRec production-derived, obfuscated source side A",301063984923,001455370 17808 TANNA75                                                                         VERANDAH KEF QMQF USEE (C,ACC#00001,-9825119.54,DR,2022-10-13,2022-10-14,BenchRec_cash_v1.0_train.csv,33934
001368248,123733.8800,USD,2022-09-17T00:00:00Z,DEBIT,,"BenchRec production-derived, obfuscated source side A",303903441137,001368248 17667 KELD303                                                                         TYPY HODFUL NAIL BUT GAUR,ACC#00001,-123733.88,DR,2022-09-17,2022-09-18,BenchRec_cash_v1.0_train.csv,9146
0902356,469460.0000,USD,2022-11-05T00:00:00Z,DEBIT,,"BenchRec production-derived, obfuscated source side A",307270999373,0902356 ALME7U1959JOQG7U                                                                JO TONITE SAUNT 664952723,ACC#00001,-469460.00,DR,2022-11-05,2022-11-06,BenchRec_cash_v1.0_train.csv,51704
83108036,11714029.6000,USD,2022-09-21T00:00:00Z,CREDIT,,"BenchRec production-derived, obfuscated source side A",307395291277,83108036 V83108036                                                                       JO TONITE SAUNT 664952723,ACC#00001,11714029.60,CR,2022-09-21,2022-09-22,BenchRec_cash_v1.0_train.csv,11497
001274380,21073008.1900,USD,2022-10-15T00:00:00Z,CREDIT,,"BenchRec production-derived, obfuscated source side A",308174529672,001274380 89250 AUG0672                                                                         UPCLOSER MONOCOQUE GAB -,ACC#00001,21073008.19,CR,2022-10-15,2022-10-16,BenchRec_cash_v1.0_train.csv,36279
55943926,72807.9400,USD,2022-10-22T00:00:00Z,DEBIT,,"BenchRec production-derived, obfuscated source side A",30901792168,55943926 ALME7U4210JOQG7U                                                                JO TONITE SAUNT 664952723,ACC#00001,-72807.94,DR,2022-10-22,2022-10-23,BenchRec_cash_v1.0_train.csv,41569
001207912,26236.3100,USD,2022-10-14T00:00:00Z,CREDIT,,"BenchRec production-derived, obfuscated source side A",309742250631,001207912 14476 VINYL90                                                                         UPCLOSER MONOCOQUE GAB -,ACC#00001,26236.31,CR,2022-10-14,2022-10-15,BenchRec_cash_v1.0_train.csv,35371
32566AGMV2,10252.5200,USD,2022-10-12T00:00:00Z,CREDIT,,"BenchRec production-derived, obfuscated source side A",312702605026,32566AGMV2 32566AGMV2                                                                      JOQVY - DP - DE,ACC#00001,10252.52,CR,2022-10-12,2022-10-13,BenchRec_cash_v1.0_train.csv,33108
32566B3PPD,35251.9200,USD,2022-11-04T00:00:00Z,DEBIT,,"BenchRec production-derived, obfuscated source side A",312838081735,32566B3PPD 32566B3PPD                                                                      JOQVY DE -ELUVIA,ACC#00001,-35251.92,DR,2022-11-04,2022-11-05,BenchRec_cash_v1.0_train.csv,50173
001836188,5214824.5300,USD,2022-10-30T00:00:00Z,DEBIT,,"BenchRec production-derived, obfuscated source side A",313545949660,001836188 41477 EPEE676 L9Y03WB                                                                 ENCHODONTIDAE COUTHIER SF,ACC#00001,-5214824.53,DR,2022-10-30,2022-10-31,BenchRec_cash_v1.0_train.csv,47382
AHT9126666744982,9410.0000,USD,2022-10-20T00:00:00Z,DEBIT,,"BenchRec production-derived, obfuscated source side A",313773348686,AHT9126666744982 AHT9126666744982,ACC#00001,-9410.00,DR,2022-10-20,2022-10-21,BenchRec_cash_v1.0_train.csv,39713
86478816,13323495.6800,USD,2022-09-15T00:00:00Z,CREDIT,,"BenchRec production-derived, obfuscated source side A",314694781285,86478816 V86478816                                                                       JO TONITE SAUNT 664952723,ACC#00001,13323495.68,CR,2022-09-15,2022-09-16,BenchRec_cash_v1.0_train.csv,6674
001498531,36517.2000,USD,2022-10-13T00:00:00Z,DEBIT,,"BenchRec production-derived, obfuscated source side A",31485571267,001498531 14407 OKET664                                                                         EUPNOEIC EU SIBYLLINE,ACC#00001,-36517.20,DR,2022-10-13,2022-10-14,BenchRec_cash_v1.0_train.csv,33961
008647582,22083.7000,USD,2022-12-07T00:00:00Z,DEBIT,,"BenchRec production-derived, obfuscated source side A",31538511629,008647582 14407 BOAS691                                                                         UPCLOSER MONOCOQUE GAB -,ACC#00001,-22083.70,DR,2022-12-07,2022-12-08,BenchRec_cash_v1.0_train.csv,74127
001406317,2254745.3000,USD,2022-10-02T00:00:00Z,CREDIT,,"BenchRec production-derived, obfuscated source side A",31564422657,001406317 67387 COCT949                                                                         ITG MESSER S C CRYOCHORIC,ACC#00001,2254745.30,CR,2022-10-02,2022-10-03,BenchRec_cash_v1.0_train.csv,24259
32783191,64968.7300,USD,2022-09-29T00:00:00Z,CREDIT,,"BenchRec production-derived, obfuscated source side A",317443831967,32783191 V32783191                                                                       JO TONITE SAUNT 664952723,ACC#00001,64968.73,CR,2022-09-29,2022-09-30,BenchRec_cash_v1.0_train.csv,20015
001903658,21081339.8700,USD,2022-11-11T00:00:00Z,DEBIT,,"BenchRec production-derived, obfuscated source side A",318057503910,001903658 41477 EPEE553 L9MU5HX                                                                 JOQVY H.C. ZUCCHINIS TENT,ACC#00001,-21081339.87,DR,2022-11-11,2022-11-12,BenchRec_cash_v1.0_train.csv,55564
001200958,438404.0000,USD,2022-10-19T00:00:00Z,CREDIT,,"BenchRec production-derived, obfuscated source side A",32012886974,001200958 14476 BRIST39                                                                         UPCLOSER MONOCOQUE GAB -,ACC#00001,438404.00,CR,2022-10-19,2022-10-20,BenchRec_cash_v1.0_train.csv,38581
001525428,570000.0000,USD,2022-11-05T00:00:00Z,DEBIT,,"BenchRec production-derived, obfuscated source side A",320134689626,001525428 41476 L9DR93N                                                                 AFTONIAN TYPY AS RODENT C,ACC#00001,-570000.00,DR,2022-11-05,2022-11-06,BenchRec_cash_v1.0_train.csv,52070
001942973,452806.0000,USD,2022-11-23T00:00:00Z,DEBIT,,"BenchRec production-derived, obfuscated source side A",320161503973,001942973 14476 CHARE58                                                                         UPCLOSER MONOCOQUE GAB -,ACC#00001,-452806.00,DR,2022-11-23,2022-11-24,BenchRec_cash_v1.0_train.csv,63513
666766,851.0000,USD,2022-12-15T00:00:00Z,CREDIT,,"BenchRec production-derived, obfuscated source side A",321685478242,666766 666666667478125,ACC#00001,851.00,CR,2022-12-15,2022-12-18,BenchRec_cash_v1.0_train.csv,83032
001884035,30073386.3600,USD,2022-10-27T00:00:00Z,CREDIT,,"BenchRec production-derived, obfuscated source side A",321898188268,001884035 41477 MOVE008 L9Y089H                                                                 UPCLOSER MONOCOQUE GAB -,ACC#00001,30073386.36,CR,2022-10-27,2022-10-28,BenchRec_cash_v1.0_train.csv,45077
008062507,17074.8800,USD,2022-12-14T00:00:00Z,DEBIT,,"BenchRec production-derived, obfuscated source side A",323557812355,008062507 14407 BOAS474                                                                         TYPY HODFUL NAIL BUT GAUR,ACC#00001,-17074.88,DR,2022-12-14,2022-12-15,BenchRec_cash_v1.0_train.csv,79127
001948882,8825725.3500,USD,2022-11-23T00:00:00Z,CREDIT,,"BenchRec production-derived, obfuscated source side A",323915994977,001948882 12660 UNDOG14                                                                         UPCLOSER MONOCOQUE GAB -,ACC#00001,8825725.35,CR,2022-11-23,2022-11-24,BenchRec_cash_v1.0_train.csv,64225
001466287,136800.0000,USD,2022-09-30T00:00:00Z,DEBIT,,"BenchRec production-derived, obfuscated source side A",323956236865,001466287 67463 SKITE77                                                                         HATER GRAVEL KEEPINGS,ACC#00001,-136800.00,DR,2022-09-30,2022-10-01,BenchRec_cash_v1.0_train.csv,22475
32566B13MM,110624.3500,USD,2022-10-29T00:00:00Z,CREDIT,,"BenchRec production-derived, obfuscated source side A",324855876577,32566B13MM 32566B13MM                                                                      JOQVY - ELUVIA -,ACC#00001,110624.35,CR,2022-10-29,2022-10-30,BenchRec_cash_v1.0_train.csv,46923
32296987,1230995.7300,USD,2022-12-24T00:00:00Z,DEBIT,,"BenchRec production-derived, obfuscated source side A",325236424633,32296987 ALME7U0198JOQG7U                                                                JO TONITE SAUNT 664952723,ACC#00001,-1230995.73,DR,2022-12-24,2022-12-25,BenchRec_cash_v1.0_train.csv,87458
001836714,8429259.5600,USD,2022-09-11T00:00:00Z,CREDIT,,"BenchRec production-derived, obfuscated source side A",325349337346,001836714 41477 SYNE659 L9Y03RE                                                                 UPCLOSER MONOCOQUE GAB -,ACC#00001,8429259.56,CR,2022-09-11,2022-09-12,BenchRec_cash_v1.0_train.csv,4538
32566TP6TN,254782.5000,USD,2022-12-11T00:00:00Z,CREDIT,,"BenchRec production-derived, obfuscated source side A",326168173231,32566TP6TN 32566TP6TN                                                                      JOQVY DE-BAS - T,ACC#00001,254782.50,CR,2022-12-11,2022-12-12,BenchRec_cash_v1.0_train.csv,78301
001938731,50657134.6600,USD,2022-11-18T00:00:00Z,DEBIT,,"BenchRec production-derived, obfuscated source side A",326452564347,001938731 41477 MEGGY88 L9GT43S                                                                 UPCLOSER MONOCOQUE GAB -,ACC#00001,-50657134.66,DR,2022-11-18,2022-11-19,BenchRec_cash_v1.0_train.csv,60551
008016910,496217.6600,USD,2022-12-17T00:00:00Z,CREDIT,,"BenchRec production-derived, obfuscated source side A",32766791770,008016910 14476 RIGHT40                                                                         COCKIER CORDY BUT POE,ACC#00001,496217.66,CR,2022-12-17,2022-12-18,BenchRec_cash_v1.0_train.csv,83125
6666666664257171,3248140984.0000,USD,2022-10-05T00:00:00Z,CREDIT,,"BenchRec production-derived, obfuscated source side A",327695524415,6666666664257171 P642571710312612                                                                BHOOSA- DESINENT,ACC#00001,3248140984.00,CR,2022-10-05,2022-10-06,BenchRec_cash_v1.0_train.csv,26290
93039416,30309427.3200,USD,2022-10-28T00:00:00Z,CREDIT,,"BenchRec production-derived, obfuscated source side A",327790024539,93039416 V93039416                                                                       JO TONITE SAUNT 664952723,ACC#00001,30309427.32,CR,2022-10-28,2022-10-29,BenchRec_cash_v1.0_train.csv,46192
001412359,46372.5600,USD,2022-10-02T00:00:00Z,CREDIT,,"BenchRec production-derived, obfuscated source side A",329995921853,001412359 14476 AUG0605                                                                         UPCLOSER MONOCOQUE GAB -,ACC#00001,46372.56,CR,2022-10-02,2022-10-03,BenchRec_cash_v1.0_train.csv,24700
32566AMPEM,4294122.6000,USD,2022-09-23T00:00:00Z,CREDIT,,"BenchRec production-derived, obfuscated source side A",333163629458,32566AMPEM 32566AMPEM                                                                      JOQVY - BAS - DG,ACC#00001,4294122.60,CR,2022-09-23,2022-09-24,BenchRec_cash_v1.0_train.csv,13826
001210188,39828.9000,USD,2022-10-16T00:00:00Z,CREDIT,,"BenchRec production-derived, obfuscated source side A",333409211721,001210188 14476 SHOJI46                                                                         UPCLOSER MONOCOQUE GAB -,ACC#00001,39828.90,CR,2022-10-16,2022-10-17,BenchRec_cash_v1.0_train.csv,37122
VIP9126666751390,62473474.0000,USD,2022-12-15T00:00:00Z,CREDIT,,"BenchRec production-derived, obfuscated source side A",335059057126,VIP9126666751390 VIP9126666751390,ACC#00001,62473474.00,CR,2022-12-15,2022-12-16,BenchRec_cash_v1.0_train.csv,80993
6111656U6H6E676K,22.4800,USD,2022-10-20T00:00:00Z,DEBIT,,"BenchRec production-derived, obfuscated source side A",337370241130,6111656U6H6E676K 6462656U6B6C6166                                                                UPCLOSER QUETCH EFI (WYE-,ACC#00001,-22.48,DR,2022-10-20,2022-10-21,BenchRec_cash_v1.0_train.csv,39605
001496211,777871.3300,USD,2022-10-09T00:00:00Z,DEBIT,,"BenchRec production-derived, obfuscated source side A",339684506433,001496211 55570 KAVI032                                                                         ZEE ETHERIFIES EFI,ACC#00001,-777871.33,DR,2022-10-09,2022-10-10,BenchRec_cash_v1.0_train.csv,31081
32566ANIBA,14706.6000,USD,2022-10-21T00:00:00Z,CREDIT,,"BenchRec production-derived, obfuscated source side A",342035601852,32566ANIBA 32566ANIBA                                                                      JO TONITE AGGEST,ACC#00001,14706.60,CR,2022-10-21,2022-10-27,BenchRec_cash_v1.0_train.csv,42660
008065638,22158.0000,USD,2022-12-11T00:00:00Z,CREDIT,,"BenchRec production-derived, obfuscated source side A",342735473037,008065638 14476 UNDOG79                                                                         UPCLOSER MONOCOQUE GAB -,ACC#00001,22158.00,CR,2022-12-11,2022-12-12,BenchRec_cash_v1.0_train.csv,78456
008771314,2700000.0000,USD,2022-12-29T00:00:00Z,CREDIT,,"BenchRec production-derived, obfuscated source side A",344487744702,008771314 41476 L9HJ6Z2                                                                 NONIC WILLI MIZE PAR QUEM,ACC#00001,2700000.00,CR,2022-12-29,2022-12-30,BenchRec_cash_v1.0_train.csv,90151
37266APLKJ,18257.8300,USD,2022-10-09T00:00:00Z,DEBIT,,"BenchRec production-derived, obfuscated source side A",345056697794,37266APLKJ 37266APLKJ                                                                      JOQ TREPIDATORY,ACC#00001,-18257.83,DR,2022-10-09,2022-10-10,BenchRec_cash_v1.0_train.csv,31002
32566TJ5MD,118489.2500,USD,2022-11-27T00:00:00Z,DEBIT,,"BenchRec production-derived, obfuscated source side A",345334102543,32566TJ5MD 32566TJ5MD                                                                      JOQVY - BAS - DG,ACC#00001,-118489.25,DR,2022-11-27,2022-11-28,BenchRec_cash_v1.0_train.csv,67685
001378093,91923.4100,USD,2022-09-17T00:00:00Z,CREDIT,,"BenchRec production-derived, obfuscated source side A",345653443826,001378093 14407 BOAS637                                                                         UPCLOSER MONOCOQUE GAB -,ACC#00001,91923.41,CR,2022-09-17,2022-09-18,BenchRec_cash_v1.0_train.csv,8679
001267027,18534013.1000,USD,2022-10-12T00:00:00Z,DEBIT,,"BenchRec production-derived, obfuscated source side A",346035524744,001267027 17661 KAVI032                                                                         UPCLOSER MONOCOQUE GAB -,ACC#00001,-18534013.10,DR,2022-10-12,2022-10-13,BenchRec_cash_v1.0_train.csv,32051
001368347,1615728.8400,USD,2022-09-15T00:00:00Z,DEBIT,,"BenchRec production-derived, obfuscated source side A",34853272221,001368347 55570 DOYST31                                                                         UPCLOSER MONOCOQUE GAB -,ACC#00001,-1615728.84,DR,2022-09-15,2022-09-16,BenchRec_cash_v1.0_train.csv,6307
001925418,24123.8000,USD,2022-11-24T00:00:00Z,CREDIT,,"BenchRec production-derived, obfuscated source side A",348699551010,001925418 14476 SOUTH86                                                                         FWD AI,ACC#00001,24123.80,CR,2022-11-24,2022-11-25,BenchRec_cash_v1.0_train.csv,64812
001354822,477153.7700,USD,2022-09-24T00:00:00Z,CREDIT,,"BenchRec production-derived, obfuscated source side A",351215049026,001354822 14476 MEGGY13                                                                         UPCLOSER MONOCOQUE GAB -,ACC#00001,477153.77,CR,2022-09-24,2022-09-25,BenchRec_cash_v1.0_train.csv,15021
001339577,93000.0000,USD,2022-09-23T00:00:00Z,CREDIT,,"BenchRec production-derived, obfuscated source side A",351223529512,001339577 67666 SAUM389 L9Y7105                                                                 CROM PHYSIATRIST TYPY AG,ACC#00001,93000.00,CR,2022-09-23,2022-09-24,BenchRec_cash_v1.0_train.csv,14151
008015558,20364421.6200,USD,2022-12-17T00:00:00Z,DEBIT,,"BenchRec production-derived, obfuscated source side A",352644809631,008015558 19262 HEDER42                                                                         JO TONITE (GOLACH) S.C.-T,ACC#00001,-20364421.62,DR,2022-12-17,2022-12-18,BenchRec_cash_v1.0_train.csv,82718
32566AL82D,505730.8000,USD,2022-09-24T00:00:00Z,CREDIT,,"BenchRec production-derived, obfuscated source side A",353775374105,32566AL82D 32566AL82D                                                                      JOQVY - ELUVIA -,ACC#00001,505730.80,CR,2022-09-24,2022-09-25,BenchRec_cash_v1.0_train.csv,15850
001899614,47641591.2000,USD,2022-09-11T00:00:00Z,DEBIT,,"BenchRec production-derived, obfuscated source side A",354559419631,001899614 41477 DOYST55 L9Y732Q                                                                 UPCLOSER MONOCOQUE GAB -,ACC#00001,-47641591.20,DR,2022-09-11,2022-09-12,BenchRec_cash_v1.0_train.csv,4918
001561612,3037096.7300,USD,2022-10-27T00:00:00Z,CREDIT,,"BenchRec production-derived, obfuscated source side A",354592045431,001561612 17667 KAVI372                                                                         TAPU ETHERIFIES AUANTIC,ACC#00001,3037096.73,CR,2022-10-27,2022-10-28,BenchRec_cash_v1.0_train.csv,45190
008090231,700000.0000,USD,2022-12-31T00:00:00Z,DEBIT,,"BenchRec production-derived, obfuscated source side A",355553436107,008090231 67613 OKET095                                                                         MUTUALITY AVIARY DEFENSER,ACC#00001,-700000.00,DR,2022-12-31,2023-01-01,BenchRec_cash_v1.0_train.csv,92457
008016030,31819211.8500,USD,2022-12-14T00:00:00Z,DEBIT,,"BenchRec production-derived, obfuscated source side A",355883957241,008016030 41477 OKET078 L9FV2SD                                                                 JOQVY H.C. ZUCCHINIS TENT,ACC#00001,-31819211.85,DR,2022-12-14,2022-12-15,BenchRec_cash_v1.0_train.csv,79852
001908323,25189810.0000,USD,2022-11-11T00:00:00Z,CREDIT,,"BenchRec production-derived, obfuscated source side A",356858140765,001908323 41477 EPEE553 L9MU5EN                                                                 UPCLOSER MONOCOQUE GAB -,ACC#00001,25189810.00,CR,2022-11-11,2022-11-12,BenchRec_cash_v1.0_train.csv,55584
32566TIYP2,10361.0600,USD,2022-11-18T00:00:00Z,DEBIT,,"BenchRec production-derived, obfuscated source side A",357208267071,32566TIYP2 32566TIYP2                                                                      JOQVY DE -ELUVIA,ACC#00001,-10361.06,DR,2022-11-18,2022-11-19,BenchRec_cash_v1.0_train.csv,60806
008671420,1410000.0000,USD,2022-11-26T00:00:00Z,DEBIT,,"BenchRec production-derived, obfuscated source side A",357594706502,008671420 41476 L9HX7BP                                                                 NONIC WILLI MIZE PAR QUEM,ACC#00001,-1410000.00,DR,2022-11-26,2022-11-27,BenchRec_cash_v1.0_train.csv,66756
001574000,16922.2000,USD,2022-10-30T00:00:00Z,CREDIT,,"BenchRec production-derived, obfuscated source side A",357753636574,001574000 14476 SHOWD73                                                                         UPCLOSER MONOCOQUE GAB -,ACC#00001,16922.20,CR,2022-10-30,2022-10-31,BenchRec_cash_v1.0_train.csv,47926
32137406,170341.7000,USD,2022-09-28T00:00:00Z,DEBIT,,"BenchRec production-derived, obfuscated source side A",35884380869,32137406 ALME7U3083JOQG7U                                                                JO TONITE SAUNT 664952723,ACC#00001,-170341.70,DR,2022-09-28,2022-09-29,BenchRec_cash_v1.0_train.csv,18462
001573039,47008.8400,USD,2022-11-02T00:00:00Z,DEBIT,,"BenchRec production-derived, obfuscated source side A",359017775759,001573039 14476 CHARE83                                                                         TYPY AVN ALMSGIVER FS BUT,ACC#00001,-47008.84,DR,2022-11-02,2022-11-03,BenchRec_cash_v1.0_train.csv,48581
29266B59BD,4000000.0000,USD,2022-11-10T00:00:00Z,CREDIT,,"BenchRec production-derived, obfuscated source side A",35914761146,29266B59BD 29266B59BD                                                                      MISAPPLICABILITY,ACC#00001,4000000.00,CR,2022-11-10,2022-11-11,BenchRec_cash_v1.0_train.csv,54598
12207183,1000000.0000,USD,2022-10-07T00:00:00Z,DEBIT,,"BenchRec production-derived, obfuscated source side A",359463190535,12207183 LUNY3E1514JOQG7U                                                                SLATTERN TYPY   706670310,ACC#00001,-1000000.00,DR,2022-10-07,2022-10-08,BenchRec_cash_v1.0_train.csv,27949
32566TA5JJ,49025.0200,USD,2022-12-24T00:00:00Z,DEBIT,,"BenchRec production-derived, obfuscated source side A",360163101762,32566TA5JJ 32566TA5JJ                                                                      JOQVY DE-BAS - T,ACC#00001,-49025.02,DR,2022-12-24,2022-12-25,BenchRec_cash_v1.0_train.csv,87927
32824759,612.8100,USD,2022-10-30T00:00:00Z,DEBIT,,"BenchRec production-derived, obfuscated source side A",360223177035,32824759 ALME7U6514JOQG7U                                                                JO TONITE SAUNT 664952723,ACC#00001,-612.81,DR,2022-10-30,2022-10-31,BenchRec_cash_v1.0_train.csv,47620
001942821,1029198.4800,USD,2022-11-23T00:00:00Z,DEBIT,,"BenchRec production-derived, obfuscated source side A",361469763033,001942821 14407 KELD388                                                                         UPCLOSER MONOCOQUE GAB -,ACC#00001,-1029198.48,DR,2022-11-23,2022-11-24,BenchRec_cash_v1.0_train.csv,64070
32566AJ9X3,1393796.2500,USD,2022-09-28T00:00:00Z,DEBIT,,"BenchRec production-derived, obfuscated source side A",364818563274,32566AJ9X3 32566AJ9X3                                                                      JOQVY-BAS JOQVY,ACC#00001,-1393796.25,DR,2022-09-28,2022-09-29,BenchRec_cash_v1.0_train.csv,18889
32566ATT6M,188.2200,USD,2022-10-15T00:00:00Z,CREDIT,,"BenchRec production-derived, obfuscated source side A",365075412275,32566ATT6M 32566ATT6M                                                                      JOQVY DE -ELUVIA,ACC#00001,188.22,CR,2022-10-15,2022-10-16,BenchRec_cash_v1.0_train.csv,35785
32410098,1240000.0000,USD,2022-11-24T00:00:00Z,DEBIT,,"BenchRec production-derived, obfuscated source side A",367752534743,32410098 ALME7U0883JOQG7U                                                                JO TONITE SAUNT 664952723,ACC#00001,-1240000.00,DR,2022-11-24,2022-11-25,BenchRec_cash_v1.0_train.csv,64736
001215423,3343499.4000,USD,2022-10-16T00:00:00Z,CREDIT,,"BenchRec production-derived, obfuscated source side A",368323475907,001215423 17661 KAVI117                                                                         UPCLOSER MONOCOQUE GAB -,ACC#00001,3343499.40,CR,2022-10-16,2022-10-17,BenchRec_cash_v1.0_train.csv,37814
RM130768,93450.0000,USD,2022-10-29T00:00:00Z,DEBIT,,"BenchRec production-derived, obfuscated source side A",368473101879,RM130768  67666 DIANITE ANIMI KINESIOLOGY,ACC#00001,-93450.00,DR,2022-10-29,2022-11-18,BenchRec_cash_v1.0_train.csv,59718
001949091,173718.6200,USD,2022-11-23T00:00:00Z,DEBIT,,"BenchRec production-derived, obfuscated source side A",368697529670,001949091 13737 CRIB893                                                                         MONSIGNORI UNSOLACED,ACC#00001,-173718.62,DR,2022-11-23,2022-11-24,BenchRec_cash_v1.0_train.csv,63594
AHT9126666728520,93796.0000,USD,2022-11-16T00:00:00Z,DEBIT,,"BenchRec production-derived, obfuscated source side A",369395755501,AHT9126666728520 AHT9126666728520,ACC#00001,-93796.00,DR,2022-11-16,2022-11-17,BenchRec_cash_v1.0_train.csv,58721
001287790,99715.2200,USD,2022-10-19T00:00:00Z,CREDIT,,"BenchRec production-derived, obfuscated source side A",369399281673,001287790 14407 LEUD536                                                                         UPCLOSER MONOCOQUE GAB -,ACC#00001,99715.22,CR,2022-10-19,2022-10-20,BenchRec_cash_v1.0_train.csv,38714
001384788,91704.0000,USD,2022-09-22T00:00:00Z,CREDIT,,"BenchRec production-derived, obfuscated source side A",370572632522,001384788 14476 CHARE58                                                                         UPCLOSER MONOCOQUE GAB -,ACC#00001,91704.00,CR,2022-09-22,2022-09-23,BenchRec_cash_v1.0_train.csv,12132
008057112,1617715.1400,USD,2022-12-25T00:00:00Z,CREDIT,,"BenchRec production-derived, obfuscated source side A",371439458180,008057112 67387 VINYL50                                                                         GAMESOME ENCL CONSTANCY C,ACC#00001,1617715.14,CR,2022-12-25,2022-12-26,BenchRec_cash_v1.0_train.csv,88525
008034376,11979842.8000,USD,2022-12-18T00:00:00Z,DEBIT,,"BenchRec production-derived, obfuscated source side A",372403292559,008034376 10111 NAPE090                                                                         UPCLOSER MONOCOQUE GAB -,ACC#00001,-11979842.80,DR,2022-12-18,2022-12-19,BenchRec_cash_v1.0_train.csv,83585
7084491933,44602458.5000,USD,2022-09-21T00:00:00Z,DEBIT,,"BenchRec production-derived, obfuscated source side A",372477326102,7084491933 7084491933                                                                      OARS PISTRIX -V&F SHY,ACC#00001,-44602458.50,DR,2022-09-21,2022-09-22,BenchRec_cash_v1.0_train.csv,11550
001997959,43721453.6700,USD,2022-11-24T00:00:00Z,DEBIT,,"BenchRec production-derived, obfuscated source side A",372682247852,001997959 89250 NAPE610                                                                         BURTREE VIVER KINESIOLOGY,ACC#00001,-43721453.67,DR,2022-11-24,2022-11-25,BenchRec_cash_v1.0_train.csv,65068
12383696,3623597.9000,USD,2022-09-16T00:00:00Z,CREDIT,,"BenchRec production-derived, obfuscated source side A",372729284834,12383696 V12383696                                                                       GVKYHE          666610809,ACC#00001,3623597.90,CR,2022-09-16,2022-09-17,BenchRec_cash_v1.0_train.csv,7733
001324085,169411.2300,USD,2022-09-24T00:00:00Z,CREDIT,,"BenchRec production-derived, obfuscated source side A",37324843401,001324085 14476 MEGGY13                                                                         UPCLOSER MONOCOQUE GAB -,ACC#00001,169411.23,CR,2022-09-24,2022-09-25,BenchRec_cash_v1.0_train.csv,16276
008652481,36000000.0000,USD,2022-12-07T00:00:00Z,CREDIT,,"BenchRec production-derived, obfuscated source side A",373377907394,008652481 41477 OKET078 L9HK493                                                                 UPCLOSER MONOCOQUE GAB -,ACC#00001,36000000.00,CR,2022-12-07,2022-12-08,BenchRec_cash_v1.0_train.csv,74471
32566TLQB8,173.6800,USD,2022-11-26T00:00:00Z,DEBIT,,"BenchRec production-derived, obfuscated source side A",373948972335,32566TLQB8 32566TLQB8                                                                      JOQVY - ELUVIA -,ACC#00001,-173.68,DR,2022-11-26,2022-11-27,BenchRec_cash_v1.0_train.csv,66576
32566AOU3X,33155.7500,USD,2022-10-08T00:00:00Z,CREDIT,,"BenchRec production-derived, obfuscated source side A",375736599122,32566AOU3X 32566AOU3X                                                                      JOQVY - ELUVIA -,ACC#00001,33155.75,CR,2022-10-08,2022-10-09,BenchRec_cash_v1.0_train.csv,30219
008014481,224650.0600,USD,2022-12-17T00:00:00Z,CREDIT,,"BenchRec production-derived, obfuscated source side A",375842858334,008014481 15601 NAPE186                                                                         EXIT NONREGULATIVE TYPY,ACC#00001,224650.06,CR,2022-12-17,2022-12-18,BenchRec_cash_v1.0_train.csv,82700
001348193,2868952.8000,USD,2022-09-22T00:00:00Z,DEBIT,,"BenchRec production-derived, obfuscated source side A",376484080483,001348193 41477 CHARE18 L9Y86HP                                                                 UPCLOSER MONOCOQUE GAB -,ACC#00001,-2868952.80,DR,2022-09-22,2022-09-23,BenchRec_cash_v1.0_train.csv,13229
001362734,2553414.6700,USD,2022-09-16T00:00:00Z,DEBIT,,"BenchRec production-derived, obfuscated source side A",377615987728,001362734 14407 MOIST97                                                                         UPCLOSER MONOCOQUE GAB -,ACC#00001,-2553414.67,DR,2022-09-16,2022-09-17,BenchRec_cash_v1.0_train.csv,7762
001564186,99418.2300,USD,2022-10-30T00:00:00Z,DEBIT,,"BenchRec production-derived, obfuscated source side A",378619342933,001564186 14407 JAUP267                                                                         UPCLOSER MONOCOQUE GAB -,ACC#00001,-99418.23,DR,2022-10-30,2022-10-31,BenchRec_cash_v1.0_train.csv,47696
001991501,14007985.8800,USD,2022-11-25T00:00:00Z,CREDIT,,"BenchRec production-derived, obfuscated source side A",379530077209,001991501 88856 OKET656                                                                         UPCLOSER MONOCOQUE GAB -,ACC#00001,14007985.88,CR,2022-11-25,2022-11-26,BenchRec_cash_v1.0_train.csv,65724
008002784,887801.6700,USD,2022-12-11T00:00:00Z,DEBIT,,"BenchRec production-derived, obfuscated source side A",381070410356,008002784 67609 CHARE18                                                                         PALOUR PROMINIMUM & ALGID,ACC#00001,-887801.67,DR,2022-12-11,2022-12-12,BenchRec_cash_v1.0_train.csv,78220
AHT9126666728400,657.0000,USD,2022-11-16T00:00:00Z,DEBIT,,"BenchRec production-derived, obfuscated source side A",381217062593,AHT9126666728400 AHT9126666728400,ACC#00001,-657.00,DR,2022-11-16,2022-11-17,BenchRec_cash_v1.0_train.csv,58307
001311675,34877500.0000,USD,2022-09-16T00:00:00Z,DEBIT,,"BenchRec production-derived, obfuscated source side A",381857277560,001311675 41477 UNDOG51 L9Y11J5                                                                 UPCLOSER MONOCOQUE GAB -,ACC#00001,-34877500.00,DR,2022-09-16,2022-09-17,BenchRec_cash_v1.0_train.csv,8261
001482251,5600384.5000,USD,2022-10-02T00:00:00Z,DEBIT,,"BenchRec production-derived, obfuscated source side A",382906649291,001482251 19262 ROMAN31                                                                         JO TONITE (GOLACH) S.C.-T,ACC#00001,-5600384.50,DR,2022-10-02,2022-10-03,BenchRec_cash_v1.0_train.csv,24001
HEY,2100.0000,USD,2022-12-08T00:00:00Z,DEBIT,,"BenchRec production-derived, obfuscated source side A",384707297333,HEY RAMON DISNEY JOQV DP,ACC#00001,-2100.00,DR,2022-12-08,2022-12-09,BenchRec_cash_v1.0_train.csv,75884
008031240,118663.0300,USD,2022-12-18T00:00:00Z,CREDIT,,"BenchRec production-derived, obfuscated source side A",386721550778,008031240 12667 NAPE703                                                                         KAMIAN SPROTTLE VOWED BUD,ACC#00001,118663.03,CR,2022-12-18,2022-12-19,BenchRec_cash_v1.0_train.csv,83497
32566ALYYP,5614507.2200,USD,2022-09-24T00:00:00Z,DEBIT,,"BenchRec production-derived, obfuscated source side A",386841596413,32566ALYYP 32566ALYYP                                                                      JOQVY - BAS - SF,ACC#00001,-5614507.22,DR,2022-09-24,2022-09-25,BenchRec_cash_v1.0_train.csv,15651
008090940,312811.0000,USD,2022-12-25T00:00:00Z,CREDIT,,"BenchRec production-derived, obfuscated source side A",388417891362,008090940 67040 SENSU28                                                                         NIGROUS VOWED FUTHERMORE,ACC#00001,312811.00,CR,2022-12-25,2022-12-26,BenchRec_cash_v1.0_train.csv,88595
32566AAYPN,49058.7000,USD,2022-10-12T00:00:00Z,CREDIT,,"BenchRec production-derived, obfuscated source side A",388649529854,32566AAYPN 32566AAYPN                                                                      JOQVY DE -ELUVIA,ACC#00001,49058.70,CR,2022-10-12,2022-10-13,BenchRec_cash_v1.0_train.csv,32502
008658450,3473721.6300,USD,2022-12-08T00:00:00Z,DEBIT,,"BenchRec production-derived, obfuscated source side A",388930888404,008658450 55578 NAPE703                                                                         UPCLOSER MONOCOQUE GAB -,ACC#00001,-3473721.63,DR,2022-12-08,2022-12-09,BenchRec_cash_v1.0_train.csv,75205
32566B84RD,13946858.0300,USD,2022-11-02T00:00:00Z,DEBIT,,"BenchRec production-derived, obfuscated source side A",38903212873,32566B84RD 32566B84RD                                                                      JOQVY DE -ELUVIA,ACC#00001,-13946858.03,DR,2022-11-02,2022-11-03,BenchRec_cash_v1.0_train.csv,48925
008633724,1234459.2800,USD,2022-12-04T00:00:00Z,CREDIT,,"BenchRec production-derived, obfuscated source side A",389213865272,008633724 67399 GULA290                                                                         SIGNIFICATOR ENCL SPHENIC,ACC#00001,1234459.28,CR,2022-12-04,2022-12-05,BenchRec_cash_v1.0_train.csv,73656
32566AQH2U,1618813.2000,USD,2022-10-05T00:00:00Z,DEBIT,,"BenchRec production-derived, obfuscated source side A",38953377453,32566AQH2U 32566AQH2U                                                                      JOQVY - BAS - DG,ACC#00001,-1618813.20,DR,2022-10-05,2022-10-06,BenchRec_cash_v1.0_train.csv,26199
001853676,4484986.1000,USD,2022-09-10T00:00:00Z,DEBIT,,"BenchRec production-derived, obfuscated source side A",389857003303,001853676 55570 EPEE553                                                                         UPCLOSER MONOCOQUE GAB -,ACC#00001,-4484986.10,DR,2022-09-10,2022-09-11,BenchRec_cash_v1.0_train.csv,3019
008016051,551841.3300,USD,2022-12-15T00:00:00Z,DEBIT,,"BenchRec production-derived, obfuscated source side A",39010003176,008016051 41477 OKET656 L9FV2S5                                                                 UPCLOSER MONOCOQUE GAB -,ACC#00001,-551841.33,DR,2022-12-15,2022-12-16,BenchRec_cash_v1.0_train.csv,80701
AHT9126666750198,344000.0000,USD,2022-12-08T00:00:00Z,DEBIT,,"BenchRec production-derived, obfuscated source side A",390313161899,AHT9126666750198 AHT9126666750198,ACC#00001,-344000.00,DR,2022-12-08,2022-12-09,BenchRec_cash_v1.0_train.csv,75036
32566B0W6W,438.4300,USD,2022-10-26T00:00:00Z,DEBIT,,"BenchRec production-derived, obfuscated source side A",392464255553,32566B0W6W 32566B0W6W                                                                      JOQVY - BAS - DG,ACC#00001,-438.43,DR,2022-10-26,2022-10-27,BenchRec_cash_v1.0_train.csv,43059
001514351,235651.1600,USD,2022-11-02T00:00:00Z,CREDIT,,"BenchRec production-derived, obfuscated source side A",392589226055,001514351 14407 AMAL614                                                                         UPCLOSER MONOCOQUE GAB -,ACC#00001,235651.16,CR,2022-11-02,2022-11-03,BenchRec_cash_v1.0_train.csv,48317
32566B30LR,1400898.6900,USD,2022-11-03T00:00:00Z,DEBIT,,"BenchRec production-derived, obfuscated source side A",394186270317,32566B30LR 32566B30LR                                                                      JOQVY DE-BAS - T,ACC#00001,-1400898.69,DR,2022-11-03,2022-11-04,BenchRec_cash_v1.0_train.csv,49915
008677553,50598353.1600,USD,2022-11-27T00:00:00Z,CREDIT,,"BenchRec production-derived, obfuscated source side A",394340607298,008677553 19475 BRAVI49                                                                         UPCLOSER MONOCOQUE GAB -,ACC#00001,50598353.16,CR,2022-11-27,2022-11-28,BenchRec_cash_v1.0_train.csv,67243
008052478,10270000.0000,USD,2022-12-23T00:00:00Z,CREDIT,,"BenchRec production-derived, obfuscated source side A",394793777400,008052478 41477 DODOS59 L9NR06P                                                                 UPCLOSER MONOCOQUE GAB -,ACC#00001,10270000.00,CR,2022-12-23,2022-12-24,BenchRec_cash_v1.0_train.csv,86467
32054567,918057.1000,USD,2022-09-23T00:00:00Z,DEBIT,,"BenchRec production-derived, obfuscated source side A",394945667637,32054567 ALME7U4110JOQG7U                                                                JO TONITE SAUNT 664952723,ACC#00001,-918057.10,DR,2022-09-23,2022-09-24,BenchRec_cash_v1.0_train.csv,14405
32566TO4NP,128700.9400,USD,2022-12-10T00:00:00Z,CREDIT,,"BenchRec production-derived, obfuscated source side A",395093132160,32566TO4NP 32566TO4NP                                                                      JOQVY - BAS - DG,ACC#00001,128700.94,CR,2022-12-10,2022-12-11,BenchRec_cash_v1.0_train.csv,77385
001497824,3810658.0000,USD,2022-10-28T00:00:00Z,CREDIT,,"BenchRec production-derived, obfuscated source side A",396206994185,001497824 14471 TREMA06                                                                         UPCLOSER MONOCOQUE GAB -,ACC#00001,3810658.00,CR,2022-10-28,2022-10-29,BenchRec_cash_v1.0_train.csv,46124
008695091,56590.8600,USD,2022-12-10T00:00:00Z,CREDIT,,"BenchRec production-derived, obfuscated source side A",396320110178,008695091 14476 TREMA76                                                                         UPCLOSER MONOCOQUE GAB -,ACC#00001,56590.86,CR,2022-12-10,2022-12-11,BenchRec_cash_v1.0_train.csv,77993
001939669,2101057.6100,USD,2022-11-20T00:00:00Z,CREDIT,,"BenchRec production-derived, obfuscated source side A",396487688496,001939669 67387 NAPE460                                                                         RHODIZITE UNSOLACED AGHAN,ACC#00001,2101057.61,CR,2022-11-20,2022-11-21,BenchRec_cash_v1.0_train.csv,62741
6666666665870227,191139257.0000,USD,2022-10-16T00:00:00Z,CREDIT,,"BenchRec production-derived, obfuscated source side A",397873555675,6666666665870227 P658702277406666                                                                JEE - DESINENT,ACC#00001,191139257.00,CR,2022-10-16,2022-10-17,BenchRec_cash_v1.0_train.csv,37627
001514478,93528.0000,USD,2022-11-02T00:00:00Z,CREDIT,,"BenchRec production-derived, obfuscated source side A",399929280189,001514478 14407 TABAC12                                                                         UPCLOSER MONOCOQUE GAB -,ACC#00001,93528.00,CR,2022-11-02,2022-11-03,BenchRec_cash_v1.0_train.csv,48562
001979016,533502.2100,USD,2022-11-16T00:00:00Z,CREDIT,,"BenchRec production-derived, obfuscated source side A",402010827024,001979016 67613 OKET656                                                                         SLATTERN TYPY OEV,ACC#00001,533502.21,CR,2022-11-16,2022-11-17,BenchRec_cash_v1.0_train.csv,58593
32566B99HV,1188757.1300,USD,2022-11-12T00:00:00Z,CREDIT,,"BenchRec production-derived, obfuscated source side A",402397616758,32566B99HV 32566B99HV                                                                      JOQVY - ELUVIA -,ACC#00001,1188757.13,CR,2022-11-12,2022-11-13,BenchRec_cash_v1.0_train.csv,56175
32566AD1WK,8100.0000,USD,2022-10-19T00:00:00Z,CREDIT,,"BenchRec production-derived, obfuscated source side A",403094690424,32566AD1WK 32566AD1WK                                                                      JOQVY DE-BAS - T,ACC#00001,8100.00,CR,2022-10-19,2022-10-20,BenchRec_cash_v1.0_train.csv,38510
RM146834,70447.2600,USD,2022-11-25T00:00:00Z,DEBIT,,"BenchRec production-derived, obfuscated source side A",403468182829,RM146834  67666 UPCLOSER SAUNT TYPY H.C.,ACC#00001,-70447.26,DR,2022-11-25,2022-12-03,BenchRec_cash_v1.0_train.csv,71587
001845871,2728929.8500,USD,2022-09-10T00:00:00Z,CREDIT,,"BenchRec production-derived, obfuscated source side A",406169728452,001845871 12660 ETCH992                                                                         FWD AVIARY VOWED PETIOLAR,ACC#00001,2728929.85,CR,2022-09-10,2022-09-11,BenchRec_cash_v1.0_train.csv,2945
008665519,158644.1300,USD,2022-11-27T00:00:00Z,CREDIT,,"BenchRec production-derived, obfuscated source side A",406508131061,008665519 67463 ROMAN71                                                                         VOLUPT NAPKIN & RESSAUT,ACC#00001,158644.13,CR,2022-11-27,2022-11-28,BenchRec_cash_v1.0_train.csv,67483
32566B18NH,32257.0000,USD,2022-10-29T00:00:00Z,DEBIT,,"BenchRec production-derived, obfuscated source side A",407023281102,32566B18NH 32566B18NH                                                                      JOQVY - ELUVIA -,ACC#00001,-32257.00,DR,2022-10-29,2022-10-30,BenchRec_cash_v1.0_train.csv,47254
001953661,35872.2000,USD,2022-11-26T00:00:00Z,DEBIT,,"BenchRec production-derived, obfuscated source side A",407731677215,001953661 67387 JAUP179                                                                         RHODIZITE UNSOLACED AGHAN,ACC#00001,-35872.20,DR,2022-11-26,2022-11-27,BenchRec_cash_v1.0_train.csv,67127
008079491,19324300.0000,USD,2022-12-14T00:00:00Z,CREDIT,,"BenchRec production-derived, obfuscated source side A",407799666110,008079491 41477 NAPE610 L9FV2F2                                                                 UPCLOSER MONOCOQUE GAB -,ACC#00001,19324300.00,CR,2022-12-14,2022-12-15,BenchRec_cash_v1.0_train.csv,79335
001582350,259900.0000,USD,2022-11-04T00:00:00Z,CREDIT,,"BenchRec production-derived, obfuscated source side A",409697927990,001582350 12660 CUMYL52                                                                         JOQ CROM TYPY - EXPUNGES,ACC#00001,259900.00,CR,2022-11-04,2022-11-05,BenchRec_cash_v1.0_train.csv,50606
6666666668887845,35655780.2400,USD,2022-12-24T00:00:00Z,CREDIT,,"BenchRec production-derived, obfuscated source side A",409840783804,6666666668887845 P688878456117157                                                                JOQ ANNAT CITE,ACC#00001,35655780.24,CR,2022-12-24,2022-12-25,BenchRec_cash_v1.0_train.csv,88045
32566B13R0,63580.0000,USD,2022-10-29T00:00:00Z,DEBIT,,"BenchRec production-derived, obfuscated source side A",410146241661,32566B13R0 32566B13R0                                                                       SLATTERN EU OEV,ACC#00001,-63580.00,DR,2022-10-29,2022-10-30,BenchRec_cash_v1.0_train.csv,46685
001896228,10691.4800,USD,2022-09-15T00:00:00Z,CREDIT,,"BenchRec production-derived, obfuscated source side A",410417250223,001896228 14476 SHOJI46                                                                         UPCLOSER MONOCOQUE GAB -,ACC#00001,10691.48,CR,2022-09-15,2022-09-16,BenchRec_cash_v1.0_train.csv,6444
001422638,162111.0000,USD,2022-10-20T00:00:00Z,DEBIT,,"BenchRec production-derived, obfuscated source side A",411000663505,001422638 17661 OKET685                                                                         NNN DO AGO BID NNN,ACC#00001,-162111.00,DR,2022-10-20,2022-10-21,BenchRec_cash_v1.0_train.csv,39495
6666666663273573,4654188379.0000,USD,2022-09-25T00:00:00Z,CREDIT,,"BenchRec production-derived, obfuscated source side A",411089225057,6666666663273573 P632735736313529                                                                BHOOSA- DESINENT,ACC#00001,4654188379.00,CR,2022-09-25,2022-09-27,BenchRec_cash_v1.0_train.csv,17190
001412309,91914.4600,USD,2022-10-02T00:00:00Z,CREDIT,,"BenchRec production-derived, obfuscated source side A",411093024515,001412309 14407 BOAS780                                                                         UPCLOSER MONOCOQUE GAB -,ACC#00001,91914.46,CR,2022-10-02,2022-10-03,BenchRec_cash_v1.0_train.csv,24452
008081893,91871.8000,USD,2022-12-18T00:00:00Z,CREDIT,,"BenchRec production-derived, obfuscated source side A",411520656808,008081893 15601 PUDGY48                                                                         EXIT NONREGULATIVE TYPY,ACC#00001,91871.80,CR,2022-12-18,2022-12-19,BenchRec_cash_v1.0_train.csv,83645
12232648,2035139.8600,USD,2022-12-14T00:00:00Z,CREDIT,,"BenchRec production-derived, obfuscated source side A",411971751881,12232648 V12232648                                                                       SLATTERN EU     706670310,ACC#00001,2035139.86,CR,2022-12-14,2022-12-15,BenchRec_cash_v1.0_train.csv,79202
008663507,637967.5000,USD,2022-11-26T00:00:00Z,CREDIT,,"BenchRec production-derived, obfuscated source side A",412230704923,008663507 14476 CHARE58                                                                         UPCLOSER MONOCOQUE GAB -,ACC#00001,637967.50,CR,2022-11-26,2022-11-27,BenchRec_cash_v1.0_train.csv,67103
001291451,1703288.1500,USD,2022-10-22T00:00:00Z,DEBIT,,"BenchRec production-derived, obfuscated source side A",412959046676,001291451 19262 CUCA638                                                                         UPCLOSER MONOCOQUE GAB -,ACC#00001,-1703288.15,DR,2022-10-22,2022-10-23,BenchRec_cash_v1.0_train.csv,41985
80576906,333530.0000,USD,2022-12-23T00:00:00Z,CREDIT,,"BenchRec production-derived, obfuscated source side A",413951450826,80576906 V80576906                                                                       SHALE           667933724,ACC#00001,333530.00,CR,2022-12-23,2022-12-24,BenchRec_cash_v1.0_train.csv,87175
001340942,7458772.6500,USD,2022-09-22T00:00:00Z,DEBIT,,"BenchRec production-derived, obfuscated source side A",415251585027,001340942 55570 KAVI032                                                                         UPCLOSER MONOCOQUE GAB -,ACC#00001,-7458772.65,DR,2022-09-22,2022-09-23,BenchRec_cash_v1.0_train.csv,12808
001424780,93578.9400,USD,2022-10-08T00:00:00Z,CREDIT,,"BenchRec production-derived, obfuscated source side A",415864974961,001424780 14407 BRIST85                                                                         UPCLOSER MONOCOQUE GAB -,ACC#00001,93578.94,CR,2022-10-08,2022-10-09,BenchRec_cash_v1.0_train.csv,29927
001978112,886643.9000,USD,2022-11-13T00:00:00Z,DEBIT,,"BenchRec production-derived, obfuscated source side A",417429083302,001978112 41477 OKET656 L9GT6F6                                                                 UPCLOSER MONOCOQUE GAB -,ACC#00001,-886643.90,DR,2022-11-13,2022-11-14,BenchRec_cash_v1.0_train.csv,57391
001584491,23588.0200,USD,2022-11-05T00:00:00Z,DEBIT,,"BenchRec production-derived, obfuscated source side A",418067520043,001584491 14476 CUCA199                                                                         UPCLOSER MONOCOQUE GAB -,ACC#00001,-23588.02,DR,2022-11-05,2022-11-06,BenchRec_cash_v1.0_train.csv,51670
008680401,4408111.7000,USD,2022-12-01T00:00:00Z,CREDIT,,"BenchRec production-derived, obfuscated source side A",419020026265,008680401 41477 SHOWD61 L9HX4BT                                                                 UPCLOSER MONOCOQUE GAB -,ACC#00001,4408111.70,CR,2022-12-01,2022-12-02,BenchRec_cash_v1.0_train.csv,69717
001526130,1525627.3800,USD,2022-11-11T00:00:00Z,DEBIT,,"BenchRec production-derived, obfuscated source side A",419261602097,001526130 41477 KELD293 L9DR24V                                                                 UPCLOSER MONOCOQUE GAB -,ACC#00001,-1525627.38,DR,2022-11-11,2022-11-12,BenchRec_cash_v1.0_train.csv,55514
001985573,174164.0000,USD,2022-11-19T00:00:00Z,DEBIT,,"BenchRec production-derived, obfuscated source side A",419641892057,001985573 67613 KAVI908                                                                         OY SUBHEADINGS (IT) EFI,ACC#00001,-174164.00,DR,2022-11-19,2022-11-20,BenchRec_cash_v1.0_train.csv,61750
19213326,1000000.0000,USD,2022-12-21T00:00:00Z,CREDIT,,"BenchRec production-derived, obfuscated source side A",420157064426,19213326 V19213326                                                                       SHALE           667933724,ACC#00001,1000000.00,CR,2022-12-21,2022-12-22,BenchRec_cash_v1.0_train.csv,84587
6)55656K6P666466,5811.0700,USD,2022-09-25T00:00:00Z,DEBIT,,"BenchRec production-derived, obfuscated source side A",422933762786,6)55656K6P666466 6M55656K6P686362                                                                UPCLOSER QUETCH EFI (WYE-,ACC#00001,-5811.07,DR,2022-09-25,2022-09-27,BenchRec_cash_v1.0_train.csv,17822
32566TR5JY,1000000.0000,USD,2022-12-30T00:00:00Z,CREDIT,,"BenchRec production-derived, obfuscated source side A",424220637760,32566TR5JY 32566TR5JY                                                                      JOQVY - BAS - DG,ACC#00001,1000000.00,CR,2022-12-30,2022-12-31,BenchRec_cash_v1.0_train.csv,91432
12473161,4000000.0000,USD,2022-09-25T00:00:00Z,CREDIT,,"BenchRec production-derived, obfuscated source side A",424491522952,12473161 V12473161                                                                       JOQVY STRID     664952723,ACC#00001,4000000.00,CR,2022-09-25,2022-09-27,BenchRec_cash_v1.0_train.csv,16662
37266AGAHF,7766.3600,USD,2022-10-12T00:00:00Z,CREDIT,,"BenchRec production-derived, obfuscated source side A",425421992011,37266AGAHF 37266AGAHF                                                                      JOQVY DE-BAS - H,ACC#00001,7766.36,CR,2022-10-12,2022-10-13,BenchRec_cash_v1.0_train.csv,32275
666766,16382.7200,USD,2022-11-09T00:00:00Z,CREDIT,,"BenchRec production-derived, obfuscated source side A",425805279214,666766 666666667846889,ACC#00001,16382.72,CR,2022-11-09,2022-11-21,BenchRec_cash_v1.0_train.csv,62514
32566D5RRN,19031.5600,USD,2022-09-10T00:00:00Z,DEBIT,,"BenchRec production-derived, obfuscated source side A",425922188231,32566D5RRN 32566D5RRN                                                                      JOQVY - ELUVIA -,ACC#00001,-19031.56,DR,2022-09-10,2022-09-11,BenchRec_cash_v1.0_train.csv,3432
001997973,54882300.0000,USD,2022-11-23T00:00:00Z,DEBIT,,"BenchRec production-derived, obfuscated source side A",426158855848,001997973 41416 VELIC90 L9HI3TU                                                                 DUPPY YO TRIFOLY MAECENAS,ACC#00001,-54882300.00,DR,2022-11-23,2022-11-24,BenchRec_cash_v1.0_train.csv,64348
008642192,3181904.9600,USD,2022-12-04T00:00:00Z,DEBIT,,"BenchRec production-derived, obfuscated source side A",42677216180,008642192 15574 NAPE610                                                                         ZEE ETHERIFIES EFI,ACC#00001,-3181904.96,DR,2022-12-04,2022-12-05,BenchRec_cash_v1.0_train.csv,72788
008777878,54462432.4500,USD,2022-12-30T00:00:00Z,DEBIT,,"BenchRec production-derived, obfuscated source side A",427465585766,008777878 41477 MEGGY88 L9HJ6SF                                                                 UPCLOSER MONOCOQUE GAB -,ACC#00001,-54462432.45,DR,2022-12-30,2022-12-31,BenchRec_cash_v1.0_train.csv,91326
001268059,29584.0000,USD,2022-10-13T00:00:00Z,CREDIT,,"BenchRec production-derived, obfuscated source side A",429077890377,001268059 14407 GULA856                                                                         UPCLOSER MONOCOQUE GAB -,ACC#00001,29584.00,CR,2022-10-13,2022-10-14,BenchRec_cash_v1.0_train.csv,33635
001443214,4069158.5800,USD,2022-10-06T00:00:00Z,CREDIT,,"BenchRec production-derived, obfuscated source side A",429548747073,001443214 41477 AUG0672 L9Y4095                                                                 JOQVY H.C. ZUCCHINIS TENT,ACC#00001,4069158.58,CR,2022-10-06,2022-10-07,BenchRec_cash_v1.0_train.csv,27487
001936488,3070135.2400,USD,2022-11-17T00:00:00Z,DEBIT,,"BenchRec production-derived, obfuscated source side A",430161129862,001936488 12101 OKET656                                                                         BURTREE VIVER KINESIOLOGY,ACC#00001,-3070135.24,DR,2022-11-17,2022-11-18,BenchRec_cash_v1.0_train.csv,59473
32566TUQUP,892.1200,USD,2022-12-09T00:00:00Z,DEBIT,,"BenchRec production-derived, obfuscated source side A",430313742266,32566TUQUP 32566TUQUP                                                                      JOQVY - BAS - DG,ACC#00001,-892.12,DR,2022-12-09,2022-12-10,BenchRec_cash_v1.0_train.csv,76821
6111656U6H6E676V,3160.5700,USD,2022-10-20T00:00:00Z,DEBIT,,"BenchRec production-derived, obfuscated source side A",430523108079,6111656U6H6E676V 6462656U6B6C616M                                                                UPCLOSER QUETCH EFI (WYE-,ACC#00001,-3160.57,DR,2022-10-20,2022-10-21,BenchRec_cash_v1.0_train.csv,39327
640022,341.6500,USD,2022-11-04T00:00:00Z,DEBIT,,"BenchRec production-derived, obfuscated source side A",430678741077,640022 666666667171870,ACC#00001,-341.65,DR,2022-11-04,2022-11-07,BenchRec_cash_v1.0_train.csv,52442
008081114,31127.3000,USD,2022-12-18T00:00:00Z,DEBIT,,"BenchRec production-derived, obfuscated source side A",431108865212,008081114 15601 JAUP484                                                                         UPCLOSER MONOCOQUE GAB -,ACC#00001,-31127.30,DR,2022-12-18,2022-12-19,BenchRec_cash_v1.0_train.csv,83846
32566TRDEY,1212.0300,USD,2022-12-31T00:00:00Z,DEBIT,,"BenchRec production-derived, obfuscated source side A",432312020177,32566TRDEY 32566TRDEY                                                                      JOQVY - BAS - DG,ACC#00001,-1212.03,DR,2022-12-31,2023-01-01,BenchRec_cash_v1.0_train.csv,92127
008013418,246727.5000,USD,2022-12-17T00:00:00Z,DEBIT,,"BenchRec production-derived, obfuscated source side A",434511405465,008013418 15601 KAVI181                                                                         UPCLOSER MONOCOQUE GAB -,ACC#00001,-246727.50,DR,2022-12-17,2022-12-18,BenchRec_cash_v1.0_train.csv,82258
001482533,3092324.2100,USD,2022-10-01T00:00:00Z,CREDIT,,"BenchRec production-derived, obfuscated source side A",434612276313,001482533 41477 MOZO702 L9Y35OP                                                                 JOQVY H.C. ZUCCHINIS TENT,ACC#00001,3092324.21,CR,2022-10-01,2022-10-02,BenchRec_cash_v1.0_train.csv,22818
001392122,84289.6900,USD,2022-09-28T00:00:00Z,CREDIT,,"BenchRec production-derived, obfuscated source side A",435036476703,001392122 14476 SHOJI46                                                                         UPCLOSER MONOCOQUE GAB -,ACC#00001,84289.69,CR,2022-09-28,2022-09-29,BenchRec_cash_v1.0_train.csv,18273
32566B5REM,890.1700,USD,2022-11-11T00:00:00Z,DEBIT,,"BenchRec production-derived, obfuscated source side A",435237701354,32566B5REM 32566B5REM                                                                      JOQVY - BAS - DG,ACC#00001,-890.17,DR,2022-11-11,2022-11-12,BenchRec_cash_v1.0_train.csv,55454
008666588,1275620.8300,USD,2022-11-26T00:00:00Z,DEBIT,,"BenchRec production-derived, obfuscated source side A",436366939336,008666588 88856 KAVI372                                                                         DIANITE ANIMI VOWED AGHAN,ACC#00001,-1275620.83,DR,2022-11-26,2022-11-27,BenchRec_cash_v1.0_train.csv,67090
32566TBBU4,818615.2000,USD,2022-12-17T00:00:00Z,CREDIT,,"BenchRec production-derived, obfuscated source side A",437615970072,32566TBBU4 32566TBBU4                                                                      JOQVY - ELUVIA -,ACC#00001,818615.20,CR,2022-12-17,2022-12-18,BenchRec_cash_v1.0_train.csv,83258
008649411,24452750.8600,USD,2022-12-04T00:00:00Z,DEBIT,,"BenchRec production-derived, obfuscated source side A",437994353183,008649411 41477 OKET078 L9HK7AN                                                                 UPCLOSER MONOCOQUE GAB -,ACC#00001,-24452750.86,DR,2022-12-04,2022-12-05,BenchRec_cash_v1.0_train.csv,72886
001995899,530976.0000,USD,2022-11-27T00:00:00Z,CREDIT,,"BenchRec production-derived, obfuscated source side A",438058938183,001995899 12607 NAPE645                                                                         UPCLOSER MONOCOQUE GAB -,ACC#00001,530976.00,CR,2022-11-27,2022-11-28,BenchRec_cash_v1.0_train.csv,67529
001340084,84962.3900,USD,2022-09-23T00:00:00Z,CREDIT,,"BenchRec production-derived, obfuscated source side A",439430942878,001340084 12660 ROHOB56                                                                         V BUT C AIRY FUTHERMORE,ACC#00001,84962.39,CR,2022-09-23,2022-09-24,BenchRec_cash_v1.0_train.csv,14752
001333065,1276800.0000,USD,2022-09-18T00:00:00Z,CREDIT,,"BenchRec production-derived, obfuscated source side A",439438689202,001333065 41477 BRAVI49 L9Y15BG                                                                 UPCLOSER MONOCOQUE GAB -,ACC#00001,1276800.00,CR,2022-09-18,2022-09-19,BenchRec_cash_v1.0_train.csv,10052
32895340,559938105.0000,USD,2022-11-04T00:00:00Z,DEBIT,,"BenchRec production-derived, obfuscated source side A",44355093289,32895340 RUCKER11                                                                        WINELIKE INCHER 666905713,ACC#00001,-559938105.00,DR,2022-11-04,2022-11-05,BenchRec_cash_v1.0_train.csv,50546
008002083,1712.0400,USD,2022-12-15T00:00:00Z,DEBIT,,"BenchRec production-derived, obfuscated source side A",444153573192,008002083 14407 AUG6298                                                                         UPCLOSER MONOCOQUE GAB -,ACC#00001,-1712.04,DR,2022-12-15,2022-12-16,BenchRec_cash_v1.0_train.csv,80360
001462345,38939.0000,USD,2022-10-07T00:00:00Z,DEBIT,,"BenchRec production-derived, obfuscated source side A",445923126014,001462345 14476 CHARE58                                                                         UPCLOSER MONOCOQUE GAB -,ACC#00001,-38939.00,DR,2022-10-07,2022-10-08,BenchRec_cash_v1.0_train.csv,28728
008013475,235147.0700,USD,2022-12-17T00:00:00Z,DEBIT,,"BenchRec production-derived, obfuscated source side A",446027228854,008013475 15601 KAVI758                                                                         UPCLOSER MONOCOQUE GAB -,ACC#00001,-235147.07,DR,2022-12-17,2022-12-18,BenchRec_cash_v1.0_train.csv,83008
001377757,390000.0000,USD,2022-09-15T00:00:00Z,CREDIT,,"BenchRec production-derived, obfuscated source side A",446313564015,001377757 41476 L9Y10VR                                                                 UPTOWN WOUCH EU-DESINENT,ACC#00001,390000.00,CR,2022-09-15,2022-09-16,BenchRec_cash_v1.0_train.csv,6034
001412520,2233750.0000,USD,2022-10-06T00:00:00Z,CREDIT,,"BenchRec production-derived, obfuscated source side A",446930988566,001412520 17661 OKET685                                                                         JO TONITE STRICKS AUANTIC,ACC#00001,2233750.00,CR,2022-10-06,2022-10-07,BenchRec_cash_v1.0_train.csv,26747
008715460,26000867.5000,USD,2022-12-31T00:00:00Z,CREDIT,,"BenchRec production-derived, obfuscated source side A",447868190968,008715460 17661 NAPE090                                                                         UPCLOSER MONOCOQUE GAB -,ACC#00001,26000867.50,CR,2022-12-31,2023-01-01,BenchRec_cash_v1.0_train.csv,92328
008077635,4285620.0000,USD,2022-12-11T00:00:00Z,CREDIT,,"BenchRec production-derived, obfuscated source side A",448622677960,008077635 67888 SHOWD61 L9FV3ZN                                                                 JO TONITE ETHERIFIES GAB,ACC#00001,4285620.00,CR,2022-12-11,2022-12-12,BenchRec_cash_v1.0_train.csv,78182
001159849,875620.1500,USD,2022-09-10T00:00:00Z,CREDIT,,"BenchRec production-derived, obfuscated source side A",448653678595,001159849 12660 DOYST14                                                                         UPCLOSER MONOCOQUE GAB -,ACC#00001,875620.15,CR,2022-09-10,2022-09-11,BenchRec_cash_v1.0_train.csv,3988
32566TIEIV,174700.0000,USD,2022-11-19T00:00:00Z,DEBIT,,"BenchRec production-derived, obfuscated source side A",450659478428,32566TIEIV 32566TIEIV                                                                      JOQVY - ELUVIA -,ACC#00001,-174700.00,DR,2022-11-19,2022-11-20,BenchRec_cash_v1.0_train.csv,62101
001453713,469212.0900,USD,2022-10-12T00:00:00Z,DEBIT,,"BenchRec production-derived, obfuscated source side A",452503284318,001453713 14476 ROMAN92                                                                         UPCLOSER MONOCOQUE GAB -,ACC#00001,-469212.09,DR,2022-10-12,2022-10-13,BenchRec_cash_v1.0_train.csv,32844
6666666666016655,118416050.0000,USD,2022-11-03T00:00:00Z,CREDIT,,"BenchRec production-derived, obfuscated source side A",453137597626,6666666666016655 P660166550819252                                                                JOQ ANNAT CITE,ACC#00001,118416050.00,CR,2022-11-03,2022-11-04,BenchRec_cash_v1.0_train.csv,49442
001434071,3600000.0000,USD,2022-10-02T00:00:00Z,CREDIT,,"BenchRec production-derived, obfuscated source side A",453191572507,001434071 41476 L9Y3997                                                                 KAZATSKI VITI MIB DIASENE,ACC#00001,3600000.00,CR,2022-10-02,2022-10-03,BenchRec_cash_v1.0_train.csv,24539
001377801,28638700.0000,USD,2022-09-16T00:00:00Z,DEBIT,,"BenchRec production-derived, obfuscated source side A",45333109784,001377801 41477 EPEE553 L9Y10PW                                                                 UPCLOSER MONOCOQUE GAB -,ACC#00001,-28638700.00,DR,2022-09-16,2022-09-17,BenchRec_cash_v1.0_train.csv,7682
001384639,284322.0400,USD,2022-09-21T00:00:00Z,CREDIT,,"BenchRec production-derived, obfuscated source side A",454311185356,001384639 14407 SYNE950                                                                         UPCLOSER MONOCOQUE GAB -,ACC#00001,284322.04,CR,2022-09-21,2022-09-22,BenchRec_cash_v1.0_train.csv,11998
008695034,176701.9300,USD,2022-12-11T00:00:00Z,CREDIT,,"BenchRec production-derived, obfuscated source side A",454614945151,008695034 14407 CUCA226                                                                         ANAPSIDAN ATHLOTHETE NA Q,ACC#00001,176701.93,CR,2022-12-11,2022-12-12,BenchRec_cash_v1.0_train.csv,78248
001221235,602080.6000,USD,2022-10-20T00:00:00Z,CREDIT,,"BenchRec production-derived, obfuscated source side A",455120280630,001221235 67040 SENSU28                                                                         ELOGY 0331-JAWP WUZZLE CG,ACC#00001,602080.60,CR,2022-10-20,2022-10-21,BenchRec_cash_v1.0_train.csv,40091
85245806,1022301.4700,USD,2022-12-30T00:00:00Z,DEBIT,,"BenchRec production-derived, obfuscated source side A",455787351690,85245806 JOQG7U6248GLEE7U                                                                SHALE           667933724,ACC#00001,-1022301.47,DR,2022-12-30,2022-12-31,BenchRec_cash_v1.0_train.csv,91153
001495672,446043.6500,USD,2022-10-12T00:00:00Z,CREDIT,,"BenchRec production-derived, obfuscated source side A",456734103051,001495672 14407 NAUT199                                                                         UPCLOSER MONOCOQUE GAB -,ACC#00001,446043.65,CR,2022-10-12,2022-10-13,BenchRec_cash_v1.0_train.csv,32148
32566TVPP8,7085.2600,USD,2022-11-17T00:00:00Z,DEBIT,,"BenchRec production-derived, obfuscated source side A",457908979350,32566TVPP8 32566TVPP8                                                                      JOQVY - BAS - DG,ACC#00001,-7085.26,DR,2022-11-17,2022-11-18,BenchRec_cash_v1.0_train.csv,59682
12442002,20617414.0800,USD,2022-10-01T00:00:00Z,DEBIT,,"BenchRec production-derived, obfuscated source side A",458277130935,12442002 JOQG7U0742ESKIMO                                                                GVKYHE          666610809,ACC#00001,-20617414.08,DR,2022-10-01,2022-10-02,BenchRec_cash_v1.0_train.csv,22925
001470513,2109914.5600,USD,2022-09-30T00:00:00Z,CREDIT,,"BenchRec production-derived, obfuscated source side A",458535882356,001470513 55578 KAVI032                                                                         UPCLOSER MONOCOQUE GAB -,ACC#00001,2109914.56,CR,2022-09-30,2022-10-01,BenchRec_cash_v1.0_train.csv,20955
RM116952,2966.0000,USD,2022-12-17T00:00:00Z,CREDIT,,"BenchRec production-derived, obfuscated source side A",458907904126,RM116952  67666 ASCIDIA GEOMETRINE MOGGIO,ACC#00001,2966.00,CR,2022-12-17,2022-12-18,BenchRec_cash_v1.0_train.csv,83404
008024226,28628515.7200,USD,2022-12-23T00:00:00Z,CREDIT,,"BenchRec production-derived, obfuscated source side A",460090592220,008024226 88856 LOCHY38                                                                         EU TI- CURTISE (OVENFUL Q,ACC#00001,28628515.72,CR,2022-12-23,2022-12-24,BenchRec_cash_v1.0_train.csv,86641
646525,378.9200,USD,2022-11-20T00:00:00Z,CREDIT,,"BenchRec production-derived, obfuscated source side A",460231005745,646525 666666667839313,ACC#00001,378.92,CR,2022-11-20,2022-11-21,BenchRec_cash_v1.0_train.csv,62429
32566AOQ54,16874.4600,USD,2022-10-08T00:00:00Z,DEBIT,,"BenchRec production-derived, obfuscated source side A",460852311285,32566AOQ54 32566AOQ54                                                                      JOQVY - ELUVIA -,ACC#00001,-16874.46,DR,2022-10-08,2022-10-09,BenchRec_cash_v1.0_train.csv,29726
32830040,705125.0000,USD,2022-10-27T00:00:00Z,DEBIT,,"BenchRec production-derived, obfuscated source side A",461608255943,32830040 ALME7U5145JOQG7U                                                                JO TONITE SAUNT 664952723,ACC#00001,-705125.00,DR,2022-10-27,2022-10-28,BenchRec_cash_v1.0_train.csv,44846
001490478,2240910.9000,USD,2022-10-15T00:00:00Z,CREDIT,,"BenchRec production-derived, obfuscated source side A",464876540122,001490478 12667 DOYST55                                                                         DIANITE ANIMI VOWED AGHAN,ACC#00001,2240910.90,CR,2022-10-15,2022-10-16,BenchRec_cash_v1.0_train.csv,36398
32566OD7U0,242996.6900,USD,2022-10-01T00:00:00Z,DEBIT,,"BenchRec production-derived, obfuscated source side A",465838007519,32566OD7U0 32566OD7U0                                                                      JOQVY - BAS - DG,ACC#00001,-242996.69,DR,2022-10-01,2022-10-02,BenchRec_cash_v1.0_train.csv,23071
001377866,32859710.0000,USD,2022-09-15T00:00:00Z,DEBIT,,"BenchRec production-derived, obfuscated source side A",466812960576,001377866 41477 HUBBA50 L9Y10WY                                                                 UPCLOSER MONOCOQUE GAB -,ACC#00001,-32859710.00,DR,2022-09-15,2022-09-16,BenchRec_cash_v1.0_train.csv,6844
32566TP2J3,560001.1700,USD,2022-12-14T00:00:00Z,DEBIT,,"BenchRec production-derived, obfuscated source side A",466980333789,32566TP2J3 32566TP2J3                                                                      JOQVY - BAS - DG,ACC#00001,-560001.17,DR,2022-12-14,2022-12-15,BenchRec_cash_v1.0_train.csv,80126
32566FG9DY,176717.3300,USD,2022-12-01T00:00:00Z,DEBIT,,"BenchRec production-derived, obfuscated source side A",468571300269,32566FG9DY 32566FG9DY                                                                      JOQVY - BAS - DG,ACC#00001,-176717.33,DR,2022-12-01,2022-12-02,BenchRec_cash_v1.0_train.csv,70332
001438463,101333.2900,USD,2022-10-06T00:00:00Z,DEBIT,,"BenchRec production-derived, obfuscated source side A",469022403116,001438463 10007 OKET685                                                                         OCHLOMANIA OVERPAYMENT,ACC#00001,-101333.29,DR,2022-10-06,2022-10-07,BenchRec_cash_v1.0_train.csv,27093
001216039,2030600.0000,USD,2022-10-14T00:00:00Z,DEBIT,,"BenchRec production-derived, obfuscated source side A",469037226705,001216039 41477 GULA163 L9Y24U1                                                                 UPCLOSER MONOCOQUE GAB -,ACC#00001,-2030600.00,DR,2022-10-14,2022-10-15,BenchRec_cash_v1.0_train.csv,34797
001490667,1454645.0200,USD,2022-10-08T00:00:00Z,DEBIT,,"BenchRec production-derived, obfuscated source side A",469628540853,001490667 88856 CHOIL97                                                                         UPCLOSER MONOCOQUE GAB -,ACC#00001,-1454645.02,DR,2022-10-08,2022-10-09,BenchRec_cash_v1.0_train.csv,28936
32566B2UFS,11455.0600,USD,2022-11-09T00:00:00Z,CREDIT,,"BenchRec production-derived, obfuscated source side A",469834742283,32566B2UFS 32566B2UFS                                                                      JOQVY DE-ELUVIA,ACC#00001,11455.06,CR,2022-11-09,2022-11-10,BenchRec_cash_v1.0_train.csv,54079
32566TUMKP,890212.4300,USD,2022-12-09T00:00:00Z,DEBIT,,"BenchRec production-derived, obfuscated source side A",470524296004,32566TUMKP 32566TUMKP                                                                      JOQVY - BAS - DG,ACC#00001,-890212.43,DR,2022-12-09,2022-12-10,BenchRec_cash_v1.0_train.csv,76639
99488066,331927.0000,USD,2022-11-04T00:00:00Z,DEBIT,,"BenchRec production-derived, obfuscated source side A",471397245636,99488066 ALME7U7343JOQG7U                                                                JO TONITE SAUNT 664952723,ACC#00001,-331927.00,DR,2022-11-04,2022-11-05,BenchRec_cash_v1.0_train.csv,50702
70406936,6874110.0000,USD,2022-11-26T00:00:00Z,CREDIT,,"BenchRec production-derived, obfuscated source side A",472361302355,70406936 V70406936                                                                       SHALE           667933724,ACC#00001,6874110.00,CR,2022-11-26,2022-11-27,BenchRec_cash_v1.0_train.csv,67175
37266AGABG,385.7400,USD,2022-10-12T00:00:00Z,CREDIT,,"BenchRec production-derived, obfuscated source side A",47295146366,37266AGABG 37266AGABG                                                                      INKROOT LIKED BY,ACC#00001,385.74,CR,2022-10-12,2022-10-13,BenchRec_cash_v1.0_train.csv,31850
008081360,465761.8900,USD,2022-12-18T00:00:00Z,CREDIT,,"BenchRec production-derived, obfuscated source side A",47416663698,008081360 14407 CANGY97                                                                         DIANITE ANIMI VOWED AGHAN,ACC#00001,465761.89,CR,2022-12-18,2022-12-19,BenchRec_cash_v1.0_train.csv,83557
32566B3EKF,39982.7000,USD,2022-11-04T00:00:00Z,CREDIT,,"BenchRec production-derived, obfuscated source side A",47488079571,32566B3EKF 32566B3EKF                                                                      JOQVY - BAS - DG,ACC#00001,39982.70,CR,2022-11-04,2022-11-05,BenchRec_cash_v1.0_train.csv,50306
32566TA2ML,2359.9000,USD,2022-12-24T00:00:00Z,CREDIT,,"BenchRec production-derived, obfuscated source side A",475155790519,32566TA2ML 32566TA2ML                                                                      JO TONITE AGGEST,ACC#00001,2359.90,CR,2022-12-24,2022-12-25,BenchRec_cash_v1.0_train.csv,87424
001489019,337039.7100,USD,2022-10-07T00:00:00Z,DEBIT,,"BenchRec production-derived, obfuscated source side A",475602619545,001489019 14476 CUCA783                                                                         UPCLOSER MONOCOQUE GAB -,ACC#00001,-337039.71,DR,2022-10-07,2022-10-08,BenchRec_cash_v1.0_train.csv,28598
008696472,536734.0000,USD,2022-12-10T00:00:00Z,DEBIT,,"BenchRec production-derived, obfuscated source side A",478053540637,008696472 14407 BREI202                                                                         UPCLOSER MONOCOQUE GAB -,ACC#00001,-536734.00,DR,2022-12-10,2022-12-11,BenchRec_cash_v1.0_train.csv,77766
008001287,12850453.7800,USD,2022-12-10T00:00:00Z,CREDIT,,"BenchRec production-derived, obfuscated source side A",478830340730,008001287 67888 EPEE553 L9FV1CK                                                                 JO TONITE ETHERIFIES GAB,ACC#00001,12850453.78,CR,2022-12-10,2022-12-11,BenchRec_cash_v1.0_train.csv,77763
001543072,28596.2800,USD,2022-11-05T00:00:00Z,CREDIT,,"BenchRec production-derived, obfuscated source side A",478936515875,001543072 14407 TABAC53                                                                         UPCLOSER MONOCOQUE GAB -,ACC#00001,28596.28,CR,2022-11-05,2022-11-06,BenchRec_cash_v1.0_train.csv,51474
001933440,280938.2000,USD,2022-11-19T00:00:00Z,CREDIT,,"BenchRec production-derived, obfuscated source side A",47916810220,001933440 14407 CHARE47                                                                         UPCLOSER MONOCOQUE GAB -,ACC#00001,280938.20,CR,2022-11-19,2022-11-20,BenchRec_cash_v1.0_train.csv,61634
32712910,2577836.0000,USD,2022-09-25T00:00:00Z,CREDIT,,"BenchRec production-derived, obfuscated source side A",479281849484,32712910 V32712910                                                                       JO TONITE SAUNT 664952723,ACC#00001,2577836.00,CR,2022-09-25,2022-09-27,BenchRec_cash_v1.0_train.csv,17789
001845356,122755.5000,USD,2022-09-10T00:00:00Z,CREDIT,,"BenchRec production-derived, obfuscated source side A",479392400147,001845356 14476 BREI006                                                                         UPCLOSER MONOCOQUE GAB -,ACC#00001,122755.50,CR,2022-09-10,2022-09-11,BenchRec_cash_v1.0_train.csv,3031
008771278,5700000.0000,USD,2022-12-29T00:00:00Z,CREDIT,,"BenchRec production-derived, obfuscated source side A",480821700852,008771278 41476 L9HJ6WO                                                                 BAHUT ASSUMER FUTHERMORE,ACC#00001,5700000.00,CR,2022-12-29,2022-12-30,BenchRec_cash_v1.0_train.csv,90729
32566TALK5,3824.1800,USD,2022-12-24T00:00:00Z,DEBIT,,"BenchRec production-derived, obfuscated source side A",4816617261,32566TALK5 32566TALK5                                                                      JOQVY DE -ELUVIA,ACC#00001,-3824.18,DR,2022-12-24,2022-12-25,BenchRec_cash_v1.0_train.csv,87637
001409024,163205.7100,USD,2022-09-29T00:00:00Z,DEBIT,,"BenchRec production-derived, obfuscated source side A",482517286182,001409024 41416 EPEE553 L9Y15RH                                                                 UPCLOSER MONOCOQUE GAB -,ACC#00001,-163205.71,DR,2022-09-29,2022-09-30,BenchRec_cash_v1.0_train.csv,19577
32566TR5MS,1320000.0000,USD,2022-12-18T00:00:00Z,CREDIT,,"BenchRec production-derived, obfuscated source side A",482675680610,32566TR5MS 32566TR5MS                                                                      JOQVY - BAS - DG,ACC#00001,1320000.00,CR,2022-12-18,2022-12-19,BenchRec_cash_v1.0_train.csv,83742
32566AVUOT,460718.9200,USD,2022-09-16T00:00:00Z,DEBIT,,"BenchRec production-derived, obfuscated source side A",482978377892,32566AVUOT 32566AVUOT                                                                      JOQVY DE-BAS - T,ACC#00001,-460718.92,DR,2022-09-16,2022-09-17,BenchRec_cash_v1.0_train.csv,7683
FT137905,8478699.8700,USD,2022-10-28T00:00:00Z,DEBIT,,"BenchRec production-derived, obfuscated source side A",48498273955,FT137905  67666 JO TONITE ETHERIFIES EFI,ACC#00001,-8478699.87,DR,2022-10-28,2022-10-29,BenchRec_cash_v1.0_train.csv,45787
37266TMOAP,357387.0000,USD,2022-11-24T00:00:00Z,DEBIT,,"BenchRec production-derived, obfuscated source side A",486557500961,37266TMOAP 37266TMOAP                                                                      JOQ TREPIDATORY,ACC#00001,-357387.00,DR,2022-11-24,2022-11-25,BenchRec_cash_v1.0_train.csv,64384
16486986,2109781.4800,USD,2022-12-09T00:00:00Z,DEBIT,,"BenchRec production-derived, obfuscated source side A",487745311523,16486986 ALME7U0443JOQG7U                                                                JO TONITE SAUNT 664952723,ACC#00001,-2109781.48,DR,2022-12-09,2022-12-10,BenchRec_cash_v1.0_train.csv,76550
001314209,133092.0400,USD,2022-09-21T00:00:00Z,CREDIT,,"BenchRec production-derived, obfuscated source side A",488231303109,001314209 67005 CUTIN88                                                                         DISACCORDANCE UNSOLACED S,ACC#00001,133092.04,CR,2022-09-21,2022-09-22,BenchRec_cash_v1.0_train.csv,11354
73934846,3809022.1400,USD,2022-12-01T00:00:00Z,CREDIT,,"BenchRec production-derived, obfuscated source side A",489683484310,73934846 V73934846                                                                       JO TONITE SAUNT 664952723,ACC#00001,3809022.14,CR,2022-12-01,2022-12-02,BenchRec_cash_v1.0_train.csv,70070
001226463,4638277.9000,USD,2022-10-20T00:00:00Z,CREDIT,,"BenchRec production-derived, obfuscated source side A",489781357047,001226463 67888 ROMAN42 L9Y53HO                                                                 JO TONITE ETHERIFIES GAB,ACC#00001,4638277.90,CR,2022-10-20,2022-10-21,BenchRec_cash_v1.0_train.csv,39981
32566AAPEM,922681000.0000,USD,2022-10-13T00:00:00Z,DEBIT,,"BenchRec production-derived, obfuscated source side A",490001083706,32566AAPEM 32566AAPEM                                                                      JOQVY DE -ELUVIA,ACC#00001,-922681000.00,DR,2022-10-13,2022-10-14,BenchRec_cash_v1.0_train.csv,33856
001581712,3213299.8200,USD,2022-11-02T00:00:00Z,DEBIT,,"BenchRec production-derived, obfuscated source side A",491517244271,001581712 41477 BRAVI49 L9DR0EM                                                                 UPCLOSER MONOCOQUE GAB -,ACC#00001,-3213299.82,DR,2022-11-02,2022-11-03,BenchRec_cash_v1.0_train.csv,48640
001358222,1278000.0000,USD,2022-09-23T00:00:00Z,CREDIT,,"BenchRec production-derived, obfuscated source side A",4920467900,001358222 41477 BRAVI49 L9Y886O                                                                 UPCLOSER MONOCOQUE GAB -,ACC#00001,1278000.00,CR,2022-09-23,2022-09-24,BenchRec_cash_v1.0_train.csv,13621
001289732,14741200.9500,USD,2022-10-19T00:00:00Z,DEBIT,,"BenchRec production-derived, obfuscated source side A",494093033634,001289732 41477 EPEE553 L9Y56XR                                                                 JOQVY H.C. ZUCCHINIS TENT,ACC#00001,-14741200.95,DR,2022-10-19,2022-10-20,BenchRec_cash_v1.0_train.csv,38305
008608669,3138120.9600,USD,2022-11-25T00:00:00Z,CREDIT,,"BenchRec production-derived, obfuscated source side A",495047712689,008608669 41477 OKET078 L9HX6P3                                                                 JOQVY H.C. ZUCCHINIS TENT,ACC#00001,3138120.96,CR,2022-11-25,2022-11-26,BenchRec_cash_v1.0_train.csv,65999
001513664,4457580.0000,USD,2022-10-29T00:00:00Z,CREDIT,,"BenchRec production-derived, obfuscated source side A",49577024085,001513664 67888 ROMAN42 L9Y994W                                                                 JO TONITE ETHERIFIES GAB,ACC#00001,4457580.00,CR,2022-10-29,2022-10-30,BenchRec_cash_v1.0_train.csv,47206
001597697,46715.0000,USD,2022-11-10T00:00:00Z,CREDIT,,"BenchRec production-derived, obfuscated source side A",498900038403,001597697 14476 SWEAT50                                                                         UPCLOSER MONOCOQUE GAB -,ACC#00001,46715.00,CR,2022-11-10,2022-11-11,BenchRec_cash_v1.0_train.csv,54158
001268027,25948.6000,USD,2022-10-13T00:00:00Z,CREDIT,,"BenchRec production-derived, obfuscated source side A",4993429675,001268027 14407 BREI801                                                                         UPCLOSER MONOCOQUE GAB -,ACC#00001,25948.60,CR,2022-10-13,2022-10-14,BenchRec_cash_v1.0_train.csv,34110
32566B724K,20977430.0200,USD,2022-10-27T00:00:00Z,CREDIT,,"BenchRec production-derived, obfuscated source side A",50095029249,32566B724K 32566B724K                                                                      JOQVY DE -ELUVIA,ACC#00001,20977430.02,CR,2022-10-27,2022-10-28,BenchRec_cash_v1.0_train.csv,44246
008601355,18184500.0000,USD,2022-11-25T00:00:00Z,CREDIT,,"BenchRec production-derived, obfuscated source side A",5012724708,008601355 41477 SHOWD61 L9HX6JO                                                                 UPCLOSER MONOCOQUE GAB -,ACC#00001,18184500.00,CR,2022-11-25,2022-11-26,BenchRec_cash_v1.0_train.csv,65848
07166AQP4Y,1365668.0900,USD,2022-10-05T00:00:00Z,CREDIT,,"BenchRec production-derived, obfuscated source side A",501734843187,07166AQP4Y 07166AQP4Y                                                                          LINEA WOE SL,ACC#00001,1365668.09,CR,2022-10-05,2022-10-06,BenchRec_cash_v1.0_train.csv,25849
32566B3K3C,49079.9000,USD,2022-11-04T00:00:00Z,CREDIT,,"BenchRec production-derived, obfuscated source side A",501980892669,32566B3K3C 32566B3K3C                                                                      JOQVY - BAS - DG,ACC#00001,49079.90,CR,2022-11-04,2022-11-05,BenchRec_cash_v1.0_train.csv,51021
001933423,221643.0000,USD,2022-11-20T00:00:00Z,DEBIT,,"BenchRec production-derived, obfuscated source side A",502759937895,001933423 14407 KAVI883                                                                         TYPY IMBER TA CARENE (RHD,ACC#00001,-221643.00,DR,2022-11-20,2022-11-21,BenchRec_cash_v1.0_train.csv,62594
001443746,11578970.0700,USD,2022-10-08T00:00:00Z,CREDIT,,"BenchRec production-derived, obfuscated source side A",503635240154,001443746 14474 HUBBA47                                                                         UPCLOSER MONOCOQUE GAB -,ACC#00001,11578970.07,CR,2022-10-08,2022-10-09,BenchRec_cash_v1.0_train.csv,29861
32566AH94Z,544243.9100,USD,2022-09-30T00:00:00Z,DEBIT,,"BenchRec production-derived, obfuscated source side A",503856704137,32566AH94Z 32566AH94Z                                                                      JOQVY - ELUVIA -,ACC#00001,-544243.91,DR,2022-09-30,2022-10-01,BenchRec_cash_v1.0_train.csv,20910
001433568,59430000.0000,USD,2022-10-02T00:00:00Z,CREDIT,,"BenchRec production-derived, obfuscated source side A",504008456409,001433568 41477 BRAVI49 L9Y3922                                                                 UPCLOSER MONOCOQUE GAB -,ACC#00001,59430000.00,CR,2022-10-02,2022-10-03,BenchRec_cash_v1.0_train.csv,25092
32566D5RY1,368368.8400,USD,2022-09-10T00:00:00Z,CREDIT,,"BenchRec production-derived, obfuscated source side A",504915067215,32566D5RY1 32566D5RY1                                                                      JOQVY - ELUVIA -,ACC#00001,368368.84,CR,2022-09-10,2022-09-11,BenchRec_cash_v1.0_train.csv,3164
604936,2689.5600,USD,2022-10-23T00:00:00Z,DEBIT,,"BenchRec production-derived, obfuscated source side A",506604098882,604936 666666661661919,ACC#00001,-2689.56,DR,2022-10-23,2023-02-16,BenchRec_cash_v1.0_train.csv,131850
001354884,114881.0300,USD,2022-09-28T00:00:00Z,DEBIT,,"BenchRec production-derived, obfuscated source side A",506656483873,001354884 14476 CUCA199                                                                         UPCLOSER MONOCOQUE GAB -,ACC#00001,-114881.03,DR,2022-09-28,2022-09-29,BenchRec_cash_v1.0_train.csv,18542
80873806,373906.0000,USD,2022-09-11T00:00:00Z,DEBIT,,"BenchRec production-derived, obfuscated source side A",507524219054,80873806 ALME7U1033JOQG7U                                                                JO TONITE SAUNT 664952723,ACC#00001,-373906.00,DR,2022-09-11,2022-09-12,BenchRec_cash_v1.0_train.csv,5010
32566TLU11,40011.5200,USD,2022-11-26T00:00:00Z,DEBIT,,"BenchRec production-derived, obfuscated source side A",507753220294,32566TLU11 32566TLU11                                                                      JOQVY - ELUVIA -,ACC#00001,-40011.52,DR,2022-11-26,2022-11-27,BenchRec_cash_v1.0_train.csv,66381
001453100,303697.1200,USD,2022-10-09T00:00:00Z,CREDIT,,"BenchRec production-derived, obfuscated source side A",509163836199,001453100 14407 CHARE43                                                                         UPCLOSER MONOCOQUE GAB -,ACC#00001,303697.12,CR,2022-10-09,2022-10-10,BenchRec_cash_v1.0_train.csv,30418
VIP9126666724467,737441.8800,USD,2022-11-20T00:00:00Z,CREDIT,,"BenchRec production-derived, obfuscated source side A",510742742288,VIP9126666724467 VIP9126666724467,ACC#00001,737441.88,CR,2022-11-20,2022-11-21,BenchRec_cash_v1.0_train.csv,62945
HEY,439600.0000,USD,2022-11-23T00:00:00Z,DEBIT,,"BenchRec production-derived, obfuscated source side A",510958225902,HEY RAMON DISNEY LINCHET_TA,ACC#00001,-439600.00,DR,2022-11-23,2022-11-24,BenchRec_cash_v1.0_train.csv,64459
32566TBBRH,69798.0000,USD,2022-12-17T00:00:00Z,DEBIT,,"BenchRec production-derived, obfuscated source side A",511872218790,32566TBBRH 32566TBBRH                                                                      JOQVY - ELUVIA -,ACC#00001,-69798.00,DR,2022-12-17,2022-12-18,BenchRec_cash_v1.0_train.csv,82315
32768360,800000.0000,USD,2022-09-23T00:00:00Z,CREDIT,,"BenchRec production-derived, obfuscated source side A",512065211607,32768360 V32768360                                                                       JO TONITE SAUNT 664952723,ACC#00001,800000.00,CR,2022-09-23,2022-09-24,BenchRec_cash_v1.0_train.csv,14689
001859801,34785853.6100,USD,2022-09-10T00:00:00Z,DEBIT,,"BenchRec production-derived, obfuscated source side A",513924435732,001859801 41477 DOYST31 L9Y712I                                                                 UPCLOSER MONOCOQUE GAB -,ACC#00001,-34785853.61,DR,2022-09-10,2022-09-11,BenchRec_cash_v1.0_train.csv,3882
12593309,14719503.0100,USD,2022-12-25T00:00:00Z,DEBIT,,"BenchRec production-derived, obfuscated source side A",51414157489,12593309 LUNY3E7564JOQG7U                                                                SLATTERN EU     706670310,ACC#00001,-14719503.01,DR,2022-12-25,2022-12-26,BenchRec_cash_v1.0_train.csv,89390
32022780,2200000.0000,USD,2022-09-21T00:00:00Z,DEBIT,,"BenchRec production-derived, obfuscated source side A",51430512397,32022780 ALME111987JOQG7U                                                                JO TONITE SAUNT 664952723,ACC#00001,-2200000.00,DR,2022-09-21,2022-09-22,BenchRec_cash_v1.0_train.csv,11162
001584833,175634.6300,USD,2022-11-04T00:00:00Z,DEBIT,,"BenchRec production-derived, obfuscated source side A",517225218575,001584833 14407 JAUP422                                                                         UPCLOSER MONOCOQUE GAB -,ACC#00001,-175634.63,DR,2022-11-04,2022-11-05,BenchRec_cash_v1.0_train.csv,50380
001289735,54220861.5300,USD,2022-10-16T00:00:00Z,DEBIT,,"BenchRec production-derived, obfuscated source side A",520205445383,001289735 41477 AUG0672 L9Y56AX                                                                 JOQVY H.C. ZUCCHINIS TENT,ACC#00001,-54220861.53,DR,2022-10-16,2022-10-17,BenchRec_cash_v1.0_train.csv,37289
001979780,1750700.0000,USD,2022-11-17T00:00:00Z,CREDIT,,"BenchRec production-derived, obfuscated source side A",520529957089,001979780 67399 OKET006                                                                         HATER GRAVEL KEEPINGS,ACC#00001,1750700.00,CR,2022-11-17,2022-11-18,BenchRec_cash_v1.0_train.csv,59101
16734536,1853800.0000,USD,2022-12-08T00:00:00Z,DEBIT,,"BenchRec production-derived, obfuscated source side A",521004381839,16734536 JOQG7U4388GLEE7U                                                                SHALE           667933724,ACC#00001,-1853800.00,DR,2022-12-08,2022-12-09,BenchRec_cash_v1.0_train.csv,75255
001318252,119117.0000,USD,2022-09-18T00:00:00Z,CREDIT,,"BenchRec production-derived, obfuscated source side A",521818847698,001318252 14476 JADE930                                                                         UPCLOSER MONOCOQUE GAB -,ACC#00001,119117.00,CR,2022-09-18,2022-09-19,BenchRec_cash_v1.0_train.csv,10038
001503325,16900000.0000,USD,2022-10-27T00:00:00Z,CREDIT,,"BenchRec production-derived, obfuscated source side A",523779549209,001503325 41476 L9Y93D3                                                                 NONIC WILLI MIZE PAR QUEM,ACC#00001,16900000.00,CR,2022-10-27,2022-10-28,BenchRec_cash_v1.0_train.csv,45157
001899406,2031305.6000,USD,2022-09-16T00:00:00Z,CREDIT,,"BenchRec production-derived, obfuscated source side A",524853037322,001899406 14476 CHARE83                                                                         UPCLOSER MONOCOQUE GAB -,ACC#00001,2031305.60,CR,2022-09-16,2022-09-17,BenchRec_cash_v1.0_train.csv,8451
001564361,285910.8600,USD,2022-10-29T00:00:00Z,DEBIT,,"BenchRec production-derived, obfuscated source side A",52495999314,001564361 14476 HUBBA32                                                                         TYPY HODFUL NAIL BUT GAUR,ACC#00001,-285910.86,DR,2022-10-29,2022-10-30,BenchRec_cash_v1.0_train.csv,46552
001395771,550693.0000,USD,2022-09-29T00:00:00Z,DEBIT,,"BenchRec production-derived, obfuscated source side A",525607013369,001395771 14476 AUG0605                                                                         UPCLOSER MONOCOQUE GAB -,ACC#00001,-550693.00,DR,2022-09-29,2022-09-30,BenchRec_cash_v1.0_train.csv,19572
73663996,3822527.7400,USD,2022-11-30T00:00:00Z,DEBIT,,"BenchRec production-derived, obfuscated source side A",525798152400,73663996 JOQG7U6510GLEE7U                                                                SHALE           667933724,ACC#00001,-3822527.74,DR,2022-11-30,2022-12-01,BenchRec_cash_v1.0_train.csv,69222
001464672,22127397.1200,USD,2022-09-28T00:00:00Z,CREDIT,,"BenchRec production-derived, obfuscated source side A",526758495102,001464672 17667 AUG0672                                                                         UPCLOSER MONOCOQUE GAB -,ACC#00001,22127397.12,CR,2022-09-28,2022-09-29,BenchRec_cash_v1.0_train.csv,19146
001904209,15827.8000,USD,2022-11-13T00:00:00Z,CREDIT,,"BenchRec production-derived, obfuscated source side A",527200656079,001904209 14407 LEUD269                                                                         UPCLOSER MONOCOQUE GAB -,ACC#00001,15827.80,CR,2022-11-13,2022-11-14,BenchRec_cash_v1.0_train.csv,57438
32566AOVIH,1819.0800,USD,2022-10-08T00:00:00Z,DEBIT,,"BenchRec production-derived, obfuscated source side A",527809832289,32566AOVIH 32566AOVIH                                                                      JOQVY DE -ELUVIA,ACC#00001,-1819.08,DR,2022-10-08,2022-10-09,BenchRec_cash_v1.0_train.csv,29976
008040127,5055001.9700,USD,2022-12-21T00:00:00Z,CREDIT,,"BenchRec production-derived, obfuscated source side A",528137679966,008040127 15574 NAPE150                                                                         UPCLOSER MONOCOQUE GAB -,ACC#00001,5055001.97,CR,2022-12-21,2022-12-22,BenchRec_cash_v1.0_train.csv,84583
008674571,2226684.3500,USD,2022-11-27T00:00:00Z,CREDIT,,"BenchRec production-derived, obfuscated source side A",528412463501,008674571 14484 OKET078                                                                         DESOXALIC QUETCH EFI,ACC#00001,2226684.35,CR,2022-11-27,2022-11-28,BenchRec_cash_v1.0_train.csv,67314
008699373,544759.9800,USD,2022-12-11T00:00:00Z,CREDIT,,"BenchRec production-derived, obfuscated source side A",528884717456,008699373 67005 JADE601                                                                         NIGROUS VOWED FUTHERMORE,ACC#00001,544759.98,CR,2022-12-11,2022-12-12,BenchRec_cash_v1.0_train.csv,78512
008638405,486974.1200,USD,2022-12-03T00:00:00Z,CREDIT,,"BenchRec production-derived, obfuscated source side A",529051961718,008638405 14476 TREMA76                                                                         UPCLOSER MONOCOQUE GAB -,ACC#00001,486974.12,CR,2022-12-03,2022-12-04,BenchRec_cash_v1.0_train.csv,72406
32566AVK59,279281.6900,USD,2022-09-16T00:00:00Z,DEBIT,,"BenchRec production-derived, obfuscated source side A",52945150887,32566AVK59 32566AVK59                                                                      JOQVY - BAS - DG,ACC#00001,-279281.69,DR,2022-09-16,2022-09-17,BenchRec_cash_v1.0_train.csv,8438
6666666668532585,1690000000.0000,USD,2022-12-29T00:00:00Z,DEBIT,,"BenchRec production-derived, obfuscated source side A",529554118011,6666666668532585 JOQOEV HUMP FGDK,ACC#00001,-1690000000.00,DR,2022-12-29,2022-12-30,BenchRec_cash_v1.0_train.csv,89920
008001654,50590400.0000,USD,2022-12-10T00:00:00Z,CREDIT,,"BenchRec production-derived, obfuscated source side A",530748472062,008001654 41477 EPEE553 L9FV1JO                                                                 UPCLOSER MONOCOQUE GAB -,ACC#00001,50590400.00,CR,2022-12-10,2022-12-11,BenchRec_cash_v1.0_train.csv,77636
32566B0RF7,2859.5000,USD,2022-10-26T00:00:00Z,DEBIT,,"BenchRec production-derived, obfuscated source side A",530791192104,32566B0RF7 32566B0RF7                                                                      JOQVY - BAS - DG,ACC#00001,-2859.50,DR,2022-10-26,2022-10-27,BenchRec_cash_v1.0_train.csv,43016
008090892,46431600.2300,USD,2022-12-24T00:00:00Z,CREDIT,,"BenchRec production-derived, obfuscated source side A",531331538259,008090892 10007 OKET656                                                                         TYPY AS STRETCH,ACC#00001,46431600.23,CR,2022-12-24,2022-12-25,BenchRec_cash_v1.0_train.csv,88342
32749920,400000.0000,USD,2022-09-30T00:00:00Z,DEBIT,,"BenchRec production-derived, obfuscated source side A",531766024939,32749920 ALME7U6299JOQG7U                                                                JO TONITE SAUNT 664952723,ACC#00001,-400000.00,DR,2022-09-30,2022-10-01,BenchRec_cash_v1.0_train.csv,20896
001929670,336363.2200,USD,2022-11-24T00:00:00Z,CREDIT,,"BenchRec production-derived, obfuscated source side A",533939088466,001929670 12660 CUMYL83                                                                         UPCLOSER MONOCOQUE GAB -,ACC#00001,336363.22,CR,2022-11-24,2022-11-25,BenchRec_cash_v1.0_train.csv,64882
001515413,203120.9700,USD,2022-10-30T00:00:00Z,CREDIT,,"BenchRec production-derived, obfuscated source side A",534091552707,001515413 55570 OKET656                                                                         SLATTERN TYPY OEV,ACC#00001,203120.97,CR,2022-10-30,2022-10-31,BenchRec_cash_v1.0_train.csv,47681
001241703,1951836.9500,USD,2022-10-22T00:00:00Z,DEBIT,,"BenchRec production-derived, obfuscated source side A",534534907968,001241703 67005 COCT796                                                                         REPAGANIZER FUTHERMORE MG,ACC#00001,-1951836.95,DR,2022-10-22,2022-10-23,BenchRec_cash_v1.0_train.csv,41635
001414907,4409043.0400,USD,2022-10-01T00:00:00Z,CREDIT,,"BenchRec production-derived, obfuscated source side A",536070111554,001414907 41477 AUG0672 L9Y336L                                                                 JOQVY H.C. ZUCCHINIS TENT,ACC#00001,4409043.04,CR,2022-10-01,2022-10-02,BenchRec_cash_v1.0_train.csv,22933
001442202,1101714.0000,USD,2022-10-08T00:00:00Z,DEBIT,,"BenchRec production-derived, obfuscated source side A",538780032480,001442202 17661 DOYST82                                                                         CUBOCUBE ASSUMER QMQF GAB,ACC#00001,-1101714.00,DR,2022-10-08,2022-10-09,BenchRec_cash_v1.0_train.csv,28986
7084200729,240535258.5000,USD,2022-10-08T00:00:00Z,DEBIT,,"BenchRec production-derived, obfuscated source side A",541217825916,7084200729 7084200729                                                                      OARS PISTRIX -V&F SHY,ACC#00001,-240535258.50,DR,2022-10-08,2022-10-09,BenchRec_cash_v1.0_train.csv,29537
32566B30JY,177890.5300,USD,2022-11-03T00:00:00Z,CREDIT,,"BenchRec production-derived, obfuscated source side A",541508285472,32566B30JY 32566B30JY                                                                      JOQVY - BAS - DG,ACC#00001,177890.53,CR,2022-11-03,2022-11-04,BenchRec_cash_v1.0_train.csv,49861
32566FO6SM,295771.8300,USD,2022-12-03T00:00:00Z,DEBIT,,"BenchRec production-derived, obfuscated source side A",541708194049,32566FO6SM 32566FO6SM                                                                      JOQVY - ELUVIA -,ACC#00001,-295771.83,DR,2022-12-03,2022-12-04,BenchRec_cash_v1.0_train.csv,72022
001937024,23032475.9600,USD,2022-11-18T00:00:00Z,DEBIT,,"BenchRec production-derived, obfuscated source side A",541712881889,001937024 17661 AUG0698                                                                         JOQVY ELUVIA DESINENT,ACC#00001,-23032475.96,DR,2022-11-18,2022-11-19,BenchRec_cash_v1.0_train.csv,60755
37266AGTJ2,6569.4200,USD,2022-10-12T00:00:00Z,CREDIT,,"BenchRec production-derived, obfuscated source side A",541943209534,37266AGTJ2 37266AGTJ2                                                                      JOQVY ELUVIA LG,ACC#00001,6569.42,CR,2022-10-12,2022-10-13,BenchRec_cash_v1.0_train.csv,31854
001498400,347824.5000,USD,2022-10-12T00:00:00Z,CREDIT,,"BenchRec production-derived, obfuscated source side A",541986892629,001498400 17661 CUTIN45                                                                         DIANITE ANIMI VOWED AGHAN,ACC#00001,347824.50,CR,2022-10-12,2022-10-13,BenchRec_cash_v1.0_train.csv,32702
32156230,810000.0000,USD,2022-10-14T00:00:00Z,DEBIT,,"BenchRec production-derived, obfuscated source side A",543519176616,32156230 ALME7U0353JOQG7U                                                                JO TONITE SAUNT 664952723,ACC#00001,-810000.00,DR,2022-10-14,2022-10-15,BenchRec_cash_v1.0_train.csv,35553
008042937,103105.0000,USD,2022-12-22T00:00:00Z,CREDIT,,"BenchRec production-derived, obfuscated source side A",544637583915,008042937 14476 SOUTH86                                                                         UPCLOSER MONOCOQUE GAB -,ACC#00001,103105.00,CR,2022-12-22,2022-12-23,BenchRec_cash_v1.0_train.csv,85566
32566AHAH0,179677.8500,USD,2022-10-01T00:00:00Z,CREDIT,,"BenchRec production-derived, obfuscated source side A",545543380977,32566AHAH0 32566AHAH0                                                                         DE VIZIR LATA,ACC#00001,179677.85,CR,2022-10-01,2022-10-02,BenchRec_cash_v1.0_train.csv,23632
008650381,128273.5400,USD,2022-12-08T00:00:00Z,CREDIT,,"BenchRec production-derived, obfuscated source side A",549395006899,008650381 14476 UNDOG18                                                                         UPCLOSER MONOCOQUE GAB -,ACC#00001,128273.54,CR,2022-12-08,2022-12-09,BenchRec_cash_v1.0_train.csv,75505
32566TIQVE,107713.0200,USD,2022-11-19T00:00:00Z,DEBIT,,"BenchRec production-derived, obfuscated source side A",550480202725,32566TIQVE 32566TIQVE                                                                      JOQVY - ELUVIA -,ACC#00001,-107713.02,DR,2022-11-19,2022-11-20,BenchRec_cash_v1.0_train.csv,62135
001384101,107653.0000,USD,2022-09-21T00:00:00Z,CREDIT,,"BenchRec production-derived, obfuscated source side A",551511765653,001384101 14476 SHOJI46                                                                         UPCLOSER MONOCOQUE GAB -,ACC#00001,107653.00,CR,2022-09-21,2022-09-22,BenchRec_cash_v1.0_train.csv,11391
32566ATRKY,132898.0000,USD,2022-10-15T00:00:00Z,CREDIT,,"BenchRec production-derived, obfuscated source side A",551698767132,32566ATRKY 32566ATRKY                                                                      JOQVY - ELUVIA -,ACC#00001,132898.00,CR,2022-10-15,2022-10-16,BenchRec_cash_v1.0_train.csv,36657
008086809,549490.8800,USD,2022-12-17T00:00:00Z,CREDIT,,"BenchRec production-derived, obfuscated source side A",551844915564,008086809 14407 SNORK73                                                                         UPCLOSER MONOCOQUE GAB -,ACC#00001,549490.88,CR,2022-12-17,2022-12-18,BenchRec_cash_v1.0_train.csv,82588
001839718,2229540.7500,USD,2022-09-11T00:00:00Z,DEBIT,,"BenchRec production-derived, obfuscated source side A",551847466399,001839718 12660 CHARE98                                                                         UPCLOSER MONOCOQUE GAB -,ACC#00001,-2229540.75,DR,2022-09-11,2022-09-12,BenchRec_cash_v1.0_train.csv,5089
15667031,10000000.0000,USD,2022-11-18T00:00:00Z,DEBIT,,"BenchRec production-derived, obfuscated source side A",553117872816,15667031 LUNY3E2361JOQG7U                                                                SLATTERN EU     706670310,ACC#00001,-10000000.00,DR,2022-11-18,2022-11-19,BenchRec_cash_v1.0_train.csv,60393
001443832,28559490.5000,USD,2022-10-06T00:00:00Z,CREDIT,,"BenchRec production-derived, obfuscated source side A",553289084601,001443832 17667 AUG0672                                                                         TAPU ETHERIFIES AUANTIC,ACC#00001,28559490.50,CR,2022-10-06,2022-10-07,BenchRec_cash_v1.0_train.csv,26425
008650016,123661.6200,USD,2022-12-08T00:00:00Z,CREDIT,,"BenchRec production-derived, obfuscated source side A",554073089347,008650016 14407 NAUT199                                                                         UPCLOSER MONOCOQUE GAB -,ACC#00001,123661.62,CR,2022-12-08,2022-12-09,BenchRec_cash_v1.0_train.csv,75762
32566AMBFU,400.7000,USD,2022-09-23T00:00:00Z,CREDIT,,"BenchRec production-derived, obfuscated source side A",554630033938,32566AMBFU 32566AMBFU                                                                      JOQVY DE -ELUVIA,ACC#00001,400.70,CR,2022-09-23,2022-09-24,BenchRec_cash_v1.0_train.csv,13607
008092585,19334000.0000,USD,2022-12-25T00:00:00Z,DEBIT,,"BenchRec production-derived, obfuscated source side A",556044965504,008092585 41416 GULA414 L9NR8KI                                                                 UPCLOSER MONOCOQUE GAB -,ACC#00001,-19334000.00,DR,2022-12-25,2022-12-26,BenchRec_cash_v1.0_train.csv,88993
12491206,1754337.3200,USD,2022-10-05T00:00:00Z,CREDIT,,"BenchRec production-derived, obfuscated source side A",558119429328,12491206 V12491206                                                                       GVKYHE          666610809,ACC#00001,1754337.32,CR,2022-10-05,2022-10-06,BenchRec_cash_v1.0_train.csv,25810
16771056,1853500.0000,USD,2022-12-08T00:00:00Z,DEBIT,,"BenchRec production-derived, obfuscated source side A",559099422114,16771056 JOQG7U4387GLEE7U                                                                SHALE           667933724,ACC#00001,-1853500.00,DR,2022-12-08,2022-12-09,BenchRec_cash_v1.0_train.csv,75941
001527482,1221.2000,USD,2022-11-06T00:00:00Z,CREDIT,,"BenchRec production-derived, obfuscated source side A",560787564409,001527482 14407 JAUP582                                                                         UPCLOSER MONOCOQUE GAB -,ACC#00001,1221.20,CR,2022-11-06,2022-11-07,BenchRec_cash_v1.0_train.csv,52510
001392396,29541.9700,USD,2022-09-28T00:00:00Z,CREDIT,,"BenchRec production-derived, obfuscated source side A",561200081378,001392396 14476 APINA87                                                                         UPCLOSER MONOCOQUE GAB -,ACC#00001,29541.97,CR,2022-09-28,2022-09-29,BenchRec_cash_v1.0_train.csv,18103
37266GS8VC,6676.1500,USD,2022-10-12T00:00:00Z,CREDIT,,"BenchRec production-derived, obfuscated source side A",561669412866,37266GS8VC 37266GS8VC                                                                      GLONOIN FLAYS KY,ACC#00001,6676.15,CR,2022-10-12,2022-10-13,BenchRec_cash_v1.0_train.csv,32897
001926216,231588.8000,USD,2022-11-20T00:00:00Z,CREDIT,,"BenchRec production-derived, obfuscated source side A",563047725486,001926216 55570 EPEE553                                                                         UPCLOSER MONOCOQUE GAB -,ACC#00001,231588.80,CR,2022-11-20,2022-11-21,BenchRec_cash_v1.0_train.csv,62911
001412336,161595.8400,USD,2022-10-02T00:00:00Z,CREDIT,,"BenchRec production-derived, obfuscated source side A",563143830100,001412336 14476 DODOS62                                                                         UPCLOSER MONOCOQUE GAB -,ACC#00001,161595.84,CR,2022-10-02,2022-10-03,BenchRec_cash_v1.0_train.csv,24104
001293905,113489.8000,USD,2022-10-28T00:00:00Z,CREDIT,,"BenchRec production-derived, obfuscated source side A",563234448903,001293905 67463 SKITE77                                                                         MUTUALITY AVIARY DEFENSER,ACC#00001,113489.80,CR,2022-10-28,2022-10-29,BenchRec_cash_v1.0_train.csv,46049
001509777,3194523.8300,USD,2022-11-02T00:00:00Z,DEBIT,,"BenchRec production-derived, obfuscated source side A",563797738253,001509777 19475 JADE647                                                                         CHINOL & STIVY,ACC#00001,-3194523.83,DR,2022-11-02,2022-11-03,BenchRec_cash_v1.0_train.csv,48829
008636565,38985570.0000,USD,2022-12-01T00:00:00Z,CREDIT,,"BenchRec production-derived, obfuscated source side A",563888951586,008636565 41477 MEGGY88 L9HX5UG                                                                 UPCLOSER MONOCOQUE GAB -,ACC#00001,38985570.00,CR,2022-12-01,2022-12-02,BenchRec_cash_v1.0_train.csv,69359
008608263,32742.0800,USD,2022-11-30T00:00:00Z,DEBIT,,"BenchRec production-derived, obfuscated source side A",563953615285,008608263 67387 JAUP179                                                                         BULT DUFFED BUT MG,ACC#00001,-32742.08,DR,2022-11-30,2022-12-01,BenchRec_cash_v1.0_train.csv,69020
78677886,4644697.4300,USD,2022-11-27T00:00:00Z,DEBIT,,"BenchRec production-derived, obfuscated source side A",56402711514,78677886 JOQG7U6204GLEE7U                                                                SHALE           667933724,ACC#00001,-4644697.43,DR,2022-11-27,2022-11-28,BenchRec_cash_v1.0_train.csv,67313
001951252,36310.7700,USD,2022-11-26T00:00:00Z,DEBIT,,"BenchRec production-derived, obfuscated source side A",564496366702,001951252 67674 JAUP179                                                                         BULT DUFFED BUT MG,ACC#00001,-36310.77,DR,2022-11-26,2022-11-27,BenchRec_cash_v1.0_train.csv,66101
001276951,44286534.1600,USD,2022-10-14T00:00:00Z,DEBIT,,"BenchRec production-derived, obfuscated source side A",566477053645,001276951 41477 EPEE553 L9Y28QY                                                                 JOQVY H.C. ZUCCHINIS TENT,ACC#00001,-44286534.16,DR,2022-10-14,2022-10-15,BenchRec_cash_v1.0_train.csv,34912
008706077,91484.6500,USD,2022-12-31T00:00:00Z,CREDIT,,"BenchRec production-derived, obfuscated source side A",566679400344,008706077 67608 CLICH58                                                                         NIGROUS VOWED QMQF MG EFI,ACC#00001,91484.65,CR,2022-12-31,2023-01-01,BenchRec_cash_v1.0_train.csv,92323
008035012,2189464.8900,USD,2022-12-21T00:00:00Z,DEBIT,,"BenchRec production-derived, obfuscated source side A",569064984933,008035012 14476 MEGGY88                                                                         ARMOR BD SUBHEADINGS (ZH),ACC#00001,-2189464.89,DR,2022-12-21,2022-12-22,BenchRec_cash_v1.0_train.csv,85227
001576684,3014417.5200,USD,2022-10-28T00:00:00Z,DEBIT,,"BenchRec production-derived, obfuscated source side A",571025034718,001576684 19262 EPEE370                                                                         JO TONITE (GOLACH) NM-SUF,ACC#00001,-3014417.52,DR,2022-10-28,2022-10-29,BenchRec_cash_v1.0_train.csv,45441
001484052,69821.8000,USD,2022-10-05T00:00:00Z,DEBIT,,"BenchRec production-derived, obfuscated source side A",571792346198,001484052 13671 RIPED78                                                                         INTEMPERANCE GEOMETRINE S,ACC#00001,-69821.80,DR,2022-10-05,2022-10-06,BenchRec_cash_v1.0_train.csv,25343
17365536,3029200.0000,USD,2022-12-10T00:00:00Z,CREDIT,,"BenchRec production-derived, obfuscated source side A",572933157617,17365536 V17365536                                                                       SHALE           667933724,ACC#00001,3029200.00,CR,2022-12-10,2022-12-11,BenchRec_cash_v1.0_train.csv,77592
32566ATAYM,320066.7900,USD,2022-10-15T00:00:00Z,CREDIT,,"BenchRec production-derived, obfuscated source side A",574064839834,32566ATAYM 32566ATAYM                                                                      JOQVY DE -ELUVIA,ACC#00001,320066.79,CR,2022-10-15,2022-10-16,BenchRec_cash_v1.0_train.csv,36473
32566TBPV9,3348263.0500,USD,2022-12-17T00:00:00Z,DEBIT,,"BenchRec production-derived, obfuscated source side A",575732326179,32566TBPV9 32566TBPV9                                                                      JOQVY DE -ELUVIA,ACC#00001,-3348263.05,DR,2022-12-17,2022-12-18,BenchRec_cash_v1.0_train.csv,82714
5020206,6042120.0000,USD,2022-11-13T00:00:00Z,CREDIT,,"BenchRec production-derived, obfuscated source side A",577937548035,5020206 V65020206                                                                       JO TONITE SAUNT 664952723,ACC#00001,6042120.00,CR,2022-11-13,2022-11-14,BenchRec_cash_v1.0_train.csv,57016
001420417,28412228.8800,USD,2022-10-09T00:00:00Z,CREDIT,,"BenchRec production-derived, obfuscated source side A",578184323406,001420417 17667 REOWN81                                                                         AFTONIAN TYPY AS FELONRY,ACC#00001,28412228.88,CR,2022-10-09,2022-10-10,BenchRec_cash_v1.0_train.csv,30997
008641554,437261.0000,USD,2022-12-02T00:00:00Z,CREDIT,,"BenchRec production-derived, obfuscated source side A",57907647573,008641554 41477 OKET656 L9HK0ZJ                                                                 UPCLOSER MONOCOQUE GAB -,ACC#00001,437261.00,CR,2022-12-02,2022-12-03,BenchRec_cash_v1.0_train.csv,70985
008007149,6829106.0600,USD,2022-12-10T00:00:00Z,DEBIT,,"BenchRec production-derived, obfuscated source side A",579089997642,008007149 88856 EPEE857                                                                         LIXIVIA JACTANCE STERNAL,ACC#00001,-6829106.06,DR,2022-12-10,2022-12-11,BenchRec_cash_v1.0_train.csv,77830
32566B4MOO,55592.9200,USD,2022-11-05T00:00:00Z,CREDIT,,"BenchRec production-derived, obfuscated source side A",58054820213,32566B4MOO 32566B4MOO                                                                      JOQVY - BAS - DG,ACC#00001,55592.92,CR,2022-11-05,2022-11-06,BenchRec_cash_v1.0_train.csv,51986
37266AED4U,11.0000,USD,2022-10-02T00:00:00Z,CREDIT,,"BenchRec production-derived, obfuscated source side A",580807854841,37266AED4U 37266AED4U                                                                      JOQ TREPIDATORY,ACC#00001,11.00,CR,2022-10-02,2022-10-03,BenchRec_cash_v1.0_train.csv,24295
32566B13GN,174828.3500,USD,2022-10-29T00:00:00Z,DEBIT,,"BenchRec production-derived, obfuscated source side A",58132345569,32566B13GN 32566B13GN                                                                      JOQVY - ELUVIA -,ACC#00001,-174828.35,DR,2022-10-29,2022-10-30,BenchRec_cash_v1.0_train.csv,46799
001594945,20368.5800,USD,2022-11-11T00:00:00Z,CREDIT,,"BenchRec production-derived, obfuscated source side A",583113021968,001594945 14407 COCT807                                                                         UPCLOSER MONOCOQUE GAB -,ACC#00001,20368.58,CR,2022-11-11,2022-11-12,BenchRec_cash_v1.0_train.csv,55484
008052411,2693212.0000,USD,2022-12-23T00:00:00Z,CREDIT,,"BenchRec production-derived, obfuscated source side A",583268358675,008052411 41477 EPEE165 L9NR06L                                                                 UPCLOSER MONOCOQUE GAB -,ACC#00001,2693212.00,CR,2022-12-23,2022-12-24,BenchRec_cash_v1.0_train.csv,86507
001980342,45778875.1200,USD,2022-11-17T00:00:00Z,CREDIT,,"BenchRec production-derived, obfuscated source side A",583358158382,001980342 17667 KAVI372                                                                         UPCLOSER MONOCOQUE GAB -,ACC#00001,45778875.12,CR,2022-11-17,2022-11-18,BenchRec_cash_v1.0_train.csv,59674
008052485,2177816.4900,USD,2022-12-30T00:00:00Z,CREDIT,,"BenchRec production-derived, obfuscated source side A",585484207064,008052485 41477 NACHE73 L9NR06W                                                                 UPCLOSER MONOCOQUE GAB -,ACC#00001,2177816.49,CR,2022-12-30,2022-12-31,BenchRec_cash_v1.0_train.csv,91587
12599690,1583670.9300,USD,2022-11-03T00:00:00Z,CREDIT,,"BenchRec production-derived, obfuscated source side A",586611923539,12599690 V12599690                                                                       GVKYHE          666610809,ACC#00001,1583670.93,CR,2022-11-03,2022-11-04,BenchRec_cash_v1.0_train.csv,49860
008625894,669497.4000,USD,2022-12-09T00:00:00Z,CREDIT,,"BenchRec production-derived, obfuscated source side A",587020953519,008625894 14470 DODOS98                                                                         RAGGETY VOWED FUTHERMORE,ACC#00001,669497.40,CR,2022-12-09,2022-12-10,BenchRec_cash_v1.0_train.csv,76660
008638403,88962.2100,USD,2022-12-03T00:00:00Z,CREDIT,,"BenchRec production-derived, obfuscated source side A",58890943890,008638403 14476 TREMA76                                                                         UPCLOSER MONOCOQUE GAB -,ACC#00001,88962.21,CR,2022-12-03,2022-12-04,BenchRec_cash_v1.0_train.csv,72710
32022781,400000.0000,USD,2022-09-21T00:00:00Z,DEBIT,,"BenchRec production-derived, obfuscated source side A",589366915255,32022781 ALME112512JOQG7U                                                                JO TONITE SAUNT 664952723,ACC#00001,-400000.00,DR,2022-09-21,2022-09-22,BenchRec_cash_v1.0_train.csv,11667
40765095,40000.0000,USD,2022-10-08T00:00:00Z,DEBIT,,"BenchRec production-derived, obfuscated source side A",589416131864,40765095 ALME119157JOQG7U                                                                JO TONITE SAUNT 664952723,ACC#00001,-40000.00,DR,2022-10-08,2022-10-09,BenchRec_cash_v1.0_train.csv,29219
008651601,1825195.8900,USD,2022-12-07T00:00:00Z,DEBIT,,"BenchRec production-derived, obfuscated source side A",589577672434,008651601 55570 NAPE610                                                                         SLATTERN TYPY OEV,ACC#00001,-1825195.89,DR,2022-12-07,2022-12-08,BenchRec_cash_v1.0_train.csv,73972
32260653,2157174.0500,USD,2022-12-07T00:00:00Z,DEBIT,,"BenchRec production-derived, obfuscated source side A",590214435552,32260653 RUCKER11                                                                        WINELIKE INCHER 666905713,ACC#00001,-2157174.05,DR,2022-12-07,2022-12-08,BenchRec_cash_v1.0_train.csv,74596
001451970,5516820.0000,USD,2022-10-07T00:00:00Z,CREDIT,,"BenchRec production-derived, obfuscated source side A",590417481840,001451970 41477 SHOWD61 L9Y44BL                                                                 UPCLOSER MONOCOQUE GAB -,ACC#00001,5516820.00,CR,2022-10-07,2022-10-08,BenchRec_cash_v1.0_train.csv,28869
001436447,581771.3000,USD,2022-10-05T00:00:00Z,CREDIT,,"BenchRec production-derived, obfuscated source side A",591309761333,001436447 12660 KAVI121                                                                         GALEID BUT POE NM,ACC#00001,581771.30,CR,2022-10-05,2022-10-06,BenchRec_cash_v1.0_train.csv,26239
32566TAGAM,161596.7200,USD,2022-12-25T00:00:00Z,DEBIT,,"BenchRec production-derived, obfuscated source side A",596555678710,32566TAGAM 32566TAGAM                                                                      JO TONITE AGGEST,ACC#00001,-161596.72,DR,2022-12-25,2022-12-26,BenchRec_cash_v1.0_train.csv,88548
008644869,6308977.5700,USD,2022-12-04T00:00:00Z,CREDIT,,"BenchRec production-derived, obfuscated source side A",596980610084,008644869 17661 NAPE610                                                                         YMV NONREGULATIVE,ACC#00001,6308977.57,CR,2022-12-04,2022-12-05,BenchRec_cash_v1.0_train.csv,72939
001859125,4965106.2100,USD,2022-09-16T00:00:00Z,CREDIT,,"BenchRec production-derived, obfuscated source side A",596988457189,001859125 41477 JADE104 L9Y712E                                                                 UPCLOSER MONOCOQUE GAB -,ACC#00001,4965106.21,CR,2022-09-16,2022-09-17,BenchRec_cash_v1.0_train.csv,7448
001462277,175031.0000,USD,2022-09-29T00:00:00Z,CREDIT,,"BenchRec production-derived, obfuscated source side A",596990788669,001462277 14476 MEGGY13                                                                         UPCLOSER MONOCOQUE GAB -,ACC#00001,175031.00,CR,2022-09-29,2022-09-30,BenchRec_cash_v1.0_train.csv,20088
001218873,6600000.0000,USD,2022-10-14T00:00:00Z,CREDIT,,"BenchRec production-derived, obfuscated source side A",597551774064,001218873 47082 SWEAT79 L9Y22AO                                                                 DUPPY YO TRIFOLY MAECENAS,ACC#00001,6600000.00,CR,2022-10-14,2022-10-15,BenchRec_cash_v1.0_train.csv,35623
001514225,44580.9100,USD,2022-11-03T00:00:00Z,DEBIT,,"BenchRec production-derived, obfuscated source side A",598907338299,001514225 14407 LEUD852                                                                         UPCLOSER MONOCOQUE GAB -,ACC#00001,-44580.91,DR,2022-11-03,2022-11-04,BenchRec_cash_v1.0_train.csv,49319
001210321,5615.3300,USD,2022-10-19T00:00:00Z,DEBIT,,"BenchRec production-derived, obfuscated source side A",600219738542,001210321 14407 BREI801                                                                         UPCLOSER MONOCOQUE GAB -,ACC#00001,-5615.33,DR,2022-10-19,2022-10-20,BenchRec_cash_v1.0_train.csv,38948
001503222,4547.5000,USD,2022-10-29T00:00:00Z,CREDIT,,"BenchRec production-derived, obfuscated source side A",601535305825,001503222 14407 BAIS714                                                                         UPCLOSER MONOCOQUE GAB -,ACC#00001,4547.50,CR,2022-10-29,2022-10-30,BenchRec_cash_v1.0_train.csv,46774
40790887,169700.0000,USD,2022-10-19T00:00:00Z,DEBIT,,"BenchRec production-derived, obfuscated source side A",601643211778,40790887 ALME115594JOQG7U                                                                JO TONITE SAUNT 664952723,ACC#00001,-169700.00,DR,2022-10-19,2022-10-20,BenchRec_cash_v1.0_train.csv,39011
001490242,5565123.9100,USD,2022-10-15T00:00:00Z,CREDIT,,"BenchRec production-derived, obfuscated source side A",601941657031,001490242 12667 KAVI032                                                                         DIANITE ANIMI VOWED AGHAN,ACC#00001,5565123.91,CR,2022-10-15,2022-10-16,BenchRec_cash_v1.0_train.csv,36726
001300409,5022422.8200,USD,2022-09-15T00:00:00Z,CREDIT,,"BenchRec production-derived, obfuscated source side A",603384476168,001300409 10026 NINA872                                                                         UPCLOSER MONOCOQUE GAB -,ACC#00001,5022422.82,CR,2022-09-15,2022-09-16,BenchRec_cash_v1.0_train.csv,6463
008621897,15841.2000,USD,2022-12-08T00:00:00Z,DEBIT,,"BenchRec production-derived, obfuscated source side A",604520094163,008621897 14476 TUMOR91                                                                         UPCLOSER MONOCOQUE GAB -,ACC#00001,-15841.20,DR,2022-12-08,2022-12-09,BenchRec_cash_v1.0_train.csv,75913
6666666668251564,1710042900.0000,USD,2022-09-18T00:00:00Z,CREDIT,,"BenchRec production-derived, obfuscated source side A",605027910714,6666666668251564 P682515647981263                                                                JEE - DESINENT,ACC#00001,1710042900.00,CR,2022-09-18,2022-09-19,BenchRec_cash_v1.0_train.csv,10287
001444043,3859484.3000,USD,2022-10-08T00:00:00Z,CREDIT,,"BenchRec production-derived, obfuscated source side A",60536934719,001444043 14484 KAVI032                                                                         UPCLOSER MONOCOQUE GAB -,ACC#00001,3859484.30,CR,2022-10-08,2022-10-09,BenchRec_cash_v1.0_train.csv,29218
001943803,676481.0000,USD,2022-11-23T00:00:00Z,CREDIT,,"BenchRec production-derived, obfuscated source side A",605916977739,001943803 67040 AUG0646                                                                         DISACCORDANCE UNSOLACED S,ACC#00001,676481.00,CR,2022-11-23,2022-11-24,BenchRec_cash_v1.0_train.csv,63663
001595053,44223.4400,USD,2022-11-12T00:00:00Z,DEBIT,,"BenchRec production-derived, obfuscated source side A",60725509811,001595053 14407 ATMA858                                                                         UPCLOSER MONOCOQUE GAB -,ACC#00001,-44223.44,DR,2022-11-12,2022-11-13,BenchRec_cash_v1.0_train.csv,56403
001315660,449416.2300,USD,2022-09-17T00:00:00Z,CREDIT,,"BenchRec production-derived, obfuscated source side A",607990664396,001315660 15574 DOYST31                                                                         SLATTERN TYPY OEV,ACC#00001,449416.23,CR,2022-09-17,2022-09-18,BenchRec_cash_v1.0_train.csv,9274
37266B7QBM,18298.7400,USD,2022-10-28T00:00:00Z,CREDIT,,"BenchRec production-derived, obfuscated source side A",608168136155,37266B7QBM 37266B7QBM                                                                      JOQ TREPIDATORY,ACC#00001,18298.74,CR,2022-10-28,2022-10-29,BenchRec_cash_v1.0_train.csv,45624
008001840,21155036.7000,USD,2022-12-10T00:00:00Z,CREDIT,,"BenchRec production-derived, obfuscated source side A",609308800407,008001840 41477 OKET078 L9FV1DL                                                                 JOQVY H.C. ZUCCHINIS TENT,ACC#00001,21155036.70,CR,2022-12-10,2022-12-11,BenchRec_cash_v1.0_train.csv,77257
5027726,2813390.0000,USD,2022-11-13T00:00:00Z,CREDIT,,"BenchRec production-derived, obfuscated source side A",609425365064,5027726 V65027726                                                                       JO TONITE SAUNT 664952723,ACC#00001,2813390.00,CR,2022-11-13,2022-11-14,BenchRec_cash_v1.0_train.csv,56961
001584964,53930.1700,USD,2022-11-03T00:00:00Z,CREDIT,,"BenchRec production-derived, obfuscated source side A",610523204226,001584964 14407 KAVI277                                                                         UPCLOSER MONOCOQUE GAB -,ACC#00001,53930.17,CR,2022-11-03,2022-11-04,BenchRec_cash_v1.0_train.csv,49796
001498518,19684.1700,USD,2022-10-14T00:00:00Z,DEBIT,,"BenchRec production-derived, obfuscated source side A",612464617276,001498518 14407 CRIB034                                                                         EWE STERNAL TYPY NM,ACC#00001,-19684.17,DR,2022-10-14,2022-10-15,BenchRec_cash_v1.0_train.csv,35037
32894207,935022.3700,USD,2022-11-06T00:00:00Z,CREDIT,,"BenchRec production-derived, obfuscated source side A",612500517631,32894207 V32894207                                                                       JO TONITE GOX   664952723,ACC#00001,935022.37,CR,2022-11-06,2022-11-07,BenchRec_cash_v1.0_train.csv,52549
001969589,1188422.2600,USD,2022-11-13T00:00:00Z,CREDIT,,"BenchRec production-derived, obfuscated source side A",612709327995,001969589 67005 MEGGY30                                                                         GUJAR SAIRVE GEOMETRINE M,ACC#00001,1188422.26,CR,2022-11-13,2022-11-14,BenchRec_cash_v1.0_train.csv,57024
001451960,3276642.0000,USD,2022-10-07T00:00:00Z,CREDIT,,"BenchRec production-derived, obfuscated source side A",613059336446,001451960 41477 VINYL32 L9Y44VJ                                                                 UPCLOSER MONOCOQUE GAB -,ACC#00001,3276642.00,CR,2022-10-07,2022-10-08,BenchRec_cash_v1.0_train.csv,27596
32566TKRI0,128151.8400,USD,2022-11-23T00:00:00Z,CREDIT,,"BenchRec production-derived, obfuscated source side A",614556254920,32566TKRI0 32566TKRI0                                                                      JOQVY DE-BAS - T,ACC#00001,128151.84,CR,2022-11-23,2022-11-24,BenchRec_cash_v1.0_train.csv,64189
008025114,27220338.6000,USD,2022-12-23T00:00:00Z,DEBIT,,"BenchRec production-derived, obfuscated source side A",615016900768,008025114 41477 NAPE703 L9HL9WD                                                                 UPCLOSER MONOCOQUE GAB -,ACC#00001,-27220338.60,DR,2022-12-23,2022-12-24,BenchRec_cash_v1.0_train.csv,86885
001404376,779217.2200,USD,2022-09-29T00:00:00Z,DEBIT,,"BenchRec production-derived, obfuscated source side A",616888517647,001404376 14484 KAVI032                                                                         UPCLOSER MONOCOQUE GAB -,ACC#00001,-779217.22,DR,2022-09-29,2022-09-30,BenchRec_cash_v1.0_train.csv,19770
32566ATTHA,286906.1200,USD,2022-10-15T00:00:00Z,CREDIT,,"BenchRec production-derived, obfuscated source side A",617449055264,32566ATTHA 32566ATTHA                                                                      JOQVY - ELUVIA -,ACC#00001,286906.12,CR,2022-10-15,2022-10-16,BenchRec_cash_v1.0_train.csv,36796
32566TVBY3,123519.9000,USD,2022-11-17T00:00:00Z,CREDIT,,"BenchRec production-derived, obfuscated source side A",617847945435,32566TVBY3 32566TVBY3                                                                      JOQVY - BAS - DG,ACC#00001,123519.90,CR,2022-11-17,2022-11-18,BenchRec_cash_v1.0_train.csv,59214
32566TPN70,163.3000,USD,2022-12-15T00:00:00Z,DEBIT,,"BenchRec production-derived, obfuscated source side A",618634618677,32566TPN70 32566TPN70                                                                      JOQVY - BAS - DG,ACC#00001,-163.30,DR,2022-12-15,2022-12-16,BenchRec_cash_v1.0_train.csv,80684
32566AMQH1,47758.7800,USD,2022-09-23T00:00:00Z,DEBIT,,"BenchRec production-derived, obfuscated source side A",620517218052,32566AMQH1 32566AMQH1                                                                      JOQVY - BAS - DG,ACC#00001,-47758.78,DR,2022-09-23,2022-09-24,BenchRec_cash_v1.0_train.csv,14784
001896591,93644.9300,USD,2022-09-15T00:00:00Z,DEBIT,,"BenchRec production-derived, obfuscated source side A",620519597188,001896591 14476 JAUP656                                                                         UPCLOSER MONOCOQUE GAB -,ACC#00001,-93644.93,DR,2022-09-15,2022-09-16,BenchRec_cash_v1.0_train.csv,6622
008019233,1182948.0000,USD,2022-12-18T00:00:00Z,DEBIT,,"BenchRec production-derived, obfuscated source side A",622688209588,008019233 12660 NAPE754                                                                         UPCLOSER MONOCOQUE GAB -,ACC#00001,-1182948.00,DR,2022-12-18,2022-12-19,BenchRec_cash_v1.0_train.csv,83879
008606262,950000.0000,USD,2022-11-25T00:00:00Z,CREDIT,,"BenchRec production-derived, obfuscated source side A",622776382541,008606262 41476 L9HI90G                                                                 APPLICANT BAA CROM WUZZLE,ACC#00001,950000.00,CR,2022-11-25,2022-11-26,BenchRec_cash_v1.0_train.csv,65134
32566B13I8,110624.3500,USD,2022-10-29T00:00:00Z,DEBIT,,"BenchRec production-derived, obfuscated source side A",624452457356,32566B13I8 32566B13I8                                                                      JOQVY - ELUVIA -,ACC#00001,-110624.35,DR,2022-10-29,2022-10-30,BenchRec_cash_v1.0_train.csv,47226
008695761,34463.2900,USD,2022-12-10T00:00:00Z,CREDIT,,"BenchRec production-derived, obfuscated source side A",624722187298,008695761 14476 KAVI376                                                                         UPCLOSER MONOCOQUE GAB -,ACC#00001,34463.29,CR,2022-12-10,2022-12-11,BenchRec_cash_v1.0_train.csv,77135
001310319,1617692.7700,USD,2022-09-21T00:00:00Z,CREDIT,,"BenchRec production-derived, obfuscated source side A",625876008552,001310319 12660 PRODD95                                                                         UPCLOSER MONOCOQUE GAB -,ACC#00001,1617692.77,CR,2022-09-21,2022-09-22,BenchRec_cash_v1.0_train.csv,12080
008611744,21836813.6700,USD,2022-11-30T00:00:00Z,DEBIT,,"BenchRec production-derived, obfuscated source side A",626036217931,008611744 41477 OKET078 L9HX8M4                                                                 UPCLOSER MONOCOQUE GAB -,ACC#00001,-21836813.67,DR,2022-11-30,2022-12-01,BenchRec_cash_v1.0_train.csv,68556
001963783,34217004.0000,USD,2022-11-10T00:00:00Z,CREDIT,,"BenchRec production-derived, obfuscated source side A",628906997753,001963783 41477 KAVI372 L9MU393                                                                 UPCLOSER MONOCOQUE GAB -,ACC#00001,34217004.00,CR,2022-11-10,2022-11-11,BenchRec_cash_v1.0_train.csv,54211
6P64656P6C6D6M6R,5329.7700,USD,2022-10-29T00:00:00Z,DEBIT,,"BenchRec production-derived, obfuscated source side A",62892562495,6P64656P6C6D6M6R 6G6L656P6C6B6Z6T                                                                VERANDAH TYPY AI,ACC#00001,-5329.77,DR,2022-10-29,2022-10-30,BenchRec_cash_v1.0_train.csv,47161
001443026,11890020.0000,USD,2022-10-05T00:00:00Z,CREDIT,,"BenchRec production-derived, obfuscated source side A",629234400441,001443026 67888 EPEE553 L9Y4045                                                                 JO TONITE ETHERIFIES GAB,ACC#00001,11890020.00,CR,2022-10-05,2022-10-06,BenchRec_cash_v1.0_train.csv,26091
AHT9126666720541,359000.0000,USD,2022-11-04T00:00:00Z,DEBIT,,"BenchRec production-derived, obfuscated source side A",629580564633,AHT9126666720541 AHT9126666720541,ACC#00001,-359000.00,DR,2022-11-04,2022-11-06,BenchRec_cash_v1.0_train.csv,51255
55958636,1513.5400,USD,2022-10-22T00:00:00Z,CREDIT,,"BenchRec production-derived, obfuscated source side A",630094135181,55958636 V55958636                                                                       JO TONITE SAUNT 664952723,ACC#00001,1513.54,CR,2022-10-22,2022-10-23,BenchRec_cash_v1.0_train.csv,41648
32894004,139.9000,USD,2022-11-04T00:00:00Z,DEBIT,,"BenchRec production-derived, obfuscated source side A",631149631900,32894004 ALME7U4698JOQG7U                                                                JO TONITE SAUNT 664952723,ACC#00001,-139.90,DR,2022-11-04,2022-11-05,BenchRec_cash_v1.0_train.csv,50448
001537267,2430996.1500,USD,2022-11-05T00:00:00Z,CREDIT,,"BenchRec production-derived, obfuscated source side A",631502090827,001537267 61008 MOVE684                                                                         PREOCCUR FUTHERMORE BUT L,ACC#00001,2430996.15,CR,2022-11-05,2022-11-06,BenchRec_cash_v1.0_train.csv,51339
001468969,89069.1600,USD,2022-10-02T00:00:00Z,DEBIT,,"BenchRec production-derived, obfuscated source side A",631669832048,001468969 67005 RAKEE55                                                                         ASCIDIA GEOMETRINE MOGGIO,ACC#00001,-89069.16,DR,2022-10-02,2022-10-03,BenchRec_cash_v1.0_train.csv,24115
59120466,21081114.1300,USD,2022-10-21T00:00:00Z,DEBIT,,"BenchRec production-derived, obfuscated source side A",63168947062,59120466 ALME7U6227JOQG7U                                                                JO TONITE SAUNT 664952723,ACC#00001,-21081114.13,DR,2022-10-21,2022-10-22,BenchRec_cash_v1.0_train.csv,40963
HEY,1160300.0000,USD,2022-12-29T00:00:00Z,DEBIT,,"BenchRec production-derived, obfuscated source side A",634576432515,HEY RAMON DISNEY CHA - TA,ACC#00001,-1160300.00,DR,2022-12-29,2022-12-30,BenchRec_cash_v1.0_train.csv,90047
001215389,50644734.4900,USD,2022-10-16T00:00:00Z,CREDIT,,"BenchRec production-derived, obfuscated source side A",63471288449,001215389 89250 KAVI032                                                                         UPCLOSER MONOCOQUE GAB -,ACC#00001,50644734.49,CR,2022-10-16,2022-10-17,BenchRec_cash_v1.0_train.csv,37600
001323222,321071.7700,USD,2022-09-25T00:00:00Z,CREDIT,,"BenchRec production-derived, obfuscated source side A",634761726041,001323222 12660 ROHOB56                                                                         V&C VOWED QMQF OEV(WIM),ACC#00001,321071.77,CR,2022-09-25,2022-09-27,BenchRec_cash_v1.0_train.csv,17555
32566TKA86,28738.0000,USD,2022-11-23T00:00:00Z,CREDIT,,"BenchRec production-derived, obfuscated source side A",636068487448,32566TKA86 32566TKA86                                                                      JOQVY - ELUVIA -,ACC#00001,28738.00,CR,2022-11-23,2022-11-24,BenchRec_cash_v1.0_train.csv,63681
001392195,46575.7000,USD,2022-09-28T00:00:00Z,CREDIT,,"BenchRec production-derived, obfuscated source side A",636953569415,001392195 14476 CHARE83                                                                         UPCLOSER MONOCOQUE GAB -,ACC#00001,46575.70,CR,2022-09-28,2022-09-29,BenchRec_cash_v1.0_train.csv,18350
001251251,26848.8200,USD,2022-10-27T00:00:00Z,DEBIT,,"BenchRec production-derived, obfuscated source side A",638917819526,001251251 14476 RUMBO27                                                                         UPCLOSER MONOCOQUE GAB -,ACC#00001,-26848.82,DR,2022-10-27,2022-10-28,BenchRec_cash_v1.0_train.csv,44374
20232513,739645.5400,USD,2022-12-25T00:00:00Z,CREDIT,,"BenchRec production-derived, obfuscated source side A",639505029013,20232513 V20232513                                                                       GVKYHE          666610809,ACC#00001,739645.54,CR,2022-12-25,2022-12-30,BenchRec_cash_v1.0_train.csv,91658
12816143,559470.3600,USD,2022-11-02T00:00:00Z,DEBIT,,"BenchRec production-derived, obfuscated source side A",641748649578,12816143 LUNY3E7393JOQG7U                                                                SLATTERN TYPY   706670310,ACC#00001,-559470.36,DR,2022-11-02,2022-11-03,BenchRec_cash_v1.0_train.csv,48912
008646844,820400.0000,USD,2022-12-02T00:00:00Z,CREDIT,,"BenchRec production-derived, obfuscated source side A",642100986550,008646844 67888 VELIC90 L9HK6KB                                                                 JO TONITE ETHERIFIES GAB,ACC#00001,820400.00,CR,2022-12-02,2022-12-03,BenchRec_cash_v1.0_train.csv,70811
1166656K6P626E65,442929.6300,USD,2022-09-28T00:00:00Z,DEBIT,,"BenchRec production-derived, obfuscated source side A",642842911499,1166656K6P626E65 6G44656K6L6Z6X6U                                                                TONITE ARRIAGE UNKNOW LEA,ACC#00001,-442929.63,DR,2022-09-28,2022-09-29,BenchRec_cash_v1.0_train.csv,18852
19253056,3991200.0000,USD,2022-12-21T00:00:00Z,DEBIT,,"BenchRec production-derived, obfuscated source side A",643118316568,19253056 ALME7U0874JOQG7U                                                                JO TONITE SAUNT 664952723,ACC#00001,-3991200.00,DR,2022-12-21,2022-12-22,BenchRec_cash_v1.0_train.csv,84536
32566CP10M,3133876.1400,USD,2022-09-15T00:00:00Z,CREDIT,,"BenchRec production-derived, obfuscated source side A",644381428922,32566CP10M 32566CP10M                                                                      JOQVY - ELUVIA -,ACC#00001,3133876.14,CR,2022-09-15,2022-09-16,BenchRec_cash_v1.0_train.csv,6592
001414780,1170282.8900,USD,2022-10-01T00:00:00Z,DEBIT,,"BenchRec production-derived, obfuscated source side A",646250382234,001414780 41477 BRAVI49 L9Y33MI                                                                 UPCLOSER MONOCOQUE GAB -,ACC#00001,-1170282.89,DR,2022-10-01,2022-10-02,BenchRec_cash_v1.0_train.csv,23266
008603073,6577.1000,USD,2022-11-27T00:00:00Z,CREDIT,,"BenchRec production-derived, obfuscated source side A",648814150527,008603073 14407 AMAL301                                                                         UPCLOSER MONOCOQUE GAB -,ACC#00001,6577.10,CR,2022-11-27,2022-11-28,BenchRec_cash_v1.0_train.csv,67321
AHT9126666741471,7502175.8200,USD,2022-10-09T00:00:00Z,CREDIT,,"BenchRec production-derived, obfuscated source side A",64942410464,AHT9126666741471 AHT9126666741471,ACC#00001,7502175.82,CR,2022-10-09,2022-10-10,BenchRec_cash_v1.0_train.csv,30379
07166OD7BP,14375243.4300,USD,2022-10-01T00:00:00Z,DEBIT,,"BenchRec production-derived, obfuscated source side A",649552301717,07166OD7BP 07166OD7BP                                                                      JO TONITE CG MG,ACC#00001,-14375243.43,DR,2022-10-01,2022-10-02,BenchRec_cash_v1.0_train.csv,22795
001358578,50695000.0000,USD,2022-09-23T00:00:00Z,CREDIT,,"BenchRec production-derived, obfuscated source side A",650683616584,001358578 41477 EPEE553 L9Y880V                                                                 UPCLOSER MONOCOQUE GAB -,ACC#00001,50695000.00,CR,2022-09-23,2022-09-24,BenchRec_cash_v1.0_train.csv,14524
001310829,4396545.3900,USD,2022-09-18T00:00:00Z,DEBIT,,"BenchRec production-derived, obfuscated source side A",653468110488,001310829 12660 MOZO935                                                                         UPCLOSER MONOCOQUE GAB -,ACC#00001,-4396545.39,DR,2022-09-18,2022-09-19,BenchRec_cash_v1.0_train.csv,10241
001948097,8192000.0000,USD,2022-11-18T00:00:00Z,CREDIT,,"BenchRec production-derived, obfuscated source side A",654785713117,001948097 41477 DODOS59 L9GT9BG                                                                 UPCLOSER MONOCOQUE GAB -,ACC#00001,8192000.00,CR,2022-11-18,2022-11-19,BenchRec_cash_v1.0_train.csv,60022
001973668,17035022.5300,USD,2022-11-13T00:00:00Z,DEBIT,,"BenchRec production-derived, obfuscated source side A",656087234229,001973668 67888 EPEE553 L9GT6O5                                                                 JO TONITE ETHERIFIES GAB,ACC#00001,-17035022.53,DR,2022-11-13,2022-11-14,BenchRec_cash_v1.0_train.csv,57628
32889331,235695.7000,USD,2022-10-23T00:00:00Z,CREDIT,,"BenchRec production-derived, obfuscated source side A",658964502492,32889331 V32889331                                                                       JO TONITE SAUNT 664952723,ACC#00001,235695.70,CR,2022-10-23,2022-10-24,BenchRec_cash_v1.0_train.csv,42487
008717755,5200000.0000,USD,2022-12-30T00:00:00Z,DEBIT,,"BenchRec production-derived, obfuscated source side A",659151863891,008717755 41477 LOCHY42 L9HJ7V8                                                                 UPCLOSER MONOCOQUE GAB -,ACC#00001,-5200000.00,DR,2022-12-30,2022-12-31,BenchRec_cash_v1.0_train.csv,91317
001915809,39935.9300,USD,2022-11-18T00:00:00Z,DEBIT,,"BenchRec production-derived, obfuscated source side A",662659188639,001915809 14476 MEGGY13                                                                         UPCLOSER MONOCOQUE GAB -,ACC#00001,-39935.93,DR,2022-11-18,2022-11-19,BenchRec_cash_v1.0_train.csv,60164
32566TAF3C,2466.1300,USD,2022-12-25T00:00:00Z,CREDIT,,"BenchRec production-derived, obfuscated source side A",663984862816,32566TAF3C 32566TAF3C                                                                      JOQVY - ELUVIA -,ACC#00001,2466.13,CR,2022-12-25,2022-12-26,BenchRec_cash_v1.0_train.csv,88794
RM184673,0.4400,USD,2022-09-24T00:00:00Z,DEBIT,,"BenchRec production-derived, obfuscated source side A",664447076977,RM184673  67666 UPCLOSER SAUNT TYPY H.C.,ACC#00001,-0.44,DR,2022-09-24,2022-09-27,BenchRec_cash_v1.0_train.csv,17440
008675317,5559.4900,USD,2022-11-30T00:00:00Z,CREDIT,,"BenchRec production-derived, obfuscated source side A",665318262536,008675317 14476 TREMA76                                                                         UPCLOSER MONOCOQUE GAB -,ACC#00001,5559.49,CR,2022-11-30,2022-12-01,BenchRec_cash_v1.0_train.csv,68863
001293599,969400.0000,USD,2022-10-28T00:00:00Z,CREDIT,,"BenchRec production-derived, obfuscated source side A",667053109554,001293599 67463 SKITE77                                                                         MUTUALITY AVIARY DEFENSER,ACC#00001,969400.00,CR,2022-10-28,2022-10-29,BenchRec_cash_v1.0_train.csv,45267
001564827,53300.7000,USD,2022-10-28T00:00:00Z,CREDIT,,"BenchRec production-derived, obfuscated source side A",667179243458,001564827 14476 CHARE58                                                                         UPCLOSER MONOCOQUE GAB -,ACC#00001,53300.70,CR,2022-10-28,2022-10-29,BenchRec_cash_v1.0_train.csv,45587
001270408,71720.1000,USD,2022-10-15T00:00:00Z,CREDIT,,"BenchRec production-derived, obfuscated source side A",669312154343,001270408 14407 AMAL671                                                                         UPCLOSER MONOCOQUE GAB -,ACC#00001,71720.10,CR,2022-10-15,2022-10-16,BenchRec_cash_v1.0_train.csv,35924
008760674,1491680.0000,USD,2022-12-30T00:00:00Z,CREDIT,,"BenchRec production-derived, obfuscated source side A",66941025041,008760674 19262 CUMYL52                                                                         UPCLOSER MONOCOQUE GAB -,ACC#00001,1491680.00,CR,2022-12-30,2022-12-31,BenchRec_cash_v1.0_train.csv,91744
008605674,174000.0000,USD,2022-12-03T00:00:00Z,DEBIT,,"BenchRec production-derived, obfuscated source side A",669521990943,008605674 16038 JAUP443                                                                         DIANITE ANIMI KINESIOLOGY,ACC#00001,-174000.00,DR,2022-12-03,2022-12-04,BenchRec_cash_v1.0_train.csv,71660
001511982,32490000.0000,USD,2022-10-29T00:00:00Z,CREDIT,,"BenchRec production-derived, obfuscated source side A",671137711938,001511982 41477 KAVI117 L9Y99JI                                                                 UPCLOSER MONOCOQUE GAB -,ACC#00001,32490000.00,CR,2022-10-29,2022-10-30,BenchRec_cash_v1.0_train.csv,46806
001490417,2191193.5000,USD,2022-10-15T00:00:00Z,CREDIT,,"BenchRec production-derived, obfuscated source side A",672182907274,001490417 12667 DOYST55                                                                         DIANITE ANIMI VOWED AGHAN,ACC#00001,2191193.50,CR,2022-10-15,2022-10-16,BenchRec_cash_v1.0_train.csv,36274
32566AHTKH,77971.9000,USD,2022-10-01T00:00:00Z,CREDIT,,"BenchRec production-derived, obfuscated source side A",67342713553,32566AHTKH 32566AHTKH                                                                      JOQVY - ELUVIA -,ACC#00001,77971.90,CR,2022-10-01,2022-10-02,BenchRec_cash_v1.0_train.csv,23386
32566AMEH3,16373841.6900,USD,2022-09-23T00:00:00Z,DEBIT,,"BenchRec production-derived, obfuscated source side A",673444647387,32566AMEH3 32566AMEH3                                                                      JOQVY DE -ELUVIA,ACC#00001,-16373841.69,DR,2022-09-23,2022-09-24,BenchRec_cash_v1.0_train.csv,13889
008760795,1818394.4000,USD,2022-12-30T00:00:00Z,CREDIT,,"BenchRec production-derived, obfuscated source side A",67413466799,008760795 17667 CHARE00                                                                         RHODIZITE UNSOLACED AGHAN,ACC#00001,1818394.40,CR,2022-12-30,2022-12-31,BenchRec_cash_v1.0_train.csv,91571
6666666663106452,4653000000.0000,USD,2022-09-22T00:00:00Z,DEBIT,,"BenchRec production-derived, obfuscated source side A",674486927932,6666666663106452 BHOOSA- DESINENT,ACC#00001,-4653000000.00,DR,2022-09-22,2022-09-23,BenchRec_cash_v1.0_train.csv,12384
001307310,85009.0000,USD,2022-09-17T00:00:00Z,CREDIT,,"BenchRec production-derived, obfuscated source side A",6750194432,001307310 67387 GULA447                                                                         SIGHT QUETCH EFI,ACC#00001,85009.00,CR,2022-09-17,2022-09-18,BenchRec_cash_v1.0_train.csv,8824
001409609,7310609.0000,USD,2022-09-29T00:00:00Z,DEBIT,,"BenchRec production-derived, obfuscated source side A",675327770009,001409609 19262 BRAVI29                                                                         JO TONITE (GOLACH) NM-SUF,ACC#00001,-7310609.00,DR,2022-09-29,2022-09-30,BenchRec_cash_v1.0_train.csv,19509
77449186,4000000.0000,USD,2022-11-27T00:00:00Z,CREDIT,,"BenchRec production-derived, obfuscated source side A",678519832287,77449186 V77449186                                                                       SHALE           667933724,ACC#00001,4000000.00,CR,2022-11-27,2022-11-28,BenchRec_cash_v1.0_train.csv,67558
001399283,918900.0000,USD,2022-09-29T00:00:00Z,DEBIT,,"BenchRec production-derived, obfuscated source side A",680741371574,001399283 19262 CHARE58                                                                         FWD ETHERIFIES PREREALIZE,ACC#00001,-918900.00,DR,2022-09-29,2022-09-30,BenchRec_cash_v1.0_train.csv,20219
008600248,4579862.8700,USD,2022-11-27T00:00:00Z,DEBIT,,"BenchRec production-derived, obfuscated source side A",680903678196,008600248 88856 AUG0698                                                                         DIANITE ANIMI VOWED QMQF,ACC#00001,-4579862.87,DR,2022-11-27,2022-11-28,BenchRec_cash_v1.0_train.csv,67619
001366063,128000.0000,USD,2022-09-16T00:00:00Z,DEBIT,,"BenchRec production-derived, obfuscated source side A",681628990649,001366063 16038 MEGGY59                                                                         UPCLOSER MONOCOQUE GAB -,ACC#00001,-128000.00,DR,2022-09-16,2022-09-17,BenchRec_cash_v1.0_train.csv,8396
001409608,487019.0000,USD,2022-10-01T00:00:00Z,CREDIT,,"BenchRec production-derived, obfuscated source side A",682411763170,001409608 17661 FALX071                                                                         ACRASIA GEOMETRINE BUSIER,ACC#00001,487019.00,CR,2022-10-01,2022-10-02,BenchRec_cash_v1.0_train.csv,23477
001444504,38594.8400,USD,2022-10-09T00:00:00Z,DEBIT,,"BenchRec production-derived, obfuscated source side A",682487088204,001444504 14484 KAVI032                                                                         PREOCCUR GEOMETRINE AGHAN,ACC#00001,-38594.84,DR,2022-10-09,2022-10-10,BenchRec_cash_v1.0_train.csv,30589
6522656U6G6K6S6E,15907.0800,USD,2022-10-20T00:00:00Z,DEBIT,,"BenchRec production-derived, obfuscated source side A",683083613241,6522656U6G6K6S6E 686I656U6B656K6U                                                                EUPNOEIC TYPY CRYOCHORIC,ACC#00001,-15907.08,DR,2022-10-20,2022-10-21,BenchRec_cash_v1.0_train.csv,39474
001334911,3216560.0000,USD,2022-09-22T00:00:00Z,CREDIT,,"BenchRec production-derived, obfuscated source side A",683972564887,001334911 17808 DOYST68                                                                         DIANITE ANIMI VOWED AGHAN,ACC#00001,3216560.00,CR,2022-09-22,2022-09-23,BenchRec_cash_v1.0_train.csv,12444
001241617,828924.6600,USD,2022-10-22T00:00:00Z,DEBIT,,"BenchRec production-derived, obfuscated source side A",68580805010,001241617 17661 HAUSA42                                                                         PREOCCUR FUTHERMORE YARAY,ACC#00001,-828924.66,DR,2022-10-22,2022-10-23,BenchRec_cash_v1.0_train.csv,42208
87348666,1884000.0000,USD,2022-12-24T00:00:00Z,CREDIT,,"BenchRec production-derived, obfuscated source side A",685866588452,87348666 V87348666                                                                       SHALE           667933724,ACC#00001,1884000.00,CR,2022-12-24,2022-12-25,BenchRec_cash_v1.0_train.csv,88367
001584989,91780.9600,USD,2022-11-02T00:00:00Z,DEBIT,,"BenchRec production-derived, obfuscated source side A",685927394902,001584989 14409 CHARE17                                                                         ING FOUL LACTARENE NIYAMA,ACC#00001,-91780.96,DR,2022-11-02,2022-11-03,BenchRec_cash_v1.0_train.csv,48987
008082136,43696680.7900,USD,2022-12-17T00:00:00Z,CREDIT,,"BenchRec production-derived, obfuscated source side A",687857811907,008082136 17667 OKET078                                                                         UPCLOSER MONOCOQUE GAB -,ACC#00001,43696680.79,CR,2022-12-17,2022-12-18,BenchRec_cash_v1.0_train.csv,82840
32566AL9VA,1752717.3700,USD,2022-11-17T00:00:00Z,DEBIT,,"BenchRec production-derived, obfuscated source side A",688193726902,32566AL9VA 32566AL9VA                                                                      JOQVY - BAS - DG,ACC#00001,-1752717.37,DR,2022-11-17,2022-11-18,BenchRec_cash_v1.0_train.csv,59193
12378719,53954.3400,USD,2022-10-22T00:00:00Z,DEBIT,,"BenchRec production-derived, obfuscated source side A",688912880273,12378719 LUNY3E8238JOQG7U                                                                SLATTERN TYPY   706670310,ACC#00001,-53954.34,DR,2022-10-22,2022-10-23,BenchRec_cash_v1.0_train.csv,42289
32655312,2553300.0000,USD,2022-09-10T00:00:00Z,CREDIT,,"BenchRec production-derived, obfuscated source side A",68922610170,32655312 V32655312                                                                       JO TONITE SAUNT 664952723,ACC#00001,2553300.00,CR,2022-09-10,2022-09-11,BenchRec_cash_v1.0_train.csv,3870
008787310,5261160.0000,USD,2022-12-31T00:00:00Z,CREDIT,,"BenchRec production-derived, obfuscated source side A",691339624785,008787310 41477 NAPE195 L9HJ8BR                                                                 UPCLOSER MONOCOQUE GAB -,ACC#00001,5261160.00,CR,2022-12-31,2023-01-01,BenchRec_cash_v1.0_train.csv,92273
008016052,5417975.7600,USD,2022-12-15T00:00:00Z,DEBIT,,"BenchRec production-derived, obfuscated source side A",69161293727,008016052 67888 POSSE29 L9FV2S9                                                                 JO TONITE ETHERIFIES GAB,ACC#00001,-5417975.76,DR,2022-12-15,2022-12-16,BenchRec_cash_v1.0_train.csv,80371
32566AGFH8,32663.7900,USD,2022-10-12T00:00:00Z,DEBIT,,"BenchRec production-derived, obfuscated source side A",691926463691,32566AGFH8 32566AGFH8                                                                      JOQVY - ELUVIA -,ACC#00001,-32663.79,DR,2022-10-12,2022-10-13,BenchRec_cash_v1.0_train.csv,32216
001968381,2351171.6900,USD,2022-11-12T00:00:00Z,DEBIT,,"BenchRec production-derived, obfuscated source side A",692438135795,001968381 14407 AMAL614                                                                         UPCLOSER MONOCOQUE GAB -,ACC#00001,-2351171.69,DR,2022-11-12,2022-11-13,BenchRec_cash_v1.0_train.csv,56318
32566AHT3Y,262565.8100,USD,2022-10-01T00:00:00Z,DEBIT,,"BenchRec production-derived, obfuscated source side A",693091360066,32566AHT3Y 32566AHT3Y                                                                      JANT YA CWM WHUP,ACC#00001,-262565.81,DR,2022-10-01,2022-10-02,BenchRec_cash_v1.0_train.csv,23718
008055319,4321693.0500,USD,2022-12-24T00:00:00Z,DEBIT,,"BenchRec production-derived, obfuscated source side A",693590997770,008055319 67888 POSSE29 L9NR02I                                                                 JO TONITE ETHERIFIES GAB,ACC#00001,-4321693.05,DR,2022-12-24,2022-12-25,BenchRec_cash_v1.0_train.csv,88274
32399609,32959835.8800,USD,2022-11-19T00:00:00Z,DEBIT,,"BenchRec production-derived, obfuscated source side A",694119255222,32399609 RUCKER11                                                                        WINELIKE INCHER 666905713,ACC#00001,-32959835.88,DR,2022-11-19,2022-11-20,BenchRec_cash_v1.0_train.csv,61500
008054277,935473.1000,USD,2022-12-24T00:00:00Z,DEBIT,,"BenchRec production-derived, obfuscated source side A",695973857595,008054277 80789 NAPE703                                                                         YMV NONREGULATIVE,ACC#00001,-935473.10,DR,2022-12-24,2022-12-25,BenchRec_cash_v1.0_train.csv,87297
VU6312131,2188345.5000,USD,2022-12-22T00:00:00Z,DEBIT,,"BenchRec production-derived, obfuscated source side A",696997148192,VU6312131 41416 DUPPY YO TRIFOLY MAECENAS,ACC#00001,-2188345.50,DR,2022-12-22,2022-12-23,BenchRec_cash_v1.0_train.csv,85863
32566AOM88,2868.8000,USD,2022-10-08T00:00:00Z,CREDIT,,"BenchRec production-derived, obfuscated source side A",697969661390,32566AOM88 32566AOM88                                                                      JOQVY DE -ELUVIA,ACC#00001,2868.80,CR,2022-10-08,2022-10-09,BenchRec_cash_v1.0_train.csv,29866
008684028,458992.8100,USD,2022-12-01T00:00:00Z,DEBIT,,"BenchRec production-derived, obfuscated source side A",697986194690,008684028 15574 NAPE610                                                                         SLATTERN TYPY OEV,ACC#00001,-458992.81,DR,2022-12-01,2022-12-02,BenchRec_cash_v1.0_train.csv,69488
6666666661252258,1704000000.0000,USD,2022-12-15T00:00:00Z,DEBIT,,"BenchRec production-derived, obfuscated source side A",698683633456,6666666661252258 JOQOEV HUMP FGDK,ACC#00001,-1704000000.00,DR,2022-12-15,2022-12-16,BenchRec_cash_v1.0_train.csv,80389
001503153,3029594.9900,USD,2022-10-27T00:00:00Z,DEBIT,,"BenchRec production-derived, obfuscated source side A",699294542133,001503153 17667 REOWN81                                                                         GHERAOED ASSUMER PETIOLAR,ACC#00001,-3029594.99,DR,2022-10-27,2022-10-28,BenchRec_cash_v1.0_train.csv,45085
008681700,89180.4500,USD,2022-12-02T00:00:00Z,CREDIT,,"BenchRec production-derived, obfuscated source side A",699840896248,008681700 14407 KAVI970                                                                         UPCLOSER MONOCOQUE GAB -,ACC#00001,89180.45,CR,2022-12-02,2022-12-03,BenchRec_cash_v1.0_train.csv,71609
12921696,2000000.0000,USD,2022-11-13T00:00:00Z,DEBIT,,"BenchRec production-derived, obfuscated source side A",70028359789,12921696 LUNY3E4381JOQG7U                                                                SLATTERN EU     706670310,ACC#00001,-2000000.00,DR,2022-11-13,2022-11-14,BenchRec_cash_v1.0_train.csv,57031
001933445,453543.0200,USD,2022-11-19T00:00:00Z,CREDIT,,"BenchRec production-derived, obfuscated source side A",700403258099,001933445 14407 ATMA858                                                                         UPCLOSER MONOCOQUE GAB -,ACC#00001,453543.02,CR,2022-11-19,2022-11-20,BenchRec_cash_v1.0_train.csv,61615
32566PI55V,2032430.0000,USD,2022-12-16T00:00:00Z,CREDIT,,"BenchRec production-derived, obfuscated source side A",700626481599,32566PI55V 32566PI55V                                                                      JOQVY - BAS - DG,ACC#00001,2032430.00,CR,2022-12-16,2022-12-17,BenchRec_cash_v1.0_train.csv,81935
32566D5RY4,3600.1700,USD,2022-09-10T00:00:00Z,DEBIT,,"BenchRec production-derived, obfuscated source side A",700892057310,32566D5RY4 32566D5RY4                                                                      JOQVY - ELUVIA -,ACC#00001,-3600.17,DR,2022-09-10,2022-09-11,BenchRec_cash_v1.0_train.csv,3472
001478914,190407.9200,USD,2022-09-29T00:00:00Z,CREDIT,,"BenchRec production-derived, obfuscated source side A",701154423054,001478914 19262 CANGY71                                                                         VERANDAH TYPY AI -ELUVIA,ACC#00001,190407.92,CR,2022-09-29,2022-09-30,BenchRec_cash_v1.0_train.csv,20698
008602394,2306765.1200,USD,2022-11-27T00:00:00Z,CREDIT,,"BenchRec production-derived, obfuscated source side A",701377128973,008602394 67005 CUCA411                                                                         FEW GIRE ENCL BUNDER QMQF,ACC#00001,2306765.12,CR,2022-11-27,2022-11-28,BenchRec_cash_v1.0_train.csv,67904
001366261,667786.3600,USD,2022-09-15T00:00:00Z,CREDIT,,"BenchRec production-derived, obfuscated source side A",703264937683,001366261 67399 MBAYA54                                                                         PSYCH FUTHERMORE EEV,ACC#00001,667786.36,CR,2022-09-15,2022-09-16,BenchRec_cash_v1.0_train.csv,6069
001290769,2083805.7000,USD,2022-10-29T00:00:00Z,DEBIT,,"BenchRec production-derived, obfuscated source side A",704109112909,001290769 67674 HUBBA43                                                                         TONITE ARRIAGE WHIP BLITE,ACC#00001,-2083805.70,DR,2022-10-29,2022-10-30,BenchRec_cash_v1.0_train.csv,46994
32181686,458528.2400,USD,2022-09-29T00:00:00Z,DEBIT,,"BenchRec production-derived, obfuscated source side A",704480443825,32181686 ALME7U5669JOQG7U                                                                JO TONITE SAUNT 664952723,ACC#00001,-458528.24,DR,2022-09-29,2022-09-30,BenchRec_cash_v1.0_train.csv,20703
001988198,3193630.0000,USD,2022-11-16T00:00:00Z,CREDIT,,"BenchRec production-derived, obfuscated source side A",70478557053,001988198 41477 OKET656 L9GT86Y                                                                 UPCLOSER MONOCOQUE GAB -,ACC#00001,3193630.00,CR,2022-11-16,2022-11-17,BenchRec_cash_v1.0_train.csv,58623
AHT9126666723049,36190617.0000,USD,2022-11-17T00:00:00Z,CREDIT,,"BenchRec production-derived, obfuscated source side A",705231463347,AHT9126666723049 AHT9126666723049,ACC#00001,36190617.00,CR,2022-11-17,2022-11-18,BenchRec_cash_v1.0_train.csv,59049
726369,4770.0000,USD,2022-09-16T00:00:00Z,CREDIT,,"BenchRec production-derived, obfuscated source side A",705463052585,726369 666666667662277,ACC#00001,4770.00,CR,2022-09-16,2022-09-17,BenchRec_cash_v1.0_train.csv,7839
UVA9126666720110,20878064.0000,USD,2022-11-03T00:00:00Z,CREDIT,,"BenchRec production-derived, obfuscated source side A",705689311618,UVA9126666720110 UVA9126666720110,ACC#00001,20878064.00,CR,2022-11-03,2022-11-04,BenchRec_cash_v1.0_train.csv,49222
008094925,46700000.0000,USD,2022-12-25T00:00:00Z,DEBIT,,"BenchRec production-derived, obfuscated source side A",708105313779,008094925 41477 NAPE703 L9NR138                                                                 UPCLOSER MONOCOQUE GAB -,ACC#00001,-46700000.00,DR,2022-12-25,2022-12-26,BenchRec_cash_v1.0_train.csv,88715
UVA9126666746135,446256279.0000,USD,2022-09-28T00:00:00Z,DEBIT,,"BenchRec production-derived, obfuscated source side A",710662558058,UVA9126666746135 UVA9126666746135,ACC#00001,-446256279.00,DR,2022-09-28,2022-09-29,BenchRec_cash_v1.0_train.csv,18171
32566TAF8I,25080.0000,USD,2022-12-25T00:00:00Z,DEBIT,,"BenchRec production-derived, obfuscated source side A",711915365548,32566TAF8I 32566TAF8I                                                                      JOQVY - ELUVIA -,ACC#00001,-25080.00,DR,2022-12-25,2022-12-26,BenchRec_cash_v1.0_train.csv,88766
32566AMEMH,2506.2800,USD,2022-09-23T00:00:00Z,CREDIT,,"BenchRec production-derived, obfuscated source side A",712065531146,32566AMEMH 32566AMEMH                                                                      JO TONITE AGGEST,ACC#00001,2506.28,CR,2022-09-23,2022-09-24,BenchRec_cash_v1.0_train.csv,14414
008678020,2226684.3500,USD,2022-11-27T00:00:00Z,DEBIT,,"BenchRec production-derived, obfuscated source side A",713402322588,008678020 14484 OKET078                                                                         UPCLOSER MONOCOQUE GAB -,ACC#00001,-2226684.35,DR,2022-11-27,2022-11-28,BenchRec_cash_v1.0_train.csv,67416
001421225,1694000.0000,USD,2022-10-06T00:00:00Z,CREDIT,,"BenchRec production-derived, obfuscated source side A",713856496865,001421225 41476 L9Y414D                                                                 NONIC WILLI MIZE PAR QUEM,ACC#00001,1694000.00,CR,2022-10-06,2022-10-07,BenchRec_cash_v1.0_train.csv,26429
001531612,52576.3000,USD,2022-11-04T00:00:00Z,CREDIT,,"BenchRec production-derived, obfuscated source side A",714656124593,001531612 14407 TABAC53                                                                         UPCLOSER MONOCOQUE GAB -,ACC#00001,52576.30,CR,2022-11-04,2022-11-05,BenchRec_cash_v1.0_train.csv,50657
37266AEHFY,7154.9400,USD,2022-10-02T00:00:00Z,CREDIT,,"BenchRec production-derived, obfuscated source side A",714661220017,37266AEHFY 37266AEHFY                                                                      JOQ TREPIDATORY,ACC#00001,7154.94,CR,2022-10-02,2022-10-03,BenchRec_cash_v1.0_train.csv,24131
001270459,58764.4100,USD,2022-10-15T00:00:00Z,CREDIT,,"BenchRec production-derived, obfuscated source side A",715006140225,001270459 14407 GULA668                                                                         UPCLOSER MONOCOQUE GAB -,ACC#00001,58764.41,CR,2022-10-15,2022-10-16,BenchRec_cash_v1.0_train.csv,36089
001997993,30719000.0000,USD,2022-11-23T00:00:00Z,CREDIT,,"BenchRec production-derived, obfuscated source side A",717406471709,001997993 41416 JAUP127 L9HI3B5                                                                 UPCLOSER MONOCOQUE GAB -,ACC#00001,30719000.00,CR,2022-11-23,2022-11-24,BenchRec_cash_v1.0_train.csv,64180
001396628,5519086.0000,USD,2022-09-28T00:00:00Z,DEBIT,,"BenchRec production-derived, obfuscated source side A",718573043825,001396628 17808 DOYST68                                                                         DIANITE ANIMI VOWED AGHAN,ACC#00001,-5519086.00,DR,2022-09-28,2022-09-30,BenchRec_cash_v1.0_train.csv,20225
001564824,27281.5000,USD,2022-10-28T00:00:00Z,CREDIT,,"BenchRec production-derived, obfuscated source side A",720579959243,001564824 14476 SYNE643                                                                         UPCLOSER MONOCOQUE GAB -,ACC#00001,27281.50,CR,2022-10-28,2022-10-29,BenchRec_cash_v1.0_train.csv,46051
001537264,284686.2600,USD,2022-11-05T00:00:00Z,CREDIT,,"BenchRec production-derived, obfuscated source side A",722270505085,001537264 61008 MOVE684                                                                         PREOCCUR FUTHERMORE YARAY,ACC#00001,284686.26,CR,2022-11-05,2022-11-06,BenchRec_cash_v1.0_train.csv,51691
008671315,1077233.3300,USD,2022-12-01T00:00:00Z,CREDIT,,"BenchRec production-derived, obfuscated source side A",722650882255,008671315 12660 EPEE083                                                                         UPCLOSER MONOCOQUE GAB -,ACC#00001,1077233.33,CR,2022-12-01,2022-12-02,BenchRec_cash_v1.0_train.csv,69557
32566B82RF,72891.2000,USD,2022-11-02T00:00:00Z,DEBIT,,"BenchRec production-derived, obfuscated source side A",723514116373,32566B82RF 32566B82RF                                                                      JOQVY DE -ELUVIA,ACC#00001,-72891.20,DR,2022-11-02,2022-11-03,BenchRec_cash_v1.0_train.csv,49106
008081167,59139.5100,USD,2022-12-18T00:00:00Z,CREDIT,,"BenchRec production-derived, obfuscated source side A",725930833810,008081167 15601 KAVI422                                                                         EXIT NONREGULATIVE TYPY,ACC#00001,59139.51,CR,2022-12-18,2022-12-19,BenchRec_cash_v1.0_train.csv,83550
008081839,128360.0400,USD,2022-12-18T00:00:00Z,CREDIT,,"BenchRec production-derived, obfuscated source side A",726337385243,008081839 15601 BAIS179                                                                         EXIT NONREGULATIVE TYPY,ACC#00001,128360.04,CR,2022-12-18,2022-12-19,BenchRec_cash_v1.0_train.csv,83955
32566TKFBH,2339.2000,USD,2022-11-23T00:00:00Z,CREDIT,,"BenchRec production-derived, obfuscated source side A",726432754046,32566TKFBH 32566TKFBH                                                                      JO TONITE AGGEST,ACC#00001,2339.20,CR,2022-11-23,2022-11-24,BenchRec_cash_v1.0_train.csv,64021
001446628,485938.0000,USD,2022-10-06T00:00:00Z,DEBIT,,"BenchRec production-derived, obfuscated source side A",728567506022,001446628 17661 DOYST82                                                                         CUBOCUBE ASSUMER PETIOLAR,ACC#00001,-485938.00,DR,2022-10-06,2022-10-07,BenchRec_cash_v1.0_train.csv,26914
32785277,1516000.0000,USD,2022-09-29T00:00:00Z,CREDIT,,"BenchRec production-derived, obfuscated source side A",729075218027,32785277 V32785277                                                                       JO TONITE SAUNT 664952723,ACC#00001,1516000.00,CR,2022-09-29,2022-09-30,BenchRec_cash_v1.0_train.csv,20690
HEY,5011293.0000,USD,2022-11-27T00:00:00Z,DEBIT,,"BenchRec production-derived, obfuscated source side A",729343441786,HEY RAMON DISNEY ENCUMBERER - TA,ACC#00001,-5011293.00,DR,2022-11-27,2022-11-28,BenchRec_cash_v1.0_train.csv,67798
32566TAFVV,4087.7700,USD,2022-12-25T00:00:00Z,DEBIT,,"BenchRec production-derived, obfuscated source side A",730479039464,32566TAFVV 32566TAFVV                                                                      JOQVY - ELUVIA -,ACC#00001,-4087.77,DR,2022-12-25,2022-12-26,BenchRec_cash_v1.0_train.csv,88788
008070385,50703970.0000,USD,2022-12-11T00:00:00Z,CREDIT,,"BenchRec production-derived, obfuscated source side A",734299328457,008070385 41477 NAPE090 L9FV3NS                                                                 UPCLOSER MONOCOQUE GAB -,ACC#00001,50703970.00,CR,2022-12-11,2022-12-12,BenchRec_cash_v1.0_train.csv,78394
6666666669521765,1586000000.0000,USD,2022-10-29T00:00:00Z,DEBIT,,"BenchRec production-derived, obfuscated source side A",736957124214,6666666669521765 JOQOEV HUMP FGDK,ACC#00001,-1586000000.00,DR,2022-10-29,2022-10-30,BenchRec_cash_v1.0_train.csv,46757
91948906,55070000.0000,USD,2022-10-26T00:00:00Z,CREDIT,,"BenchRec production-derived, obfuscated source side A",73751383103,91948906 V91948906                                                                       JO TONITE SAUNT 664952723,ACC#00001,55070000.00,CR,2022-10-26,2022-10-27,BenchRec_cash_v1.0_train.csv,43013
32566AL8TB,52700.0000,USD,2022-09-24T00:00:00Z,CREDIT,,"BenchRec production-derived, obfuscated source side A",7378918623,32566AL8TB 32566AL8TB                                                                      JOQVY - ELUVIA -,ACC#00001,52700.00,CR,2022-09-24,2022-09-25,BenchRec_cash_v1.0_train.csv,15175
001443279,28525144.4300,USD,2022-10-05T00:00:00Z,DEBIT,,"BenchRec production-derived, obfuscated source side A",738455756106,001443279 41477 AUG0672 L9Y4093                                                                 JOQVY H.C. ZUCCHINIS TENT,ACC#00001,-28525144.43,DR,2022-10-05,2022-10-06,BenchRec_cash_v1.0_train.csv,25929
008695066,84260.0900,USD,2022-12-11T00:00:00Z,DEBIT,,"BenchRec production-derived, obfuscated source side A",740235688576,008695066 14407 JADE660                                                                         UPCLOSER MONOCOQUE GAB -,ACC#00001,-84260.09,DR,2022-12-11,2022-12-12,BenchRec_cash_v1.0_train.csv,78531
008655311,221236.0800,USD,2022-12-10T00:00:00Z,DEBIT,,"BenchRec production-derived, obfuscated source side A",742027438437,008655311 14726 NAPE053                                                                         ING GEOMETRINE FUTHERMORE,ACC#00001,-221236.08,DR,2022-12-10,2022-12-11,BenchRec_cash_v1.0_train.csv,77555
32566AHTQH,169732.3800,USD,2022-10-01T00:00:00Z,CREDIT,,"BenchRec production-derived, obfuscated source side A",743573497070,32566AHTQH 32566AHTQH                                                                      JOQVY - ELUVIA -,ACC#00001,169732.38,CR,2022-10-01,2022-10-02,BenchRec_cash_v1.0_train.csv,22784
32566B6OZ4,147806.7100,USD,2022-10-22T00:00:00Z,DEBIT,,"BenchRec production-derived, obfuscated source side A",743913673658,32566B6OZ4 32566B6OZ4                                                                      JOQVY - ELUVIA -,ACC#00001,-147806.71,DR,2022-10-22,2022-10-27,BenchRec_cash_v1.0_train.csv,43308
001415679,1617419.6100,USD,2022-10-05T00:00:00Z,DEBIT,,"BenchRec production-derived, obfuscated source side A",744041306366,001415679 12660 CUCA207                                                                         DESOXALIC QUETCH EFI,ACC#00001,-1617419.61,DR,2022-10-05,2022-10-06,BenchRec_cash_v1.0_train.csv,26078
001551201,1850533.0000,USD,2022-11-10T00:00:00Z,CREDIT,,"BenchRec production-derived, obfuscated source side A",744693266560,001551201 12660 CUMYL00                                                                         ANTINOVEL AIRY FUTHERMORE,ACC#00001,1850533.00,CR,2022-11-10,2022-11-11,BenchRec_cash_v1.0_train.csv,54741
7084266589,396443251.0000,USD,2022-09-24T00:00:00Z,DEBIT,,"BenchRec production-derived, obfuscated source side A",747905441672,7084266589 7084266589                                                                      OARS PISTRIX -V&F SHY,ACC#00001,-396443251.00,DR,2022-09-24,2022-09-25,BenchRec_cash_v1.0_train.csv,16135
001311329,23157292.6700,USD,2022-09-16T00:00:00Z,CREDIT,,"BenchRec production-derived, obfuscated source side A",7481075138,001311329 88856 EPEE553                                                                         UPCLOSER MONOCOQUE GAB -,ACC#00001,23157292.67,CR,2022-09-16,2022-09-17,BenchRec_cash_v1.0_train.csv,7837
001503586,43894.4900,USD,2022-10-30T00:00:00Z,DEBIT,,"BenchRec production-derived, obfuscated source side A",748152797704,001503586 14476 AUG6258                                                                         UPCLOSER MONOCOQUE GAB -,ACC#00001,-43894.49,DR,2022-10-30,2022-10-31,BenchRec_cash_v1.0_train.csv,47594
008034508,4337507.4000,USD,2022-12-22T00:00:00Z,CREDIT,,"BenchRec production-derived, obfuscated source side A",748940303774,008034508 12660 BEJIG33                                                                         LIXIVIA JACTANCE,ACC#00001,4337507.40,CR,2022-12-22,2022-12-23,BenchRec_cash_v1.0_train.csv,85352
85242896,2091339.8600,USD,2022-12-30T00:00:00Z,DEBIT,,"BenchRec production-derived, obfuscated source side A",749321853984,85242896 JOQG7U6248GLEE7U                                                                SHALE           667933724,ACC#00001,-2091339.86,DR,2022-12-30,2022-12-31,BenchRec_cash_v1.0_train.csv,91921
32566ALP08,8829.0000,USD,2022-09-25T00:00:00Z,CREDIT,,"BenchRec production-derived, obfuscated source side A",749541606916,32566ALP08 32566ALP08                                                                      JOQVY-ELUVIA-Q&V,ACC#00001,8829.00,CR,2022-09-25,2022-09-27,BenchRec_cash_v1.0_train.csv,16417
001484190,54179923.2000,USD,2022-10-02T00:00:00Z,CREDIT,,"BenchRec production-derived, obfuscated source side A",74984246149,001484190 41477 UNDOG51 L9Y323J                                                                 UPCLOSER MONOCOQUE GAB -,ACC#00001,54179923.20,CR,2022-10-02,2022-10-03,BenchRec_cash_v1.0_train.csv,24756
RM180144,4574.0000,USD,2022-09-24T00:00:00Z,CREDIT,,"BenchRec production-derived, obfuscated source side A",752608337898,RM180144  67666 TAPMOST & MG. APARTMENTAL,ACC#00001,4574.00,CR,2022-09-24,2022-09-25,BenchRec_cash_v1.0_train.csv,15155
001281218,182366.8100,USD,2022-10-20T00:00:00Z,DEBIT,,"BenchRec production-derived, obfuscated source side A",753171567185,001281218 14476 KAVI334                                                                         FWD AI,ACC#00001,-182366.81,DR,2022-10-20,2022-10-21,BenchRec_cash_v1.0_train.csv,40102
008024083,7624342.0800,USD,2022-12-24T00:00:00Z,CREDIT,,"BenchRec production-derived, obfuscated source side A",753380980964,008024083 88856 DOYST30                                                                         UPCLOSER MONOCOQUE GAB -,ACC#00001,7624342.08,CR,2022-12-24,2022-12-25,BenchRec_cash_v1.0_train.csv,87708
008676376,1045817.7900,USD,2022-11-30T00:00:00Z,CREDIT,,"BenchRec production-derived, obfuscated source side A",755126287443,008676376 88856 OKET656                                                                         DIANITE ANIMI VOWED AGHAN,ACC#00001,1045817.79,CR,2022-11-30,2022-12-01,BenchRec_cash_v1.0_train.csv,68438
32566TRVAD,119.9200,USD,2022-12-30T00:00:00Z,DEBIT,,"BenchRec production-derived, obfuscated source side A",755836025851,32566TRVAD 32566TRVAD                                                                      JOQVY - BAS - DG,ACC#00001,-119.92,DR,2022-12-30,2022-12-31,BenchRec_cash_v1.0_train.csv,91320
008080353,219484.0600,USD,2022-12-18T00:00:00Z,CREDIT,,"BenchRec production-derived, obfuscated source side A",757266112714,008080353 61008 NAPE610                                                                         CLINOGRAPH MESSER DIE GAB,ACC#00001,219484.06,CR,2022-12-18,2022-12-19,BenchRec_cash_v1.0_train.csv,83850
32716039,750571.8900,USD,2022-09-25T00:00:00Z,DEBIT,,"BenchRec production-derived, obfuscated source side A",757470663787,32716039 ALME110883JOQG7U                                                                JO TONITE SAUNT 664952723,ACC#00001,-750571.89,DR,2022-09-25,2022-09-27,BenchRec_cash_v1.0_train.csv,17507
32566D5J3U,32154.9500,USD,2022-09-10T00:00:00Z,CREDIT,,"BenchRec production-derived, obfuscated source side A",757503114197,32566D5J3U 32566D5J3U                                                                      JOQVY - ELUVIA -,ACC#00001,32154.95,CR,2022-09-10,2022-09-11,BenchRec_cash_v1.0_train.csv,3905
HEY,465000.0000,USD,2022-09-25T00:00:00Z,DEBIT,,"BenchRec production-derived, obfuscated source side A",757603251604,HEY RAMON DISNEY FLAW - TA,ACC#00001,-465000.00,DR,2022-09-25,2022-09-27,BenchRec_cash_v1.0_train.csv,17210
001260331,1024919.7100,USD,2022-10-13T00:00:00Z,CREDIT,,"BenchRec production-derived, obfuscated source side A",760567679854,001260331 12660 CHARE91                                                                         MALACOTIC YARAY CROM EFI,ACC#00001,1024919.71,CR,2022-10-13,2022-10-14,BenchRec_cash_v1.0_train.csv,34099
001529376,20976000.0000,USD,2022-11-05T00:00:00Z,CREDIT,,"BenchRec production-derived, obfuscated source side A",761370146657,001529376 41477 OKET656 L9DR952                                                                 UPCLOSER MONOCOQUE GAB -,ACC#00001,20976000.00,CR,2022-11-05,2022-11-06,BenchRec_cash_v1.0_train.csv,51404
008675797,58783.0000,USD,2022-12-01T00:00:00Z,DEBIT,,"BenchRec production-derived, obfuscated source side A",761674758617,008675797 14407 AMAL671                                                                         UPCLOSER MONOCOQUE GAB -,ACC#00001,-58783.00,DR,2022-12-01,2022-12-02,BenchRec_cash_v1.0_train.csv,69879
001514575,176737.6500,USD,2022-11-03T00:00:00Z,CREDIT,,"BenchRec production-derived, obfuscated source side A",762546274961,001514575 14407 NAUT199                                                                         UPCLOSER MONOCOQUE GAB -,ACC#00001,176737.65,CR,2022-11-03,2022-11-04,BenchRec_cash_v1.0_train.csv,49874
32566TO69J,525816.3100,USD,2022-12-10T00:00:00Z,DEBIT,,"BenchRec production-derived, obfuscated source side A",762855989761,32566TO69J 32566TO69J                                                                      JOQVY - ELUVIA -,ACC#00001,-525816.31,DR,2022-12-10,2022-12-11,BenchRec_cash_v1.0_train.csv,78053
HEY,6741650.6000,USD,2022-11-27T00:00:00Z,DEBIT,,"BenchRec production-derived, obfuscated source side A",765674805922,HEY RAMON DISNEY JOQ ELUVIA KR - TA,ACC#00001,-6741650.60,DR,2022-11-27,2022-11-28,BenchRec_cash_v1.0_train.csv,67637
001220846,118521.0000,USD,2022-10-27T00:00:00Z,CREDIT,,"BenchRec production-derived, obfuscated source side A",765693695455,001220846 14407 KAVI460                                                                         UPCLOSER MONOCOQUE GAB -,ACC#00001,118521.00,CR,2022-10-27,2022-10-28,BenchRec_cash_v1.0_train.csv,44687
32566B8IO8,4430.0000,USD,2022-11-02T00:00:00Z,DEBIT,,"BenchRec production-derived, obfuscated source side A",766491980376,32566B8IO8 32566B8IO8                                                                      JOQVY - ELUVIA -,ACC#00001,-4430.00,DR,2022-11-02,2022-11-03,BenchRec_cash_v1.0_train.csv,48725
32566B4S7R,61496.5200,USD,2022-11-06T00:00:00Z,DEBIT,,"BenchRec production-derived, obfuscated source side A",767680029340,32566B4S7R 32566B4S7R                                                                      JOQVY DE-BAS - T,ACC#00001,-61496.52,DR,2022-11-06,2022-11-07,BenchRec_cash_v1.0_train.csv,52688
008650853,242686.9100,USD,2022-12-08T00:00:00Z,CREDIT,,"BenchRec production-derived, obfuscated source side A",770346089951,008650853 14476 DOYST63                                                                         UPCLOSER MONOCOQUE GAB -,ACC#00001,242686.91,CR,2022-12-08,2022-12-09,BenchRec_cash_v1.0_train.csv,75700
001159291,35720.0000,USD,2022-09-15T00:00:00Z,CREDIT,,"BenchRec production-derived, obfuscated source side A",772004017495,001159291 67666 BREI369 L9MM7RO                                                                 UPCLOSER SAUNT TYPY DE -,ACC#00001,35720.00,CR,2022-09-15,2022-09-16,BenchRec_cash_v1.0_train.csv,6288
008634193,3926060.8500,USD,2022-12-02T00:00:00Z,CREDIT,,"BenchRec production-derived, obfuscated source side A",773144498534,008634193 17667 AUG0698                                                                         UPCLOSER MONOCOQUE GAB -,ACC#00001,3926060.85,CR,2022-12-02,2022-12-03,BenchRec_cash_v1.0_train.csv,70952
001845304,22877.4600,USD,2022-09-10T00:00:00Z,CREDIT,,"BenchRec production-derived, obfuscated source side A",774604320989,001845304 14476 CHARE42                                                                         UPCLOSER MONOCOQUE GAB -,ACC#00001,22877.46,CR,2022-09-10,2022-09-11,BenchRec_cash_v1.0_train.csv,3705
008068364,42370642.7800,USD,2022-12-10T00:00:00Z,DEBIT,,"BenchRec production-derived, obfuscated source side A",775511530528,008068364 41477 MEGGY88 L9FV0II                                                                 UPCLOSER MONOCOQUE GAB -,ACC#00001,-42370642.78,DR,2022-12-10,2022-12-11,BenchRec_cash_v1.0_train.csv,77609
001223680,2064925.4300,USD,2022-10-21T00:00:00Z,CREDIT,,"BenchRec production-derived, obfuscated source side A",775758194012,001223680 12607 OKET656                                                                         DIANITE ANIMI KINESIOLOGY,ACC#00001,2064925.43,CR,2022-10-21,2022-10-22,BenchRec_cash_v1.0_train.csv,41458
001491444,25869108.6100,USD,2022-10-09T00:00:00Z,DEBIT,,"BenchRec production-derived, obfuscated source side A",778061789451,001491444 41477 KAVI027 L9Y45NT                                                                 UPCLOSER MONOCOQUE GAB -,ACC#00001,-25869108.61,DR,2022-10-09,2022-10-10,BenchRec_cash_v1.0_train.csv,30606
008016984,382879.3600,USD,2022-12-16T00:00:00Z,CREDIT,,"BenchRec production-derived, obfuscated source side A",780219656216,008016984 14476 DOYST63                                                                         UPCLOSER MONOCOQUE GAB -,ACC#00001,382879.36,CR,2022-12-16,2022-12-17,BenchRec_cash_v1.0_train.csv,81548
008073136,123486.0000,USD,2022-12-15T00:00:00Z,CREDIT,,"BenchRec production-derived, obfuscated source side A",781881188492,008073136 14407 AMAL937                                                                         UPCLOSER MONOCOQUE GAB -,ACC#00001,123486.00,CR,2022-12-15,2022-12-16,BenchRec_cash_v1.0_train.csv,80490
32566TIBAL,35907.9400,USD,2022-11-19T00:00:00Z,DEBIT,,"BenchRec production-derived, obfuscated source side A",782469940005,32566TIBAL 32566TIBAL                                                                      JOQVY DE-BAS-DP,ACC#00001,-35907.94,DR,2022-11-19,2022-11-20,BenchRec_cash_v1.0_train.csv,61919
HEY,40000.0000,USD,2022-12-29T00:00:00Z,CREDIT,,"BenchRec production-derived, obfuscated source side A",783297444962,HEY RAMON DISNEY VJ_CROM - TA,ACC#00001,40000.00,CR,2022-12-29,2022-12-30,BenchRec_cash_v1.0_train.csv,90408
008769977,378719.3800,USD,2022-12-31T00:00:00Z,DEBIT,,"BenchRec production-derived, obfuscated source side A",783369323332,008769977 61008 FUGIT78                                                                         MUTUALITY AVIARY DEFENSER,ACC#00001,-378719.38,DR,2022-12-31,2023-01-01,BenchRec_cash_v1.0_train.csv,92279
060606,11842932.2000,USD,2022-10-30T00:00:00Z,DEBIT,,"BenchRec production-derived, obfuscated source side A",783584746562,060606 666666667184169,ACC#00001,-11842932.20,DR,2022-10-30,2022-11-11,BenchRec_cash_v1.0_train.csv,54097
008696521,42930.0000,USD,2022-12-09T00:00:00Z,CREDIT,,"BenchRec production-derived, obfuscated source side A",78823783716,008696521 14407 KAVI883                                                                         UPCLOSER MONOCOQUE GAB -,ACC#00001,42930.00,CR,2022-12-09,2022-12-10,BenchRec_cash_v1.0_train.csv,76601
001578085,6706786.4900,USD,2022-10-29T00:00:00Z,DEBIT,,"BenchRec production-derived, obfuscated source side A",789854047624,001578085 41477 KAVI117 L9Y92TN                                                                 UPCLOSER MONOCOQUE GAB -,ACC#00001,-6706786.49,DR,2022-10-29,2022-10-30,BenchRec_cash_v1.0_train.csv,46567
001420293,572000.0000,USD,2022-10-06T00:00:00Z,CREDIT,,"BenchRec production-derived, obfuscated source side A",79003976738,001420293 41476 L9Y41SO                                                                 ENHAT HAJJ TYPY,ACC#00001,572000.00,CR,2022-10-06,2022-10-07,BenchRec_cash_v1.0_train.csv,27054
001482434,78055.8100,USD,2022-10-05T00:00:00Z,CREDIT,,"BenchRec production-derived, obfuscated source side A",791881562218,001482434 14407 AMAGA15                                                                         UPCLOSER MONOCOQUE GAB -,ACC#00001,78055.81,CR,2022-10-05,2022-10-06,BenchRec_cash_v1.0_train.csv,25249
001975508,2602998.3900,USD,2022-11-13T00:00:00Z,DEBIT,,"BenchRec production-derived, obfuscated source side A",792383282316,001975508 19262 ELEGY26                                                                         JO TONITE (GOLACH) NM-SUF,ACC#00001,-2602998.39,DR,2022-11-13,2022-11-14,BenchRec_cash_v1.0_train.csv,57366
001210130,122869.9400,USD,2022-10-16T00:00:00Z,CREDIT,,"BenchRec production-derived, obfuscated source side A",792919189188,001210130 14476 AUG6258                                                                         UPCLOSER MONOCOQUE GAB -,ACC#00001,122869.94,CR,2022-10-16,2022-10-17,BenchRec_cash_v1.0_train.csv,37439
008699317,52004.1300,USD,2022-12-10T00:00:00Z,CREDIT,,"BenchRec production-derived, obfuscated source side A",794824870264,008699317 14407 FALX821                                                                         UPCLOSER MONOCOQUE GAB -,ACC#00001,52004.13,CR,2022-12-10,2022-12-11,BenchRec_cash_v1.0_train.csv,77777
32216388,1100903.6000,USD,2022-12-14T00:00:00Z,CREDIT,,"BenchRec production-derived, obfuscated source side A",796385216367,32216388 V32216388                                                                       JO TONITE SAUNT 664952723,ACC#00001,1100903.60,CR,2022-12-14,2022-12-15,BenchRec_cash_v1.0_train.csv,79696
001241888,32690.7700,USD,2022-11-03T00:00:00Z,CREDIT,,"BenchRec production-derived, obfuscated source side A",796768748342,001241888 67666 MOVE054 L9JP1XA                                                                 UPCLOSER SAUNT TYPY DE -,ACC#00001,32690.77,CR,2022-11-03,2022-11-04,BenchRec_cash_v1.0_train.csv,49898
32204250,48611.8800,USD,2022-12-10T00:00:00Z,CREDIT,,"BenchRec production-derived, obfuscated source side A",799162420592,32204250 V32204250                                                                       JO TONITE SAUNT 664952723,ACC#00001,48611.88,CR,2022-12-10,2022-12-11,BenchRec_cash_v1.0_train.csv,77480
008681805,741102.8700,USD,2022-12-03T00:00:00Z,DEBIT,,"BenchRec production-derived, obfuscated source side A",79953400948,008681805 14407 NAPE074                                                                         UPCLOSER MONOCOQUE GAB -,ACC#00001,-741102.87,DR,2022-12-03,2022-12-04,BenchRec_cash_v1.0_train.csv,71730
9668676,3966730.6700,USD,2022-11-16T00:00:00Z,DEBIT,,"BenchRec production-derived, obfuscated source side A",802127341233,9668676 ALME7U9643JOQG7U                                                                JO TONITE SAUNT 664952723,ACC#00001,-3966730.67,DR,2022-11-16,2022-11-17,BenchRec_cash_v1.0_train.csv,58217
001998888,6007411.0300,USD,2022-11-23T00:00:00Z,CREDIT,,"BenchRec production-derived, obfuscated source side A",802384536167,001998888 67888 ROMAN42 L9HI34B                                                                 JO TONITE ETHERIFIES GAB,ACC#00001,6007411.03,CR,2022-11-23,2022-11-24,BenchRec_cash_v1.0_train.csv,64247
32566B9LOU,193.3900,USD,2022-11-12T00:00:00Z,DEBIT,,"BenchRec production-derived, obfuscated source side A",805146240992,32566B9LOU 32566B9LOU                                                                      JOQVY - BAS - DG,ACC#00001,-193.39,DR,2022-11-12,2022-11-13,BenchRec_cash_v1.0_train.csv,56173
001464846,20589461.0000,USD,2022-09-25T00:00:00Z,CREDIT,,"BenchRec production-derived, obfuscated source side A",805263905847,001464846 67888 EPEE553 L9Y89QS                                                                 JO TONITE ETHERIFIES GAB,ACC#00001,20589461.00,CR,2022-09-25,2022-09-27,BenchRec_cash_v1.0_train.csv,16829
008639995,17853356.2800,USD,2022-12-09T00:00:00Z,DEBIT,,"BenchRec production-derived, obfuscated source side A",805741177109,008639995 41477 SHOWD61 L9HK6O7                                                                 UPCLOSER MONOCOQUE GAB -,ACC#00001,-17853356.28,DR,2022-12-09,2022-12-10,BenchRec_cash_v1.0_train.csv,76260
008063661,115737.3300,USD,2022-12-10T00:00:00Z,CREDIT,,"BenchRec production-derived, obfuscated source side A",806086838887,008063661 67888 CHOIL61 L9FV0N9                                                                 JO TONITE ETHERIFIES GAB,ACC#00001,115737.33,CR,2022-12-10,2022-12-11,BenchRec_cash_v1.0_train.csv,77877
6.6Z656F6G626767,169470.1400,USD,2022-12-14T00:00:00Z,DEBIT,,"BenchRec production-derived, obfuscated source side A",806860794842,6.6Z656F6G626767 6N6B656F6G62656N                                                                UPCLOSER QUETCH EFI (WYE-,ACC#00001,-169470.14,DR,2022-12-14,2022-12-15,BenchRec_cash_v1.0_train.csv,79627
001983664,103698.3500,USD,2022-11-17T00:00:00Z,CREDIT,,"BenchRec production-derived, obfuscated source side A",807147352195,001983664 67888 CHOIL61 L9GT839                                                                 JO TONITE ETHERIFIES GAB,ACC#00001,103698.35,CR,2022-11-17,2022-11-18,BenchRec_cash_v1.0_train.csv,59715
6666666667876106,2797000000.0000,USD,2022-11-26T00:00:00Z,DEBIT,,"BenchRec production-derived, obfuscated source side A",807865575768,6666666667876106 BHOOSA- DESINENT,ACC#00001,-2797000000.00,DR,2022-11-26,2022-11-27,BenchRec_cash_v1.0_train.csv,66376
88922996,1972000.0000,USD,2022-12-29T00:00:00Z,CREDIT,,"BenchRec production-derived, obfuscated source side A",809267159583,88922996 V88922996                                                                       JO TONITE SAUNT 664952723,ACC#00001,1972000.00,CR,2022-12-29,2022-12-30,BenchRec_cash_v1.0_train.csv,90340
001489014,337039.7100,USD,2022-10-07T00:00:00Z,CREDIT,,"BenchRec production-derived, obfuscated source side A",809524470496,001489014 14476 CUCA783                                                                         TONITE ARRIAGE BUT MG LEE,ACC#00001,337039.71,CR,2022-10-07,2022-10-08,BenchRec_cash_v1.0_train.csv,27908
726369,63707.7300,USD,2022-09-16T00:00:00Z,CREDIT,,"BenchRec production-derived, obfuscated source side A",811170050041,726369 666666667662241,ACC#00001,63707.73,CR,2022-09-16,2022-09-17,BenchRec_cash_v1.0_train.csv,7597
001448222,151650.6200,USD,2022-10-08T00:00:00Z,CREDIT,,"BenchRec production-derived, obfuscated source side A",812060959499,001448222 12660 BAIS303                                                                         UPCLOSER MONOCOQUE GAB -,ACC#00001,151650.62,CR,2022-10-08,2022-10-09,BenchRec_cash_v1.0_train.csv,28991
008601333,2959937.0000,USD,2022-11-25T00:00:00Z,CREDIT,,"BenchRec production-derived, obfuscated source side A",813238692213,008601333 41477 EPEE165 L9HX6JV                                                                 UPCLOSER MONOCOQUE GAB -,ACC#00001,2959937.00,CR,2022-11-25,2022-11-26,BenchRec_cash_v1.0_train.csv,65958
6666666660082751,60000000.0000,USD,2022-11-16T00:00:00Z,DEBIT,,"BenchRec production-derived, obfuscated source side A",815007375038,6666666660082751 JOQ ANNAT CITE,ACC#00001,-60000000.00,DR,2022-11-16,2022-11-17,BenchRec_cash_v1.0_train.csv,58696
008003586,911454.8500,USD,2022-12-14T00:00:00Z,CREDIT,,"BenchRec production-derived, obfuscated source side A",815382079371,008003586 14476 DOYST63                                                                         UPCLOSER MONOCOQUE GAB -,ACC#00001,911454.85,CR,2022-12-14,2022-12-15,BenchRec_cash_v1.0_train.csv,79266
001370582,4765993.0000,USD,2022-09-18T00:00:00Z,DEBIT,,"BenchRec production-derived, obfuscated source side A",818575233803,001370582 12660 HUBBA68                                                                         UPCLOSER MONOCOQUE GAB -,ACC#00001,-4765993.00,DR,2022-09-18,2022-09-19,BenchRec_cash_v1.0_train.csv,9870
32566AVV9Y,3407.2000,USD,2022-09-16T00:00:00Z,DEBIT,,"BenchRec production-derived, obfuscated source side A",819585576997,32566AVV9Y 32566AVV9Y                                                                      PRYSE - BAS - DG,ACC#00001,-3407.20,DR,2022-09-16,2022-09-17,BenchRec_cash_v1.0_train.csv,7585
74034446,3817945.2200,USD,2022-12-01T00:00:00Z,DEBIT,,"BenchRec production-derived, obfuscated source side A",822254919705,74034446 JOQG7U6588GLEE7U                                                                SHALE           667933724,ACC#00001,-3817945.22,DR,2022-12-01,2022-12-02,BenchRec_cash_v1.0_train.csv,69849
RM140265,2300.5000,USD,2022-12-18T00:00:00Z,CREDIT,,"BenchRec production-derived, obfuscated source side A",82248534330,RM140265  67666 YUO WATERER TITUS,ACC#00001,2300.50,CR,2022-12-18,2022-12-19,BenchRec_cash_v1.0_train.csv,83976
VIP9126666728550,560155370.0000,USD,2022-11-16T00:00:00Z,DEBIT,,"BenchRec production-derived, obfuscated source side A",822527576198,VIP9126666728550 VIP9126666728550,ACC#00001,-560155370.00,DR,2022-11-16,2022-11-17,BenchRec_cash_v1.0_train.csv,58164
001537528,32949.9100,USD,2022-11-04T00:00:00Z,CREDIT,,"BenchRec production-derived, obfuscated source side A",824115601135,001537528 14476 BRIST39                                                                         UPCLOSER MONOCOQUE GAB -,ACC#00001,32949.91,CR,2022-11-04,2022-11-05,BenchRec_cash_v1.0_train.csv,50212
56824116,5510638.8800,USD,2022-10-14T00:00:00Z,DEBIT,,"BenchRec production-derived, obfuscated source side A",824501090718,56824116 ALME7U6034JOQG7U                                                                JO TONITE SAUNT 664952723,ACC#00001,-5510638.88,DR,2022-10-14,2022-10-15,BenchRec_cash_v1.0_train.csv,35656
001401722,44828355.2200,USD,2022-09-29T00:00:00Z,DEBIT,,"BenchRec production-derived, obfuscated source side A",825048615974,001401722 19475 AUG0672                                                                         UPCLOSER MONOCOQUE GAB -,ACC#00001,-44828355.22,DR,2022-09-29,2022-09-30,BenchRec_cash_v1.0_train.csv,20444
001333453,31191400.0000,USD,2022-09-21T00:00:00Z,CREDIT,,"BenchRec production-derived, obfuscated source side A",825141341545,001333453 41416 GULA414 L9Y15LV                                                                 UPCLOSER MONOCOQUE GAB -,ACC#00001,31191400.00,CR,2022-09-21,2022-09-22,BenchRec_cash_v1.0_train.csv,11872
32566TJDU9,187.2300,USD,2022-11-30T00:00:00Z,CREDIT,,"BenchRec production-derived, obfuscated source side A",825795485749,32566TJDU9 32566TJDU9                                                                      JOQ TREPIDATORY,ACC#00001,187.23,CR,2022-11-30,2022-12-02,BenchRec_cash_v1.0_train.csv,69362
001353558,218545.2900,USD,2022-09-30T00:00:00Z,DEBIT,,"BenchRec production-derived, obfuscated source side A",826220542823,001353558 67614 SKITE70                                                                         DISACCORDANCE UNSOLACED S,ACC#00001,-218545.29,DR,2022-09-30,2022-10-01,BenchRec_cash_v1.0_train.csv,21409
001845551,14493.8500,USD,2022-09-15T00:00:00Z,CREDIT,,"BenchRec production-derived, obfuscated source side A",829565010795,001845551 14407 BREI801                                                                         OUPH TRIFOLY ANATIFA,ACC#00001,14493.85,CR,2022-09-15,2022-09-16,BenchRec_cash_v1.0_train.csv,6225
32378623,175016.1300,USD,2022-11-09T00:00:00Z,DEBIT,,"BenchRec production-derived, obfuscated source side A",829909682597,32378623 ALME7U3689JOQG7U                                                                JO TONITE SAUNT 664952723,ACC#00001,-175016.13,DR,2022-11-09,2022-11-10,BenchRec_cash_v1.0_train.csv,54055
32566THNQQ,26271.1500,USD,2022-12-03T00:00:00Z,DEBIT,,"BenchRec production-derived, obfuscated source side A",832022328550,32566THNQQ 32566THNQQ                                                                      JOQVY - ELUVIA -,ACC#00001,-26271.15,DR,2022-12-03,2022-12-04,BenchRec_cash_v1.0_train.csv,72339
001559789,17558470.0000,USD,2022-11-06T00:00:00Z,CREDIT,,"BenchRec production-derived, obfuscated source side A",832584706648,001559789 67888 EPEE553 L9MU7CQ                                                                 JO TONITE ETHERIFIES GAB,ACC#00001,17558470.00,CR,2022-11-06,2022-11-07,BenchRec_cash_v1.0_train.csv,52149
001939631,321311.5100,USD,2022-11-20T00:00:00Z,CREDIT,,"BenchRec production-derived, obfuscated source side A",834649621522,001939631 67387 CUCA655                                                                         VOLUPT NAPKIN BUT RESSAUT,ACC#00001,321311.51,CR,2022-11-20,2022-11-21,BenchRec_cash_v1.0_train.csv,62701
32566TLQNR,39300.0000,USD,2022-11-26T00:00:00Z,DEBIT,,"BenchRec production-derived, obfuscated source side A",835460052265,32566TLQNR 32566TLQNR                                                                      JOQVY - ELUVIA -,ACC#00001,-39300.00,DR,2022-11-26,2022-11-27,BenchRec_cash_v1.0_train.csv,66208
32566D9OIK,4495.3000,USD,2022-09-11T00:00:00Z,CREDIT,,"BenchRec production-derived, obfuscated source side A",835740300844,32566D9OIK 32566D9OIK                                                                      JOQVY - BAS - DG,ACC#00001,4495.30,CR,2022-09-11,2022-09-12,BenchRec_cash_v1.0_train.csv,4539
32566VV1XW,4000000.0000,USD,2022-11-20T00:00:00Z,DEBIT,,"BenchRec production-derived, obfuscated source side A",835863006306,32566VV1XW 32566VV1XW                                                                      JOQVY - ELUVIA -,ACC#00001,-4000000.00,DR,2022-11-20,2022-11-21,BenchRec_cash_v1.0_train.csv,62440
001267340,49082510.7100,USD,2022-10-12T00:00:00Z,DEBIT,,"BenchRec production-derived, obfuscated source side A",838263641009,001267340 41477 MEGGY88 L9Y26BS                                                                 UPCLOSER MONOCOQUE GAB -,ACC#00001,-49082510.71,DR,2022-10-12,2022-10-13,BenchRec_cash_v1.0_train.csv,32400
001559770,820406.7200,USD,2022-11-09T00:00:00Z,DEBIT,,"BenchRec production-derived, obfuscated source side A",839019642877,001559770 67888 VELIC90 L9MU7JJ                                                                 JO TONITE ETHERIFIES GAB,ACC#00001,-820406.72,DR,2022-11-09,2022-11-10,BenchRec_cash_v1.0_train.csv,53600
32566B0PMG,52764374.5000,USD,2022-10-26T00:00:00Z,DEBIT,,"BenchRec production-derived, obfuscated source side A",840486961438,32566B0PMG 32566B0PMG                                                                      JOQVY DE -ELUVIA,ACC#00001,-52764374.50,DR,2022-10-26,2022-10-27,BenchRec_cash_v1.0_train.csv,42671
001951512,37448344.4300,USD,2022-11-23T00:00:00Z,DEBIT,,"BenchRec production-derived, obfuscated source side A",840628489698,001951512 41477 OKET650 L9HI1ZK                                                                 UPCLOSER MONOCOQUE GAB -,ACC#00001,-37448344.43,DR,2022-11-23,2022-11-24,BenchRec_cash_v1.0_train.csv,63800
001278595,118296.2700,USD,2022-10-16T00:00:00Z,CREDIT,,"BenchRec production-derived, obfuscated source side A",84069207999,001278595 67399 HAUSA16                                                                         FVT VOWED FUTHERMORE GAUR,ACC#00001,118296.27,CR,2022-10-16,2022-10-17,BenchRec_cash_v1.0_train.csv,37775
666372,128134000.0000,USD,2022-12-01T00:00:00Z,DEBIT,,"BenchRec production-derived, obfuscated source side A",843264967895,666372 666666667379564,ACC#00001,-128134000.00,DR,2022-12-01,2022-12-04,BenchRec_cash_v1.0_train.csv,72538
32566B5MNA,1876.0800,USD,2022-11-10T00:00:00Z,CREDIT,,"BenchRec production-derived, obfuscated source side A",843998085568,32566B5MNA 32566B5MNA                                                                      JOQVY DE -ELUVIA,ACC#00001,1876.08,CR,2022-11-10,2022-11-11,BenchRec_cash_v1.0_train.csv,54688
001540127,17386217.3300,USD,2022-11-04T00:00:00Z,CREDIT,,"BenchRec production-derived, obfuscated source side A",844536883091,001540127 41477 EPEE553 L9DR31T                                                                 JOQVY H.C. ZUCCHINIS TENT,ACC#00001,17386217.33,CR,2022-11-04,2022-11-05,BenchRec_cash_v1.0_train.csv,50773
32566AILBM,776156.8000,USD,2022-09-17T00:00:00Z,CREDIT,,"BenchRec production-derived, obfuscated source side A",845810347104,32566AILBM 32566AILBM                                                                      JOQVY DE -ELUVIA,ACC#00001,776156.80,CR,2022-09-17,2022-09-18,BenchRec_cash_v1.0_train.csv,8806
008685735,4010700.0000,USD,2022-12-04T00:00:00Z,CREDIT,,"BenchRec production-derived, obfuscated source side A",846219840902,008685735 14282 OKET036                                                                         DESILT TYPY OEV,ACC#00001,4010700.00,CR,2022-12-04,2022-12-05,BenchRec_cash_v1.0_train.csv,73311
32566ARKDQ,4367.6900,USD,2022-10-16T00:00:00Z,DEBIT,,"BenchRec production-derived, obfuscated source side A",847357270950,32566ARKDQ 32566ARKDQ                                                                      JOQVY DE -ELUVIA,ACC#00001,-4367.69,DR,2022-10-16,2022-10-17,BenchRec_cash_v1.0_train.csv,37656
001801837,44856.9600,USD,2022-09-15T00:00:00Z,DEBIT,,"BenchRec production-derived, obfuscated source side A",84902857100,001801837 10111 CHARE06                                                                         MEROTROPISM NM CRYOCHORIC,ACC#00001,-44856.96,DR,2022-09-15,2022-09-16,BenchRec_cash_v1.0_train.csv,6418
008003522,46395.5400,USD,2022-12-14T00:00:00Z,CREDIT,,"BenchRec production-derived, obfuscated source side A",851333993733,008003522 14476 SKITE52                                                                         UPCLOSER MONOCOQUE GAB -,ACC#00001,46395.54,CR,2022-12-14,2022-12-15,BenchRec_cash_v1.0_train.csv,79551
001879562,3077583.0700,USD,2022-09-16T00:00:00Z,CREDIT,,"BenchRec production-derived, obfuscated source side A",852437577022,001879562 12660 CHARE42                                                                         MR-KOZO KI & VOWED QMQF O,ACC#00001,3077583.07,CR,2022-09-16,2022-09-17,BenchRec_cash_v1.0_train.csv,7591
001547097,853033.6100,USD,2022-11-04T00:00:00Z,CREDIT,,"BenchRec production-derived, obfuscated source side A",853046327361,001547097 67609 EPEE553                                                                         CARK AS STRETCH HUDSONIAN,ACC#00001,853033.61,CR,2022-11-04,2022-11-05,BenchRec_cash_v1.0_train.csv,50960
001238507,23629425.9000,USD,2022-10-20T00:00:00Z,CREDIT,,"BenchRec production-derived, obfuscated source side A",853826479094,001238507 55570 KAVI032                                                                         JO TONITE ETHERIFIES GAB,ACC#00001,23629425.90,CR,2022-10-20,2022-10-21,BenchRec_cash_v1.0_train.csv,39946
001462392,9970.0900,USD,2022-09-29T00:00:00Z,CREDIT,,"BenchRec production-derived, obfuscated source side A",854208598413,001462392 14476 NINA275                                                                         UPCLOSER MONOCOQUE GAB -,ACC#00001,9970.09,CR,2022-09-29,2022-09-30,BenchRec_cash_v1.0_train.csv,20408
001406321,3919738.4000,USD,2022-09-30T00:00:00Z,CREDIT,,"BenchRec production-derived, obfuscated source side A",85654962455,001406321 16038 FALX368                                                                         UPCLOSER MONOCOQUE GAB -,ACC#00001,3919738.40,CR,2022-09-30,2022-10-01,BenchRec_cash_v1.0_train.csv,22431
008603061,272579.5800,USD,2022-11-30T00:00:00Z,DEBIT,,"BenchRec production-derived, obfuscated source side A",857309284877,008603061 14407 BREI138                                                                         UPCLOSER MONOCOQUE GAB -,ACC#00001,-272579.58,DR,2022-11-30,2022-12-01,BenchRec_cash_v1.0_train.csv,68531
12836140,259647.7800,USD,2022-10-05T00:00:00Z,CREDIT,,"BenchRec production-derived, obfuscated source side A",858165379304,12836140 V12836140                                                                       JOQVY TOWNY     664952723,ACC#00001,259647.78,CR,2022-10-05,2022-10-06,BenchRec_cash_v1.0_train.csv,26088
32566B41BO,52322.5500,USD,2022-11-05T00:00:00Z,CREDIT,,"BenchRec production-derived, obfuscated source side A",859236488416,32566B41BO 32566B41BO                                                                      JOQVY - ELUVIA -,ACC#00001,52322.55,CR,2022-11-05,2022-11-06,BenchRec_cash_v1.0_train.csv,51090
001411366,819296.4300,USD,2022-10-01T00:00:00Z,CREDIT,,"BenchRec production-derived, obfuscated source side A",859644030418,001411366 17661 EPEE553                                                                         UPCLOSER MONOCOQUE GAB -,ACC#00001,819296.43,CR,2022-10-01,2022-10-02,BenchRec_cash_v1.0_train.csv,23567
32566B41FW,6396.4000,USD,2022-11-05T00:00:00Z,CREDIT,,"BenchRec production-derived, obfuscated source side A",859783991837,32566B41FW 32566B41FW                                                                      JOQVY - ELUVIA -,ACC#00001,6396.40,CR,2022-11-05,2022-11-06,BenchRec_cash_v1.0_train.csv,51863
001311616,1276800.0000,USD,2022-09-16T00:00:00Z,CREDIT,,"BenchRec production-derived, obfuscated source side A",859968753366,001311616 41477 BRAVI49 L9Y11J9                                                                 UPCLOSER MONOCOQUE GAB -,ACC#00001,1276800.00,CR,2022-09-16,2022-09-17,BenchRec_cash_v1.0_train.csv,7464
001279441,9823859.8500,USD,2022-10-15T00:00:00Z,DEBIT,,"BenchRec production-derived, obfuscated source side A",860812253659,001279441 10007 KAVI032                                                                         DIANITE ANIMI KINESIOLOGY,ACC#00001,-9823859.85,DR,2022-10-15,2022-10-16,BenchRec_cash_v1.0_train.csv,36993
008034784,335682.6800,USD,2022-12-25T00:00:00Z,CREDIT,,"BenchRec production-derived, obfuscated source side A",861295101768,008034784 67089 KAVI624                                                                         PREOCCUR FUTHERMORE YARAY,ACC#00001,335682.68,CR,2022-12-25,2022-12-26,BenchRec_cash_v1.0_train.csv,88827
6666666665135456,1730000000.0000,USD,2022-10-15T00:00:00Z,DEBIT,,"BenchRec production-derived, obfuscated source side A",861929633384,6666666665135456 JEE - DESINENT,ACC#00001,-1730000000.00,DR,2022-10-15,2022-10-16,BenchRec_cash_v1.0_train.csv,36325
001515536,6746.5300,USD,2022-11-03T00:00:00Z,CREDIT,,"BenchRec production-derived, obfuscated source side A",862148963693,001515536 67387 FALX853                                                                         NONCONFRONTATION GAB,ACC#00001,6746.53,CR,2022-11-03,2022-11-04,BenchRec_cash_v1.0_train.csv,49220
32566TO6IE,6590.8000,USD,2022-12-10T00:00:00Z,CREDIT,,"BenchRec production-derived, obfuscated source side A",862659536217,32566TO6IE 32566TO6IE                                                                      JOQVY - ELUVIA -,ACC#00001,6590.80,CR,2022-12-10,2022-12-11,BenchRec_cash_v1.0_train.csv,77844
001334437,2856462.5700,USD,2022-09-21T00:00:00Z,DEBIT,,"BenchRec production-derived, obfuscated source side A",863087995163,001334437 67888 SHOWD61 L9Y15UP                                                                 JO TONITE ETHERIFIES GAB,ACC#00001,-2856462.57,DR,2022-09-21,2022-09-22,BenchRec_cash_v1.0_train.csv,11756
001353554,524293.6100,USD,2022-09-30T00:00:00Z,DEBIT,,"BenchRec production-derived, obfuscated source side A",863590599108,001353554 67614 SKITE70                                                                         DISACCORDANCE UNSOLACED S,ACC#00001,-524293.61,DR,2022-09-30,2022-10-01,BenchRec_cash_v1.0_train.csv,21127
6666666662932544,1448000000.0000,USD,2022-10-13T00:00:00Z,DEBIT,,"BenchRec production-derived, obfuscated source side A",865739001935,6666666662932544 JOQOEV HUMP FGDK,ACC#00001,-1448000000.00,DR,2022-10-13,2022-10-14,BenchRec_cash_v1.0_train.csv,33659
001331529,4484021.5000,USD,2022-09-23T00:00:00Z,DEBIT,,"BenchRec production-derived, obfuscated source side A",866236154501,001331529 12660 ROHOB56                                                                         UPCLOSER MONOCOQUE GAB -,ACC#00001,-4484021.50,DR,2022-09-23,2022-09-24,BenchRec_cash_v1.0_train.csv,13945
HEY,181880.0000,USD,2022-09-25T00:00:00Z,CREDIT,,"BenchRec production-derived, obfuscated source side A",866354791608,HEY RAMON DISNEY DISCURSIVE_TA,ACC#00001,181880.00,CR,2022-09-25,2022-09-27,BenchRec_cash_v1.0_train.csv,16565
VIP9126666722157,1452249.0500,USD,2022-11-24T00:00:00Z,CREDIT,,"BenchRec production-derived, obfuscated source side A",866426193503,VIP9126666722157 VIP9126666722157,ACC#00001,1452249.05,CR,2022-11-24,2022-11-25,BenchRec_cash_v1.0_train.csv,64538
32566AVRA1,264426.0000,USD,2022-09-16T00:00:00Z,CREDIT,,"BenchRec production-derived, obfuscated source side A",866662841442,32566AVRA1 32566AVRA1                                                                      JOQ CROM DARTOIC,ACC#00001,264426.00,CR,2022-09-16,2022-09-17,BenchRec_cash_v1.0_train.csv,8097
008021688,20339700.0000,USD,2022-12-22T00:00:00Z,CREDIT,,"BenchRec production-derived, obfuscated source side A",868114278734,008021688 41416 GULA414 L9HL5UR                                                                 UPCLOSER MONOCOQUE GAB -,ACC#00001,20339700.00,CR,2022-12-22,2022-12-23,BenchRec_cash_v1.0_train.csv,86155
001289563,20240200.0000,USD,2022-10-16T00:00:00Z,CREDIT,,"BenchRec production-derived, obfuscated source side A",870117511989,001289563 67888 EPEE553 L9Y56NL                                                                 JO TONITE ETHERIFIES GAB,ACC#00001,20240200.00,CR,2022-10-16,2022-10-17,BenchRec_cash_v1.0_train.csv,37216
008026011,6248038.9300,USD,2022-12-22T00:00:00Z,CREDIT,,"BenchRec production-derived, obfuscated source side A",87076610407,008026011 67609 EPEE553                                                                         PALOUR PROMINIMUM BUT EYL,ACC#00001,6248038.93,CR,2022-12-22,2022-12-23,BenchRec_cash_v1.0_train.csv,85627
32566TRP37,6014.4700,USD,2022-12-31T00:00:00Z,DEBIT,,"BenchRec production-derived, obfuscated source side A",871310788632,32566TRP37 32566TRP37                                                                      JOQVY - ELUVIA -,ACC#00001,-6014.47,DR,2022-12-31,2023-01-01,BenchRec_cash_v1.0_train.csv,92102
008770529,2213518.4500,USD,2022-12-31T00:00:00Z,CREDIT,,"BenchRec production-derived, obfuscated source side A",871845951998,008770529 17661 CHARE90                                                                         DIANITE ANIMI VOWED AGHAN,ACC#00001,2213518.45,CR,2022-12-31,2023-01-01,BenchRec_cash_v1.0_train.csv,92344
12298706,22000000.0000,USD,2022-10-16T00:00:00Z,CREDIT,,"BenchRec production-derived, obfuscated source side A",874125817909,12298706 V12298706                                                                       JOQVY STRID     664952723,ACC#00001,22000000.00,CR,2022-10-16,2022-10-17,BenchRec_cash_v1.0_train.csv,37520
32566B072L,242168.9900,USD,2022-10-23T00:00:00Z,DEBIT,,"BenchRec production-derived, obfuscated source side A",875805910377,32566B072L 32566B072L                                                                      JOQVY - BAS - AK,ACC#00001,-242168.99,DR,2022-10-23,2022-10-27,BenchRec_cash_v1.0_train.csv,43254
001912656,10895900.0000,USD,2022-11-18T00:00:00Z,CREDIT,,"BenchRec production-derived, obfuscated source side A",876586585848,001912656 12660 SWEAT21                                                                         UPCLOSER MONOCOQUE GAB -,ACC#00001,10895900.00,CR,2022-11-18,2022-11-19,BenchRec_cash_v1.0_train.csv,59940
001396776,963221.6500,USD,2022-09-24T00:00:00Z,CREDIT,,"BenchRec production-derived, obfuscated source side A",87707607419,001396776 67614 KAVI032                                                                         JO TONITE ETHERIFIES GAB,ACC#00001,963221.65,CR,2022-09-24,2022-09-25,BenchRec_cash_v1.0_train.csv,16140
32426904,1000000.0000,USD,2022-11-27T00:00:00Z,CREDIT,,"BenchRec production-derived, obfuscated source side A",878142185702,32426904 V32426904                                                                       JO TONITE SAUNT 664952723,ACC#00001,1000000.00,CR,2022-11-27,2022-12-01,BenchRec_cash_v1.0_train.csv,68546
001940128,32335318.4200,USD,2022-11-19T00:00:00Z,DEBIT,,"BenchRec production-derived, obfuscated source side A",879339530198,001940128 17661 EPEE553                                                                         UPCLOSER MONOCOQUE GAB -,ACC#00001,-32335318.42,DR,2022-11-19,2022-11-20,BenchRec_cash_v1.0_train.csv,62046
37266B587M,36544.0000,USD,2022-11-09T00:00:00Z,CREDIT,,"BenchRec production-derived, obfuscated source side A",87964363896,37266B587M 37266B587M                                                                      SRI KAMIAN COOTH,ACC#00001,36544.00,CR,2022-11-09,2022-11-10,BenchRec_cash_v1.0_train.csv,56071
32566AGPJ8,20978.0100,USD,2022-10-12T00:00:00Z,CREDIT,,"BenchRec production-derived, obfuscated source side A",880403404484,32566AGPJ8 32566AGPJ8                                                                      UPCLOSER SAUNT Q,ACC#00001,20978.01,CR,2022-10-12,2022-10-13,BenchRec_cash_v1.0_train.csv,33066
001829945,50280.2000,USD,2022-09-11T00:00:00Z,CREDIT,,"BenchRec production-derived, obfuscated source side A",880973101804,001829945 14476 CHARE58                                                                         UPCLOSER MONOCOQUE GAB -,ACC#00001,50280.20,CR,2022-09-11,2022-09-12,BenchRec_cash_v1.0_train.csv,5153
32566TIEAF,23191.0100,USD,2022-11-19T00:00:00Z,CREDIT,,"BenchRec production-derived, obfuscated source side A",881184910154,32566TIEAF 32566TIEAF                                                                      JOQVY - ELUVIA -,ACC#00001,23191.01,CR,2022-11-19,2022-11-20,BenchRec_cash_v1.0_train.csv,61351
008012937,50590400.0000,USD,2022-12-15T00:00:00Z,CREDIT,,"BenchRec production-derived, obfuscated source side A",881482365380,008012937 41477 EPEE553 L9FV9OY                                                                 UPCLOSER MONOCOQUE GAB -,ACC#00001,50590400.00,CR,2022-12-15,2022-12-16,BenchRec_cash_v1.0_train.csv,80642
001453712,40601.2400,USD,2022-10-09T00:00:00Z,CREDIT,,"BenchRec production-derived, obfuscated source side A",882055745365,001453712 14476 HUBBA47                                                                         UPCLOSER MONOCOQUE GAB -,ACC#00001,40601.24,CR,2022-10-09,2022-10-10,BenchRec_cash_v1.0_train.csv,30591
008775570,2031837.4000,USD,2022-12-30T00:00:00Z,DEBIT,,"BenchRec production-derived, obfuscated source side A",884340425393,008775570 89250 NAPE090                                                                         BURTREE VIVER KINESIOLOGY,ACC#00001,-2031837.40,DR,2022-12-30,2022-12-31,BenchRec_cash_v1.0_train.csv,92008
93468726,20967806.5900,USD,2022-10-27T00:00:00Z,CREDIT,,"BenchRec production-derived, obfuscated source side A",884872055961,93468726 V93468726                                                                       JO TONITE SAUNT 664952723,ACC#00001,20967806.59,CR,2022-10-27,2022-10-28,BenchRec_cash_v1.0_train.csv,44771
008065433,319804.5300,USD,2022-12-18T00:00:00Z,CREDIT,,"BenchRec production-derived, obfuscated source side A",885432743190,008065433 67752 SYNE084                                                                         COG-MB/EXPEL,ACC#00001,319804.53,CR,2022-12-18,2022-12-19,BenchRec_cash_v1.0_train.csv,83600
32566TVB0I,937.9600,USD,2022-11-17T00:00:00Z,CREDIT,,"BenchRec production-derived, obfuscated source side A",886459491820,32566TVB0I 32566TVB0I                                                                      JOQVY - BAS - DG,ACC#00001,937.96,CR,2022-11-17,2022-11-18,BenchRec_cash_v1.0_train.csv,59179
008013896,178586.7000,USD,2022-12-17T00:00:00Z,CREDIT,,"BenchRec production-derived, obfuscated source side A",887547876190,008013896 15601 JADE105                                                                         EXIT NONREGULATIVE TYPY,ACC#00001,178586.70,CR,2022-12-17,2022-12-18,BenchRec_cash_v1.0_train.csv,82171
VU6375342,104.0000,USD,2022-11-16T00:00:00Z,CREDIT,,"BenchRec production-derived, obfuscated source side A",88783739935,VU6375342 14476 UPCLOSER MONOCOQUE GAB -,ACC#00001,104.00,CR,2022-11-16,2022-11-17,BenchRec_cash_v1.0_train.csv,58762
0970086,1742870.0000,USD,2022-11-05T00:00:00Z,CREDIT,,"BenchRec production-derived, obfuscated source side A",888588774100,0970086 V60970086                                                                       SHALE           667933724,ACC#00001,1742870.00,CR,2022-11-05,2022-11-06,BenchRec_cash_v1.0_train.csv,51234
93028016,847794.7600,USD,2022-10-28T00:00:00Z,DEBIT,,"BenchRec production-derived, obfuscated source side A",889099388135,93028016 ALME7U1383JOQG7U                                                                JO TONITE SAUNT 664952723,ACC#00001,-847794.76,DR,2022-10-28,2022-10-29,BenchRec_cash_v1.0_train.csv,45636
32566CP367,67.7500,USD,2022-09-15T00:00:00Z,DEBIT,,"BenchRec production-derived, obfuscated source side A",892429087508,32566CP367 32566CP367                                                                      JOQVY DE -ELUVIA,ACC#00001,-67.75,DR,2022-09-15,2022-09-16,BenchRec_cash_v1.0_train.csv,7275
32566AVUUR,285291.2600,USD,2022-09-16T00:00:00Z,DEBIT,,"BenchRec production-derived, obfuscated source side A",893057969562,32566AVUUR 32566AVUUR                                                                      JOQVY - BAS - DG,ACC#00001,-285291.26,DR,2022-09-16,2022-09-17,BenchRec_cash_v1.0_train.csv,7866
008685865,4184295.8400,USD,2022-12-02T00:00:00Z,CREDIT,,"BenchRec production-derived, obfuscated source side A",894122727751,008685865 12667 AUG0698                                                                         HYV TYPY AG,ACC#00001,4184295.84,CR,2022-12-02,2022-12-03,BenchRec_cash_v1.0_train.csv,70753
001231043,3080836.1200,USD,2022-10-20T00:00:00Z,CREDIT,,"BenchRec production-derived, obfuscated source side A",89452776924,001231043 10111 BRAVI95                                                                         ASCIDIA GEOMETRINE MOGGIO,ACC#00001,3080836.12,CR,2022-10-20,2022-10-21,BenchRec_cash_v1.0_train.csv,40195
AHT9126666748938,399608.0000,USD,2022-10-13T00:00:00Z,DEBIT,,"BenchRec production-derived, obfuscated source side A",896920758231,AHT9126666748938 AHT9126666748938,ACC#00001,-399608.00,DR,2022-10-13,2022-10-14,BenchRec_cash_v1.0_train.csv,34352
VU6370062,160.0000,USD,2022-10-14T00:00:00Z,CREDIT,,"BenchRec production-derived, obfuscated source side A",89740298130,VU6370062 12660 UPCLOSER MONOCOQUE GAB -,ACC#00001,160.00,CR,2022-10-14,2022-10-15,BenchRec_cash_v1.0_train.csv,34777
32566TBBO8,84345.0900,USD,2022-12-17T00:00:00Z,DEBIT,,"BenchRec production-derived, obfuscated source side A",897608137700,32566TBBO8 32566TBBO8                                                                      JOQVY - ELUVIA -,ACC#00001,-84345.09,DR,2022-12-17,2022-12-18,BenchRec_cash_v1.0_train.csv,82410
001251290,128310.9000,USD,2022-10-26T00:00:00Z,CREDIT,,"BenchRec production-derived, obfuscated source side A",897808832940,001251290 14476 SHOJI46                                                                         UPCLOSER MONOCOQUE GAB -,ACC#00001,128310.90,CR,2022-10-26,2022-10-27,BenchRec_cash_v1.0_train.csv,44024
001291122,103600.7800,USD,2022-10-27T00:00:00Z,CREDIT,,"BenchRec production-derived, obfuscated source side A",898853876440,001291122 14476 AUG6258                                                                         UPCLOSER MONOCOQUE GAB -,ACC#00001,103600.78,CR,2022-10-27,2022-10-28,BenchRec_cash_v1.0_train.csv,44721
001395041,10329.5400,USD,2022-09-28T00:00:00Z,CREDIT,,"BenchRec production-derived, obfuscated source side A",901150681972,001395041 14407 MINER91                                                                         UPCLOSER MONOCOQUE GAB -,ACC#00001,10329.54,CR,2022-09-28,2022-09-29,BenchRec_cash_v1.0_train.csv,18233
008611314,4495402.1700,USD,2022-11-30T00:00:00Z,DEBIT,,"BenchRec production-derived, obfuscated source side A",902045773138,008611314 67888 ROMAN42 L9HX8L5                                                                 JO TONITE ETHERIFIES GAB,ACC#00001,-4495402.17,DR,2022-11-30,2022-12-01,BenchRec_cash_v1.0_train.csv,69205
6666666668673819,572366900.0000,USD,2022-12-18T00:00:00Z,CREDIT,,"BenchRec production-derived, obfuscated source side A",9021319480,6666666668673819 P686738197513096                                                                JEE - DESINENT,ACC#00001,572366900.00,CR,2022-12-18,2022-12-19,BenchRec_cash_v1.0_train.csv,83638
001432176,103623.0000,USD,2022-10-06T00:00:00Z,CREDIT,,"BenchRec production-derived, obfuscated source side A",902762815520,001432176 14476 CHARE58                                                                         UPCLOSER MONOCOQUE GAB -,ACC#00001,103623.00,CR,2022-10-06,2022-10-07,BenchRec_cash_v1.0_train.csv,27023
001918959,28479.0500,USD,2022-11-17T00:00:00Z,CREDIT,,"BenchRec production-derived, obfuscated source side A",904717938847,001918959 67387 CUCA655                                                                         VOLUPT NAPKIN & RESSAUT,ACC#00001,28479.05,CR,2022-11-17,2022-11-18,BenchRec_cash_v1.0_train.csv,59210
78411156,5485711.5100,USD,2022-11-30T00:00:00Z,DEBIT,,"BenchRec production-derived, obfuscated source side A",91081528902,78411156 JOQG7U6295GLEE7U                                                                SHALE           667933724,ACC#00001,-5485711.51,DR,2022-11-30,2022-12-01,BenchRec_cash_v1.0_train.csv,68316
008048312,13920700.0000,USD,2022-12-18T00:00:00Z,CREDIT,,"BenchRec production-derived, obfuscated source side A",912237920913,008048312 41477 EPEE553 L9HL31C                                                                 UPCLOSER MONOCOQUE GAB -,ACC#00001,13920700.00,CR,2022-12-18,2022-12-19,BenchRec_cash_v1.0_train.csv,83932
001514584,344817.8800,USD,2022-11-02T00:00:00Z,CREDIT,,"BenchRec production-derived, obfuscated source side A",913289084802,001514584 14407 KAVI758                                                                         UPCLOSER MONOCOQUE GAB -,ACC#00001,344817.88,CR,2022-11-02,2022-11-03,BenchRec_cash_v1.0_train.csv,48318
008062803,53227.7800,USD,2022-12-14T00:00:00Z,DEBIT,,"BenchRec production-derived, obfuscated source side A",913662091403,008062803 14407 BOAS313                                                                         UPCLOSER MONOCOQUE GAB -,ACC#00001,-53227.78,DR,2022-12-14,2022-12-15,BenchRec_cash_v1.0_train.csv,79368
001474933,110582.8300,USD,2022-10-01T00:00:00Z,CREDIT,,"BenchRec production-derived, obfuscated source side A",916790002238,001474933 14407 GULA623                                                                         UPCLOSER MONOCOQUE GAB -,ACC#00001,110582.83,CR,2022-10-01,2022-10-02,BenchRec_cash_v1.0_train.csv,23834
726369,95400.2000,USD,2022-09-16T00:00:00Z,CREDIT,,"BenchRec production-derived, obfuscated source side A",917156335486,726369 666666667662238,ACC#00001,95400.20,CR,2022-09-16,2022-09-17,BenchRec_cash_v1.0_train.csv,7945
001509020,104734.4600,USD,2022-10-28T00:00:00Z,CREDIT,,"BenchRec production-derived, obfuscated source side A",917407602485,001509020 19262 HUBBA14                                                                         JO TONITE (GOLACH) S.C.-T,ACC#00001,104734.46,CR,2022-10-28,2022-10-29,BenchRec_cash_v1.0_train.csv,46070
6N68656H6C6F656E,1325.4700,USD,2022-11-20T00:00:00Z,DEBIT,,"BenchRec production-derived, obfuscated source side A",919423331396,6N68656H6C6F656E 6V63656H6Z6H646W                                                                UPCLOSER QUETCH EFI (WYE-,ACC#00001,-1325.47,DR,2022-11-20,2022-11-21,BenchRec_cash_v1.0_train.csv,62851
001547159,19698.0000,USD,2022-11-16T00:00:00Z,DEBIT,,"BenchRec production-derived, obfuscated source side A",919730671391,001547159 14476 CHARE58                                                                         UPCLOSER MONOCOQUE GAB -,ACC#00001,-19698.00,DR,2022-11-16,2022-11-17,BenchRec_cash_v1.0_train.csv,58165
37266TML17,241052.5200,USD,2022-11-23T00:00:00Z,CREDIT,,"BenchRec production-derived, obfuscated source side A",92065736859,37266TML17 37266TML17                                                                      JO TONITE AGGEST,ACC#00001,241052.52,CR,2022-11-23,2022-11-24,BenchRec_cash_v1.0_train.csv,63718
001369396,53648.8200,USD,2022-09-17T00:00:00Z,DEBIT,,"BenchRec production-derived, obfuscated source side A",921297565110,001369396 14407 CHARE83                                                                         LIXIVIA JACTANCE STERNAL,ACC#00001,-53648.82,DR,2022-09-17,2022-09-18,BenchRec_cash_v1.0_train.csv,9052
IYO9126666745850,31939694.3300,USD,2022-10-23T00:00:00Z,CREDIT,,"BenchRec production-derived, obfuscated source side A",921511165265,IYO9126666745850 IYO9126666745850,ACC#00001,31939694.33,CR,2022-10-23,2022-10-24,BenchRec_cash_v1.0_train.csv,42527
37266GS3IA,2954.8300,USD,2022-10-12T00:00:00Z,CREDIT,,"BenchRec production-derived, obfuscated source side A",921628162481,37266GS3IA 37266GS3IA                                                                      INKROOT LIKED BY,ACC#00001,2954.83,CR,2022-10-12,2022-10-13,BenchRec_cash_v1.0_train.csv,32295
32566ALPHH,12306.0200,USD,2022-09-25T00:00:00Z,CREDIT,,"BenchRec production-derived, obfuscated source side A",92183388201,32566ALPHH 32566ALPHH                                                                      JOQVY DE -ELUVIA,ACC#00001,12306.02,CR,2022-09-25,2022-09-27,BenchRec_cash_v1.0_train.csv,16797
008641643,103137.7200,USD,2022-12-07T00:00:00Z,DEBIT,,"BenchRec production-derived, obfuscated source side A",923158800000,008641643 14407 HUBBA68                                                                         UPCLOSER MONOCOQUE GAB -,ACC#00001,-103137.72,DR,2022-12-07,2022-12-08,BenchRec_cash_v1.0_train.csv,74274
001849452,58131.0000,USD,2022-09-10T00:00:00Z,CREDIT,,"BenchRec production-derived, obfuscated source side A",924083417361,001849452 14476 CHARE91                                                                         UPCLOSER MONOCOQUE GAB -,ACC#00001,58131.00,CR,2022-09-10,2022-09-12,BenchRec_cash_v1.0_train.csv,5037
008085293,63279.7600,USD,2022-12-21T00:00:00Z,DEBIT,,"BenchRec production-derived, obfuscated source side A",926397238662,008085293 14407 BOAS691                                                                         UPCLOSER MONOCOQUE GAB -,ACC#00001,-63279.76,DR,2022-12-21,2022-12-22,BenchRec_cash_v1.0_train.csv,85106
001487045,3520072.7000,USD,2022-10-05T00:00:00Z,DEBIT,,"BenchRec production-derived, obfuscated source side A",926695275871,001487045 19262 EPEE553                                                                         JOQ CROM TYPY - EXPUNGES,ACC#00001,-3520072.70,DR,2022-10-05,2022-10-06,BenchRec_cash_v1.0_train.csv,25636
008033723,32544000.0000,USD,2022-12-21T00:00:00Z,DEBIT,,"BenchRec production-derived, obfuscated source side A",926847921410,008033723 41416 MOZO637 L9HL1GI                                                                 UPCLOSER MONOCOQUE GAB -,ACC#00001,-32544000.00,DR,2022-12-21,2022-12-22,BenchRec_cash_v1.0_train.csv,84807
32566CH8WD,11.9900,USD,2022-10-07T00:00:00Z,DEBIT,,"BenchRec production-derived, obfuscated source side A",926974541288,32566CH8WD 32566CH8WD                                                                      JOQVY DE -ELUVIA,ACC#00001,-11.99,DR,2022-10-07,2022-10-08,BenchRec_cash_v1.0_train.csv,28659
001894262,471000.0000,USD,2022-09-10T00:00:00Z,CREDIT,,"BenchRec production-derived, obfuscated source side A",929012288805,001894262 41476 L9Y73ZO                                                                 APPLICANT BAA CROM WUZZLE,ACC#00001,471000.00,CR,2022-09-10,2022-09-11,BenchRec_cash_v1.0_train.csv,4051
001577650,1400000.0000,USD,2022-10-28T00:00:00Z,DEBIT,,"BenchRec production-derived, obfuscated source side A",929584434200,001577650 41476 L9Y92EN                                                                 KAMIAN GOLACH OBS OY V/C/,ACC#00001,-1400000.00,DR,2022-10-28,2022-10-29,BenchRec_cash_v1.0_train.csv,45899
001457893,1073400.0000,USD,2022-10-09T00:00:00Z,DEBIT,,"BenchRec production-derived, obfuscated source side A",931695190030,001457893 12660 CUMYL52                                                                         UPCLOSER MONOCOQUE GAB -,ACC#00001,-1073400.00,DR,2022-10-09,2022-10-10,BenchRec_cash_v1.0_train.csv,30436
001462183,215428.4800,USD,2022-10-01T00:00:00Z,DEBIT,,"BenchRec production-derived, obfuscated source side A",932031473536,001462183 14407 CHARE55                                                                         TYPY HODFUL NAIL BUT GAUR,ACC#00001,-215428.48,DR,2022-10-01,2022-10-02,BenchRec_cash_v1.0_train.csv,23924
001318838,29469.5700,USD,2022-09-21T00:00:00Z,DEBIT,,"BenchRec production-derived, obfuscated source side A",932087665792,001318838 14476 CHARE42                                                                         UPCLOSER MONOCOQUE GAB -,ACC#00001,-29469.57,DR,2022-09-21,2022-09-22,BenchRec_cash_v1.0_train.csv,11069
37266AGBAR,35720.0000,USD,2022-10-12T00:00:00Z,DEBIT,,"BenchRec production-derived, obfuscated source side A",933057144019,37266AGBAR 37266AGBAR                                                                      JOQ TREPIDATORY,ACC#00001,-35720.00,DR,2022-10-12,2022-10-13,BenchRec_cash_v1.0_train.csv,32268
32566TR41D,4000.0000,USD,2022-12-18T00:00:00Z,CREDIT,,"BenchRec production-derived, obfuscated source side A",933640514712,32566TR41D 32566TR41D                                                                      JOQVY DE-BAS - T,ACC#00001,4000.00,CR,2022-12-18,2022-12-19,BenchRec_cash_v1.0_train.csv,84034
6666666669875915,310000000.0000,USD,2022-10-27T00:00:00Z,DEBIT,,"BenchRec production-derived, obfuscated source side A",934018053587,6666666669875915 JOQ VOX EFI,ACC#00001,-310000000.00,DR,2022-10-27,2022-10-28,BenchRec_cash_v1.0_train.csv,44354
001344762,118159.3000,USD,2022-09-24T00:00:00Z,DEBIT,,"BenchRec production-derived, obfuscated source side A",934024714925,001344762 14476 REOWN03                                                                         UPCLOSER MONOCOQUE GAB -,ACC#00001,-118159.30,DR,2022-09-24,2022-09-25,BenchRec_cash_v1.0_train.csv,15952
001520743,5054756.5200,USD,2022-11-05T00:00:00Z,CREDIT,,"BenchRec production-derived, obfuscated source side A",934564214599,001520743 19262 KAVI156                                                                         SLATTERN BAA YEAN EFI,ACC#00001,5054756.52,CR,2022-11-05,2022-11-06,BenchRec_cash_v1.0_train.csv,51264
001495935,11908511.0000,USD,2022-10-19T00:00:00Z,DEBIT,,"BenchRec production-derived, obfuscated source side A",93635772914,001495935 15601 DOYST68                                                                         DALAPON BUT CLEMENTS CLEW,ACC#00001,-11908511.00,DR,2022-10-19,2022-10-20,BenchRec_cash_v1.0_train.csv,38563
666071,50.0000,USD,2022-12-16T00:00:00Z,CREDIT,,"BenchRec production-derived, obfuscated source side A",937588130167,666071 666666667407970,ACC#00001,50.00,CR,2022-12-16,2022-12-18,BenchRec_cash_v1.0_train.csv,82978
001989773,3028873.3400,USD,2022-11-18T00:00:00Z,DEBIT,,"BenchRec production-derived, obfuscated source side A",939824739717,001989773 55570 OKET656                                                                         JACKPLANE AVIARY PANTOPOD,ACC#00001,-3028873.34,DR,2022-11-18,2022-11-19,BenchRec_cash_v1.0_train.csv,60504
001966596,351800.0000,USD,2022-11-17T00:00:00Z,CREDIT,,"BenchRec production-derived, obfuscated source side A",939887678875,001966596 12660 CUMYL52                                                                         JOQ CROM TYPY - EXPUNGES,ACC#00001,351800.00,CR,2022-11-17,2022-11-18,BenchRec_cash_v1.0_train.csv,59800
001451521,5400000.0000,USD,2022-10-07T00:00:00Z,CREDIT,,"BenchRec production-derived, obfuscated source side A",940685567690,001451521 41477 HEDER36 L9Y44Q4                                                                 UPCLOSER MONOCOQUE GAB -,ACC#00001,5400000.00,CR,2022-10-07,2022-10-08,BenchRec_cash_v1.0_train.csv,28565
32566AMG1Y,242530.0000,USD,2022-09-23T00:00:00Z,DEBIT,,"BenchRec production-derived, obfuscated source side A",940772477656,32566AMG1Y 32566AMG1Y                                                                      JOQVY DE -ELUVIA,ACC#00001,-242530.00,DR,2022-09-23,2022-09-24,BenchRec_cash_v1.0_train.csv,13928
13279506,4106655.6400,USD,2022-11-13T00:00:00Z,CREDIT,,"BenchRec production-derived, obfuscated source side A",942342889146,13279506 V13279506                                                                       JOQVY STRIDULANT667243948,ACC#00001,4106655.64,CR,2022-11-13,2022-11-14,BenchRec_cash_v1.0_train.csv,58570
008095621,3787275.1900,USD,2022-12-24T00:00:00Z,DEBIT,,"BenchRec production-derived, obfuscated source side A",942427744288,008095621 17661 NAPE159                                                                         DOD DRACONITES EEV,ACC#00001,-3787275.19,DR,2022-12-24,2022-12-25,BenchRec_cash_v1.0_train.csv,88212
32566D5J9G,103000.0000,USD,2022-09-10T00:00:00Z,DEBIT,,"BenchRec production-derived, obfuscated source side A",944296174542,32566D5J9G 32566D5J9G                                                                      JOQVY - ELUVIA -,ACC#00001,-103000.00,DR,2022-09-10,2022-09-11,BenchRec_cash_v1.0_train.csv,4075
001997927,1000000.0000,USD,2022-11-23T00:00:00Z,CREDIT,,"BenchRec production-derived, obfuscated source side A",945788710069,001997927 41476 L9HI3B1                                                                 NONIC WILLI MIZE PAR QUEM,ACC#00001,1000000.00,CR,2022-11-23,2022-11-24,BenchRec_cash_v1.0_train.csv,63702
001393080,512977.9800,USD,2022-09-29T00:00:00Z,DEBIT,,"BenchRec production-derived, obfuscated source side A",946065692959,001393080 12660 SCOTE38                                                                         UPCLOSER MONOCOQUE GAB -,ACC#00001,-512977.98,DR,2022-09-29,2022-09-30,BenchRec_cash_v1.0_train.csv,19540
008602234,34825.7000,USD,2022-11-27T00:00:00Z,CREDIT,,"BenchRec production-derived, obfuscated source side A",946285170423,008602234 14476 SKITE52                                                                         UPCLOSER MONOCOQUE GAB -,ACC#00001,34825.70,CR,2022-11-27,2022-11-28,BenchRec_cash_v1.0_train.csv,67396
001392282,39951.9900,USD,2022-09-28T00:00:00Z,CREDIT,,"BenchRec production-derived, obfuscated source side A",946378022818,001392282 14476 TABAC93                                                                         UPCLOSER MONOCOQUE GAB -,ACC#00001,39951.99,CR,2022-09-28,2022-09-29,BenchRec_cash_v1.0_train.csv,18156
001586832,2736455.4700,USD,2022-11-02T00:00:00Z,DEBIT,,"BenchRec production-derived, obfuscated source side A",94667812825,001586832 55570 OKET656                                                                         JACKPLANE AVIARY PANTOPOD,ACC#00001,-2736455.47,DR,2022-11-02,2022-11-03,BenchRec_cash_v1.0_train.csv,48630
RM131642,727774.3300,USD,2022-10-12T00:00:00Z,DEBIT,,"BenchRec production-derived, obfuscated source side A",948077327062,RM131642  67666 Y.M. TONITE QUETCH CHUHRA,ACC#00001,-727774.33,DR,2022-10-12,2022-10-30,BenchRec_cash_v1.0_train.csv,46842
001551961,1331000.0000,USD,2022-11-10T00:00:00Z,DEBIT,,"BenchRec production-derived, obfuscated source side A",948731270055,001551961 67399 CHOIL78                                                                         JOQ JOS HURA - UPCLOSER D,ACC#00001,-1331000.00,DR,2022-11-10,2022-11-11,BenchRec_cash_v1.0_train.csv,54509
001396086,102585.0000,USD,2022-10-02T00:00:00Z,DEBIT,,"BenchRec production-derived, obfuscated source side A",948771336994,001396086 67614 SKITE77                                                                         ALOSA & TATE VOWED MOGGIO,ACC#00001,-102585.00,DR,2022-10-02,2022-10-03,BenchRec_cash_v1.0_train.csv,24619
001270403,11597636.8600,USD,2022-10-16T00:00:00Z,CREDIT,,"BenchRec production-derived, obfuscated source side A",949313559957,001270403 88856 OKET286                                                                         UPCLOSER MONOCOQUE GAB -,ACC#00001,11597636.86,CR,2022-10-16,2022-10-17,BenchRec_cash_v1.0_train.csv,37547
008629558,15170355.7900,USD,2022-12-04T00:00:00Z,CREDIT,,"BenchRec production-derived, obfuscated source side A",949461828447,008629558 67888 EPEE553 L9HK3PL                                                                 JO TONITE ETHERIFIES GAB,ACC#00001,15170355.79,CR,2022-12-04,2022-12-05,BenchRec_cash_v1.0_train.csv,72866
27554636,13311507.9000,USD,2022-10-12T00:00:00Z,DEBIT,,"BenchRec production-derived, obfuscated source side A",949579911106,27554636 ALME7U6500JOQG7U                                                                JO TONITE SAUNT 664952723,ACC#00001,-13311507.90,DR,2022-10-12,2022-10-13,BenchRec_cash_v1.0_train.csv,32860
FT146271,2305550.7000,USD,2022-12-03T00:00:00Z,CREDIT,,"BenchRec production-derived, obfuscated source side A",949640484442,FT146271  67666 JO TONITE ETHERIFIES EFI,ACC#00001,2305550.70,CR,2022-12-03,2022-12-04,BenchRec_cash_v1.0_train.csv,71747
001945254,256382.0600,USD,2022-11-23T00:00:00Z,CREDIT,,"BenchRec production-derived, obfuscated source side A",951551518931,001945254 12660 CRIB196                                                                         UPCLOSER MONOCOQUE GAB -,ACC#00001,256382.06,CR,2022-11-23,2022-11-24,BenchRec_cash_v1.0_train.csv,63592
001903189,5653100.0000,USD,2022-11-11T00:00:00Z,CREDIT,,"BenchRec production-derived, obfuscated source side A",95192560949,001903189 67888 POSSE29 L9MU5OG                                                                 JO TONITE ETHERIFIES GAB,ACC#00001,5653100.00,CR,2022-11-11,2022-11-12,BenchRec_cash_v1.0_train.csv,55056
5688346,2570702.9200,USD,2022-11-16T00:00:00Z,CREDIT,,"BenchRec production-derived, obfuscated source side A",952294728560,5688346 V65688346                                                                       JO TONITE SAUNT 664952723,ACC#00001,2570702.92,CR,2022-11-16,2022-11-17,BenchRec_cash_v1.0_train.csv,58646
001209010,90486.0300,USD,2022-10-15T00:00:00Z,DEBIT,,"BenchRec production-derived, obfuscated source side A",952978177424,001209010 14409 NAUT048                                                                         UPCLOSER MONOCOQUE GAB -,ACC#00001,-90486.03,DR,2022-10-15,2022-10-16,BenchRec_cash_v1.0_train.csv,37023
001939713,17890.0000,USD,2022-11-20T00:00:00Z,DEBIT,,"BenchRec production-derived, obfuscated source side A",953861274293,001939713 13737 KAVI150                                                                         PREOCCUR FUTHERMORE BUT L,ACC#00001,-17890.00,DR,2022-11-20,2022-11-21,BenchRec_cash_v1.0_train.csv,62381
VIP9126666750365,67398254.6200,USD,2022-12-08T00:00:00Z,DEBIT,,"BenchRec production-derived, obfuscated source side A",954250629153,VIP9126666750365 VIP9126666750365,ACC#00001,-67398254.62,DR,2022-12-08,2022-12-09,BenchRec_cash_v1.0_train.csv,75314
32566THRA7,2000000.0000,USD,2022-12-02T00:00:00Z,DEBIT,,"BenchRec production-derived, obfuscated source side A",95461736803,32566THRA7 32566THRA7                                                                      JOQVY - ELUVIA -,ACC#00001,-2000000.00,DR,2022-12-02,2022-12-03,BenchRec_cash_v1.0_train.csv,70534
32566AL1LB,273441.0000,USD,2022-09-24T00:00:00Z,CREDIT,,"BenchRec production-derived, obfuscated source side A",954941756078,32566AL1LB 32566AL1LB                                                                      JOQVY - ELUVIA -,ACC#00001,273441.00,CR,2022-09-24,2022-09-25,BenchRec_cash_v1.0_train.csv,15312
07166TTKUJ,3608.9700,USD,2022-12-29T00:00:00Z,CREDIT,,"BenchRec production-derived, obfuscated source side A",95534931562,07166TTKUJ 07166TTKUJ                                                                      JOQVY-DP BD-DP-H,ACC#00001,3608.97,CR,2022-12-29,2022-12-30,BenchRec_cash_v1.0_train.csv,89821
001408405,2624019.7000,USD,2022-09-30T00:00:00Z,CREDIT,,"BenchRec production-derived, obfuscated source side A",955349628606,001408405 88856 EPEE970                                                                         UPCLOSER MONOCOQUE GAB -,ACC#00001,2624019.70,CR,2022-09-30,2022-10-01,BenchRec_cash_v1.0_train.csv,21725
008701522,29584138.9700,USD,2022-12-30T00:00:00Z,DEBIT,,"BenchRec production-derived, obfuscated source side A",955707621387,008701522 17661 NAPE159                                                                         JOQVY ELUVIA DESINENT,ACC#00001,-29584138.97,DR,2022-12-30,2022-12-31,BenchRec_cash_v1.0_train.csv,91139
008706621,91484.6500,USD,2022-12-31T00:00:00Z,CREDIT,,"BenchRec production-derived, obfuscated source side A",956673930256,008706621 67608 CLICH58                                                                         NIGROUS VOWED FUTHERMORE,ACC#00001,91484.65,CR,2022-12-31,2023-01-01,BenchRec_cash_v1.0_train.csv,92969
12434999,6589886.0500,USD,2022-09-30T00:00:00Z,CREDIT,,"BenchRec production-derived, obfuscated source side A",958534215889,12434999 V12434999                                                                       GVKYHE          666610809,ACC#00001,6589886.05,CR,2022-09-30,2022-10-01,BenchRec_cash_v1.0_train.csv,21053
32566B413R,209008.1300,USD,2022-11-05T00:00:00Z,CREDIT,,"BenchRec production-derived, obfuscated source side A",958643391135,32566B413R 32566B413R                                                                      JOQVY - ELUVIA -,ACC#00001,209008.13,CR,2022-11-05,2022-11-06,BenchRec_cash_v1.0_train.csv,51964
001402072,46824.0800,USD,2022-10-01T00:00:00Z,DEBIT,,"BenchRec production-derived, obfuscated source side A",959249297297,001402072 14476 CHARE91                                                                         FWD AI,ACC#00001,-46824.08,DR,2022-10-01,2022-10-02,BenchRec_cash_v1.0_train.csv,23109
32857740,7529.6100,USD,2022-11-02T00:00:00Z,DEBIT,,"BenchRec production-derived, obfuscated source side A",95966345815,32857740 ALME7U9950JOQG7U                                                                JO TONITE SAUNT 664952723,ACC#00001,-7529.61,DR,2022-11-02,2022-11-03,BenchRec_cash_v1.0_train.csv,48590
001592536,5334300.0000,USD,2022-11-09T00:00:00Z,DEBIT,,"BenchRec production-derived, obfuscated source side A",96005276152,001592536 67888 OKET656 L9MU8HB                                                                 JO TONITE ETHERIFIES GAB,ACC#00001,-5334300.00,DR,2022-11-09,2022-11-10,BenchRec_cash_v1.0_train.csv,53449
001491448,9820942.1000,USD,2022-10-09T00:00:00Z,DEBIT,,"BenchRec production-derived, obfuscated source side A",960211302797,001491448 41477 KAVI032 L9Y45NE                                                                 UPCLOSER MONOCOQUE GAB -,ACC#00001,-9820942.10,DR,2022-10-09,2022-10-10,BenchRec_cash_v1.0_train.csv,30699
001902256,151596.8100,USD,2022-11-16T00:00:00Z,DEBIT,,"BenchRec production-derived, obfuscated source side A",960488983212,001902256 10026 AMAL806                                                                         UPCLOSER MONOCOQUE GAB -,ACC#00001,-151596.81,DR,2022-11-16,2022-11-17,BenchRec_cash_v1.0_train.csv,58394
001594281,1678709.4000,USD,2022-11-10T00:00:00Z,DEBIT,,"BenchRec production-derived, obfuscated source side A",962281295575,001594281 41477 SHOWD61 L9MU19I                                                                 UPCLOSER MONOCOQUE GAB -,ACC#00001,-1678709.40,DR,2022-11-10,2022-11-11,BenchRec_cash_v1.0_train.csv,54288
008073716,4612469.3700,USD,2022-12-16T00:00:00Z,CREDIT,,"BenchRec production-derived, obfuscated source side A",963164132257,008073716 14470 SWEAT85                                                                         UPCLOSER MONOCOQUE GAB -,ACC#00001,4612469.37,CR,2022-12-16,2022-12-17,BenchRec_cash_v1.0_train.csv,81328
001457901,76460.6600,USD,2022-10-09T00:00:00Z,CREDIT,,"BenchRec production-derived, obfuscated source side A",964222432134,001457901 14409 KAVI874                                                                         POLLAM VOWED FUTHERMORE U,ACC#00001,76460.66,CR,2022-10-09,2022-10-10,BenchRec_cash_v1.0_train.csv,30677
32042108,1400000.0000,USD,2022-09-18T00:00:00Z,CREDIT,,"BenchRec production-derived, obfuscated source side A",964851907831,32042108 V32042108                                                                       JO TONITE SAUNT 664952723,ACC#00001,1400000.00,CR,2022-09-18,2022-09-19,BenchRec_cash_v1.0_train.csv,9790
32566AYAKY,1000.0000,USD,2022-09-15T00:00:00Z,CREDIT,,"BenchRec production-derived, obfuscated source side A",966137928362,32566AYAKY 32566AYAKY                                                                      JOQVY - BAS - DG,ACC#00001,1000.00,CR,2022-09-15,2022-09-16,BenchRec_cash_v1.0_train.csv,6453
32566TEEBH,1217.6300,USD,2022-12-04T00:00:00Z,CREDIT,,"BenchRec production-derived, obfuscated source side A",966951235802,32566TEEBH 32566TEEBH                                                                      JOQVY - BAS - DG,ACC#00001,1217.63,CR,2022-12-04,2022-12-05,BenchRec_cash_v1.0_train.csv,73405
32566AHKBQ,399.6800,USD,2022-09-30T00:00:00Z,CREDIT,,"BenchRec production-derived, obfuscated source side A",967782033331,32566AHKBQ 32566AHKBQ                                                                      JOQVY - BAS - DG,ACC#00001,399.68,CR,2022-09-30,2022-10-01,BenchRec_cash_v1.0_train.csv,20834
RM146727,1000.0000,USD,2022-12-07T00:00:00Z,DEBIT,,"BenchRec production-derived, obfuscated source side A",96779432096,RM146727  67666 UPCLOSER SAUNT TYPY,ACC#00001,-1000.00,DR,2022-12-07,2022-12-09,BenchRec_cash_v1.0_train.csv,75564
6D65656H6V696W6W,1728.3800,USD,2022-11-20T00:00:00Z,DEBIT,,"BenchRec production-derived, obfuscated source side A",968319560103,6D65656H6V696W6W 5563656H6Z6I6I6W                                                                UPCLOSER QUETCH EFI (WYE-,ACC#00001,-1728.38,DR,2022-11-20,2022-11-21,BenchRec_cash_v1.0_train.csv,62417
008000007,12428.3500,USD,2022-12-11T00:00:00Z,DEBIT,,"BenchRec production-derived, obfuscated source side A",969270209963,008000007 14476 NAPE726                                                                         SIGHT QUETCH EFI.,ACC#00001,-12428.35,DR,2022-12-11,2022-12-12,BenchRec_cash_v1.0_train.csv,78249
008621894,53159.7200,USD,2022-12-07T00:00:00Z,CREDIT,,"BenchRec production-derived, obfuscated source side A",971479536118,008621894 14476 SHOJI46                                                                         UPCLOSER MONOCOQUE GAB -,ACC#00001,53159.72,CR,2022-12-07,2022-12-08,BenchRec_cash_v1.0_train.csv,74034
37266TUNDD,5940.3200,USD,2022-12-10T00:00:00Z,CREDIT,,"BenchRec production-derived, obfuscated source side A",971599573064,37266TUNDD 37266TUNDD                                                                      TOURNOIS NONFARM,ACC#00001,5940.32,CR,2022-12-10,2022-12-11,BenchRec_cash_v1.0_train.csv,77474
001514547,190637.9400,USD,2022-11-02T00:00:00Z,DEBIT,,"BenchRec production-derived, obfuscated source side A",972187069400,001514547 67387 CUCA655                                                                         ASCIDIA GEOMETRINE MOGGIO,ACC#00001,-190637.94,DR,2022-11-02,2022-11-03,BenchRec_cash_v1.0_train.csv,48742
001352643,20692.3000,USD,2022-09-28T00:00:00Z,DEBIT,,"BenchRec production-derived, obfuscated source side A",976645414505,001352643 14407 CRIB431                                                                         UPCLOSER MONOCOQUE GAB -,ACC#00001,-20692.30,DR,2022-09-28,2022-09-29,BenchRec_cash_v1.0_train.csv,19171
19572576,2683840.0000,USD,2022-12-21T00:00:00Z,CREDIT,,"BenchRec production-derived, obfuscated source side A",976710543911,19572576 V19572576                                                                       SHALE           667933724,ACC#00001,2683840.00,CR,2022-12-21,2022-12-22,BenchRec_cash_v1.0_train.csv,84717
32566AGNNG,16929463.5000,USD,2022-10-12T00:00:00Z,DEBIT,,"BenchRec production-derived, obfuscated source side A",977802323601,32566AGNNG 32566AGNNG                                                                      JOQVY - BAS - DG,ACC#00001,-16929463.50,DR,2022-10-12,2022-10-13,BenchRec_cash_v1.0_train.csv,31680
001200672,3140971.3000,USD,2022-10-13T00:00:00Z,DEBIT,,"BenchRec production-derived, obfuscated source side A",978739088248,001200672 67888 SHOWD61 L9Y27VJ                                                                 JO TONITE ETHERIFIES GAB,ACC#00001,-3140971.30,DR,2022-10-13,2022-10-14,BenchRec_cash_v1.0_train.csv,34102
001484822,58675813.8700,USD,2022-10-02T00:00:00Z,DEBIT,,"BenchRec production-derived, obfuscated source side A",978970466970,001484822 17667 AUG0672                                                                         YMV NONREGULATIVE,ACC#00001,-58675813.87,DR,2022-10-02,2022-10-03,BenchRec_cash_v1.0_train.csv,24239
32566AKUG3,139242.2500,USD,2022-09-21T00:00:00Z,CREDIT,,"BenchRec production-derived, obfuscated source side A",980412396381,32566AKUG3 32566AKUG3                                                                      JOQVY - BAS - DG,ACC#00001,139242.25,CR,2022-09-21,2022-09-22,BenchRec_cash_v1.0_train.csv,10990
32020763,128369.9100,USD,2022-09-22T00:00:00Z,DEBIT,,"BenchRec production-derived, obfuscated source side A",98211046518,32020763 ALME7U0294JOQG7U                                                                JO TONITE SAUNT 664952723,ACC#00001,-128369.91,DR,2022-09-22,2022-09-23,BenchRec_cash_v1.0_train.csv,12248
001428206,4500000.0000,USD,2022-10-06T00:00:00Z,CREDIT,,"BenchRec production-derived, obfuscated source side A",983115161952,001428206 67888 POSSE29 L9Y48CZ                                                                 JO TONITE ETHERIFIES GAB,ACC#00001,4500000.00,CR,2022-10-06,2022-10-07,BenchRec_cash_v1.0_train.csv,26447
32566TRH85,72323.3100,USD,2022-12-30T00:00:00Z,CREDIT,,"BenchRec production-derived, obfuscated source side A",983892749828,32566TRH85 32566TRH85                                                                      JOQVY - BAS - SF,ACC#00001,72323.31,CR,2022-12-30,2022-12-31,BenchRec_cash_v1.0_train.csv,91198
001432867,21147.7300,USD,2022-10-06T00:00:00Z,CREDIT,,"BenchRec production-derived, obfuscated source side A",98619198684,001432867 14407 MINER91                                                                         UPCLOSER MONOCOQUE GAB -,ACC#00001,21147.73,CR,2022-10-06,2022-10-07,BenchRec_cash_v1.0_train.csv,26802
001256707,4861619.7000,USD,2022-10-21T00:00:00Z,CREDIT,,"BenchRec production-derived, obfuscated source side A",986319988595,001256707 67888 ROMAN42 L9Y52TN                                                                 JO TONITE ETHERIFIES GAB,ACC#00001,4861619.70,CR,2022-10-21,2022-10-22,BenchRec_cash_v1.0_train.csv,40558
001486999,580370.0000,USD,2022-10-07T00:00:00Z,DEBIT,,"BenchRec production-derived, obfuscated source side A",98985820190,001486999 17661 OKET685                                                                         JANUSLIKE ASSUMER PANCHAX,ACC#00001,-580370.00,DR,2022-10-07,2022-10-08,BenchRec_cash_v1.0_train.csv,27601
008690867,56823.2600,USD,2022-12-09T00:00:00Z,DEBIT,,"BenchRec production-derived, obfuscated source side A",990803527712,008690867 67323 VINYL26                                                                         GAMESOME ENCL ALS MG,ACC#00001,-56823.26,DR,2022-12-09,2022-12-10,BenchRec_cash_v1.0_train.csv,76275
32566AAV49,460664.1800,USD,2022-10-12T00:00:00Z,CREDIT,,"BenchRec production-derived, obfuscated source side A",992601412267,32566AAV49 32566AAV49                                                                      JOQVY DE -ELUVIA,ACC#00001,460664.18,CR,2022-10-12,2022-10-13,BenchRec_cash_v1.0_train.csv,32374
001482614,4404836.9900,USD,2022-10-01T00:00:00Z,DEBIT,,"BenchRec production-derived, obfuscated source side A",992605683962,001482614 41477 AUG0672 L9Y35CZ                                                                 JOQVY H.C. ZUCCHINIS TENT,ACC#00001,-4404836.99,DR,2022-10-01,2022-10-02,BenchRec_cash_v1.0_train.csv,22715
001493754,54222.7000,USD,2022-10-12T00:00:00Z,CREDIT,,"BenchRec production-derived, obfuscated source side A",994050897648,001493754 14476 SKITE62                                                                         UPCLOSER MONOCOQUE GAB -,ACC#00001,54222.70,CR,2022-10-12,2022-10-13,BenchRec_cash_v1.0_train.csv,33456
001245549,640769.9000,USD,2022-10-27T00:00:00Z,DEBIT,,"BenchRec production-derived, obfuscated source side A",995260273909,001245549 14407 CRIB652                                                                         UPCLOSER MONOCOQUE GAB -,ACC#00001,-640769.90,DR,2022-10-27,2022-10-28,BenchRec_cash_v1.0_train.csv,44610
32566AOQRU,35172.1000,USD,2022-10-08T00:00:00Z,CREDIT,,"BenchRec production-derived, obfuscated source side A",996280705555,32566AOQRU 32566AOQRU                                                                      JOQVY - ELUVIA -,ACC#00001,35172.10,CR,2022-10-08,2022-10-09,BenchRec_cash_v1.0_train.csv,30108
001537937,44806.6000,USD,2022-11-04T00:00:00Z,CREDIT,,"BenchRec production-derived, obfuscated source side A",997289191113,001537937 14476 SYNE643                                                                         UPCLOSER MONOCOQUE GAB -,ACC#00001,44806.60,CR,2022-11-04,2022-11-05,BenchRec_cash_v1.0_train.csv,50626
008623793,5054404.6000,USD,2022-12-07T00:00:00Z,CREDIT,,"BenchRec production-derived, obfuscated source side A",998411362567,008623793 55570 EPEE553                                                                         UPCLOSER MONOCOQUE GAB -,ACC#00001,5054404.60,CR,2022-12-07,2022-12-08,BenchRec_cash_v1.0_train.csv,74315
